{
  "title" : "Combo 3 Áo Polo Nam Thể Thao ProMax-S1",
  "vendor" : "5c482438000c695cfa6f8d22",
  "tags" : [ "SAVING_PACKS" ],
  "options" : [ {
    "type" : "COLOR",
    "title" : "Màu sắc",
    "values" : [ "Mix màu 1", "Mix màu 2", "Mix màu 3", "Mix màu 4" ]
  }, {
    "type" : "SIZE",
    "title" : "Kích thước Áo",
    "values" : [ "S", "M", "L", "XL", "2XL", "3XL" ]
  } ],
  "images" : [ "6825f65c0b61125185460f05", "6825f65c0b61125185460f06", "6825f65c0b61125185460f07", "6825f65c0b61125185460f08", "6825f65c0b61125185460f09" ],
  "discount" : null,
  "seo_alias" : "combo-03-ao-polo-the-thao-nam-promax-s1-logo-thoang-khi",
  "options_values" : [ {
    "title" : "Màu sắc",
    "type" : "COLOR",
    "options" : [ {
      "title" : "Mix màu 1",
      "slug" : "mix-mau-1",
      "label" : "",
      "images" : [ "6825f65d0b61125185460f0a", "6825f65d0b61125185460f0b", "6825f65d0b61125185460f0c", "6825f65d0b61125185460f0d", "6825f65d0b61125185460f0e", "6825f65d0b61125185460f0f" ]
    }, {
      "title" : "Mix màu 2",
      "slug" : "mix-mau-2",
      "label" : "",
      "images" : [ "6825f65d0b61125185460f10", "6825f65d0b61125185460f11", "6825f65d0b61125185460f12", "6825f65d0b61125185460f13", "6825f65e0b61125185460f14", "6825f65e0b61125185460f15" ]
    }, {
      "title" : "Mix màu 3",
      "slug" : "mix-mau-3",
      "label" : "",
      "images" : [ "6825f65e0b61125185460f16", "6825f65e0b61125185460f17", "6825f65e0b61125185460f18", "6825f65e0b61125185460f19", "6825f65e0b61125185460f1a", "6825f65e0b61125185460f1b" ]
    }, {
      "title" : "Mix màu 4",
      "slug" : "mix-mau-4",
      "label" : "",
      "images" : [ "6825f65e0b61125185460f1c", "6825f65e0b61125185460f1d", "6825f65e0b61125185460f1e", "6825f65f0b61125185460f1f", "6825f65f0b61125185460f20", "6825f65f0b61125185460f21" ]
    } ]
  } ],
  "collection_id" : "6825e9718eaaa408c6aaf618",
  "display_order" : 222,
  "youtube_video" : "",
  "coming_soon" : false,
  "display_name_open" : "Thoáng khí",
  "gender_type" : "MALE",
  "icon_thumbnail" : null,
  "compare_price" : 717000.0,
  "regular_price" : 629000.0
}