{
  "title" : "Combo 2 Áo Singlet Chạy Bộ Nam Graphic Frostly Mountain",
  "vendor" : "5c482438000c695cfa6f8d22",
  "tags" : [ "SAVING_PACKS", "CLEARANCE_SALE" ],
  "options" : [ {
    "type" : "SIZE",
    "title" : "Kích thước",
    "values" : [ "S", "M", "L", "XL", "2XL", "3XL" ]
  } ],
  "images" : [ "6825f6610b61125185460f22", "6825f6620b61125185460f23", "6825f6620b61125185460f24", "6825f6620b61125185460f25", "6825f6620b61125185460f26", "6825f6620b61125185460f27", "6825f6620b61125185460f28", "6825f6620b61125185460f29", "6825f6620b61125185460f2a" ],
  "discount" : null,
  "seo_alias" : "ao-singlet-chay-bo-nam-graphic-frostly-mountain-sieu-nhe-thoang-mat-combo",
  "options_values" : [ ],
  "collection_id" : "6825e9718eaaa408c6aaf618",
  "display_order" : 230,
  "youtube_video" : "",
  "coming_soon" : false,
  "display_name_open" : "ExDry",
  "gender_type" : "MALE",
  "icon_thumbnail" : null,
  "compare_price" : 378000.0,
  "regular_price" : 189000.0
}