{
  "title" : "Combo 2 Áo Singlet Nam Chạy Bộ Graphic Photic Zone",
  "vendor" : "5c482438000c695cfa6f8d22",
  "tags" : [ "SAVING_PACKS" ],
  "options" : [ {
    "type" : "SIZE",
    "title" : "Kích thước",
    "values" : [ "S", "M", "L", "XL", "2XL", "3XL" ]
  } ],
  "images" : [ "681e24d8c47228653a98462d", "681e24d8c47228653a98462e", "681e24d8c47228653a98462f", "681e24d8c47228653a984630", "681e24d8c47228653a984631", "681e24d8c47228653a984632", "681e24d8c47228653a984633", "681e24d8c47228653a984634", "681e24d9c47228653a984635" ],
  "discount" : null,
  "seo_alias" : "ao-singlet-nam-chay-bo-graphic-photic-zone-sieu-nhe-thoang-mat-combo",
  "options_values" : [ ],
  "collection_id" : "681ca1cf2a59db3110ec0b8b",
  "display_order" : 236,
  "youtube_video" : "",
  "coming_soon" : false,
  "display_name_open" : "ExDry",
  "gender_type" : "MALE",
  "icon_thumbnail" : null,
  "compare_price" : 378000.0,
  "regular_price" : 199000.0
}