{
  "title" : "Combo 2 Áo Singlet Chạy Bộ Nam Graphic Frostly Mountain",
  "vendor" : "5c482438000c695cfa6f8d22",
  "tags" : [ "SAVING_PACKS", "CLEARANCE_SALE" ],
  "options" : [ {
    "type" : "SIZE",
    "title" : "Kích thước",
    "values" : [ "S", "M", "L", "XL", "2XL", "3XL" ]
  } ],
  "images" : [ "681e24d1c47228653a984612", "681e24d1c47228653a984613", "681e24d1c47228653a984614", "681e24d1c47228653a984615", "681e24d1c47228653a984616", "681e24d1c47228653a984617", "681e24d1c47228653a984618", "681e24d1c47228653a984619", "681e24d1c47228653a98461a" ],
  "discount" : null,
  "seo_alias" : "ao-singlet-chay-bo-nam-graphic-frostly-mountain-sieu-nhe-thoang-mat-combo",
  "options_values" : [ ],
  "collection_id" : "681ca1cf2a59db3110ec0b8b",
  "display_order" : 230,
  "youtube_video" : "",
  "coming_soon" : false,
  "display_name_open" : "ExDry",
  "gender_type" : "MALE",
  "icon_thumbnail" : null,
  "compare_price" : 378000.0,
  "regular_price" : 189000.0
}