{
  "title" : "Combo 3 Áo Polo Nam Thể Thao ProMax-S1",
  "vendor" : "5c482438000c695cfa6f8d22",
  "tags" : [ "SAVING_PACKS" ],
  "options" : [ {
    "type" : "COLOR",
    "title" : "Màu sắc",
    "values" : [ "Mix màu 1", "Mix màu 2", "Mix màu 3", "Mix màu 4" ]
  }, {
    "type" : "SIZE",
    "title" : "Kích thước Áo",
    "values" : [ "S", "M", "L", "XL", "2XL", "3XL" ]
  } ],
  "images" : [ "681e24cbc47228653a9845f9", "681e24cbc47228653a9845fa", "681e24ccc47228653a9845fb", "681e24ccc47228653a9845fc", "681e24ccc47228653a9845fd" ],
  "discount" : null,
  "seo_alias" : "combo-03-ao-polo-the-thao-nam-promax-s1-logo-thoang-khi",
  "options_values" : [ {
    "title" : "Màu sắc",
    "type" : "COLOR",
    "options" : [ {
      "title" : "Mix màu 1",
      "slug" : "mix-mau-1",
      "label" : "",
      "images" : [ "681e24ccc47228653a9845fe", "681e24ccc47228653a9845ff", "681e24ccc47228653a984600", "681e24ccc47228653a984601", "681e24ccc47228653a984602" ]
    }, {
      "title" : "Mix màu 2",
      "slug" : "mix-mau-2",
      "label" : "",
      "images" : [ "681e24ccc47228653a984603", "681e24ccc47228653a984604", "681e24ccc47228653a984605", "681e24ccc47228653a984606", "681e24cdc47228653a984607" ]
    }, {
      "title" : "Mix màu 3",
      "slug" : "mix-mau-3",
      "label" : "",
      "images" : [ "681e24cdc47228653a984608", "681e24cdc47228653a984609", "681e24cdc47228653a98460a", "681e24cec47228653a98460b", "681e24cec47228653a98460c" ]
    }, {
      "title" : "Mix màu 4",
      "slug" : "mix-mau-4",
      "label" : "",
      "images" : [ "681e24cec47228653a98460d", "681e24cec47228653a98460e", "681e24cec47228653a98460f", "681e24cec47228653a984610", "681e24cec47228653a984611" ]
    } ]
  } ],
  "collection_id" : "681ca1cf2a59db3110ec0b8b",
  "display_order" : 222,
  "youtube_video" : "",
  "coming_soon" : false,
  "display_name_open" : "Thoáng khí",
  "gender_type" : "MALE",
  "icon_thumbnail" : null,
  "compare_price" : 717000.0,
  "regular_price" : 629000.0
}