{
  "title" : "Áo thun Racquet Sport Graphic Geometric",
  "vendor" : "",
  "tags" : [ ],
  "options" : [ {
    "type" : "COLOR",
    "title" : "Màu sắc",
    "values" : [ "Xanh lá" ]
  }, {
    "type" : "SIZE",
    "title" : "Kích thước",
    "values" : [ "S", "M", "L", "XL", "2XL", "3XL" ]
  } ],
  "images" : [ "6825f57f0b61125185460a99", "6825f5800b61125185460a9a" ],
  "discount" : null,
  "seo_alias" : "ao-thun-racquet-sport-graphic-geometric",
  "options_values" : [ {
    "title" : "Màu sắc",
    "type" : "COLOR",
    "options" : [ {
      "title" : "Xanh lá",
      "slug" : "xanh-la",
      "label" : "",
      "images" : [ "6825f5800b61125185460a9b", "6825f5800b61125185460a9c", "6825f5800b61125185460a9d", "6825f5800b61125185460a9e", "6825f5800b61125185460a9f", "6825f5800b61125185460aa0" ]
    } ]
  } ],
  "collection_id" : "6825e9718eaaa408c6aaf618",
  "display_order" : 398,
  "youtube_video" : "",
  "coming_soon" : false,
  "display_name_open" : "ExDry - Thoáng khí",
  "gender_type" : "MALE",
  "icon_thumbnail" : null,
  "compare_price" : 249000.0,
  "regular_price" : 219000.0
}