{
  "title" : "Áo Khoác Nam gió Thể Thao phối màu",
  "vendor" : "5c482438000c695cfa6f8d22",
  "tags" : [ ],
  "options" : [ {
    "type" : "COLOR",
    "title" : "Màu sắc",
    "values" : [ "Rêu phối đen" ]
  }, {
    "type" : "SIZE",
    "title" : "Kích thước",
    "values" : [ "M", "L", "XL", "2XL", "3XL" ]
  } ],
  "images" : [ "681e245fc47228653a984407", "681e245fc47228653a984408", "681e245fc47228653a984409", "681e245fc47228653a98440a", "681e245fc47228653a98440b" ],
  "discount" : null,
  "seo_alias" : "ao-khoac-gio-the-thao-phoi-mau",
  "options_values" : [ {
    "title" : "Màu sắc",
    "type" : "COLOR",
    "options" : [ {
      "title" : "Rêu phối đen",
      "slug" : "reu-phoi-den",
      "label" : "",
      "images" : [ "681e245fc47228653a98440c", "681e245fc47228653a98440d", "681e245fc47228653a98440e", "681e245fc47228653a98440f", "681e2460c47228653a984410" ]
    } ]
  } ],
  "collection_id" : "681ca1cf2a59db3110ec0b8b",
  "display_order" : 55,
  "youtube_video" : "https://mcdn.coolmate.me/uploads/videos/24_outfit1.mp4",
  "coming_soon" : false,
  "display_name_open" : "Chống UV 99%",
  "gender_type" : "MALE",
  "icon_thumbnail" : null,
  "compare_price" : 499000.0,
  "regular_price" : 449000.0
}