{
  "title" : "Áo thun Training Comfort",
  "vendor" : "",
  "tags" : [ ],
  "options" : [ {
    "type" : "COLOR",
    "title" : "Màu sắc",
    "values" : [ "Cam Sadalwood", "Xám Shark", "Xanh Bluebell", "Xanh Cypess" ]
  }, {
    "type" : "SIZE",
    "title" : "Kích thước",
    "values" : [ "S", "M", "L", "XL", "2XL", "3XL" ]
  } ],
  "images" : [ "681e23b1c47228653a984139", "681e23b1c47228653a98413a", "681e23b1c47228653a98413b", "681e23b1c47228653a98413c", "681e23b1c47228653a98413d", "681e23b1c47228653a98413e", "681e23b1c47228653a98413f", "681e23b1c47228653a984140" ],
  "discount" : null,
  "seo_alias" : "ao-thun-training-comfort",
  "options_values" : [ {
    "title" : "Màu sắc",
    "type" : "COLOR",
    "options" : [ {
      "title" : "Cam Sadalwood",
      "slug" : "cam-sadalwood",
      "label" : "",
      "images" : [ "681e23b1c47228653a984141", "681e23b1c47228653a984142", "681e23b2c47228653a984143", "681e23b2c47228653a984144", "681e23b2c47228653a984145", "681e23b2c47228653a984146", "681e23b3c47228653a984147", "681e23b4c47228653a984148" ]
    }, {
      "title" : "Xám Shark",
      "slug" : "xam-shark",
      "label" : "",
      "images" : [ "681e23b4c47228653a984149", "681e23b4c47228653a98414a", "681e23b4c47228653a98414b", "681e23b4c47228653a98414c", "681e23b4c47228653a98414d", "681e23b4c47228653a98414e", "681e23b4c47228653a98414f", "681e23b4c47228653a984150" ]
    }, {
      "title" : "Xanh Bluebell",
      "slug" : "xanh-bluebell",
      "label" : "",
      "images" : [ "681e23b5c47228653a984151", "681e23b5c47228653a984152", "681e23b5c47228653a984153", "681e23b5c47228653a984154", "681e23b5c47228653a984155", "681e23b5c47228653a984156", "681e23b5c47228653a984157", "681e23b5c47228653a984158" ]
    }, {
      "title" : "Xanh Cypess",
      "slug" : "xanh-cypess",
      "label" : "",
      "images" : [ "681e23b5c47228653a984159", "681e23b5c47228653a98415a", "681e23b5c47228653a98415b", "681e23b6c47228653a98415c", "681e23b6c47228653a98415d", "681e23b6c47228653a98415e", "681e23b6c47228653a98415f", "681e23b6c47228653a984160" ]
    } ]
  } ],
  "collection_id" : "681ca1cf2a59db3110ec0b8b",
  "display_order" : 374,
  "youtube_video" : "",
  "coming_soon" : false,
  "display_name_open" : "ExDry - Thoáng khí",
  "gender_type" : "MALE",
  "icon_thumbnail" : null,
  "compare_price" : 279000.0,
  "regular_price" : 249000.0
}