{
  "title" : "Áo Thun Gym Powerfit",
  "vendor" : "5c482438000c695cfa6f8d22",
  "tags" : [ "CLEARANCE_SALE", "OUTLET" ],
  "options" : [ {
    "type" : "COLOR",
    "title" : "Màu sắc",
    "values" : [ "Nâu", "Be" ]
  }, {
    "type" : "SIZE",
    "title" : "Kích thước",
    "values" : [ "M", "L", "XL", "2XL", "3XL" ]
  } ],
  "images" : [ "6825f6230b61125185460dc5", "6825f6230b61125185460dc6", "6825f6230b61125185460dc7", "6825f6230b61125185460dc8", "6825f6230b61125185460dc9", "6825f6230b61125185460dca", "6825f6230b61125185460dcb" ],
  "discount" : null,
  "seo_alias" : "ao-thun-gym-powerfit",
  "options_values" : [ {
    "title" : "Màu sắc",
    "type" : "COLOR",
    "options" : [ {
      "title" : "Nâu",
      "slug" : "nau",
      "label" : "",
      "images" : [ "6825f6240b61125185460dcc", "6825f6240b61125185460dcd", "6825f6240b61125185460dce", "6825f6240b61125185460dcf", "6825f6240b61125185460dd0", "6825f6240b61125185460dd1", "6825f6240b61125185460dd2", "6825f6240b61125185460dd3" ]
    }, {
      "title" : "Be",
      "slug" : "be",
      "label" : "",
      "images" : [ "6825f6250b61125185460dd4", "6825f6250b61125185460dd5", "6825f6250b61125185460dd6", "6825f6250b61125185460dd7", "6825f6250b61125185460dd8", "6825f6250b61125185460dd9", "6825f6250b61125185460dda", "6825f6250b61125185460ddb" ]
    } ]
  } ],
  "collection_id" : "6825e9718eaaa408c6aaf618",
  "display_order" : 163,
  "youtube_video" : "https://mcdn.coolmate.me/uploads/6_Tee_Gym.mp4",
  "coming_soon" : false,
  "display_name_open" : "Co giãn",
  "gender_type" : "MALE",
  "icon_thumbnail" : null,
  "compare_price" : 299000.0,
  "regular_price" : 149000.0
}