{
  "title" : "Áo thun thể thao Mesh",
  "vendor" : "",
  "tags" : [ ],
  "options" : [ {
    "type" : "COLOR",
    "title" : "Màu sắc",
    "values" : [ "Xanh Esign", "Xám Shark" ]
  }, {
    "type" : "SIZE",
    "title" : "Kích thước",
    "values" : [ "S", "M", "L", "XL", "2XL", "3XL" ]
  } ],
  "images" : [ "6825f5810b61125185460aa1", "6825f5810b61125185460aa2", "6825f5810b61125185460aa3", "6825f5810b61125185460aa4", "6825f5820b61125185460aa5", "6825f5820b61125185460aa6" ],
  "discount" : null,
  "seo_alias" : "ao-thun-the-thao-mesh",
  "options_values" : [ {
    "title" : "Màu sắc",
    "type" : "COLOR",
    "options" : [ {
      "title" : "Xanh Esign",
      "slug" : "xanh-esign",
      "label" : "",
      "images" : [ "6825f5820b61125185460aa7", "6825f5820b61125185460aa8", "6825f5820b61125185460aa9", "6825f5820b61125185460aaa", "6825f5820b61125185460aab", "6825f5820b61125185460aac", "6825f5820b61125185460aad", "6825f5830b61125185460aae" ]
    }, {
      "title" : "Xám Shark",
      "slug" : "xam-shark",
      "label" : "",
      "images" : [ "6825f5830b61125185460aaf", "6825f5830b61125185460ab0", "6825f5830b61125185460ab1", "6825f5830b61125185460ab2", "6825f5830b61125185460ab3", "6825f5830b61125185460ab4", "6825f5830b61125185460ab5", "6825f5830b61125185460ab6" ]
    } ]
  } ],
  "collection_id" : "6825e9718eaaa408c6aaf618",
  "display_order" : 431,
  "youtube_video" : "",
  "coming_soon" : false,
  "display_name_open" : "ExDry - Thoáng Khí",
  "gender_type" : "MALE",
  "icon_thumbnail" : null,
  "compare_price" : 169000.0,
  "regular_price" : 169000.0
}