{
  "title" : "Áo thun Racquet Sport Graphic Blue Pattern",
  "vendor" : "",
  "tags" : [ ],
  "options" : [ {
    "type" : "COLOR",
    "title" : "Màu sắc",
    "values" : [ "Xanh da trời" ]
  }, {
    "type" : "SIZE",
    "title" : "Kích thước",
    "values" : [ "S", "M", "L", "XL", "2XL", "3XL" ]
  } ],
  "images" : [ "6825f5750b61125185460a64", "6825f5750b61125185460a65" ],
  "discount" : null,
  "seo_alias" : "ao-thun-racquet-sport-graphic-blue-pattern",
  "options_values" : [ {
    "title" : "Màu sắc",
    "type" : "COLOR",
    "options" : [ {
      "title" : "Xanh da trời",
      "slug" : "xanh-da-troi",
      "label" : "",
      "images" : [ "6825f5750b61125185460a66", "6825f5750b61125185460a67", "6825f5750b61125185460a68", "6825f5760b61125185460a69", "6825f5760b61125185460a6a", "6825f5760b61125185460a6b" ]
    } ]
  } ],
  "collection_id" : "6825e9718eaaa408c6aaf618",
  "display_order" : 399,
  "youtube_video" : "",
  "coming_soon" : false,
  "display_name_open" : "ExDry - Thoáng khí",
  "gender_type" : "MALE",
  "icon_thumbnail" : null,
  "compare_price" : 249000.0,
  "regular_price" : 219000.0
}