{
  "title" : "Áo Tanktop Nam Thể Thao Active logo",
  "vendor" : "5c482438000c695cfa6f8d22",
  "tags" : [ "CLEARANCE_SALE", "OUTLET" ],
  "options" : [ {
    "type" : "COLOR",
    "title" : "Màu sắc",
    "values" : [ "Đen", "Xám nhạt", "Xanh Navy" ]
  }, {
    "type" : "SIZE",
    "title" : "Kích thước",
    "values" : [ "S" ]
  } ],
  "images" : [ "6825f60b0b61125185460d54", "6825f60c0b61125185460d55", "6825f60c0b61125185460d56", "6825f60c0b61125185460d57", "6825f60c0b61125185460d58", "6825f60c0b61125185460d59", "6825f60c0b61125185460d5a", "6825f60c0b61125185460d5b" ],
  "discount" : null,
  "seo_alias" : "ao-tanktop-the-thao-active-logo-thoang-khi",
  "options_values" : [ {
    "title" : "Màu sắc",
    "type" : "COLOR",
    "options" : [ {
      "title" : "Đen",
      "slug" : "den",
      "label" : "",
      "images" : [ "6825f60c0b61125185460d5c", "6825f60c0b61125185460d5d", "6825f60c0b61125185460d5e", "6825f60d0b61125185460d5f", "6825f60d0b61125185460d60", "6825f60d0b61125185460d61" ]
    }, {
      "title" : "Xám nhạt",
      "slug" : "xam-nhat",
      "label" : "",
      "images" : [ "6825f60d0b61125185460d62", "6825f60d0b61125185460d63", "6825f60d0b61125185460d64", "6825f60d0b61125185460d65", "6825f60d0b61125185460d66", "6825f60d0b61125185460d67", "6825f60d0b61125185460d68" ]
    }, {
      "title" : "Xanh Navy",
      "slug" : "xanh-navy",
      "label" : "",
      "images" : [ "6825f60e0b61125185460d69", "6825f60e0b61125185460d6a", "6825f60e0b61125185460d6b", "6825f60e0b61125185460d6c", "6825f60e0b61125185460d6d", "6825f60e0b61125185460d6e", "6825f60e0b61125185460d6f", "6825f60e0b61125185460d70" ]
    } ]
  } ],
  "collection_id" : "6825e9718eaaa408c6aaf618",
  "display_order" : 121,
  "youtube_video" : "https://mcdn.coolmate.me/uploads/videos/24_outfit7.mp4",
  "coming_soon" : false,
  "display_name_open" : "Thoáng khí",
  "gender_type" : "MALE",
  "icon_thumbnail" : null,
  "compare_price" : 169000.0,
  "regular_price" : 69000.0
}