{
  "title" : "Áo Tanktop thể thao Melange",
  "vendor" : "",
  "tags" : [ ],
  "options" : [ {
    "type" : "COLOR",
    "title" : "Màu sắc",
    "values" : [ "Đen", "Xanh Dress", "Xanh Dương", "Xám Quiet" ]
  }, {
    "type" : "SIZE",
    "title" : "Kích thước",
    "values" : [ "S", "M", "L", "XL", "2XL", "3XL" ]
  } ],
  "images" : [ "6825f5780b61125185460a74", "6825f5790b61125185460a75", "6825f5790b61125185460a76", "6825f5790b61125185460a77", "6825f5790b61125185460a78", "6825f5790b61125185460a79", "6825f5790b61125185460a7a", "6825f5790b61125185460a7b" ],
  "discount" : null,
  "seo_alias" : "ao-tanktop-the-thao-melange",
  "options_values" : [ {
    "title" : "Màu sắc",
    "type" : "COLOR",
    "options" : [ {
      "title" : "Đen",
      "slug" : "den",
      "label" : "",
      "images" : [ "6825f5790b61125185460a7c", "6825f5790b61125185460a7d", "6825f5790b61125185460a7e", "6825f57a0b61125185460a7f", "6825f57a0b61125185460a80", "6825f57a0b61125185460a81", "6825f57a0b61125185460a82", "6825f57a0b61125185460a83" ]
    }, {
      "title" : "Xanh Dress",
      "slug" : "xanh-dress",
      "label" : "",
      "images" : [ "6825f57a0b61125185460a84", "6825f57a0b61125185460a85", "6825f57a0b61125185460a86", "6825f57a0b61125185460a87", "6825f57a0b61125185460a88", "6825f57b0b61125185460a89" ]
    }, {
      "title" : "Xanh Dương",
      "slug" : "xanh-duong",
      "label" : "",
      "images" : [ "6825f57b0b61125185460a8a", "6825f57b0b61125185460a8b", "6825f57b0b61125185460a8c", "6825f57b0b61125185460a8d", "6825f57b0b61125185460a8e", "6825f57b0b61125185460a8f", "6825f57b0b61125185460a90", "6825f57b0b61125185460a91" ]
    }, {
      "title" : "Xám Quiet",
      "slug" : "xam-quiet",
      "label" : "",
      "images" : [ "6825f57c0b61125185460a92", "6825f57c0b61125185460a93", "6825f57c0b61125185460a94", "6825f57c0b61125185460a95", "6825f57c0b61125185460a96", "6825f57c0b61125185460a97", "6825f57c0b61125185460a98" ]
    } ]
  } ],
  "collection_id" : "6825e9718eaaa408c6aaf618",
  "display_order" : 400,
  "youtube_video" : "",
  "coming_soon" : false,
  "display_name_open" : "ExDry - Thoáng Khí",
  "gender_type" : "MALE",
  "icon_thumbnail" : null,
  "compare_price" : 179000.0,
  "regular_price" : 179000.0
}