{
  "title" : "Áo Khoác Nam gió Thể Thao phối màu",
  "vendor" : "5c482438000c695cfa6f8d22",
  "tags" : [ ],
  "options" : [ {
    "type" : "COLOR",
    "title" : "Màu sắc",
    "values" : [ "Rêu phối đen" ]
  }, {
    "type" : "SIZE",
    "title" : "Kích thước",
    "values" : [ "M", "L", "XL", "2XL", "3XL" ]
  } ],
  "images" : [ "6825f6070b61125185460d3f", "6825f6070b61125185460d40", "6825f6070b61125185460d41", "6825f6070b61125185460d42", "6825f6070b61125185460d43" ],
  "discount" : null,
  "seo_alias" : "ao-khoac-gio-the-thao-phoi-mau",
  "options_values" : [ {
    "title" : "Màu sắc",
    "type" : "COLOR",
    "options" : [ {
      "title" : "Rêu phối đen",
      "slug" : "reu-phoi-den",
      "label" : "",
      "images" : [ "6825f6070b61125185460d44", "6825f6070b61125185460d45", "6825f6070b61125185460d46", "6825f6070b61125185460d47", "6825f6070b61125185460d48", "6825f6080b61125185460d49", "6825f6080b61125185460d4a", "6825f6080b61125185460d4b" ]
    } ]
  } ],
  "collection_id" : "6825e9718eaaa408c6aaf618",
  "display_order" : 55,
  "youtube_video" : "https://mcdn.coolmate.me/uploads/videos/24_outfit1.mp4",
  "coming_soon" : false,
  "display_name_open" : "Chống UV 99%",
  "gender_type" : "MALE",
  "icon_thumbnail" : null,
  "compare_price" : 499000.0,
  "regular_price" : 449000.0
}