{
  "title" : "Áo Singlet chạy bộ Advanced Vent Tech",
  "vendor" : "",
  "tags" : [ ],
  "options" : [ {
    "type" : "COLOR",
    "title" : "Màu sắc",
    "values" : [ "Vàng Đen", "Xanh Đen", "Tím Hồng" ]
  }, {
    "type" : "SIZE",
    "title" : "Kích thước",
    "values" : [ "S", "M", "L", "XL", "2XL", "3Xl" ]
  } ],
  "images" : [ "6825f5aa0b61125185460b70", "6825f5aa0b61125185460b71", "6825f5aa0b61125185460b72", "6825f5ab0b61125185460b73", "6825f5ab0b61125185460b74", "6825f5ab0b61125185460b75", "6825f5ab0b61125185460b76", "6825f5ab0b61125185460b77", "6825f5ab0b61125185460b78" ],
  "discount" : null,
  "seo_alias" : "ao-singlet-chay-bo-advanced-vent-tech",
  "options_values" : [ {
    "title" : "Màu sắc",
    "type" : "COLOR",
    "options" : [ {
      "title" : "Vàng Đen",
      "slug" : "vang-den",
      "label" : "",
      "images" : [ "6825f5ab0b61125185460b79", "6825f5ab0b61125185460b7a", "6825f5ab0b61125185460b7b", "6825f5ac0b61125185460b7c", "6825f5ac0b61125185460b7d", "6825f5ac0b61125185460b7e", "6825f5ac0b61125185460b7f", "6825f5ac0b61125185460b80", "6825f5ac0b61125185460b81" ]
    }, {
      "title" : "Xanh Đen",
      "slug" : "xanh-den",
      "label" : "",
      "images" : [ "6825f5ac0b61125185460b82", "6825f5ac0b61125185460b83", "6825f5ac0b61125185460b84", "6825f5ac0b61125185460b85", "6825f5ad0b61125185460b86", "6825f5ad0b61125185460b87", "6825f5ad0b61125185460b88", "6825f5ad0b61125185460b89", "6825f5ad0b61125185460b8a" ]
    }, {
      "title" : "Tím Hồng",
      "slug" : "tim-hong",
      "label" : "",
      "images" : [ "6825f5ad0b61125185460b8b", "6825f5ad0b61125185460b8c", "6825f5ad0b61125185460b8d", "6825f5ad0b61125185460b8e", "6825f5ae0b61125185460b8f", "6825f5ae0b61125185460b90", "6825f5ae0b61125185460b91", "6825f5ae0b61125185460b92", "6825f5ae0b61125185460b93" ]
    } ]
  } ],
  "collection_id" : "6825e9718eaaa408c6aaf618",
  "display_order" : 441,
  "youtube_video" : "",
  "coming_soon" : false,
  "display_name_open" : "ExDry - Thoáng khí/ Wicking - Thấm hút tốt",
  "gender_type" : "MALE",
  "icon_thumbnail" : null,
  "compare_price" : 199000.0,
  "regular_price" : 199000.0
}