{
  "title" : "Áo thun dài tay Jersey SofM",
  "vendor" : "5c482438000c695cfa6f8d22",
  "tags" : [ "OUTLET", "CLEARANCE_SALE" ],
  "options" : [ {
    "type" : "SIZE",
    "title" : "Kích thước",
    "values" : [ "S", "M", "L", "XL", "2XL", "3XL" ]
  } ],
  "images" : [ "681e2454c47228653a9843d2", "681e2454c47228653a9843d3", "681e2454c47228653a9843d4", "681e2454c47228653a9843d5", "681e2454c47228653a9843d6" ],
  "discount" : null,
  "seo_alias" : "ao-jersey-the-thao-sofm-dai-tay",
  "options_values" : [ ],
  "collection_id" : "681ca1cf2a59db3110ec0b8b",
  "display_order" : 40,
  "youtube_video" : "",
  "coming_soon" : false,
  "display_name_open" : "Dài tay",
  "gender_type" : "MALE",
  "icon_thumbnail" : null,
  "compare_price" : 499000.0,
  "regular_price" : 249000.0
}