{
  "title" : "Áo Thun Nam Thể Thao Active",
  "vendor" : "5c482438000c695cfa6f8d22",
  "tags" : [ "CLEARANCE_SALE", "OUTLET" ],
  "options" : [ {
    "type" : "COLOR",
    "title" : "Màu sắc",
    "values" : [ "Đen" ]
  }, {
    "type" : "SIZE",
    "title" : "Kích thước",
    "values" : [ "S", "M", "L" ]
  } ],
  "images" : [ "6825f6210b61125185460dbe", "6825f6220b61125185460dbf" ],
  "discount" : null,
  "seo_alias" : "ao-thun-the-thao-active-phoi-mau-thoang-khi2",
  "options_values" : [ {
    "title" : "Màu sắc",
    "type" : "COLOR",
    "options" : [ {
      "title" : "Đen",
      "slug" : "den",
      "label" : "",
      "images" : [ "6825f6220b61125185460dc0", "6825f6220b61125185460dc1", "6825f6220b61125185460dc2", "6825f6220b61125185460dc3", "6825f6220b61125185460dc4" ]
    } ]
  } ],
  "collection_id" : "6825e9718eaaa408c6aaf618",
  "display_order" : 162,
  "youtube_video" : "",
  "coming_soon" : false,
  "display_name_open" : "Thoáng khí",
  "gender_type" : "MALE",
  "icon_thumbnail" : null,
  "compare_price" : 199000.0,
  "regular_price" : 99000.0
}