{
  "title" : "Áo Tanktop Nam Thể Thao Active phối màu",
  "vendor" : "5c482438000c695cfa6f8d22",
  "tags" : [ "CLEARANCE_SALE", "OUTLET" ],
  "options" : [ {
    "type" : "COLOR",
    "title" : "Màu sắc",
    "values" : [ "Đen" ]
  }, {
    "type" : "SIZE",
    "title" : "Kích thước",
    "values" : [ "S" ]
  } ],
  "images" : [ "681e2461c47228653a984411", "681e2461c47228653a984412", "681e2461c47228653a984413", "681e2461c47228653a984414", "681e2462c47228653a984415", "681e2462c47228653a984416" ],
  "discount" : null,
  "seo_alias" : "ao-tanktop-the-thao-active-phoi-mau-thoang-khi",
  "options_values" : [ {
    "title" : "Màu sắc",
    "type" : "COLOR",
    "options" : [ {
      "title" : "Đen",
      "slug" : "den",
      "label" : "",
      "images" : [ "681e2462c47228653a984417", "681e2462c47228653a984418", "681e2463c47228653a984419", "681e2463c47228653a98441a", "681e2463c47228653a98441b", "681e2463c47228653a98441c" ]
    } ]
  } ],
  "collection_id" : "681ca1cf2a59db3110ec0b8b",
  "display_order" : 102,
  "youtube_video" : "",
  "coming_soon" : false,
  "display_name_open" : "Thoáng khí",
  "gender_type" : "MALE",
  "icon_thumbnail" : null,
  "compare_price" : 169000.0,
  "regular_price" : 49000.0
}