{
  "title" : "Áo Singlet Chạy Bộ Graphic Photic",
  "vendor" : "5c482438000c695cfa6f8d22",
  "tags" : [ ],
  "options" : [ {
    "type" : "COLOR",
    "title" : "Màu sắc",
    "values" : [ "Đỏ", "Xanh dương" ]
  }, {
    "type" : "SIZE",
    "title" : "Kích thước",
    "values" : [ "S", "M", "L", "XL", "2XL", "3XL" ]
  } ],
  "images" : [ "681e24d3c47228653a98461b", "681e24d3c47228653a98461c", "681e24d3c47228653a98461d", "681e24d3c47228653a98461e", "681e24d3c47228653a98461f", "681e24d3c47228653a984620" ],
  "discount" : null,
  "seo_alias" : "ao-singlet-nam-chay-bo-graphic-photic-zone-sieu-nhe-thoang-mat",
  "options_values" : [ {
    "title" : "Màu sắc",
    "type" : "COLOR",
    "options" : [ {
      "title" : "Đỏ",
      "slug" : "do",
      "label" : "",
      "images" : [ "681e24d3c47228653a984621", "681e24d4c47228653a984622", "681e24d4c47228653a984623", "681e24d4c47228653a984624", "681e24d4c47228653a984625", "681e24d5c47228653a984626" ]
    }, {
      "title" : "Xanh dương",
      "slug" : "xanh-duong",
      "label" : "",
      "images" : [ "681e24d5c47228653a984627", "681e24d5c47228653a984628", "681e24d5c47228653a984629", "681e24d5c47228653a98462a", "681e24d5c47228653a98462b", "681e24d5c47228653a98462c" ]
    } ]
  } ],
  "collection_id" : "681ca1cf2a59db3110ec0b8b",
  "display_order" : 231,
  "youtube_video" : "",
  "coming_soon" : false,
  "display_name_open" : "ExDry",
  "gender_type" : "MALE",
  "icon_thumbnail" : null,
  "compare_price" : 189000.0,
  "regular_price" : 89000.0
}