{
  "title" : "Áo Polo Nam Thể Thao Promax-S2",
  "vendor" : "5c482438000c695cfa6f8d22",
  "tags" : [ "CLEARANCE_SALE", "OUTLET" ],
  "options" : [ {
    "type" : "COLOR",
    "title" : "Màu Áo",
    "values" : [ "Xanh aqua", "Đen", "Trắng", "Neon", "Cam" ]
  }, {
    "type" : "SIZE",
    "title" : "Kích thước Áo",
    "values" : [ "S", "M", "L", "XL", "2XL", "3XL" ]
  } ],
  "images" : [ "6825f6500b61125185460ec5", "6825f6500b61125185460ec6", "6825f6500b61125185460ec7", "6825f6510b61125185460ec8", "6825f6510b61125185460ec9" ],
  "discount" : null,
  "seo_alias" : "ao-polo-the-thao-nam-promax-s2-logo-thoang-khi",
  "options_values" : [ {
    "title" : "Màu Áo",
    "type" : "COLOR",
    "options" : [ {
      "title" : "Xanh aqua",
      "slug" : "xanh-aqua",
      "label" : "",
      "images" : [ "6825f6510b61125185460eca", "6825f6510b61125185460ecb", "6825f6510b61125185460ecc", "6825f6510b61125185460ecd", "6825f6510b61125185460ece", "6825f6510b61125185460ecf", "6825f6510b61125185460ed0" ]
    }, {
      "title" : "Đen",
      "slug" : "den",
      "label" : "",
      "images" : [ "6825f6510b61125185460ed1", "6825f6520b61125185460ed2", "6825f6520b61125185460ed3", "6825f6520b61125185460ed4", "6825f6520b61125185460ed5", "6825f6520b61125185460ed6", "6825f6520b61125185460ed7" ]
    }, {
      "title" : "Trắng",
      "slug" : "trang",
      "label" : "",
      "images" : [ "6825f6520b61125185460ed8", "6825f6520b61125185460ed9", "6825f6520b61125185460eda", "6825f6520b61125185460edb", "6825f6530b61125185460edc", "6825f6530b61125185460edd", "6825f6530b61125185460ede", "6825f6530b61125185460edf" ]
    }, {
      "title" : "Neon",
      "slug" : "neon",
      "label" : "",
      "images" : [ "6825f6530b61125185460ee0", "6825f6530b61125185460ee1", "6825f6530b61125185460ee2", "6825f6530b61125185460ee3", "6825f6530b61125185460ee4", "6825f6540b61125185460ee5" ]
    }, {
      "title" : "Cam",
      "slug" : "cam",
      "label" : "",
      "images" : [ "6825f6540b61125185460ee6", "6825f6540b61125185460ee7", "6825f6540b61125185460ee8", "6825f6540b61125185460ee9", "6825f6540b61125185460eea", "6825f6540b61125185460eeb", "6825f6540b61125185460eec" ]
    } ]
  } ],
  "collection_id" : "6825e9718eaaa408c6aaf618",
  "display_order" : 201,
  "youtube_video" : "",
  "coming_soon" : false,
  "display_name_open" : "Thoáng khí",
  "gender_type" : "MALE",
  "icon_thumbnail" : null,
  "compare_price" : 289000.0,
  "regular_price" : 139000.0
}