{
  "title" : "Áo Thun Chạy Bộ Graphic Special",
  "vendor" : "5c482438000c695cfa6f8d22",
  "tags" : [ "BEST_SELLER", "WORTH_BUYING" ],
  "options" : [ {
    "type" : "COLOR",
    "title" : "Màu sắc",
    "values" : [ "Đen", "Xanh dương", "Xanh rêu" ]
  }, {
    "type" : "SIZE",
    "title" : "Kích thước",
    "values" : [ "S", "M", "L", "XL", "2XL", "3XL" ]
  } ],
  "images" : [ "681e24c5c47228653a9845e1", "681e24c5c47228653a9845e2", "681e24c5c47228653a9845e3", "681e24c6c47228653a9845e4", "681e24c6c47228653a9845e5", "681e24c6c47228653a9845e6" ],
  "discount" : null,
  "seo_alias" : "ao-thun-chay-bo-nam-graphic-special",
  "options_values" : [ {
    "title" : "Màu sắc",
    "type" : "COLOR",
    "options" : [ {
      "title" : "Đen",
      "slug" : "den",
      "label" : "",
      "images" : [ "681e24c6c47228653a9845e7", "681e24c6c47228653a9845e8", "681e24c6c47228653a9845e9", "681e24c8c47228653a9845ea", "681e24c8c47228653a9845eb", "681e24c8c47228653a9845ec" ]
    }, {
      "title" : "Xanh dương",
      "slug" : "xanh-duong",
      "label" : "",
      "images" : [ "681e24c8c47228653a9845ed", "681e24c8c47228653a9845ee", "681e24c8c47228653a9845ef", "681e24c8c47228653a9845f0", "681e24c9c47228653a9845f1", "681e24c9c47228653a9845f2" ]
    }, {
      "title" : "Xanh rêu",
      "slug" : "xanh-reu",
      "label" : "",
      "images" : [ "681e24c9c47228653a9845f3", "681e24cac47228653a9845f4", "681e24cac47228653a9845f5", "681e24cac47228653a9845f6", "681e24cac47228653a9845f7", "681e24cac47228653a9845f8" ]
    } ]
  } ],
  "collection_id" : "681ca1cf2a59db3110ec0b8b",
  "display_order" : 215,
  "youtube_video" : "",
  "coming_soon" : false,
  "display_name_open" : "Mỏng nhẹ",
  "gender_type" : "MALE",
  "icon_thumbnail" : null,
  "compare_price" : 199000.0,
  "regular_price" : 199000.0
}