{
  "title" : "Áo khoác thể thao Windbreaker Ripstop",
  "vendor" : "5c482438000c695cfa6f8d22",
  "tags" : [ ],
  "options" : [ {
    "type" : "COLOR",
    "title" : "Màu sắc",
    "values" : [ "Xám", "Cam", "Xanh Blue" ]
  }, {
    "type" : "SIZE",
    "title" : "Kích thước",
    "values" : [ "M", "L", "XL", "2XL", "3XL" ]
  } ],
  "images" : [ "681e244bc47228653a9843a2", "681e244bc47228653a9843a3", "681e244bc47228653a9843a4", "681e244cc47228653a9843a5", "681e244cc47228653a9843a6", "681e244cc47228653a9843a7" ],
  "discount" : null,
  "seo_alias" : "ao-khoac-the-thao-windbreaker-nylon-ribstop",
  "options_values" : [ {
    "title" : "Màu sắc",
    "type" : "COLOR",
    "options" : [ {
      "title" : "Xám",
      "slug" : "xam",
      "label" : "",
      "images" : [ "681e244cc47228653a9843a8", "681e244cc47228653a9843a9", "681e244cc47228653a9843aa", "681e244cc47228653a9843ab", "681e244cc47228653a9843ac", "681e244cc47228653a9843ad" ]
    }, {
      "title" : "Cam",
      "slug" : "cam",
      "label" : "",
      "images" : [ "681e244cc47228653a9843ae", "681e244cc47228653a9843af", "681e244cc47228653a9843b0", "681e244cc47228653a9843b1", "681e244cc47228653a9843b2", "681e244dc47228653a9843b3" ]
    }, {
      "title" : "Xanh Blue",
      "slug" : "xanh-blue",
      "label" : "",
      "images" : [ "681e244dc47228653a9843b4", "681e244dc47228653a9843b5", "681e244dc47228653a9843b6", "681e244dc47228653a9843b7", "681e244dc47228653a9843b8", "681e244dc47228653a9843b9" ]
    } ]
  } ],
  "collection_id" : "681ca1cf2a59db3110ec0b8b",
  "display_order" : 5,
  "youtube_video" : "https://media3.coolmate.me/uploads/videos/nguoi-mau-cach-gap-ao-khoac-the-thao-windbreaker.mp4",
  "coming_soon" : false,
  "display_name_open" : "Trượt nước và Siêu nhẹ",
  "gender_type" : "MALE",
  "icon_thumbnail" : null,
  "compare_price" : 549000.0,
  "regular_price" : 439000.0
}