{
  "title" : "Áo Polo Nam Thể Thao Cleandye",
  "vendor" : "5c482438000c695cfa6f8d22",
  "tags" : [ "CLEARANCE_SALE", "OUTLET" ],
  "options" : [ {
    "type" : "COLOR",
    "title" : "Màu sắc",
    "values" : [ "Xanh bóng đêm" ]
  }, {
    "type" : "SIZE",
    "title" : "Kích thước Áo",
    "values" : [ "S", "3XL" ]
  } ],
  "images" : [ "6825f61f0b61125185460db4", "6825f6200b61125185460db5", "6825f6200b61125185460db6", "6825f6200b61125185460db7" ],
  "discount" : null,
  "seo_alias" : "ao-polo-nam-the-thao-thoang-khi-nhuom-sach-cleandye",
  "options_values" : [ {
    "title" : "Màu sắc",
    "type" : "COLOR",
    "options" : [ {
      "title" : "Xanh bóng đêm",
      "slug" : "xanh-bong-dem",
      "label" : "",
      "images" : [ "6825f6200b61125185460db8", "6825f6200b61125185460db9", "6825f6200b61125185460dba", "6825f6200b61125185460dbb", "6825f6200b61125185460dbc", "6825f6200b61125185460dbd" ]
    } ]
  } ],
  "collection_id" : "6825e9718eaaa408c6aaf618",
  "display_order" : 151,
  "youtube_video" : "",
  "coming_soon" : false,
  "display_name_open" : "Nhuộm sạch Cleandye",
  "gender_type" : "MALE",
  "icon_thumbnail" : null,
  "compare_price" : 289000.0,
  "regular_price" : 129000.0
}