{
  "title" : "Áo Singlet Chạy Bộ Graphic Photic",
  "vendor" : "5c482438000c695cfa6f8d22",
  "tags" : [ ],
  "options" : [ {
    "type" : "COLOR",
    "title" : "Màu sắc",
    "values" : [ "Đỏ", "Xanh dương" ]
  }, {
    "type" : "SIZE",
    "title" : "Kích thước",
    "values" : [ "S", "M", "L", "XL", "2XL", "3XL" ]
  } ],
  "images" : [ "6825f6630b61125185460f2b", "6825f6630b61125185460f2c", "6825f6630b61125185460f2d", "6825f6630b61125185460f2e", "6825f6640b61125185460f2f", "6825f6640b61125185460f30" ],
  "discount" : null,
  "seo_alias" : "ao-singlet-nam-chay-bo-graphic-photic-zone-sieu-nhe-thoang-mat",
  "options_values" : [ {
    "title" : "Màu sắc",
    "type" : "COLOR",
    "options" : [ {
      "title" : "Đỏ",
      "slug" : "do",
      "label" : "",
      "images" : [ "6825f6640b61125185460f31", "6825f6640b61125185460f32", "6825f6640b61125185460f33", "6825f6640b61125185460f34", "6825f6640b61125185460f35", "6825f6640b61125185460f36", "6825f6640b61125185460f37", "6825f6640b61125185460f38" ]
    }, {
      "title" : "Xanh dương",
      "slug" : "xanh-duong",
      "label" : "",
      "images" : [ "6825f6650b61125185460f39", "6825f6650b61125185460f3a", "6825f6650b61125185460f3b", "6825f6650b61125185460f3c", "6825f6650b61125185460f3d", "6825f6650b61125185460f3e", "6825f6650b61125185460f3f", "6825f6650b61125185460f40" ]
    } ]
  } ],
  "collection_id" : "6825e9718eaaa408c6aaf618",
  "display_order" : 231,
  "youtube_video" : "",
  "coming_soon" : false,
  "display_name_open" : "ExDry",
  "gender_type" : "MALE",
  "icon_thumbnail" : null,
  "compare_price" : 189000.0,
  "regular_price" : 89000.0
}