{
  "title" : "Áo thun chạy bộ Advanced Vent Tech",
  "vendor" : "",
  "tags" : [ ],
  "options" : [ {
    "type" : "COLOR",
    "title" : "Màu sắc",
    "values" : [ "Xanh Đen", "Tím Hồng", "Vàng Đen" ]
  }, {
    "type" : "SIZE",
    "title" : "Kích thước",
    "values" : [ "S", "M", "L", "XL", "2XL", "3XL" ]
  } ],
  "images" : [ "6825f59c0b61125185460b25", "6825f59c0b61125185460b26", "6825f59c0b61125185460b27", "6825f59c0b61125185460b28", "6825f59c0b61125185460b29", "6825f59c0b61125185460b2a", "6825f59c0b61125185460b2b", "6825f59c0b61125185460b2c", "6825f59d0b61125185460b2d" ],
  "discount" : null,
  "seo_alias" : "ao-thun-chay-bo-advanced-vent-tech",
  "options_values" : [ {
    "title" : "Màu sắc",
    "type" : "COLOR",
    "options" : [ {
      "title" : "Xanh Đen",
      "slug" : "xanh-den",
      "label" : "",
      "images" : [ "6825f59d0b61125185460b2e", "6825f59d0b61125185460b2f", "6825f59d0b61125185460b30", "6825f59d0b61125185460b31", "6825f59d0b61125185460b32", "6825f59d0b61125185460b33", "6825f59d0b61125185460b34", "6825f59d0b61125185460b35", "6825f59d0b61125185460b36" ]
    }, {
      "title" : "Tím Hồng",
      "slug" : "tim-hong",
      "label" : "",
      "images" : [ "6825f59e0b61125185460b37", "6825f59e0b61125185460b38", "6825f59e0b61125185460b39", "6825f59e0b61125185460b3a", "6825f59e0b61125185460b3b", "6825f59e0b61125185460b3c", "6825f59e0b61125185460b3d", "6825f59e0b61125185460b3e", "6825f59e0b61125185460b3f" ]
    }, {
      "title" : "Vàng Đen",
      "slug" : "vang-den",
      "label" : "",
      "images" : [ "6825f59f0b61125185460b40", "6825f59f0b61125185460b41", "6825f59f0b61125185460b42", "6825f59f0b61125185460b43", "6825f59f0b61125185460b44", "6825f59f0b61125185460b45", "6825f59f0b61125185460b46", "6825f59f0b61125185460b47", "6825f59f0b61125185460b48" ]
    } ]
  } ],
  "collection_id" : "6825e9718eaaa408c6aaf618",
  "display_order" : 407,
  "youtube_video" : "",
  "coming_soon" : false,
  "display_name_open" : "ExDry - Thoáng khí",
  "gender_type" : "MALE",
  "icon_thumbnail" : null,
  "compare_price" : 219000.0,
  "regular_price" : 219000.0
}