{
  "title" : "Áo Polo Nam Thể Thao Cleandye",
  "vendor" : "5c482438000c695cfa6f8d22",
  "tags" : [ "CLEARANCE_SALE", "OUTLET" ],
  "options" : [ {
    "type" : "COLOR",
    "title" : "Màu sắc",
    "values" : [ "Xanh bóng đêm" ]
  }, {
    "type" : "SIZE",
    "title" : "Kích thước Áo",
    "values" : [ "S", "3XL" ]
  } ],
  "images" : [ "681e247ac47228653a984481", "681e247ac47228653a984482", "681e247ac47228653a984483", "681e247ac47228653a984484" ],
  "discount" : null,
  "seo_alias" : "ao-polo-nam-the-thao-thoang-khi-nhuom-sach-cleandye",
  "options_values" : [ {
    "title" : "Màu sắc",
    "type" : "COLOR",
    "options" : [ {
      "title" : "Xanh bóng đêm",
      "slug" : "xanh-bong-dem",
      "label" : "",
      "images" : [ "681e247ac47228653a984485", "681e247ac47228653a984486", "681e247ac47228653a984487", "681e247ac47228653a984488" ]
    } ]
  } ],
  "collection_id" : "681ca1cf2a59db3110ec0b8b",
  "display_order" : 151,
  "youtube_video" : "",
  "coming_soon" : false,
  "display_name_open" : "Nhuộm sạch Cleandye",
  "gender_type" : "MALE",
  "icon_thumbnail" : null,
  "compare_price" : 289000.0,
  "regular_price" : 129000.0
}