{
  "title" : "Áo Singlet chạy bộ Advanced Vent Tech",
  "vendor" : "",
  "tags" : [ ],
  "options" : [ {
    "type" : "COLOR",
    "title" : "Màu sắc",
    "values" : [ "Vàng Đen", "Xanh Đen", "Tím Hồng" ]
  }, {
    "type" : "SIZE",
    "title" : "Kích thước",
    "values" : [ "S", "M", "L", "XL", "2XL", "3Xl" ]
  } ],
  "images" : [ "681e23d4c47228653a9841b3", "681e23d4c47228653a9841b4", "681e23d5c47228653a9841b5", "681e23d5c47228653a9841b6", "681e23d5c47228653a9841b7", "681e23d5c47228653a9841b8", "681e23d5c47228653a9841b9", "681e23d5c47228653a9841ba", "681e23d6c47228653a9841bb" ],
  "discount" : null,
  "seo_alias" : "ao-singlet-chay-bo-advanced-vent-tech",
  "options_values" : [ {
    "title" : "Màu sắc",
    "type" : "COLOR",
    "options" : [ {
      "title" : "Vàng Đen",
      "slug" : "vang-den",
      "label" : "",
      "images" : [ "681e23d6c47228653a9841bc", "681e23d6c47228653a9841bd", "681e23d6c47228653a9841be", "681e23d6c47228653a9841bf", "681e23d6c47228653a9841c0", "681e23d6c47228653a9841c1", "681e23d7c47228653a9841c2", "681e23d7c47228653a9841c3", "681e23d7c47228653a9841c4" ]
    }, {
      "title" : "Xanh Đen",
      "slug" : "xanh-den",
      "label" : "",
      "images" : [ "681e23d7c47228653a9841c5", "681e23d7c47228653a9841c6", "681e23d7c47228653a9841c7", "681e23d7c47228653a9841c8", "681e23d7c47228653a9841c9", "681e23d8c47228653a9841ca", "681e23d8c47228653a9841cb", "681e23d8c47228653a9841cc", "681e23d8c47228653a9841cd" ]
    }, {
      "title" : "Tím Hồng",
      "slug" : "tim-hong",
      "label" : "",
      "images" : [ "681e23d8c47228653a9841ce", "681e23d9c47228653a9841cf", "681e23d9c47228653a9841d0", "681e23d9c47228653a9841d1", "681e23d9c47228653a9841d2", "681e23d9c47228653a9841d3", "681e23d9c47228653a9841d4", "681e23d9c47228653a9841d5", "681e23dac47228653a9841d6" ]
    } ]
  } ],
  "collection_id" : "681ca1cf2a59db3110ec0b8b",
  "display_order" : 441,
  "youtube_video" : "",
  "coming_soon" : false,
  "display_name_open" : "ExDry - Thoáng khí/ Wicking - Thấm hút tốt",
  "gender_type" : "MALE",
  "icon_thumbnail" : null,
  "compare_price" : 199000.0,
  "regular_price" : 199000.0
}