{
  "title" : "Áo thun thể thao Jacquard Seamless",
  "vendor" : "",
  "tags" : [ ],
  "options" : [ {
    "type" : "COLOR",
    "title" : "Màu sắc",
    "values" : [ "Xanh", "Đen", "Xám" ]
  }, {
    "type" : "SIZE",
    "title" : "Kích thước",
    "values" : [ "M", "L", "XL", "2XL", "3XL" ]
  } ],
  "images" : [ "681e2389c47228653a98409c", "681e2389c47228653a98409d", "681e2389c47228653a98409e", "681e2389c47228653a98409f", "681e2389c47228653a9840a0", "681e2389c47228653a9840a1" ],
  "discount" : null,
  "seo_alias" : "ao-thun-the-thao-jacquard-seamless",
  "options_values" : [ {
    "title" : "Màu sắc",
    "type" : "COLOR",
    "options" : [ {
      "title" : "Xanh",
      "slug" : "xanh",
      "label" : "",
      "images" : [ "681e238ac47228653a9840a2", "681e238ac47228653a9840a3", "681e238ac47228653a9840a4", "681e238ac47228653a9840a5", "681e238ac47228653a9840a6", "681e238ac47228653a9840a7" ]
    }, {
      "title" : "Đen",
      "slug" : "den",
      "label" : "",
      "images" : [ "681e238bc47228653a9840a8", "681e238bc47228653a9840a9", "681e238bc47228653a9840aa", "681e238bc47228653a9840ab", "681e238bc47228653a9840ac", "681e238bc47228653a9840ad" ]
    }, {
      "title" : "Xám",
      "slug" : "xam",
      "label" : "",
      "images" : [ "681e238bc47228653a9840ae", "681e238bc47228653a9840af", "681e238bc47228653a9840b0", "681e238bc47228653a9840b1", "681e238cc47228653a9840b2", "681e238cc47228653a9840b3" ]
    } ]
  } ],
  "collection_id" : "681ca1cf2a59db3110ec0b8b",
  "display_order" : 310,
  "youtube_video" : "",
  "coming_soon" : false,
  "display_name_open" : "ExDry - Thoáng khí - Không đường may",
  "gender_type" : "MALE",
  "icon_thumbnail" : null,
  "compare_price" : 349000.0,
  "regular_price" : 349000.0
}