{
  "title" : "Áo Sweater Essential Fleece",
  "vendor" : "5c482438000c695cfa6f8d22",
  "tags" : [ ],
  "options" : [ {
    "type" : "COLOR",
    "title" : "Màu sắc",
    "values" : [ "Đen", "Xám Melange", "Xám nhạt" ]
  }, {
    "type" : "SIZE",
    "title" : "Kích thước",
    "values" : [ "S", "M", "L", "XL" ]
  } ],
  "images" : [ "681e244fc47228653a9843ba", "681e244fc47228653a9843bb", "681e244fc47228653a9843bc", "681e2450c47228653a9843bd", "681e2450c47228653a9843be", "681e2450c47228653a9843bf" ],
  "discount" : null,
  "seo_alias" : "ao-sweater-essential-fleece",
  "options_values" : [ {
    "title" : "Màu sắc",
    "type" : "COLOR",
    "options" : [ {
      "title" : "Đen",
      "slug" : "den",
      "label" : "",
      "images" : [ "681e2450c47228653a9843c0", "681e2450c47228653a9843c1", "681e2450c47228653a9843c2", "681e2450c47228653a9843c3", "681e2451c47228653a9843c4", "681e2451c47228653a9843c5" ]
    }, {
      "title" : "Xám Melange",
      "slug" : "xam-melange",
      "label" : "",
      "images" : [ "681e2451c47228653a9843c6", "681e2451c47228653a9843c7", "681e2451c47228653a9843c8", "681e2451c47228653a9843c9", "681e2451c47228653a9843ca", "681e2451c47228653a9843cb" ]
    }, {
      "title" : "Xám nhạt",
      "slug" : "xam-nhat",
      "label" : "",
      "images" : [ "681e2452c47228653a9843cc", "681e2452c47228653a9843cd", "681e2452c47228653a9843ce", "681e2452c47228653a9843cf", "681e2452c47228653a9843d0", "681e2452c47228653a9843d1" ]
    } ]
  } ],
  "collection_id" : "681ca1cf2a59db3110ec0b8b",
  "display_order" : 20,
  "youtube_video" : "",
  "coming_soon" : false,
  "display_name_open" : "Giữ ấm và siêu nhẹ",
  "gender_type" : "MALE",
  "icon_thumbnail" : null,
  "compare_price" : 249000.0,
  "regular_price" : 199000.0
}