{
  "title" : "Áo Singlet Chạy Bộ Graphic Dot",
  "vendor" : "5c482438000c695cfa6f8d22",
  "tags" : [ ],
  "options" : [ {
    "type" : "COLOR",
    "title" : "Màu sắc",
    "values" : [ "Đỏ", "Vàng", "Xanh ngọc" ]
  }, {
    "type" : "SIZE",
    "title" : "Kích thước",
    "values" : [ "S", "M", "L", "XL", "2XL", "3XL" ]
  } ],
  "images" : [ "681e2362c47228653a984008", "681e2362c47228653a984009", "681e2362c47228653a98400a", "681e2362c47228653a98400b", "681e2362c47228653a98400c", "681e2362c47228653a98400d" ],
  "discount" : null,
  "seo_alias" : "ao-singlet-nam-chay-bo-in-graphic-dot",
  "options_values" : [ {
    "title" : "Màu sắc",
    "type" : "COLOR",
    "options" : [ {
      "title" : "Đỏ",
      "slug" : "do",
      "label" : "",
      "images" : [ "681e2362c47228653a98400e", "681e2362c47228653a98400f", "681e2362c47228653a984010", "681e2362c47228653a984011", "681e2363c47228653a984012", "681e2363c47228653a984013" ]
    }, {
      "title" : "Vàng",
      "slug" : "vang",
      "label" : "",
      "images" : [ "681e2363c47228653a984014", "681e2363c47228653a984015", "681e2363c47228653a984016", "681e2363c47228653a984017", "681e2363c47228653a984018", "681e2363c47228653a984019" ]
    }, {
      "title" : "Xanh ngọc",
      "slug" : "xanh-ngoc",
      "label" : "",
      "images" : [ "681e2363c47228653a98401a", "681e2363c47228653a98401b", "681e2363c47228653a98401c", "681e2363c47228653a98401d", "681e2363c47228653a98401e", "681e2363c47228653a98401f" ]
    } ]
  } ],
  "collection_id" : "681ca1cf2a59db3110ec0b8b",
  "display_order" : 385,
  "youtube_video" : "",
  "coming_soon" : false,
  "display_name_open" : "",
  "gender_type" : "MALE",
  "icon_thumbnail" : null,
  "compare_price" : 189000.0,
  "regular_price" : 169000.0
}