{
  "title" : "Áo Thun Nam Thể Thao Active logo",
  "vendor" : "5c482438000c695cfa6f8d22",
  "tags" : [ "CLEARANCE_SALE", "OUTLET" ],
  "options" : [ {
    "type" : "COLOR",
    "title" : "Màu sắc",
    "values" : [ "Xanh Navy", "Đen", "Xám nhạt" ]
  }, {
    "type" : "SIZE",
    "title" : "Kích thước",
    "values" : [ "S" ]
  } ],
  "images" : [ "6825f6110b61125185460d71", "6825f6110b61125185460d72", "6825f6110b61125185460d73", "6825f6110b61125185460d74", "6825f6110b61125185460d75", "6825f6110b61125185460d76", "6825f6110b61125185460d77" ],
  "discount" : null,
  "seo_alias" : "ao-thun-the-thao-active-logo-thoang-khi",
  "options_values" : [ {
    "title" : "Màu sắc",
    "type" : "COLOR",
    "options" : [ {
      "title" : "Xanh Navy",
      "slug" : "xanh-navy",
      "label" : "",
      "images" : [ "6825f6110b61125185460d78", "6825f6120b61125185460d79", "6825f6120b61125185460d7a", "6825f6120b61125185460d7b", "6825f6120b61125185460d7c", "6825f6120b61125185460d7d", "6825f6120b61125185460d7e" ]
    }, {
      "title" : "Đen",
      "slug" : "den",
      "label" : "",
      "images" : [ "6825f6120b61125185460d7f", "6825f6120b61125185460d80", "6825f6130b61125185460d81", "6825f6130b61125185460d82", "6825f6130b61125185460d83", "6825f6130b61125185460d84" ]
    }, {
      "title" : "Xám nhạt",
      "slug" : "xam-nhat",
      "label" : "",
      "images" : [ "6825f6130b61125185460d85", "6825f6130b61125185460d86", "6825f6140b61125185460d87", "6825f6140b61125185460d88", "6825f6140b61125185460d89" ]
    } ]
  } ],
  "collection_id" : "6825e9718eaaa408c6aaf618",
  "display_order" : 122,
  "youtube_video" : "",
  "coming_soon" : false,
  "display_name_open" : "Thoáng khí",
  "gender_type" : "MALE",
  "icon_thumbnail" : null,
  "compare_price" : 199000.0,
  "regular_price" : 79000.0
}