{
  "title" : "Áo Sweatshirt Thể Thao Active",
  "vendor" : "5c482438000c695cfa6f8d22",
  "tags" : [ "CLEARANCE_SALE", "OUTLET" ],
  "options" : [ {
    "type" : "COLOR",
    "title" : "Màu sắc",
    "values" : [ "Xám đậm", "Nâu", "Đen", "Xanh Navy" ]
  }, {
    "type" : "SIZE",
    "title" : "Kích thước",
    "values" : [ "XL", "2XL", "3XL", "S" ]
  } ],
  "images" : [ "6825f64b0b61125185460ea6", "6825f64b0b61125185460ea7", "6825f64b0b61125185460ea8", "6825f64b0b61125185460ea9", "6825f64b0b61125185460eaa", "6825f64b0b61125185460eab", "6825f64b0b61125185460eac", "6825f64c0b61125185460ead" ],
  "discount" : null,
  "seo_alias" : "ao-sweatshirt-the-thao-active-mem-mai",
  "options_values" : [ {
    "title" : "Màu sắc",
    "type" : "COLOR",
    "options" : [ {
      "title" : "Xám đậm",
      "slug" : "xam-dam",
      "label" : "",
      "images" : [ "6825f64c0b61125185460eae", "6825f64c0b61125185460eaf", "6825f64c0b61125185460eb0", "6825f64c0b61125185460eb1", "6825f64c0b61125185460eb2" ]
    }, {
      "title" : "Nâu",
      "slug" : "nau",
      "label" : "",
      "images" : [ "6825f64c0b61125185460eb3", "6825f64c0b61125185460eb4", "6825f64c0b61125185460eb5", "6825f64c0b61125185460eb6", "6825f64d0b61125185460eb7", "6825f64d0b61125185460eb8" ]
    }, {
      "title" : "Đen",
      "slug" : "den",
      "label" : "",
      "images" : [ "6825f64d0b61125185460eb9", "6825f64d0b61125185460eba", "6825f64d0b61125185460ebb", "6825f64d0b61125185460ebc", "6825f64d0b61125185460ebd", "6825f64d0b61125185460ebe" ]
    }, {
      "title" : "Xanh Navy",
      "slug" : "xanh-navy",
      "label" : "",
      "images" : [ "6825f64d0b61125185460ebf", "6825f64d0b61125185460ec0", "6825f64d0b61125185460ec1", "6825f64e0b61125185460ec2", "6825f64e0b61125185460ec3", "6825f64e0b61125185460ec4" ]
    } ]
  } ],
  "collection_id" : "6825e9718eaaa408c6aaf618",
  "display_order" : 200,
  "youtube_video" : "",
  "coming_soon" : false,
  "display_name_open" : "Vải Cotton / 360GSM",
  "gender_type" : "MALE",
  "icon_thumbnail" : null,
  "compare_price" : 399000.0,
  "regular_price" : 179000.0
}