{
  "title" : "Áo Tanktop Nam Thể Thao Active logo",
  "vendor" : "5c482438000c695cfa6f8d22",
  "tags" : [ "CLEARANCE_SALE", "OUTLET" ],
  "options" : [ {
    "type" : "COLOR",
    "title" : "Màu sắc",
    "values" : [ "Đen", "Xám nhạt", "Xanh Navy" ]
  }, {
    "type" : "SIZE",
    "title" : "Kích thước",
    "values" : [ "S" ]
  } ],
  "images" : [ "681e2464c47228653a98441d", "681e2464c47228653a98441e", "681e2464c47228653a98441f", "681e2464c47228653a984420", "681e2465c47228653a984421", "681e2465c47228653a984422", "681e2465c47228653a984423", "681e2465c47228653a984424" ],
  "discount" : null,
  "seo_alias" : "ao-tanktop-the-thao-active-logo-thoang-khi",
  "options_values" : [ {
    "title" : "Màu sắc",
    "type" : "COLOR",
    "options" : [ {
      "title" : "Đen",
      "slug" : "den",
      "label" : "",
      "images" : [ "681e2465c47228653a984425", "681e2465c47228653a984426", "681e2465c47228653a984427", "681e2465c47228653a984428", "681e2465c47228653a984429", "681e2465c47228653a98442a", "681e2465c47228653a98442b", "681e2465c47228653a98442c" ]
    }, {
      "title" : "Xám nhạt",
      "slug" : "xam-nhat",
      "label" : "",
      "images" : [ "681e2466c47228653a98442d", "681e2466c47228653a98442e", "681e2466c47228653a98442f", "681e2466c47228653a984430", "681e2466c47228653a984431", "681e2466c47228653a984432", "681e2466c47228653a984433", "681e2466c47228653a984434" ]
    }, {
      "title" : "Xanh Navy",
      "slug" : "xanh-navy",
      "label" : "",
      "images" : [ "681e2466c47228653a984435", "681e2466c47228653a984436", "681e2466c47228653a984437", "681e2466c47228653a984438", "681e2467c47228653a984439", "681e2467c47228653a98443a", "681e2467c47228653a98443b", "681e2467c47228653a98443c" ]
    } ]
  } ],
  "collection_id" : "681ca1cf2a59db3110ec0b8b",
  "display_order" : 121,
  "youtube_video" : "https://mcdn.coolmate.me/uploads/videos/24_outfit7.mp4",
  "coming_soon" : false,
  "display_name_open" : "Thoáng khí",
  "gender_type" : "MALE",
  "icon_thumbnail" : null,
  "compare_price" : 169000.0,
  "regular_price" : 69000.0
}