{
  "title" : "Áo sát nách Training Comfort",
  "vendor" : "",
  "tags" : [ ],
  "options" : [ {
    "type" : "COLOR",
    "title" : "Màu sắc",
    "values" : [ "Xám Shark", "Cam Sadalwood", "Xanh Bluebell", "Xanh Cypess" ]
  }, {
    "type" : "SIZE",
    "title" : "Kích thước",
    "values" : [ "S", "M", "L", "XL", "2XL", "3XL" ]
  } ],
  "images" : [ "681e23cac47228653a98418b", "681e23cac47228653a98418c", "681e23cac47228653a98418d", "681e23cac47228653a98418e", "681e23cac47228653a98418f", "681e23cac47228653a984190", "681e23cac47228653a984191", "681e23ccc47228653a984192" ],
  "discount" : null,
  "seo_alias" : "ao-sat-nach-training-comfort",
  "options_values" : [ {
    "title" : "Màu sắc",
    "type" : "COLOR",
    "options" : [ {
      "title" : "Xám Shark",
      "slug" : "xam-shark",
      "label" : "",
      "images" : [ "681e23ccc47228653a984193", "681e23ccc47228653a984194", "681e23ccc47228653a984195", "681e23ccc47228653a984196", "681e23ccc47228653a984197", "681e23ccc47228653a984198", "681e23ccc47228653a984199", "681e23ccc47228653a98419a" ]
    }, {
      "title" : "Cam Sadalwood",
      "slug" : "cam-sadalwood",
      "label" : "",
      "images" : [ "681e23ccc47228653a98419b", "681e23ccc47228653a98419c", "681e23cdc47228653a98419d", "681e23cdc47228653a98419e", "681e23cdc47228653a98419f", "681e23cdc47228653a9841a0", "681e23cdc47228653a9841a1", "681e23cdc47228653a9841a2" ]
    }, {
      "title" : "Xanh Bluebell",
      "slug" : "xanh-bluebell",
      "label" : "",
      "images" : [ "681e23cec47228653a9841a3", "681e23cec47228653a9841a4", "681e23cec47228653a9841a5", "681e23cec47228653a9841a6", "681e23cec47228653a9841a7", "681e23cec47228653a9841a8", "681e23cfc47228653a9841a9", "681e23cfc47228653a9841aa" ]
    }, {
      "title" : "Xanh Cypess",
      "slug" : "xanh-cypess",
      "label" : "",
      "images" : [ "681e23cfc47228653a9841ab", "681e23cfc47228653a9841ac", "681e23cfc47228653a9841ad", "681e23cfc47228653a9841ae", "681e23cfc47228653a9841af", "681e23cfc47228653a9841b0", "681e23cfc47228653a9841b1", "681e23d0c47228653a9841b2" ]
    } ]
  } ],
  "collection_id" : "681ca1cf2a59db3110ec0b8b",
  "display_order" : 394,
  "youtube_video" : "",
  "coming_soon" : false,
  "display_name_open" : "ExDry - Thoáng khí",
  "gender_type" : "MALE",
  "icon_thumbnail" : null,
  "compare_price" : 249000.0,
  "regular_price" : 249000.0
}