{
  "title" : "Áo thun chạy bộ không đường may CoolFast",
  "vendor" : "",
  "tags" : [ ],
  "options" : [ {
    "type" : "COLOR",
    "title" : "Màu sắc",
    "values" : [ "Xanh Slate Grey", "Vàng Snap Dragon", "Cam Tigerlily", "Xanh danube", "Xanh Navy" ]
  }, {
    "type" : "SIZE",
    "title" : "Kích thước",
    "values" : [ "S", "M", "L", "XL", "2XL", "3XL" ]
  } ],
  "images" : [ "6825f5b10b61125185460b94", "6825f5b10b61125185460b95", "6825f5b10b61125185460b96", "6825f5b20b61125185460b97", "6825f5b20b61125185460b98", "6825f5b20b61125185460b99", "6825f5b20b61125185460b9a", "6825f5b20b61125185460b9b", "6825f5b20b61125185460b9c", "6825f5b20b61125185460b9d" ],
  "discount" : null,
  "seo_alias" : "ao-thun-nam-chay-bo-khong-duong-may-coolfast",
  "options_values" : [ {
    "title" : "Màu sắc",
    "type" : "COLOR",
    "options" : [ {
      "title" : "Xanh Slate Grey",
      "slug" : "xanh-slate-grey",
      "label" : "",
      "images" : [ "6825f5b30b61125185460b9e", "6825f5b30b61125185460b9f", "6825f5b30b61125185460ba0", "6825f5b30b61125185460ba1", "6825f5b30b61125185460ba2", "6825f5b30b61125185460ba3", "6825f5b30b61125185460ba4" ]
    }, {
      "title" : "Vàng Snap Dragon",
      "slug" : "vang-snap-dragon",
      "label" : "",
      "images" : [ "6825f5b30b61125185460ba5", "6825f5b30b61125185460ba6", "6825f5b30b61125185460ba7", "6825f5b40b61125185460ba8", "6825f5b40b61125185460ba9", "6825f5b40b61125185460baa", "6825f5b40b61125185460bab", "6825f5b40b61125185460bac" ]
    }, {
      "title" : "Cam Tigerlily",
      "slug" : "cam-tigerlily",
      "label" : "",
      "images" : [ "6825f5b40b61125185460bad", "6825f5b40b61125185460bae", "6825f5b40b61125185460baf", "6825f5b40b61125185460bb0", "6825f5b40b61125185460bb1", "6825f5b50b61125185460bb2", "6825f5b50b61125185460bb3" ]
    }, {
      "title" : "Xanh danube",
      "slug" : "xanh-danube",
      "label" : "",
      "images" : [ "6825f5b50b61125185460bb4", "6825f5b50b61125185460bb5", "6825f5b50b61125185460bb6", "6825f5b50b61125185460bb7", "6825f5b50b61125185460bb8", "6825f5b50b61125185460bb9", "6825f5b50b61125185460bba" ]
    }, {
      "title" : "Xanh Navy",
      "slug" : "xanh-navy",
      "label" : "",
      "images" : [ "6825f5b60b61125185460bbb", "6825f5b60b61125185460bbc", "6825f5b60b61125185460bbd", "6825f5b60b61125185460bbe", "6825f5b60b61125185460bbf", "6825f5b60b61125185460bc0", "6825f5b60b61125185460bc1" ]
    } ]
  } ],
  "collection_id" : "6825e9718eaaa408c6aaf618",
  "display_order" : 362,
  "youtube_video" : "https://media3.coolmate.me/uploads/videos/AO_SINGLET.mp4",
  "coming_soon" : false,
  "display_name_open" : "ExDry - Siêu nhẹ - Seamless",
  "gender_type" : "MALE",
  "icon_thumbnail" : null,
  "compare_price" : 399000.0,
  "regular_price" : 319000.0
}