{
  "title" : "Áo thun Racquet Sport Graphic Slash",
  "vendor" : "",
  "tags" : [ ],
  "options" : [ {
    "type" : "SIZE",
    "title" : "Kích thước",
    "values" : [ "S", "M", "L", "XL", "2XL", "3XL" ]
  } ],
  "images" : [ "681e23bcc47228653a984161", "681e23bcc47228653a984162", "681e23bcc47228653a984163", "681e23bcc47228653a984164", "681e23bcc47228653a984165", "681e23bcc47228653a984166" ],
  "discount" : null,
  "seo_alias" : "ao-thun-racquet-sport-graphic-slash",
  "options_values" : [ ],
  "collection_id" : "681ca1cf2a59db3110ec0b8b",
  "display_order" : 403,
  "youtube_video" : "",
  "coming_soon" : false,
  "display_name_open" : "ExDry - Thoáng khí",
  "gender_type" : "MALE",
  "icon_thumbnail" : null,
  "compare_price" : 249000.0,
  "regular_price" : 219000.0
}