{
  "title" : "Áo thun thể thao Jacquard Active",
  "vendor" : "5c482438000c695cfa6f8d22",
  "tags" : [ ],
  "options" : [ {
    "type" : "COLOR",
    "title" : "Màu sắc",
    "values" : [ "Xanh Monaco", "Rêu Winter", "Đen" ]
  }, {
    "type" : "SIZE",
    "title" : "Kích thước",
    "values" : [ "S", "M", "L", "XL", "2XL", "3XL" ]
  } ],
  "images" : [ "6825f6310b61125185460e0e", "6825f6310b61125185460e0f", "6825f6310b61125185460e10" ],
  "discount" : null,
  "seo_alias" : "ao-thun-the-thao-jacquard-active-thoang-khi-exdry",
  "options_values" : [ {
    "title" : "Màu sắc",
    "type" : "COLOR",
    "options" : [ {
      "title" : "Xanh Monaco",
      "slug" : "xanh-monaco",
      "label" : "",
      "images" : [ "6825f6310b61125185460e11", "6825f6310b61125185460e12", "6825f6310b61125185460e13", "6825f6310b61125185460e14", "6825f6310b61125185460e15", "6825f6310b61125185460e16", "6825f6310b61125185460e17" ]
    }, {
      "title" : "Rêu Winter",
      "slug" : "reu-winter",
      "label" : "",
      "images" : [ "6825f6320b61125185460e18", "6825f6320b61125185460e19", "6825f6320b61125185460e1a", "6825f6320b61125185460e1b", "6825f6320b61125185460e1c", "6825f6320b61125185460e1d", "6825f6320b61125185460e1e" ]
    }, {
      "title" : "Đen",
      "slug" : "den",
      "label" : "",
      "images" : [ "6825f6320b61125185460e1f", "6825f6320b61125185460e20", "6825f6320b61125185460e21", "6825f6330b61125185460e22", "6825f6330b61125185460e23", "6825f6330b61125185460e24", "6825f6330b61125185460e25" ]
    } ]
  } ],
  "collection_id" : "6825e9718eaaa408c6aaf618",
  "display_order" : 174,
  "youtube_video" : "",
  "coming_soon" : false,
  "display_name_open" : "ExDry",
  "gender_type" : "MALE",
  "icon_thumbnail" : null,
  "compare_price" : 289000.0,
  "regular_price" : 249000.0
}