{
  "title" : "Áo thun thể thao Mesh",
  "vendor" : "",
  "tags" : [ ],
  "options" : [ {
    "type" : "COLOR",
    "title" : "Màu sắc",
    "values" : [ "Xanh Esign", "Xám Shark" ]
  }, {
    "type" : "SIZE",
    "title" : "Kích thước",
    "values" : [ "S", "M", "L", "XL", "2XL", "3XL" ]
  } ],
  "images" : [ "681e239bc47228653a9840e8", "681e239bc47228653a9840e9", "681e239bc47228653a9840ea", "681e239cc47228653a9840eb", "681e239cc47228653a9840ec", "681e239cc47228653a9840ed" ],
  "discount" : null,
  "seo_alias" : "ao-thun-the-thao-mesh",
  "options_values" : [ {
    "title" : "Màu sắc",
    "type" : "COLOR",
    "options" : [ {
      "title" : "Xanh Esign",
      "slug" : "xanh-esign",
      "label" : "",
      "images" : [ "681e239cc47228653a9840ee", "681e239cc47228653a9840ef", "681e239cc47228653a9840f0", "681e239dc47228653a9840f1", "681e239dc47228653a9840f2", "681e239dc47228653a9840f3" ]
    }, {
      "title" : "Xám Shark",
      "slug" : "xam-shark",
      "label" : "",
      "images" : [ "681e239dc47228653a9840f4", "681e239dc47228653a9840f5", "681e239dc47228653a9840f6", "681e239dc47228653a9840f7", "681e239dc47228653a9840f8", "681e239dc47228653a9840f9" ]
    } ]
  } ],
  "collection_id" : "681ca1cf2a59db3110ec0b8b",
  "display_order" : 431,
  "youtube_video" : "",
  "coming_soon" : false,
  "display_name_open" : "ExDry - Thoáng Khí",
  "gender_type" : "MALE",
  "icon_thumbnail" : null,
  "compare_price" : 169000.0,
  "regular_price" : 169000.0
}