{
  "title" : "Áo Thun Nam Thể Thao Active logo",
  "vendor" : "5c482438000c695cfa6f8d22",
  "tags" : [ "CLEARANCE_SALE", "OUTLET" ],
  "options" : [ {
    "type" : "COLOR",
    "title" : "Màu sắc",
    "values" : [ "Xanh Navy", "Đen", "Xám nhạt" ]
  }, {
    "type" : "SIZE",
    "title" : "Kích thước",
    "values" : [ "S" ]
  } ],
  "images" : [ "681e246ac47228653a98443d", "681e246ac47228653a98443e", "681e246ac47228653a98443f", "681e246ac47228653a984440", "681e246ac47228653a984441", "681e246ac47228653a984442", "681e246ac47228653a984443" ],
  "discount" : null,
  "seo_alias" : "ao-thun-the-thao-active-logo-thoang-khi",
  "options_values" : [ {
    "title" : "Màu sắc",
    "type" : "COLOR",
    "options" : [ {
      "title" : "Xanh Navy",
      "slug" : "xanh-navy",
      "label" : "",
      "images" : [ "681e246ac47228653a984444", "681e246ac47228653a984445", "681e246bc47228653a984446", "681e246bc47228653a984447", "681e246bc47228653a984448", "681e246bc47228653a984449", "681e246cc47228653a98444a" ]
    }, {
      "title" : "Đen",
      "slug" : "den",
      "label" : "",
      "images" : [ "681e246cc47228653a98444b", "681e246cc47228653a98444c", "681e246cc47228653a98444d", "681e246cc47228653a98444e", "681e246cc47228653a98444f", "681e246cc47228653a984450", "681e246cc47228653a984451" ]
    }, {
      "title" : "Xám nhạt",
      "slug" : "xam-nhat",
      "label" : "",
      "images" : [ "681e246cc47228653a984452", "681e246cc47228653a984453", "681e246cc47228653a984454", "681e246dc47228653a984455", "681e246dc47228653a984456", "681e246dc47228653a984457", "681e246dc47228653a984458" ]
    } ]
  } ],
  "collection_id" : "681ca1cf2a59db3110ec0b8b",
  "display_order" : 122,
  "youtube_video" : "",
  "coming_soon" : false,
  "display_name_open" : "Thoáng khí",
  "gender_type" : "MALE",
  "icon_thumbnail" : null,
  "compare_price" : 199000.0,
  "regular_price" : 79000.0
}