{
  "title" : "Áo Dài Tay Gym Powerfit",
  "vendor" : "5c482438000c695cfa6f8d22",
  "tags" : [ ],
  "options" : [ {
    "type" : "COLOR",
    "title" : "Màu sắc",
    "values" : [ "Xanh Navy", "Đỏ", "Nâu", "Xám nhạt", "Đen" ]
  }, {
    "type" : "SIZE",
    "title" : "Kích thước",
    "values" : [ "S", "M", "L", "XL", "2XL", "3XL" ]
  } ],
  "images" : [ "6825f6000b61125185460d1c", "6825f6000b61125185460d1d", "6825f6000b61125185460d1e", "6825f6000b61125185460d1f", "6825f6000b61125185460d20", "6825f6000b61125185460d21", "6825f6000b61125185460d22", "6825f6010b61125185460d23" ],
  "discount" : null,
  "seo_alias" : "ao-dai-tay-tap-gym-powerfit",
  "options_values" : [ {
    "title" : "Màu sắc",
    "type" : "COLOR",
    "options" : [ {
      "title" : "Xanh Navy",
      "slug" : "xanh-navy",
      "label" : "",
      "images" : [ "6825f6010b61125185460d24", "6825f6010b61125185460d25", "6825f6010b61125185460d26", "6825f6010b61125185460d27", "6825f6010b61125185460d28", "6825f6010b61125185460d29" ]
    }, {
      "title" : "Đỏ",
      "slug" : "do",
      "label" : "",
      "images" : [ "6825f6010b61125185460d2a", "6825f6010b61125185460d2b", "6825f6010b61125185460d2c", "6825f6020b61125185460d2d", "6825f6020b61125185460d2e" ]
    }, {
      "title" : "Nâu",
      "slug" : "nau",
      "label" : "",
      "images" : [ "6825f6020b61125185460d2f", "6825f6020b61125185460d30", "6825f6020b61125185460d31", "6825f6020b61125185460d32", "6825f6020b61125185460d33" ]
    }, {
      "title" : "Xám nhạt",
      "slug" : "xam-nhat",
      "label" : "",
      "images" : [ "6825f6020b61125185460d34", "6825f6030b61125185460d35", "6825f6030b61125185460d36", "6825f6030b61125185460d37", "6825f6030b61125185460d38" ]
    }, {
      "title" : "Đen",
      "slug" : "den",
      "label" : "",
      "images" : [ "6825f6030b61125185460d39", "6825f6030b61125185460d3a", "6825f6030b61125185460d3b", "6825f6030b61125185460d3c", "6825f6030b61125185460d3d", "6825f6040b61125185460d3e" ]
    } ]
  } ],
  "collection_id" : "6825e9718eaaa408c6aaf618",
  "display_order" : 45,
  "youtube_video" : "",
  "coming_soon" : false,
  "display_name_open" : "Co giãn",
  "gender_type" : "MALE",
  "icon_thumbnail" : null,
  "compare_price" : 249000.0,
  "regular_price" : 199000.0
}