{
  "title" : "Áo Singlet Chạy Bộ Graphic Dot",
  "vendor" : "5c482438000c695cfa6f8d22",
  "tags" : [ ],
  "options" : [ {
    "type" : "COLOR",
    "title" : "Màu sắc",
    "values" : [ "Đỏ", "Vàng", "Xanh ngọc" ]
  }, {
    "type" : "SIZE",
    "title" : "Kích thước",
    "values" : [ "S", "M", "L", "XL", "2XL", "3XL" ]
  } ],
  "images" : [ "6825f55b0b611251854609df", "6825f55b0b611251854609e0", "6825f55b0b611251854609e1", "6825f55b0b611251854609e2", "6825f55c0b611251854609e3", "6825f55c0b611251854609e4" ],
  "discount" : null,
  "seo_alias" : "ao-singlet-nam-chay-bo-in-graphic-dot",
  "options_values" : [ {
    "title" : "Màu sắc",
    "type" : "COLOR",
    "options" : [ {
      "title" : "Đỏ",
      "slug" : "do",
      "label" : "",
      "images" : [ "6825f55c0b611251854609e5", "6825f55c0b611251854609e6", "6825f55c0b611251854609e7", "6825f55c0b611251854609e8", "6825f55c0b611251854609e9", "6825f55c0b611251854609ea", "6825f55c0b611251854609eb", "6825f55d0b611251854609ec", "6825f55d0b611251854609ed", "6825f55d0b611251854609ee" ]
    }, {
      "title" : "Vàng",
      "slug" : "vang",
      "label" : "",
      "images" : [ "6825f55d0b611251854609ef", "6825f55d0b611251854609f0", "6825f55d0b611251854609f1", "6825f55d0b611251854609f2", "6825f55d0b611251854609f3", "6825f55d0b611251854609f4", "6825f55e0b611251854609f5", "6825f55e0b611251854609f6", "6825f55e0b611251854609f7" ]
    }, {
      "title" : "Xanh ngọc",
      "slug" : "xanh-ngoc",
      "label" : "",
      "images" : [ "6825f55e0b611251854609f8", "6825f55e0b611251854609f9", "6825f55e0b611251854609fa", "6825f55e0b611251854609fb", "6825f55e0b611251854609fc", "6825f55e0b611251854609fd", "6825f55f0b611251854609fe", "6825f55f0b611251854609ff", "6825f55f0b61125185460a00" ]
    } ]
  } ],
  "collection_id" : "6825e9718eaaa408c6aaf618",
  "display_order" : 385,
  "youtube_video" : "",
  "coming_soon" : false,
  "display_name_open" : "",
  "gender_type" : "MALE",
  "icon_thumbnail" : null,
  "compare_price" : 189000.0,
  "regular_price" : 169000.0
}