{
  "title" : "Áo Thun Chạy Bộ Graphic Heartbeat",
  "vendor" : "5c482438000c695cfa6f8d22",
  "tags" : [ "BEST_SELLER", "WORTH_BUYING" ],
  "options" : [ {
    "type" : "COLOR",
    "title" : "Màu sắc",
    "values" : [ "Hồng", "Tím", "Đen", "Xanh rêu" ]
  }, {
    "type" : "SIZE",
    "title" : "Kích thước",
    "values" : [ "S", "M", "L", "XL", "2XL", "3XL" ]
  } ],
  "images" : [ "6825f5e40b61125185460c99", "6825f5e40b61125185460c9a", "6825f5e40b61125185460c9b", "6825f5e40b61125185460c9c", "6825f5e40b61125185460c9d", "6825f5e40b61125185460c9e", "6825f5e40b61125185460c9f", "6825f5e40b61125185460ca0" ],
  "discount" : null,
  "seo_alias" : "ao-thun-nam-chay-bo-hoat-tiet-graphic-heartbeat-sieu-nhe-thoang-mat",
  "options_values" : [ {
    "title" : "Màu sắc",
    "type" : "COLOR",
    "options" : [ {
      "title" : "Hồng",
      "slug" : "hong",
      "label" : "",
      "images" : [ "6825f5e50b61125185460ca1", "6825f5e50b61125185460ca2", "6825f5e50b61125185460ca3", "6825f5e50b61125185460ca4", "6825f5e50b61125185460ca5", "6825f5e50b61125185460ca6", "6825f5e50b61125185460ca7", "6825f5e50b61125185460ca8", "6825f5e50b61125185460ca9" ]
    }, {
      "title" : "Tím",
      "slug" : "tim",
      "label" : "",
      "images" : [ "6825f5e50b61125185460caa", "6825f5e60b61125185460cab", "6825f5e60b61125185460cac", "6825f5e60b61125185460cad", "6825f5e60b61125185460cae", "6825f5e60b61125185460caf", "6825f5e60b61125185460cb0", "6825f5e60b61125185460cb1" ]
    }, {
      "title" : "Đen",
      "slug" : "den",
      "label" : "",
      "images" : [ "6825f5e60b61125185460cb2", "6825f5e60b61125185460cb3", "6825f5e60b61125185460cb4", "6825f5e70b61125185460cb5", "6825f5e70b61125185460cb6", "6825f5e70b61125185460cb7", "6825f5e70b61125185460cb8", "6825f5e70b61125185460cb9" ]
    }, {
      "title" : "Xanh rêu",
      "slug" : "xanh-reu",
      "label" : "",
      "images" : [ "6825f5e70b61125185460cba", "6825f5e70b61125185460cbb", "6825f5e70b61125185460cbc", "6825f5e70b61125185460cbd", "6825f5e80b61125185460cbe", "6825f5e80b61125185460cbf", "6825f5e80b61125185460cc0" ]
    } ]
  } ],
  "collection_id" : "6825e9718eaaa408c6aaf618",
  "display_order" : 387,
  "youtube_video" : "",
  "coming_soon" : false,
  "display_name_open" : "ExDry",
  "gender_type" : "MALE",
  "icon_thumbnail" : null,
  "compare_price" : 199000.0,
  "regular_price" : 199000.0
}