{
  "title" : "Áo Sweater Essential Fleece",
  "vendor" : "5c482438000c695cfa6f8d22",
  "tags" : [ ],
  "options" : [ {
    "type" : "COLOR",
    "title" : "Màu sắc",
    "values" : [ "Đen", "Xám Melange", "Xám nhạt" ]
  }, {
    "type" : "SIZE",
    "title" : "Kích thước",
    "values" : [ "S", "M", "L", "XL" ]
  } ],
  "images" : [ "6825f5f70b61125185460cf6", "6825f5f70b61125185460cf7", "6825f5f70b61125185460cf8", "6825f5f80b61125185460cf9", "6825f5f80b61125185460cfa", "6825f5f80b61125185460cfb" ],
  "discount" : null,
  "seo_alias" : "ao-sweater-essential-fleece",
  "options_values" : [ {
    "title" : "Màu sắc",
    "type" : "COLOR",
    "options" : [ {
      "title" : "Đen",
      "slug" : "den",
      "label" : "",
      "images" : [ "6825f5f80b61125185460cfc", "6825f5f80b61125185460cfd", "6825f5f80b61125185460cfe", "6825f5f80b61125185460cff", "6825f5f80b61125185460d00", "6825f5f80b61125185460d01", "6825f5f80b61125185460d02", "6825f5f90b61125185460d03", "6825f5f90b61125185460d04" ]
    }, {
      "title" : "Xám Melange",
      "slug" : "xam-melange",
      "label" : "",
      "images" : [ "6825f5f90b61125185460d05", "6825f5f90b61125185460d06", "6825f5f90b61125185460d07", "6825f5f90b61125185460d08", "6825f5f90b61125185460d09", "6825f5f90b61125185460d0a", "6825f5f90b61125185460d0b", "6825f5f90b61125185460d0c", "6825f5fa0b61125185460d0d" ]
    }, {
      "title" : "Xám nhạt",
      "slug" : "xam-nhat",
      "label" : "",
      "images" : [ "6825f5fa0b61125185460d0e", "6825f5fa0b61125185460d0f", "6825f5fa0b61125185460d10", "6825f5fa0b61125185460d11", "6825f5fa0b61125185460d12", "6825f5fa0b61125185460d13", "6825f5fa0b61125185460d14", "6825f5fa0b61125185460d15", "6825f5fb0b61125185460d16" ]
    } ]
  } ],
  "collection_id" : "6825e9718eaaa408c6aaf618",
  "display_order" : 20,
  "youtube_video" : "",
  "coming_soon" : false,
  "display_name_open" : "Giữ ấm và siêu nhẹ",
  "gender_type" : "MALE",
  "icon_thumbnail" : null,
  "compare_price" : 249000.0,
  "regular_price" : 199000.0
}