{
  "title" : "Áo Sweatshirt Thể Thao Active",
  "vendor" : "5c482438000c695cfa6f8d22",
  "tags" : [ "CLEARANCE_SALE", "OUTLET" ],
  "options" : [ {
    "type" : "COLOR",
    "title" : "Màu sắc",
    "values" : [ "Xám đậm", "Nâu", "Đen", "Xanh Navy" ]
  }, {
    "type" : "SIZE",
    "title" : "Kích thước",
    "values" : [ "XL", "2XL", "3XL", "S" ]
  } ],
  "images" : [ "681e24b5c47228653a98459b", "681e24b5c47228653a98459c", "681e24b5c47228653a98459d", "681e24b6c47228653a98459e", "681e24b6c47228653a98459f", "681e24b6c47228653a9845a0", "681e24b6c47228653a9845a1", "681e24b6c47228653a9845a2" ],
  "discount" : null,
  "seo_alias" : "ao-sweatshirt-the-thao-active-mem-mai",
  "options_values" : [ {
    "title" : "Màu sắc",
    "type" : "COLOR",
    "options" : [ {
      "title" : "Xám đậm",
      "slug" : "xam-dam",
      "label" : "",
      "images" : [ "681e24b6c47228653a9845a3", "681e24b6c47228653a9845a4", "681e24b6c47228653a9845a5", "681e24b6c47228653a9845a6", "681e24b8c47228653a9845a7", "681e24b8c47228653a9845a8", "681e24b8c47228653a9845a9", "681e24b8c47228653a9845aa" ]
    }, {
      "title" : "Nâu",
      "slug" : "nau",
      "label" : "",
      "images" : [ "681e24b8c47228653a9845ab", "681e24b8c47228653a9845ac", "681e24b8c47228653a9845ad", "681e24b8c47228653a9845ae", "681e24b8c47228653a9845af", "681e24b8c47228653a9845b0", "681e24b8c47228653a9845b1", "681e24b9c47228653a9845b2" ]
    }, {
      "title" : "Đen",
      "slug" : "den",
      "label" : "",
      "images" : [ "681e24b9c47228653a9845b3", "681e24b9c47228653a9845b4", "681e24b9c47228653a9845b5", "681e24b9c47228653a9845b6", "681e24b9c47228653a9845b7", "681e24b9c47228653a9845b8", "681e24b9c47228653a9845b9", "681e24b9c47228653a9845ba" ]
    }, {
      "title" : "Xanh Navy",
      "slug" : "xanh-navy",
      "label" : "",
      "images" : [ "681e24b9c47228653a9845bb", "681e24b9c47228653a9845bc", "681e24b9c47228653a9845bd", "681e24bac47228653a9845be", "681e24bac47228653a9845bf", "681e24bac47228653a9845c0", "681e24bac47228653a9845c1", "681e24bac47228653a9845c2" ]
    } ]
  } ],
  "collection_id" : "681ca1cf2a59db3110ec0b8b",
  "display_order" : 200,
  "youtube_video" : "",
  "coming_soon" : false,
  "display_name_open" : "Vải Cotton / 360GSM",
  "gender_type" : "MALE",
  "icon_thumbnail" : null,
  "compare_price" : 399000.0,
  "regular_price" : 179000.0
}