{
  "title" : "Áo Tanktop thể thao Melange",
  "vendor" : "",
  "tags" : [ ],
  "options" : [ {
    "type" : "COLOR",
    "title" : "Màu sắc",
    "values" : [ "Đen", "Xanh Dress", "Xanh Dương", "Xám Quiet" ]
  }, {
    "type" : "SIZE",
    "title" : "Kích thước",
    "values" : [ "S", "M", "L", "XL", "2XL", "3XL" ]
  } ],
  "images" : [ "681e2392c47228653a9840bc", "681e2392c47228653a9840bd", "681e2392c47228653a9840be", "681e2392c47228653a9840bf", "681e2392c47228653a9840c0", "681e2392c47228653a9840c1", "681e2392c47228653a9840c2", "681e2392c47228653a9840c3" ],
  "discount" : null,
  "seo_alias" : "ao-tanktop-the-thao-melange",
  "options_values" : [ {
    "title" : "Màu sắc",
    "type" : "COLOR",
    "options" : [ {
      "title" : "Đen",
      "slug" : "den",
      "label" : "",
      "images" : [ "681e2392c47228653a9840c4", "681e2393c47228653a9840c5", "681e2393c47228653a9840c6", "681e2393c47228653a9840c7", "681e2393c47228653a9840c8", "681e2393c47228653a9840c9", "681e2393c47228653a9840ca", "681e2393c47228653a9840cb" ]
    }, {
      "title" : "Xanh Dress",
      "slug" : "xanh-dress",
      "label" : "",
      "images" : [ "681e2393c47228653a9840cc", "681e2393c47228653a9840cd", "681e2394c47228653a9840ce", "681e2394c47228653a9840cf", "681e2394c47228653a9840d0", "681e2394c47228653a9840d1", "681e2395c47228653a9840d2", "681e2395c47228653a9840d3" ]
    }, {
      "title" : "Xanh Dương",
      "slug" : "xanh-duong",
      "label" : "",
      "images" : [ "681e2395c47228653a9840d4", "681e2395c47228653a9840d5", "681e2395c47228653a9840d6", "681e2395c47228653a9840d7", "681e2395c47228653a9840d8", "681e2395c47228653a9840d9", "681e2395c47228653a9840da", "681e2395c47228653a9840db" ]
    }, {
      "title" : "Xám Quiet",
      "slug" : "xam-quiet",
      "label" : "",
      "images" : [ "681e2395c47228653a9840dc", "681e2395c47228653a9840dd", "681e2396c47228653a9840de", "681e2396c47228653a9840df", "681e2396c47228653a9840e0", "681e2396c47228653a9840e1", "681e2396c47228653a9840e2", "681e2396c47228653a9840e3" ]
    } ]
  } ],
  "collection_id" : "681ca1cf2a59db3110ec0b8b",
  "display_order" : 400,
  "youtube_video" : "",
  "coming_soon" : false,
  "display_name_open" : "ExDry - Thoáng Khí",
  "gender_type" : "MALE",
  "icon_thumbnail" : null,
  "compare_price" : 179000.0,
  "regular_price" : 179000.0
}