[ {
  "title" : "Áo Singlet Chạy Bộ Graphic Dot",
  "vendor" : "5c482438000c695cfa6f8d22",
  "tags" : [ ],
  "options" : [ {
    "type" : "COLOR",
    "title" : "Màu sắc",
    "values" : [ "Đỏ", "Vàng", "Xanh ngọc" ]
  }, {
    "type" : "SIZE",
    "title" : "Kích thước",
    "values" : [ "S", "M", "L", "XL", "2XL", "3XL" ]
  } ],
  "images" : [ "681ddb1dc47228653a981f52", "681ddb1dc47228653a981f53", "681ddb1dc47228653a981f54", "681ddb1dc47228653a981f55", "681ddb1dc47228653a981f56", "681ddb1dc47228653a981f57" ],
  "discount" : null,
  "options_values" : [ {
    "title" : "Màu sắc",
    "type" : "COLOR",
    "options" : [ {
      "title" : "Đỏ",
      "slug" : "do",
      "label" : "",
      "images" : [ "681ddb1dc47228653a981f58", "681ddb1ec47228653a981f59", "681ddb1ec47228653a981f5a", "681ddb1ec47228653a981f5b", "681ddb1ec47228653a981f5c", "681ddb1ec47228653a981f5d" ]
    }, {
      "title" : "Vàng",
      "slug" : "vang",
      "label" : "",
      "images" : [ "681ddb1ec47228653a981f5e", "681ddb1ec47228653a981f5f", "681ddb1ec47228653a981f60", "681ddb1ec47228653a981f61", "681ddb1fc47228653a981f62", "681ddb1fc47228653a981f63" ]
    }, {
      "title" : "Xanh ngọc",
      "slug" : "xanh-ngoc",
      "label" : "",
      "images" : [ "681ddb1fc47228653a981f64", "681ddb1fc47228653a981f65", "681ddb1fc47228653a981f66", "681ddb1fc47228653a981f67", "681ddb1fc47228653a981f68", "681ddb1fc47228653a981f69" ]
    } ]
  } ],
  "collection_id" : "681ca18a2a59db3110ec0b87",
  "display_order" : 385,
  "youtube_video" : "",
  "coming_soon" : false,
  "display_name_open" : "",
  "gender_type" : "MALE",
  "icon_thumbnail" : null,
  "compare_price" : 189000.0,
  "regular_price" : 169000.0
}, {
  "title" : "Áo Tanktop thể thao Melange",
  "vendor" : "",
  "tags" : [ ],
  "options" : [ {
    "type" : "COLOR",
    "title" : "Màu sắc",
    "values" : [ "Đen", "Xanh Dress", "Xanh Dương", "Xám Quiet" ]
  }, {
    "type" : "SIZE",
    "title" : "Kích thước",
    "values" : [ "S", "M", "L", "XL", "2XL", "3XL" ]
  } ],
  "images" : [ "681ddb24c47228653a981f6a", "681ddb24c47228653a981f6b", "681ddb24c47228653a981f6c", "681ddb24c47228653a981f6d", "681ddb24c47228653a981f6e", "681ddb24c47228653a981f6f", "681ddb24c47228653a981f70", "681ddb24c47228653a981f71" ],
  "discount" : null,
  "options_values" : [ {
    "title" : "Màu sắc",
    "type" : "COLOR",
    "options" : [ {
      "title" : "Đen",
      "slug" : "den",
      "label" : "",
      "images" : [ "681ddb24c47228653a981f72", "681ddb24c47228653a981f73", "681ddb24c47228653a981f74", "681ddb25c47228653a981f75", "681ddb25c47228653a981f76", "681ddb25c47228653a981f77", "681ddb25c47228653a981f78", "681ddb25c47228653a981f79" ]
    }, {
      "title" : "Xanh Dress",
      "slug" : "xanh-dress",
      "label" : "",
      "images" : [ "681ddb25c47228653a981f7a", "681ddb25c47228653a981f7b", "681ddb25c47228653a981f7c", "681ddb25c47228653a981f7d", "681ddb25c47228653a981f7e", "681ddb26c47228653a981f7f", "681ddb26c47228653a981f80", "681ddb26c47228653a981f81" ]
    }, {
      "title" : "Xanh Dương",
      "slug" : "xanh-duong",
      "label" : "",
      "images" : [ "681ddb26c47228653a981f82", "681ddb26c47228653a981f83", "681ddb26c47228653a981f84", "681ddb26c47228653a981f85", "681ddb26c47228653a981f86", "681ddb26c47228653a981f87", "681ddb26c47228653a981f88", "681ddb27c47228653a981f89" ]
    }, {
      "title" : "Xám Quiet",
      "slug" : "xam-quiet",
      "label" : "",
      "images" : [ "681ddb27c47228653a981f8a", "681ddb27c47228653a981f8b", "681ddb27c47228653a981f8c", "681ddb27c47228653a981f8d", "681ddb27c47228653a981f8e", "681ddb27c47228653a981f8f", "681ddb27c47228653a981f90", "681ddb27c47228653a981f91" ]
    } ]
  } ],
  "collection_id" : "681ca18a2a59db3110ec0b87",
  "display_order" : 400,
  "youtube_video" : "",
  "coming_soon" : false,
  "display_name_open" : "ExDry - Thoáng Khí",
  "gender_type" : "MALE",
  "icon_thumbnail" : null,
  "compare_price" : 179000.0,
  "regular_price" : 179000.0
}, {
  "title" : "Áo Singlet chạy bộ Advanced Vent Tech",
  "vendor" : "",
  "tags" : [ ],
  "options" : [ {
    "type" : "COLOR",
    "title" : "Màu sắc",
    "values" : [ "Tím Hồng", "Xanh Đen", "Vàng Đen" ]
  }, {
    "type" : "SIZE",
    "title" : "Kích thước",
    "values" : [ "S", "M", "L", "XL", "2XL", "3Xl" ]
  } ],
  "images" : [ "681ddb2bc47228653a981f92", "681ddb2bc47228653a981f93", "681ddb2bc47228653a981f94", "681ddb2bc47228653a981f95", "681ddb2bc47228653a981f96", "681ddb2bc47228653a981f97", "681ddb2bc47228653a981f98", "681ddb2bc47228653a981f99", "681ddb2cc47228653a981f9a" ],
  "discount" : null,
  "options_values" : [ {
    "title" : "Màu sắc",
    "type" : "COLOR",
    "options" : [ {
      "title" : "Vàng Đen",
      "slug" : "vang-den",
      "label" : "",
      "images" : [ "681ddb2cc47228653a981f9b", "681ddb2cc47228653a981f9c", "681ddb2cc47228653a981f9d", "681ddb2cc47228653a981f9e", "681ddb2cc47228653a981f9f", "681ddb2cc47228653a981fa0", "681ddb2cc47228653a981fa1", "681ddb2cc47228653a981fa2", "681ddb2cc47228653a981fa3" ]
    }, {
      "title" : "Xanh Đen",
      "slug" : "xanh-den",
      "label" : "",
      "images" : [ "681ddb2cc47228653a981fa4", "681ddb2cc47228653a981fa5", "681ddb2cc47228653a981fa6", "681ddb2cc47228653a981fa7", "681ddb2dc47228653a981fa8", "681ddb2dc47228653a981fa9", "681ddb2dc47228653a981faa", "681ddb2dc47228653a981fab", "681ddb2dc47228653a981fac" ]
    }, {
      "title" : "Tím Hồng",
      "slug" : "tim-hong",
      "label" : "",
      "images" : [ "681ddb2dc47228653a981fad", "681ddb2dc47228653a981fae", "681ddb2dc47228653a981faf", "681ddb2dc47228653a981fb0", "681ddb2dc47228653a981fb1", "681ddb2dc47228653a981fb2", "681ddb2dc47228653a981fb3", "681ddb2dc47228653a981fb4", "681ddb2dc47228653a981fb5" ]
    } ]
  } ],
  "collection_id" : "681ca18a2a59db3110ec0b87",
  "display_order" : 441,
  "youtube_video" : "",
  "coming_soon" : false,
  "display_name_open" : "ExDry - Thoáng khí/ Wicking - Thấm hút tốt",
  "gender_type" : "MALE",
  "icon_thumbnail" : null,
  "compare_price" : 199000.0,
  "regular_price" : 199000.0
}, {
  "title" : "Áo sát nách Training Comfort",
  "vendor" : "",
  "tags" : [ ],
  "options" : [ {
    "type" : "COLOR",
    "title" : "Màu sắc",
    "values" : [ "Xám Shark", "Cam Sadalwood", "Xanh Bluebell", "Xanh Cypess" ]
  }, {
    "type" : "SIZE",
    "title" : "Kích thước",
    "values" : [ "S", "M", "L", "XL", "2XL", "3XL" ]
  } ],
  "images" : [ "681ddb31c47228653a981fb6", "681ddb31c47228653a981fb7", "681ddb31c47228653a981fb8", "681ddb31c47228653a981fb9", "681ddb31c47228653a981fba", "681ddb31c47228653a981fbb", "681ddb31c47228653a981fbc", "681ddb31c47228653a981fbd" ],
  "discount" : null,
  "options_values" : [ {
    "title" : "Màu sắc",
    "type" : "COLOR",
    "options" : [ {
      "title" : "Xám Shark",
      "slug" : "xam-shark",
      "label" : "",
      "images" : [ "681ddb31c47228653a981fbe", "681ddb32c47228653a981fbf", "681ddb32c47228653a981fc0", "681ddb32c47228653a981fc1", "681ddb32c47228653a981fc2", "681ddb32c47228653a981fc3", "681ddb32c47228653a981fc4", "681ddb32c47228653a981fc5" ]
    }, {
      "title" : "Cam Sadalwood",
      "slug" : "cam-sadalwood",
      "label" : "",
      "images" : [ "681ddb32c47228653a981fc6", "681ddb32c47228653a981fc7", "681ddb32c47228653a981fc8", "681ddb32c47228653a981fc9", "681ddb32c47228653a981fca", "681ddb32c47228653a981fcb", "681ddb32c47228653a981fcc", "681ddb33c47228653a981fcd" ]
    }, {
      "title" : "Xanh Bluebell",
      "slug" : "xanh-bluebell",
      "label" : "",
      "images" : [ "681ddb33c47228653a981fce", "681ddb33c47228653a981fcf", "681ddb33c47228653a981fd0", "681ddb33c47228653a981fd1", "681ddb33c47228653a981fd2", "681ddb33c47228653a981fd3", "681ddb33c47228653a981fd4", "681ddb33c47228653a981fd5" ]
    }, {
      "title" : "Xanh Cypess",
      "slug" : "xanh-cypess",
      "label" : "",
      "images" : [ "681ddb33c47228653a981fd6", "681ddb33c47228653a981fd7", "681ddb33c47228653a981fd8", "681ddb33c47228653a981fd9", "681ddb33c47228653a981fda", "681ddb34c47228653a981fdb", "681ddb34c47228653a981fdc", "681ddb34c47228653a981fdd" ]
    } ]
  } ],
  "collection_id" : "681ca18a2a59db3110ec0b87",
  "display_order" : 394,
  "youtube_video" : "",
  "coming_soon" : false,
  "display_name_open" : "ExDry - Thoáng khí",
  "gender_type" : "MALE",
  "icon_thumbnail" : null,
  "compare_price" : 249000.0,
  "regular_price" : 249000.0
}, {
  "title" : "Áo Singlet Chạy Bộ Không Đường May CoolFast",
  "vendor" : "5c482438000c695cfa6f8d22",
  "tags" : [ ],
  "options" : [ {
    "type" : "COLOR",
    "title" : "Màu sắc",
    "values" : [ "Cam Tigerlily", "Xanh Danube", "Navy Academy", "Xanh Slate Grey", "Vàng Snap Dragon" ]
  }, {
    "type" : "SIZE",
    "title" : "Kích thước",
    "values" : [ "S", "M", "L", "XL", "2XL", "3XL" ]
  } ],
  "images" : [ "681ddb38c47228653a981fde", "681ddb38c47228653a981fdf", "681ddb38c47228653a981fe0", "681ddb38c47228653a981fe1", "681ddb38c47228653a981fe2", "681ddb38c47228653a981fe3", "681ddb38c47228653a981fe4", "681ddb38c47228653a981fe5", "681ddb38c47228653a981fe6", "681ddb38c47228653a981fe7" ],
  "discount" : null,
  "options_values" : [ {
    "title" : "Màu sắc",
    "type" : "COLOR",
    "options" : [ {
      "title" : "Navy Academy",
      "slug" : "navy-academy",
      "label" : "",
      "images" : [ "681ddb38c47228653a981fe8", "681ddb39c47228653a981fe9", "681ddb39c47228653a981fea", "681ddb39c47228653a981feb", "681ddb39c47228653a981fec", "681ddb39c47228653a981fed", "681ddb39c47228653a981fee", "681ddb39c47228653a981fef", "681ddb39c47228653a981ff0", "681ddb39c47228653a981ff1" ]
    }, {
      "title" : "Cam Tigerlily",
      "slug" : "cam-tigerlily",
      "label" : "",
      "images" : [ "681ddb39c47228653a981ff2", "681ddb39c47228653a981ff3", "681ddb39c47228653a981ff4", "681ddb39c47228653a981ff5", "681ddb3ac47228653a981ff6", "681ddb3ac47228653a981ff7", "681ddb3ac47228653a981ff8", "681ddb3ac47228653a981ff9", "681ddb3ac47228653a981ffa", "681ddb3ac47228653a981ffb" ]
    }, {
      "title" : "Xanh Danube",
      "slug" : "xanh-danube",
      "label" : "",
      "images" : [ "681ddb3ac47228653a981ffc", "681ddb3ac47228653a981ffd", "681ddb3ac47228653a981ffe", "681ddb3ac47228653a981fff", "681ddb3ac47228653a982000", "681ddb3ac47228653a982001", "681ddb3ac47228653a982002", "681ddb3ac47228653a982003", "681ddb3ac47228653a982004", "681ddb3bc47228653a982005" ]
    }, {
      "title" : "Xanh Slate Grey",
      "slug" : "xanh-slate-grey",
      "label" : "",
      "images" : [ "681ddb3bc47228653a982006", "681ddb3bc47228653a982007", "681ddb3bc47228653a982008", "681ddb3bc47228653a982009", "681ddb3bc47228653a98200a", "681ddb3bc47228653a98200b", "681ddb3bc47228653a98200c", "681ddb3bc47228653a98200d", "681ddb3bc47228653a98200e", "681ddb3bc47228653a98200f" ]
    }, {
      "title" : "Vàng Snap Dragon",
      "slug" : "vang-snap-dragon",
      "label" : "",
      "images" : [ "681ddb3bc47228653a982010", "681ddb3bc47228653a982011", "681ddb3bc47228653a982012", "681ddb3cc47228653a982013", "681ddb3cc47228653a982014", "681ddb3cc47228653a982015", "681ddb3cc47228653a982016", "681ddb3cc47228653a982017", "681ddb3cc47228653a982018", "681ddb3cc47228653a982019" ]
    } ]
  } ],
  "collection_id" : "681ca18a2a59db3110ec0b87",
  "display_order" : 417,
  "youtube_video" : "https://media3.coolmate.me/uploads/videos/AO_SINGLET.mp4",
  "coming_soon" : false,
  "display_name_open" : "Thấm hút ExDry - Siêu nhẹ",
  "gender_type" : "MALE",
  "icon_thumbnail" : null,
  "compare_price" : 359000.0,
  "regular_price" : 259000.0
}, {
  "title" : "Áo Tanktop Gym Essentials II",
  "vendor" : "5c482438000c695cfa6f8d22",
  "tags" : [ ],
  "options" : [ {
    "type" : "COLOR",
    "title" : "Màu sắc",
    "values" : [ "Xanh Stone", "Xanh Titan", "Đen" ]
  }, {
    "type" : "SIZE",
    "title" : "Kích thước",
    "values" : [ "S", "M", "L", "XL", "2XL", "3XL" ]
  } ],
  "images" : [ "681ddb42c47228653a98201a", "681ddb42c47228653a98201b", "681ddb42c47228653a98201c", "681ddb42c47228653a98201d", "681ddb42c47228653a98201e", "681ddb43c47228653a98201f" ],
  "discount" : null,
  "options_values" : [ {
    "title" : "Màu sắc",
    "type" : "COLOR",
    "options" : [ {
      "title" : "Xanh Stone",
      "slug" : "xanh-stone",
      "label" : "",
      "images" : [ "681ddb43c47228653a982020", "681ddb43c47228653a982021", "681ddb43c47228653a982022", "681ddb43c47228653a982023", "681ddb43c47228653a982024", "681ddb43c47228653a982025" ]
    }, {
      "title" : "Xanh Titan",
      "slug" : "xanh-titan",
      "label" : "",
      "images" : [ "681ddb43c47228653a982026", "681ddb43c47228653a982027", "681ddb43c47228653a982028", "681ddb43c47228653a982029", "681ddb43c47228653a98202a", "681ddb43c47228653a98202b" ]
    }, {
      "title" : "Đen",
      "slug" : "den",
      "label" : "",
      "images" : [ "681ddb43c47228653a98202c", "681ddb44c47228653a98202d", "681ddb44c47228653a98202e", "681ddb44c47228653a98202f", "681ddb44c47228653a982030", "681ddb44c47228653a982031" ]
    } ]
  } ],
  "collection_id" : "681ca18a2a59db3110ec0b87",
  "display_order" : 438,
  "youtube_video" : "",
  "coming_soon" : false,
  "display_name_open" : "ExDry - Co giãn",
  "gender_type" : "MALE",
  "icon_thumbnail" : null,
  "compare_price" : 179000.0,
  "regular_price" : 179000.0
}, {
  "title" : "Áo Singlet Chạy Bộ Fast & Free Run II",
  "vendor" : "5c482438000c695cfa6f8d22",
  "tags" : [ ],
  "options" : [ {
    "type" : "COLOR",
    "title" : "Màu sắc",
    "values" : [ "Xanh Mosaic", "Đỏ Barbados", "Vàng Beach Ball", "Xanh bóng đêm", "Đen", "Xám" ]
  }, {
    "type" : "SIZE",
    "title" : "Kích thước",
    "values" : [ "S", "M", "L", "XL", "2XL", "3XL" ]
  } ],
  "images" : [ "681ddb46c47228653a982032", "681ddb46c47228653a982033", "681ddb46c47228653a982034", "681ddb46c47228653a982035", "681ddb46c47228653a982036", "681ddb46c47228653a982037" ],
  "discount" : null,
  "options_values" : [ {
    "title" : "Màu sắc",
    "type" : "COLOR",
    "options" : [ {
      "title" : "Xanh Mosaic",
      "slug" : "xanh-mosaic",
      "label" : "",
      "images" : [ "681ddb46c47228653a982038", "681ddb46c47228653a982039", "681ddb46c47228653a98203a", "681ddb46c47228653a98203b", "681ddb47c47228653a98203c", "681ddb47c47228653a98203d" ]
    }, {
      "title" : "Vàng Beach Ball",
      "slug" : "vang-beach-ball",
      "label" : "",
      "images" : [ "681ddb47c47228653a98203e", "681ddb47c47228653a98203f", "681ddb47c47228653a982040", "681ddb47c47228653a982041", "681ddb47c47228653a982042", "681ddb47c47228653a982043" ]
    }, {
      "title" : "Xanh bóng đêm",
      "slug" : "xanh-bong-dem",
      "label" : "",
      "images" : [ "681ddb47c47228653a982044", "681ddb47c47228653a982045", "681ddb47c47228653a982046", "681ddb47c47228653a982047", "681ddb48c47228653a982048", "681ddb48c47228653a982049" ]
    }, {
      "title" : "Đen",
      "slug" : "den",
      "label" : "",
      "images" : [ "681ddb48c47228653a98204a", "681ddb48c47228653a98204b", "681ddb48c47228653a98204c", "681ddb48c47228653a98204d", "681ddb48c47228653a98204e", "681ddb48c47228653a98204f" ]
    }, {
      "title" : "Xám",
      "slug" : "xam",
      "label" : "",
      "images" : [ "681ddb48c47228653a982050", "681ddb48c47228653a982051", "681ddb49c47228653a982052", "681ddb49c47228653a982053", "681ddb49c47228653a982054", "681ddb49c47228653a982055" ]
    }, {
      "title" : "Đỏ Barbados",
      "slug" : "do-barbados",
      "label" : "",
      "images" : [ "681ddb49c47228653a982056", "681ddb49c47228653a982057", "681ddb49c47228653a982058", "681ddb49c47228653a982059", "681ddb49c47228653a98205a", "681ddb49c47228653a98205b" ]
    } ]
  } ],
  "collection_id" : "681ca18a2a59db3110ec0b87",
  "display_order" : 447,
  "youtube_video" : "",
  "coming_soon" : false,
  "display_name_open" : "Nhanh khô ExDry",
  "gender_type" : "MALE",
  "icon_thumbnail" : null,
  "compare_price" : 159000.0,
  "regular_price" : 139000.0
}, {
  "title" : "Áo Gym Drop Arm",
  "vendor" : "5c482438000c695cfa6f8d22",
  "tags" : [ ],
  "options" : [ {
    "type" : "COLOR",
    "title" : "Màu sắc",
    "values" : [ "Xanh Stone", "Xanh Titan", "Đen" ]
  }, {
    "type" : "SIZE",
    "title" : "Kích thước",
    "values" : [ "S", "M", "L", "XL", "2XL", "3XL" ]
  } ],
  "images" : [ "681ddb4ec47228653a98205c", "681ddb4ec47228653a98205d", "681ddb4ec47228653a98205e", "681ddb4ec47228653a98205f", "681ddb4ec47228653a982060", "681ddb4ec47228653a982061" ],
  "discount" : null,
  "options_values" : [ {
    "title" : "Màu sắc",
    "type" : "COLOR",
    "options" : [ {
      "title" : "Xanh Stone",
      "slug" : "xanh-stone",
      "label" : "",
      "images" : [ "681ddb4ec47228653a982062", "681ddb4ec47228653a982063", "681ddb4ec47228653a982064", "681ddb4ec47228653a982065", "681ddb4fc47228653a982066", "681ddb4fc47228653a982067" ]
    }, {
      "title" : "Xanh Titan",
      "slug" : "xanh-titan",
      "label" : "",
      "images" : [ "681ddb4fc47228653a982068", "681ddb4fc47228653a982069", "681ddb4fc47228653a98206a", "681ddb4fc47228653a98206b", "681ddb4fc47228653a98206c", "681ddb4fc47228653a98206d" ]
    }, {
      "title" : "Đen",
      "slug" : "den",
      "label" : "",
      "images" : [ "681ddb4fc47228653a98206e", "681ddb4fc47228653a98206f", "681ddb4fc47228653a982070", "681ddb4fc47228653a982071", "681ddb4fc47228653a982072", "681ddb4fc47228653a982073" ]
    } ]
  } ],
  "collection_id" : "681ca18a2a59db3110ec0b87",
  "display_order" : 469,
  "youtube_video" : "",
  "coming_soon" : false,
  "display_name_open" : "ExDry - Co giãn",
  "gender_type" : "MALE",
  "icon_thumbnail" : null,
  "compare_price" : 179000.0,
  "regular_price" : 179000.0
}, {
  "title" : "Áo Singlet Chạy Bộ Graphic Special",
  "vendor" : "5c482438000c695cfa6f8d22",
  "tags" : [ ],
  "options" : [ {
    "type" : "COLOR",
    "title" : "Màu sắc",
    "values" : [ "Xanh dương", "Đen", "Xanh rêu" ]
  }, {
    "type" : "SIZE",
    "title" : "Kích thước",
    "values" : [ "S", "M", "L", "XL", "2XL", "3XL" ]
  } ],
  "images" : [ "681ddb51c47228653a982074", "681ddb51c47228653a982075", "681ddb52c47228653a982076", "681ddb52c47228653a982077", "681ddb52c47228653a982078", "681ddb52c47228653a982079", "681ddb52c47228653a98207a", "681ddb52c47228653a98207b", "681ddb52c47228653a98207c" ],
  "discount" : null,
  "options_values" : [ {
    "title" : "Màu sắc",
    "type" : "COLOR",
    "options" : [ {
      "title" : "Xanh dương",
      "slug" : "xanh-duong",
      "label" : "",
      "images" : [ "681ddb52c47228653a98207d", "681ddb52c47228653a98207e", "681ddb52c47228653a98207f", "681ddb52c47228653a982080", "681ddb52c47228653a982081", "681ddb53c47228653a982082", "681ddb53c47228653a982083", "681ddb53c47228653a982084", "681ddb53c47228653a982085" ]
    }, {
      "title" : "Đen",
      "slug" : "den",
      "label" : "",
      "images" : [ "681ddb53c47228653a982086", "681ddb53c47228653a982087", "681ddb53c47228653a982088", "681ddb53c47228653a982089", "681ddb53c47228653a98208a", "681ddb53c47228653a98208b", "681ddb53c47228653a98208c", "681ddb53c47228653a98208d", "681ddb53c47228653a98208e" ]
    }, {
      "title" : "Xanh rêu",
      "slug" : "xanh-reu",
      "label" : "",
      "images" : [ "681ddb53c47228653a98208f", "681ddb53c47228653a982090", "681ddb54c47228653a982091", "681ddb54c47228653a982092", "681ddb54c47228653a982093", "681ddb54c47228653a982094", "681ddb54c47228653a982095", "681ddb54c47228653a982096", "681ddb54c47228653a982097" ]
    } ]
  } ],
  "collection_id" : "681ca18a2a59db3110ec0b87",
  "display_order" : 487,
  "youtube_video" : "",
  "coming_soon" : false,
  "display_name_open" : "Mỏng nhẹ",
  "gender_type" : "MALE",
  "icon_thumbnail" : null,
  "compare_price" : 189000.0,
  "regular_price" : 159000.0
}, {
  "title" : "Áo Tanktop Gym Essentials I",
  "vendor" : "5c482438000c695cfa6f8d22",
  "tags" : [ ],
  "options" : [ {
    "type" : "COLOR",
    "title" : "Màu sắc",
    "values" : [ "Xanh Titan", "Xám Northern", "Đen" ]
  }, {
    "type" : "SIZE",
    "title" : "Kích thước",
    "values" : [ "S", "M", "L", "XL", "2XL", "3XL" ]
  } ],
  "images" : [ "681ddb58c47228653a982098", "681ddb58c47228653a982099", "681ddb58c47228653a98209a", "681ddb58c47228653a98209b", "681ddb58c47228653a98209c", "681ddb58c47228653a98209d" ],
  "discount" : null,
  "options_values" : [ {
    "title" : "Màu sắc",
    "type" : "COLOR",
    "options" : [ {
      "title" : "Xanh Titan",
      "slug" : "xanh-titan",
      "label" : "",
      "images" : [ "681ddb58c47228653a98209e", "681ddb58c47228653a98209f", "681ddb58c47228653a9820a0", "681ddb58c47228653a9820a1", "681ddb58c47228653a9820a2", "681ddb58c47228653a9820a3" ]
    }, {
      "title" : "Xám Northern",
      "slug" : "xam-northern",
      "label" : "",
      "images" : [ "681ddb58c47228653a9820a4", "681ddb58c47228653a9820a5", "681ddb59c47228653a9820a6", "681ddb59c47228653a9820a7", "681ddb59c47228653a9820a8", "681ddb59c47228653a9820a9" ]
    }, {
      "title" : "Đen",
      "slug" : "den",
      "label" : "",
      "images" : [ "681ddb59c47228653a9820aa", "681ddb59c47228653a9820ab", "681ddb59c47228653a9820ac", "681ddb59c47228653a9820ad", "681ddb59c47228653a9820ae", "681ddb59c47228653a9820af" ]
    } ]
  } ],
  "collection_id" : "681ca18a2a59db3110ec0b87",
  "display_order" : 491,
  "youtube_video" : "",
  "coming_soon" : false,
  "display_name_open" : "ExDry - Thấm hút",
  "gender_type" : "MALE",
  "icon_thumbnail" : null,
  "compare_price" : 169000.0,
  "regular_price" : 169000.0
}, {
  "title" : "Áo Singlet Chạy Bộ Graphic Photic",
  "vendor" : "5c482438000c695cfa6f8d22",
  "tags" : [ ],
  "options" : [ {
    "type" : "COLOR",
    "title" : "Màu sắc",
    "values" : [ "Đỏ", "Xanh dương" ]
  }, {
    "type" : "SIZE",
    "title" : "Kích thước",
    "values" : [ "S", "M", "L", "XL", "2XL", "3XL" ]
  } ],
  "images" : [ "681ddb5bc47228653a9820b0", "681ddb5bc47228653a9820b1", "681ddb5bc47228653a9820b2", "681ddb5bc47228653a9820b3", "681ddb5bc47228653a9820b4", "681ddb5bc47228653a9820b5" ],
  "discount" : null,
  "options_values" : [ {
    "title" : "Màu sắc",
    "type" : "COLOR",
    "options" : [ {
      "title" : "Đỏ",
      "slug" : "do",
      "label" : "",
      "images" : [ "681ddb5bc47228653a9820b6", "681ddb5cc47228653a9820b7", "681ddb5cc47228653a9820b8", "681ddb5cc47228653a9820b9", "681ddb5cc47228653a9820ba", "681ddb5cc47228653a9820bb" ]
    }, {
      "title" : "Xanh dương",
      "slug" : "xanh-duong",
      "label" : "",
      "images" : [ "681ddb5cc47228653a9820bc", "681ddb5cc47228653a9820bd", "681ddb5cc47228653a9820be", "681ddb5cc47228653a9820bf", "681ddb5cc47228653a9820c0", "681ddb5cc47228653a9820c1" ]
    } ]
  } ],
  "collection_id" : "681ca18a2a59db3110ec0b87",
  "display_order" : 231,
  "youtube_video" : "",
  "coming_soon" : false,
  "display_name_open" : "ExDry",
  "gender_type" : "MALE",
  "icon_thumbnail" : null,
  "compare_price" : 189000.0,
  "regular_price" : 89000.0
}, {
  "title" : "Áo Tanktop Thể Thao Pro Active 1595",
  "vendor" : "5c482438000c695cfa6f8d22",
  "tags" : [ ],
  "options" : [ {
    "type" : "COLOR",
    "title" : "Màu sắc",
    "values" : [ "Đen", "Be", "Nâu", "Xanh Navy" ]
  }, {
    "type" : "SIZE",
    "title" : "Kích thước",
    "values" : [ "S", "M", "L", "XL", "2XL", "3XL" ]
  } ],
  "images" : [ "681ddb5ec47228653a9820c2", "681ddb5ec47228653a9820c3", "681ddb5ec47228653a9820c4", "681ddb5ec47228653a9820c5", "681ddb5ec47228653a9820c6", "681ddb5ec47228653a9820c7", "681ddb5ec47228653a9820c8", "681ddb5ec47228653a9820c9", "681ddb5ec47228653a9820ca", "681ddb5ec47228653a9820cb", "681ddb5ec47228653a9820cc", "681ddb5ec47228653a9820cd" ],
  "discount" : null,
  "options_values" : [ {
    "title" : "Màu sắc",
    "type" : "COLOR",
    "options" : [ {
      "title" : "Đen",
      "slug" : "den",
      "label" : "",
      "images" : [ "681ddb5ec47228653a9820ce", "681ddb5fc47228653a9820cf", "681ddb5fc47228653a9820d0", "681ddb5fc47228653a9820d1", "681ddb5fc47228653a9820d2", "681ddb5fc47228653a9820d3", "681ddb5fc47228653a9820d4", "681ddb5fc47228653a9820d5", "681ddb5fc47228653a9820d6", "681ddb60c47228653a9820d7", "681ddb60c47228653a9820d8", "681ddb60c47228653a9820d9" ]
    }, {
      "title" : "Be",
      "slug" : "be",
      "label" : "",
      "images" : [ "681ddb60c47228653a9820da", "681ddb60c47228653a9820db", "681ddb60c47228653a9820dc", "681ddb60c47228653a9820dd", "681ddb60c47228653a9820de", "681ddb60c47228653a9820df", "681ddb60c47228653a9820e0", "681ddb61c47228653a9820e1", "681ddb61c47228653a9820e2", "681ddb61c47228653a9820e3", "681ddb61c47228653a9820e4", "681ddb61c47228653a9820e5" ]
    }, {
      "title" : "Nâu",
      "slug" : "nau",
      "label" : "",
      "images" : [ "681ddb61c47228653a9820e6", "681ddb62c47228653a9820e7", "681ddb62c47228653a9820e8", "681ddb62c47228653a9820e9", "681ddb62c47228653a9820ea", "681ddb62c47228653a9820eb", "681ddb62c47228653a9820ec", "681ddb62c47228653a9820ed", "681ddb63c47228653a9820ee", "681ddb63c47228653a9820ef", "681ddb63c47228653a9820f0", "681ddb63c47228653a9820f1" ]
    }, {
      "title" : "Xanh Navy",
      "slug" : "xanh-navy",
      "label" : "",
      "images" : [ "681ddb63c47228653a9820f2", "681ddb63c47228653a9820f3", "681ddb63c47228653a9820f4", "681ddb63c47228653a9820f5", "681ddb63c47228653a9820f6", "681ddb63c47228653a9820f7", "681ddb63c47228653a9820f8", "681ddb64c47228653a9820f9", "681ddb64c47228653a9820fa", "681ddb64c47228653a9820fb", "681ddb64c47228653a9820fc", "681ddb64c47228653a9820fd" ]
    } ]
  } ],
  "collection_id" : "681ca18a2a59db3110ec0b87",
  "display_order" : 254,
  "youtube_video" : "",
  "coming_soon" : false,
  "display_name_open" : "ExDry",
  "gender_type" : "MALE",
  "icon_thumbnail" : null,
  "compare_price" : 159000.0,
  "regular_price" : 159000.0
}, {
  "title" : "Áo Tanktop Nam Thể Thao Active phối màu",
  "vendor" : "5c482438000c695cfa6f8d22",
  "tags" : [ "CLEARANCE_SALE", "OUTLET" ],
  "options" : [ {
    "type" : "COLOR",
    "title" : "Màu sắc",
    "values" : [ "Đen" ]
  }, {
    "type" : "SIZE",
    "title" : "Kích thước",
    "values" : [ "S" ]
  } ],
  "images" : [ "681ddb69c47228653a9820fe", "681ddb69c47228653a9820ff" ],
  "discount" : null,
  "options_values" : [ {
    "title" : "Màu sắc",
    "type" : "COLOR",
    "options" : [ {
      "title" : "Đen",
      "slug" : "den",
      "label" : "",
      "images" : [ "681ddb69c47228653a982100", "681ddb69c47228653a982101" ]
    } ]
  } ],
  "collection_id" : "681ca18a2a59db3110ec0b87",
  "display_order" : 102,
  "youtube_video" : "",
  "coming_soon" : false,
  "display_name_open" : "Thoáng khí",
  "gender_type" : "MALE",
  "icon_thumbnail" : null,
  "compare_price" : 169000.0,
  "regular_price" : 49000.0
}, {
  "title" : "Áo Tanktop Nam Thể Thao Active logo",
  "vendor" : "5c482438000c695cfa6f8d22",
  "tags" : [ "CLEARANCE_SALE", "OUTLET" ],
  "options" : [ {
    "type" : "COLOR",
    "title" : "Màu sắc",
    "values" : [ "Đen", "Xám nhạt", "Xanh Navy" ]
  }, {
    "type" : "SIZE",
    "title" : "Kích thước",
    "values" : [ "S" ]
  } ],
  "images" : [ "681ddb6ac47228653a982102", "681ddb6ac47228653a982103", "681ddb6ac47228653a982104", "681ddb6ac47228653a982105", "681ddb6ac47228653a982106", "681ddb6ac47228653a982107", "681ddb6ac47228653a982108", "681ddb6ac47228653a982109" ],
  "discount" : null,
  "options_values" : [ {
    "title" : "Màu sắc",
    "type" : "COLOR",
    "options" : [ {
      "title" : "Đen",
      "slug" : "den",
      "label" : "",
      "images" : [ "681ddb6bc47228653a98210a", "681ddb6bc47228653a98210b", "681ddb6bc47228653a98210c", "681ddb6bc47228653a98210d", "681ddb6bc47228653a98210e", "681ddb6bc47228653a98210f", "681ddb6bc47228653a982110", "681ddb6bc47228653a982111" ]
    }, {
      "title" : "Xám nhạt",
      "slug" : "xam-nhat",
      "label" : "",
      "images" : [ "681ddb6cc47228653a982112", "681ddb6cc47228653a982113", "681ddb6cc47228653a982114", "681ddb6cc47228653a982115", "681ddb6cc47228653a982116", "681ddb6cc47228653a982117", "681ddb6cc47228653a982118", "681ddb6cc47228653a982119" ]
    }, {
      "title" : "Xanh Navy",
      "slug" : "xanh-navy",
      "label" : "",
      "images" : [ "681ddb6dc47228653a98211a", "681ddb6dc47228653a98211b", "681ddb6dc47228653a98211c", "681ddb6dc47228653a98211d", "681ddb6dc47228653a98211e", "681ddb6dc47228653a98211f", "681ddb6dc47228653a982120", "681ddb6dc47228653a982121" ]
    } ]
  } ],
  "collection_id" : "681ca18a2a59db3110ec0b87",
  "display_order" : 121,
  "youtube_video" : "https://mcdn.coolmate.me/uploads/videos/24_outfit7.mp4",
  "coming_soon" : false,
  "display_name_open" : "Thoáng khí",
  "gender_type" : "MALE",
  "icon_thumbnail" : null,
  "compare_price" : 169000.0,
  "regular_price" : 69000.0
}, {
  "title" : "Áo Tanktop Nam Thể Thao T2",
  "vendor" : "5c482438000c695cfa6f8d22",
  "tags" : [ "CLEARANCE_SALE", "OUTLET" ],
  "options" : [ {
    "type" : "COLOR",
    "title" : "Màu sắc",
    "values" : [ "Đen" ]
  }, {
    "type" : "SIZE",
    "title" : "Kích thước Áo",
    "values" : [ "S" ]
  } ],
  "images" : [ "681ddb71c47228653a982122", "681ddb71c47228653a982123", "681ddb71c47228653a982124", "681ddb71c47228653a982125", "681ddb71c47228653a982126", "681ddb71c47228653a982127" ],
  "discount" : null,
  "options_values" : [ {
    "title" : "Màu sắc",
    "type" : "COLOR",
    "options" : [ {
      "title" : "Đen",
      "slug" : "den",
      "label" : "",
      "images" : [ "681ddb71c47228653a982128", "681ddb72c47228653a982129", "681ddb72c47228653a98212a", "681ddb72c47228653a98212b", "681ddb72c47228653a98212c", "681ddb72c47228653a98212d" ]
    } ]
  } ],
  "collection_id" : "681ca18a2a59db3110ec0b87",
  "display_order" : 131,
  "youtube_video" : "",
  "coming_soon" : false,
  "display_name_open" : "Thoáng khí",
  "gender_type" : "MALE",
  "icon_thumbnail" : null,
  "compare_price" : 179000.0,
  "regular_price" : 63000.0
}, {
  "title" : "Áo Singlet chạy bộ Fast & Free",
  "vendor" : "5c482438000c695cfa6f8d22",
  "tags" : [ "CLEARANCE_SALE", "OUTLET" ],
  "options" : [ {
    "type" : "COLOR",
    "title" : "Màu sắc",
    "values" : [ "Xám" ]
  }, {
    "type" : "SIZE",
    "title" : "Kích thước Áo",
    "values" : [ "S", "M", "L", "XL", "2XL", "3XL" ]
  } ],
  "images" : [ "681ddb74c47228653a98212e", "681ddb75c47228653a98212f", "681ddb75c47228653a982130", "681ddb75c47228653a982131", "681ddb75c47228653a982132", "681ddb75c47228653a982133", "681ddb75c47228653a982134", "681ddb75c47228653a982135", "681ddb75c47228653a982136", "681ddb75c47228653a982137" ],
  "discount" : null,
  "options_values" : [ {
    "title" : "Màu sắc",
    "type" : "COLOR",
    "options" : [ {
      "title" : "Xám",
      "slug" : "xam",
      "label" : "",
      "images" : [ "681ddb76c47228653a982138", "681ddb76c47228653a982139", "681ddb76c47228653a98213a", "681ddb76c47228653a98213b", "681ddb76c47228653a98213c", "681ddb76c47228653a98213d", "681ddb76c47228653a98213e", "681ddb77c47228653a98213f", "681ddb77c47228653a982140", "681ddb77c47228653a982141" ]
    } ]
  } ],
  "collection_id" : "681ca18a2a59db3110ec0b87",
  "display_order" : 191,
  "youtube_video" : "",
  "coming_soon" : false,
  "display_name_open" : "Nhanh khô",
  "gender_type" : "MALE",
  "icon_thumbnail" : null,
  "compare_price" : 189000.0,
  "regular_price" : 99000.0
}, {
  "title" : "Combo 3 Áo Sát Nách Nam Thể Thao Promax",
  "vendor" : "5c482438000c695cfa6f8d22",
  "tags" : [ "SAVING_PACKS" ],
  "options" : [ {
    "type" : "COLOR",
    "title" : "Màu sắc",
    "values" : [ "Màu 3", "Màu 5" ]
  }, {
    "type" : "SIZE",
    "title" : "Kích thước Áo",
    "values" : [ "S", "M", "L", "XL", "2XL" ]
  } ],
  "images" : [ "681ddb79c47228653a982142", "681ddb79c47228653a982143", "681ddb79c47228653a982144" ],
  "discount" : null,
  "options_values" : [ {
    "title" : "Màu sắc",
    "type" : "COLOR",
    "options" : [ {
      "title" : "Màu 5",
      "slug" : "mau-5",
      "label" : "",
      "images" : [ "681ddb79c47228653a982145", "681ddb79c47228653a982146", "681ddb79c47228653a982147" ]
    }, {
      "title" : "Màu 3",
      "slug" : "mau-3",
      "label" : "",
      "images" : [ "681ddb79c47228653a982148", "681ddb79c47228653a982149", "681ddb79c47228653a98214a" ]
    } ]
  } ],
  "collection_id" : "681ca18a2a59db3110ec0b87",
  "display_order" : 197,
  "youtube_video" : "",
  "coming_soon" : false,
  "display_name_open" : "Thoáng mát",
  "gender_type" : "MALE",
  "icon_thumbnail" : null,
  "compare_price" : 569000.0,
  "regular_price" : 409000.0
}, {
  "title" : "Combo 2 Áo Singlet Chạy Bộ Nam Graphic Frostly Mountain",
  "vendor" : "5c482438000c695cfa6f8d22",
  "tags" : [ "SAVING_PACKS", "CLEARANCE_SALE" ],
  "options" : [ {
    "type" : "SIZE",
    "title" : "Kích thước",
    "values" : [ "S", "M", "L", "XL", "2XL", "3XL" ]
  } ],
  "images" : [ "681ddb7bc47228653a98214b", "681ddb7bc47228653a98214c", "681ddb7bc47228653a98214d", "681ddb7bc47228653a98214e", "681ddb7bc47228653a98214f", "681ddb7bc47228653a982150", "681ddb7bc47228653a982151", "681ddb7bc47228653a982152", "681ddb7bc47228653a982153" ],
  "discount" : null,
  "options_values" : [ ],
  "collection_id" : "681ca18a2a59db3110ec0b87",
  "display_order" : 230,
  "youtube_video" : "",
  "coming_soon" : false,
  "display_name_open" : "ExDry",
  "gender_type" : "MALE",
  "icon_thumbnail" : null,
  "compare_price" : 378000.0,
  "regular_price" : 189000.0
}, {
  "title" : "Combo 2 Áo Singlet Nam Chạy Bộ Graphic Photic Zone",
  "vendor" : "5c482438000c695cfa6f8d22",
  "tags" : [ "SAVING_PACKS" ],
  "options" : [ {
    "type" : "SIZE",
    "title" : "Kích thước",
    "values" : [ "S", "M", "L", "XL", "2XL", "3XL" ]
  } ],
  "images" : [ "681ddb7dc47228653a982154", "681ddb7dc47228653a982155", "681ddb7dc47228653a982156", "681ddb7dc47228653a982157", "681ddb7dc47228653a982158", "681ddb7dc47228653a982159", "681ddb7dc47228653a98215a", "681ddb7dc47228653a98215b", "681ddb7ec47228653a98215c" ],
  "discount" : null,
  "options_values" : [ ],
  "collection_id" : "681ca18a2a59db3110ec0b87",
  "display_order" : 236,
  "youtube_video" : "",
  "coming_soon" : false,
  "display_name_open" : "ExDry",
  "gender_type" : "MALE",
  "icon_thumbnail" : null,
  "compare_price" : 378000.0,
  "regular_price" : 199000.0
}, {
  "title" : "Combo 2 Áo Singlet Chạy Bộ Nam Fast & Free Run V2",
  "vendor" : "5c482438000c695cfa6f8d22",
  "tags" : [ "SAVING_PACKS" ],
  "options" : [ {
    "type" : "SIZE",
    "title" : "Kích thước",
    "values" : [ "S", "M", "L", "XL", "2XL", "3XL" ]
  } ],
  "images" : [ "681ddb7fc47228653a98215d", "681ddb7fc47228653a98215e", "681ddb80c47228653a98215f", "681ddb80c47228653a982160", "681ddb80c47228653a982161", "681ddb80c47228653a982162", "681ddb80c47228653a982163", "681ddb80c47228653a982164", "681ddb80c47228653a982165" ],
  "discount" : null,
  "options_values" : [ ],
  "collection_id" : "681ca18a2a59db3110ec0b87",
  "display_order" : 251,
  "youtube_video" : "",
  "coming_soon" : false,
  "display_name_open" : "ExDry",
  "gender_type" : "MALE",
  "icon_thumbnail" : null,
  "compare_price" : 318000.0,
  "regular_price" : 249000.0
}, {
  "title" : "Áo Sát Nách Nam Thể Thao Promax",
  "vendor" : "5c482438000c695cfa6f8d22",
  "tags" : [ ],
  "options" : [ {
    "type" : "COLOR",
    "title" : "Màu sắc",
    "values" : [ "Xanh Aqua V2", "Trắng", "Be xám", "Đen", "Xanh Navy" ]
  }, {
    "type" : "SIZE",
    "title" : "Kích thước Áo",
    "values" : [ "S", "M", "L", "XL", "2XL", "3XL" ]
  } ],
  "images" : [ "681ddb82c47228653a982166", "681ddb82c47228653a982167", "681ddb82c47228653a982168", "681ddb82c47228653a982169", "681ddb82c47228653a98216a", "681ddb82c47228653a98216b" ],
  "discount" : null,
  "options_values" : [ {
    "title" : "Màu sắc",
    "type" : "COLOR",
    "options" : [ {
      "title" : "Xanh Aqua",
      "slug" : "xanh-aqua",
      "label" : "",
      "images" : [ "681ddb82c47228653a98216c", "681ddb82c47228653a98216d", "681ddb82c47228653a98216e", "681ddb83c47228653a98216f", "681ddb83c47228653a982170", "681ddb83c47228653a982171" ]
    }, {
      "title" : "Xanh Aqua V2",
      "slug" : "xanh-aqua-v2",
      "label" : "",
      "images" : [ "681ddb83c47228653a982172", "681ddb83c47228653a982173", "681ddb83c47228653a982174", "681ddb83c47228653a982175", "681ddb83c47228653a982176", "681ddb83c47228653a982177" ]
    }, {
      "title" : "Xanh bóng đêm",
      "slug" : "xanh-bong-dem",
      "label" : "",
      "images" : [ "681ddb83c47228653a982178", "681ddb83c47228653a982179", "681ddb84c47228653a98217a", "681ddb84c47228653a98217b", "681ddb84c47228653a98217c", "681ddb84c47228653a98217d" ]
    }, {
      "title" : "Trắng",
      "slug" : "trang",
      "label" : "",
      "images" : [ "681ddb84c47228653a98217e", "681ddb85c47228653a98217f", "681ddb85c47228653a982180", "681ddb85c47228653a982181", "681ddb85c47228653a982182", "681ddb85c47228653a982183" ]
    }, {
      "title" : "Be xám",
      "slug" : "be-xam",
      "label" : "",
      "images" : [ "681ddb85c47228653a982184", "681ddb85c47228653a982185", "681ddb85c47228653a982186", "681ddb85c47228653a982187", "681ddb85c47228653a982188", "681ddb85c47228653a982189" ]
    }, {
      "title" : "Xanh da trời",
      "slug" : "xanh-da-troi",
      "label" : "",
      "images" : [ "681ddb85c47228653a98218a", "681ddb86c47228653a98218b", "681ddb86c47228653a98218c", "681ddb86c47228653a98218d", "681ddb86c47228653a98218e", "681ddb86c47228653a98218f" ]
    }, {
      "title" : "Đen",
      "slug" : "den",
      "label" : "",
      "images" : [ "681ddb86c47228653a982190", "681ddb86c47228653a982191", "681ddb86c47228653a982192", "681ddb86c47228653a982193", "681ddb86c47228653a982194", "681ddb87c47228653a982195" ]
    }, {
      "title" : "Xanh Navy",
      "slug" : "xanh-navy",
      "label" : "",
      "images" : [ "681ddb87c47228653a982196", "681ddb87c47228653a982197", "681ddb87c47228653a982198", "681ddb87c47228653a982199", "681ddb87c47228653a98219a", "681ddb87c47228653a98219b" ]
    } ]
  } ],
  "collection_id" : "681ca18a2a59db3110ec0b87",
  "display_order" : 309,
  "youtube_video" : "https://mcdn.coolmate.me/uploads/videos/AO_SAT_NACH.mp4",
  "coming_soon" : false,
  "display_name_open" : "ExDry",
  "gender_type" : "MALE",
  "icon_thumbnail" : null,
  "compare_price" : 189000.0,
  "regular_price" : 169000.0
}, {
  "title" : "Combo 3 Áo ba lỗ 100% Cotton",
  "vendor" : "5c482438000c695cfa6f8d22",
  "tags" : [ "BAN_CHAY", "DANG_MUA" ],
  "options" : [ {
    "type" : "COLOR",
    "title" : "Màu sắc",
    "values" : [ "Đen", "Trắng", "Xanh Navy", "Mix màu" ]
  }, {
    "type" : "SIZE",
    "title" : "Kích thước",
    "values" : [ "M", "L", "XL", "2XL", "3XL", "S" ]
  } ],
  "images" : [ "681ddb87c47228653a98219c", "681ddb88c47228653a98219d", "681ddb88c47228653a98219e", "681ddb88c47228653a98219f" ],
  "discount" : null,
  "options_values" : [ {
    "title" : "Màu sắc",
    "type" : "COLOR",
    "options" : [ {
      "title" : "Mix màu",
      "slug" : "mix-mau",
      "label" : "",
      "images" : [ "681ddb88c47228653a9821a0", "681ddb88c47228653a9821a1", "681ddb88c47228653a9821a2", "681ddb88c47228653a9821a3" ]
    }, {
      "title" : "Đen",
      "slug" : "den",
      "label" : "",
      "images" : [ "681ddb88c47228653a9821a4", "681ddb88c47228653a9821a5", "681ddb88c47228653a9821a6", "681ddb89c47228653a9821a7" ]
    }, {
      "title" : "Trắng",
      "slug" : "trang",
      "label" : "",
      "images" : [ "681ddb89c47228653a9821a8", "681ddb89c47228653a9821a9", "681ddb89c47228653a9821aa", "681ddb89c47228653a9821ab" ]
    }, {
      "title" : "Xanh Navy",
      "slug" : "xanh-navy",
      "label" : "",
      "images" : [ "681ddb89c47228653a9821ac", "681ddb89c47228653a9821ad", "681ddb89c47228653a9821ae", "681ddb89c47228653a9821af" ]
    } ]
  } ],
  "collection_id" : "681ca18a2a59db3110ec0b87",
  "display_order" : 331,
  "youtube_video" : "",
  "coming_soon" : false,
  "display_name_open" : "Mặc nhà - Thoáng mát",
  "gender_type" : "MALE",
  "icon_thumbnail" : null,
  "compare_price" : 249000.0,
  "regular_price" : 219000.0
}, {
  "title" : "Combo 2 Áo Singlet Nam Chạy Bộ in Graphic Special",
  "vendor" : "5c482438000c695cfa6f8d22",
  "tags" : [ "SAVING_PACKS" ],
  "options" : [ {
    "type" : "COLOR",
    "title" : "Màu sắc",
    "values" : [ "Mix màu 1", "Mix màu 2" ]
  }, {
    "type" : "SIZE",
    "title" : "Kích thước",
    "values" : [ "S", "M", "L", "XL", "2XL", "3XL" ]
  } ],
  "images" : [ "681ddb8cc47228653a9821b0", "681ddb8cc47228653a9821b1", "681ddb8cc47228653a9821b2", "681ddb8cc47228653a9821b3", "681ddb8cc47228653a9821b4" ],
  "discount" : null,
  "options_values" : [ {
    "title" : "Màu sắc",
    "type" : "COLOR",
    "options" : [ {
      "title" : "Mix màu 1",
      "slug" : "mix-mau-1",
      "label" : "",
      "images" : [ "681ddb8cc47228653a9821b5", "681ddb8cc47228653a9821b6", "681ddb8cc47228653a9821b7", "681ddb8cc47228653a9821b8", "681ddb8cc47228653a9821b9" ]
    }, {
      "title" : "Mix màu 2",
      "slug" : "mix-mau-2",
      "label" : "",
      "images" : [ "681ddb8cc47228653a9821ba", "681ddb8cc47228653a9821bb", "681ddb8dc47228653a9821bc", "681ddb8dc47228653a9821bd", "681ddb8dc47228653a9821be" ]
    } ]
  } ],
  "collection_id" : "681ca18a2a59db3110ec0b87",
  "display_order" : 426,
  "youtube_video" : "",
  "coming_soon" : false,
  "display_name_open" : "Mỏng nhẹ",
  "gender_type" : "MALE",
  "icon_thumbnail" : null,
  "compare_price" : 378000.0,
  "regular_price" : 289000.0
}, {
  "title" : "Áo Sleeveless thể thao Active Essentials",
  "vendor" : "5c482438000c695cfa6f8d22",
  "tags" : [ ],
  "options" : [ {
    "type" : "COLOR",
    "title" : "Màu sắc",
    "values" : [ "Đen", "Xám đậm", "Xanh Navy", "Xám nhạt", "Xanh dương", "Hồng Marsala", "Nâu Iron", "Xanh Forever Blue", "Xanh Pacific" ]
  }, {
    "type" : "SIZE",
    "title" : "Kích thước",
    "values" : [ "S", "M", "L", "XL", "2XL", "3XL" ]
  } ],
  "images" : [ "681ddb8ec47228653a9821bf", "681ddb8ec47228653a9821c0", "681ddb8ec47228653a9821c1", "681ddb8ec47228653a9821c2", "681ddb8ec47228653a9821c3", "681ddb8ec47228653a9821c4", "681ddb8ec47228653a9821c5", "681ddb8ec47228653a9821c6", "681ddb8ec47228653a9821c7", "681ddb8ec47228653a9821c8", "681ddb8ec47228653a9821c9", "681ddb8ec47228653a9821ca", "681ddb8fc47228653a9821cb", "681ddb8fc47228653a9821cc", "681ddb8fc47228653a9821cd", "681ddb8fc47228653a9821ce", "681ddb8fc47228653a9821cf", "681ddb8fc47228653a9821d0", "681ddb8fc47228653a9821d1", "681ddb8fc47228653a9821d2", "681ddb8fc47228653a9821d3", "681ddb8fc47228653a9821d4", "681ddb90c47228653a9821d5", "681ddb90c47228653a9821d6", "681ddb90c47228653a9821d7", "681ddb90c47228653a9821d8", "681ddb90c47228653a9821d9" ],
  "discount" : null,
  "options_values" : [ {
    "title" : "Màu sắc",
    "type" : "COLOR",
    "options" : [ {
      "title" : "Xanh Forever Blue",
      "slug" : "xanh-forever-blue",
      "label" : "",
      "images" : [ "681ddb90c47228653a9821da", "681ddb90c47228653a9821db", "681ddb90c47228653a9821dc", "681ddb90c47228653a9821dd", "681ddb91c47228653a9821de", "681ddb91c47228653a9821df", "681ddb91c47228653a9821e0", "681ddb91c47228653a9821e1", "681ddb91c47228653a9821e2", "681ddb91c47228653a9821e3", "681ddb91c47228653a9821e4", "681ddb91c47228653a9821e5", "681ddb91c47228653a9821e6", "681ddb92c47228653a9821e7", "681ddb92c47228653a9821e8", "681ddb92c47228653a9821e9", "681ddb92c47228653a9821ea", "681ddb92c47228653a9821eb", "681ddb92c47228653a9821ec", "681ddb92c47228653a9821ed", "681ddb92c47228653a9821ee", "681ddb92c47228653a9821ef", "681ddb92c47228653a9821f0", "681ddb93c47228653a9821f1", "681ddb93c47228653a9821f2", "681ddb93c47228653a9821f3", "681ddb93c47228653a9821f4" ]
    }, {
      "title" : "Nâu Iron",
      "slug" : "nau-iron",
      "label" : "",
      "images" : [ "681ddb93c47228653a9821f5", "681ddb93c47228653a9821f6", "681ddb93c47228653a9821f7", "681ddb93c47228653a9821f8", "681ddb93c47228653a9821f9", "681ddb93c47228653a9821fa", "681ddb93c47228653a9821fb", "681ddb93c47228653a9821fc", "681ddb94c47228653a9821fd", "681ddb94c47228653a9821fe", "681ddb94c47228653a9821ff", "681ddb94c47228653a982200", "681ddb94c47228653a982201", "681ddb94c47228653a982202", "681ddb94c47228653a982203", "681ddb94c47228653a982204", "681ddb94c47228653a982205", "681ddb94c47228653a982206", "681ddb94c47228653a982207", "681ddb94c47228653a982208", "681ddb95c47228653a982209", "681ddb95c47228653a98220a", "681ddb95c47228653a98220b", "681ddb95c47228653a98220c", "681ddb95c47228653a98220d", "681ddb95c47228653a98220e", "681ddb95c47228653a98220f" ]
    }, {
      "title" : "Hồng Marsala",
      "slug" : "hong-marsala",
      "label" : "",
      "images" : [ "681ddb95c47228653a982210", "681ddb95c47228653a982211", "681ddb96c47228653a982212", "681ddb96c47228653a982213", "681ddb96c47228653a982214", "681ddb96c47228653a982215", "681ddb96c47228653a982216", "681ddb96c47228653a982217", "681ddb96c47228653a982218", "681ddb96c47228653a982219", "681ddb96c47228653a98221a", "681ddb96c47228653a98221b", "681ddb96c47228653a98221c", "681ddb97c47228653a98221d", "681ddb97c47228653a98221e", "681ddb97c47228653a98221f", "681ddb97c47228653a982220", "681ddb97c47228653a982221", "681ddb97c47228653a982222", "681ddb97c47228653a982223", "681ddb97c47228653a982224", "681ddb97c47228653a982225", "681ddb97c47228653a982226", "681ddb97c47228653a982227", "681ddb98c47228653a982228", "681ddb98c47228653a982229", "681ddb98c47228653a98222a" ]
    }, {
      "title" : "Xanh Navy",
      "slug" : "xanh-navy",
      "label" : "",
      "images" : [ "681ddb98c47228653a98222b", "681ddb98c47228653a98222c", "681ddb98c47228653a98222d", "681ddb98c47228653a98222e", "681ddb98c47228653a98222f", "681ddb98c47228653a982230", "681ddb99c47228653a982231", "681ddb99c47228653a982232", "681ddb99c47228653a982233", "681ddb99c47228653a982234", "681ddb99c47228653a982235", "681ddb99c47228653a982236", "681ddb9ac47228653a982237", "681ddb9ac47228653a982238", "681ddb9ac47228653a982239", "681ddb9ac47228653a98223a", "681ddb9ac47228653a98223b", "681ddb9ac47228653a98223c", "681ddb9ac47228653a98223d", "681ddb9ac47228653a98223e", "681ddb9ac47228653a98223f", "681ddb9ac47228653a982240", "681ddb9bc47228653a982241", "681ddb9bc47228653a982242", "681ddb9bc47228653a982243", "681ddb9bc47228653a982244", "681ddb9bc47228653a982245" ]
    }, {
      "title" : "Xám nhạt",
      "slug" : "xam-nhat",
      "label" : "",
      "images" : [ "681ddb9bc47228653a982246", "681ddb9bc47228653a982247", "681ddb9bc47228653a982248", "681ddb9bc47228653a982249", "681ddb9bc47228653a98224a", "681ddb9cc47228653a98224b", "681ddb9cc47228653a98224c", "681ddb9cc47228653a98224d", "681ddb9cc47228653a98224e", "681ddb9cc47228653a98224f", "681ddb9cc47228653a982250", "681ddb9cc47228653a982251", "681ddb9cc47228653a982252", "681ddb9cc47228653a982253", "681ddb9cc47228653a982254", "681ddb9cc47228653a982255", "681ddb9dc47228653a982256", "681ddb9dc47228653a982257", "681ddb9dc47228653a982258", "681ddb9dc47228653a982259", "681ddb9dc47228653a98225a", "681ddb9dc47228653a98225b", "681ddb9dc47228653a98225c", "681ddb9dc47228653a98225d", "681ddb9dc47228653a98225e", "681ddb9dc47228653a98225f", "681ddb9ec47228653a982260" ]
    }, {
      "title" : "Đen",
      "slug" : "den",
      "label" : "",
      "images" : [ "681ddb9ec47228653a982261", "681ddb9ec47228653a982262", "681ddb9ec47228653a982263", "681ddb9ec47228653a982264", "681ddb9ec47228653a982265", "681ddb9ec47228653a982266", "681ddb9ec47228653a982267", "681ddb9ec47228653a982268", "681ddb9ec47228653a982269", "681ddb9ec47228653a98226a", "681ddb9fc47228653a98226b", "681ddb9fc47228653a98226c", "681ddb9fc47228653a98226d", "681ddb9fc47228653a98226e", "681ddb9fc47228653a98226f", "681ddb9fc47228653a982270", "681ddb9fc47228653a982271", "681ddb9fc47228653a982272", "681ddb9fc47228653a982273", "681ddb9fc47228653a982274", "681ddba0c47228653a982275", "681ddba0c47228653a982276", "681ddba0c47228653a982277", "681ddba0c47228653a982278", "681ddba0c47228653a982279", "681ddba0c47228653a98227a", "681ddba0c47228653a98227b" ]
    }, {
      "title" : "Xanh dương",
      "slug" : "xanh-duong",
      "label" : "",
      "images" : [ "681ddba0c47228653a98227c", "681ddba0c47228653a98227d", "681ddba0c47228653a98227e", "681ddba0c47228653a98227f", "681ddba0c47228653a982280", "681ddba1c47228653a982281", "681ddba1c47228653a982282", "681ddba1c47228653a982283", "681ddba1c47228653a982284", "681ddba1c47228653a982285", "681ddba1c47228653a982286", "681ddba1c47228653a982287", "681ddba1c47228653a982288", "681ddba1c47228653a982289", "681ddba1c47228653a98228a", "681ddba2c47228653a98228b", "681ddba2c47228653a98228c", "681ddba2c47228653a98228d", "681ddba2c47228653a98228e", "681ddba2c47228653a98228f", "681ddba2c47228653a982290", "681ddba2c47228653a982291", "681ddba2c47228653a982292", "681ddba2c47228653a982293", "681ddba2c47228653a982294", "681ddba3c47228653a982295", "681ddba3c47228653a982296" ]
    }, {
      "title" : "Xám đậm",
      "slug" : "xam-dam",
      "label" : "",
      "images" : [ "681ddba3c47228653a982297", "681ddba3c47228653a982298", "681ddba3c47228653a982299", "681ddba3c47228653a98229a", "681ddba3c47228653a98229b", "681ddba3c47228653a98229c", "681ddba3c47228653a98229d", "681ddba3c47228653a98229e", "681ddba3c47228653a98229f", "681ddba3c47228653a9822a0", "681ddba4c47228653a9822a1", "681ddba4c47228653a9822a2", "681ddba4c47228653a9822a3", "681ddba4c47228653a9822a4", "681ddba4c47228653a9822a5", "681ddba4c47228653a9822a6", "681ddba4c47228653a9822a7", "681ddba4c47228653a9822a8", "681ddba4c47228653a9822a9", "681ddba4c47228653a9822aa", "681ddba4c47228653a9822ab", "681ddba4c47228653a9822ac", "681ddba5c47228653a9822ad", "681ddba5c47228653a9822ae", "681ddba5c47228653a9822af", "681ddba5c47228653a9822b0", "681ddba5c47228653a9822b1" ]
    }, {
      "title" : " Xanh Pacific",
      "slug" : "xanh-pacific",
      "label" : "",
      "images" : null
    } ]
  } ],
  "collection_id" : "681ca18a2a59db3110ec0b87",
  "display_order" : 445,
  "youtube_video" : "",
  "coming_soon" : false,
  "display_name_open" : "ExDry",
  "gender_type" : "MALE",
  "icon_thumbnail" : null,
  "compare_price" : 99000.0,
  "regular_price" : 99000.0
}, {
  "title" : "Áo Tanktop thể thao Active Essentials",
  "vendor" : "5c482438000c695cfa6f8d22",
  "tags" : [ ],
  "options" : [ {
    "type" : "COLOR",
    "title" : "Màu sắc",
    "values" : [ "Xanh dương", "Xám đậm", "Đen", "Xanh Navy", "Xám nhạt" ]
  }, {
    "type" : "SIZE",
    "title" : "Kích thước",
    "values" : [ "S", "M", "L", "XL", "2XL", "3XL" ]
  } ],
  "images" : [ "681ddba5c47228653a9822b2", "681ddba5c47228653a9822b3", "681ddba5c47228653a9822b4", "681ddba5c47228653a9822b5", "681ddba6c47228653a9822b6", "681ddba6c47228653a9822b7", "681ddba6c47228653a9822b8", "681ddba6c47228653a9822b9", "681ddba6c47228653a9822ba", "681ddba6c47228653a9822bb", "681ddba6c47228653a9822bc", "681ddba6c47228653a9822bd", "681ddba6c47228653a9822be" ],
  "discount" : null,
  "options_values" : [ {
    "title" : "Màu sắc",
    "type" : "COLOR",
    "options" : [ {
      "title" : "Xanh dương",
      "slug" : "xanh-duong",
      "label" : "",
      "images" : [ "681ddba7c47228653a9822bf", "681ddba7c47228653a9822c0", "681ddba7c47228653a9822c1", "681ddba7c47228653a9822c2", "681ddba7c47228653a9822c3", "681ddba7c47228653a9822c4", "681ddba7c47228653a9822c5", "681ddba7c47228653a9822c6", "681ddba7c47228653a9822c7", "681ddba7c47228653a9822c8", "681ddba8c47228653a9822c9", "681ddba8c47228653a9822ca", "681ddba8c47228653a9822cb" ]
    }, {
      "title" : "Xám đậm",
      "slug" : "xam-dam",
      "label" : "",
      "images" : [ "681ddba8c47228653a9822cc", "681ddba8c47228653a9822cd", "681ddba8c47228653a9822ce", "681ddba8c47228653a9822cf", "681ddba8c47228653a9822d0", "681ddba8c47228653a9822d1", "681ddba9c47228653a9822d2", "681ddba9c47228653a9822d3", "681ddba9c47228653a9822d4", "681ddba9c47228653a9822d5", "681ddba9c47228653a9822d6", "681ddba9c47228653a9822d7", "681ddba9c47228653a9822d8" ]
    }, {
      "title" : "Đen",
      "slug" : "den",
      "label" : "",
      "images" : [ "681ddba9c47228653a9822d9", "681ddba9c47228653a9822da", "681ddba9c47228653a9822db", "681ddba9c47228653a9822dc", "681ddbaac47228653a9822dd", "681ddbaac47228653a9822de", "681ddbaac47228653a9822df", "681ddbaac47228653a9822e0", "681ddbaac47228653a9822e1", "681ddbaac47228653a9822e2", "681ddbaac47228653a9822e3", "681ddbaac47228653a9822e4", "681ddbaac47228653a9822e5" ]
    }, {
      "title" : "Xanh Navy",
      "slug" : "xanh-navy",
      "label" : "",
      "images" : [ "681ddbaac47228653a9822e6", "681ddbabc47228653a9822e7", "681ddbabc47228653a9822e8", "681ddbabc47228653a9822e9", "681ddbabc47228653a9822ea", "681ddbabc47228653a9822eb", "681ddbabc47228653a9822ec", "681ddbabc47228653a9822ed", "681ddbabc47228653a9822ee", "681ddbabc47228653a9822ef", "681ddbabc47228653a9822f0", "681ddbabc47228653a9822f1", "681ddbacc47228653a9822f2" ]
    }, {
      "title" : "Xám nhạt",
      "slug" : "xam-nhat",
      "label" : "",
      "images" : [ "681ddbacc47228653a9822f3", "681ddbacc47228653a9822f4", "681ddbacc47228653a9822f5", "681ddbacc47228653a9822f6", "681ddbacc47228653a9822f7", "681ddbacc47228653a9822f8", "681ddbacc47228653a9822f9", "681ddbacc47228653a9822fa", "681ddbacc47228653a9822fb", "681ddbadc47228653a9822fc", "681ddbadc47228653a9822fd", "681ddbadc47228653a9822fe", "681ddbadc47228653a9822ff" ]
    } ]
  } ],
  "collection_id" : "681ca18a2a59db3110ec0b87",
  "display_order" : 492,
  "youtube_video" : "",
  "coming_soon" : false,
  "display_name_open" : "ExDry",
  "gender_type" : "MALE",
  "icon_thumbnail" : null,
  "compare_price" : 99000.0,
  "regular_price" : 79000.0
}, {
  "title" : "Áo Singlet Chạy Bộ Graphic Frosty Mountain",
  "vendor" : "5c482438000c695cfa6f8d22",
  "tags" : [ "CLEARANCE_SALE" ],
  "options" : [ {
    "type" : "COLOR",
    "title" : "Màu sắc",
    "values" : [ "Xanh dương", "Xanh Navy" ]
  }, {
    "type" : "SIZE",
    "title" : "Kích thước",
    "values" : [ "S", "M", "L", "XL", "2XL", "3XL" ]
  } ],
  "images" : [ "681ddbb4c47228653a982300", "681ddbb4c47228653a982301", "681ddbb4c47228653a982302", "681ddbb4c47228653a982303" ],
  "discount" : null,
  "options_values" : [ {
    "title" : "Màu sắc",
    "type" : "COLOR",
    "options" : [ {
      "title" : "Xanh Navy",
      "slug" : "xanh-navy",
      "label" : "",
      "images" : [ "681ddbb4c47228653a982304", "681ddbb4c47228653a982305", "681ddbb4c47228653a982306", "681ddbb5c47228653a982307" ]
    }, {
      "title" : "Xanh dương",
      "slug" : "xanh-duong",
      "label" : "",
      "images" : [ "681ddbb5c47228653a982308", "681ddbb5c47228653a982309", "681ddbb5c47228653a98230a", "681ddbb5c47228653a98230b" ]
    } ]
  } ],
  "collection_id" : "681ca18a2a59db3110ec0b87",
  "display_order" : 494,
  "youtube_video" : "https://media.coolmate.me/uploads/videos/Listing%20Singlet_Frostly.mp4",
  "coming_soon" : false,
  "display_name_open" : "ExDry",
  "gender_type" : "MALE",
  "icon_thumbnail" : null,
  "compare_price" : 189000.0,
  "regular_price" : 99000.0
}, {
  "title" : "Set tập Tanktop Gym Essentials II 3in1",
  "vendor" : "",
  "tags" : [ "SAVING_PACKS" ],
  "options" : [ {
    "type" : "SIZE",
    "title" : "Kích thước Áo",
    "values" : [ "S", "M", "L", "XL", "2XL", "3XL" ]
  }, {
    "type" : "SIZE",
    "title" : "Kích thước Quần",
    "values" : [ "M", "L", "XL", "2XL", "3XL" ]
  } ],
  "images" : [ "681ddbb7c47228653a98230c", "681ddbb7c47228653a98230d", "681ddbb7c47228653a98230e", "681ddbb7c47228653a98230f", "681ddbb7c47228653a982310", "681ddbb7c47228653a982311", "681ddbb7c47228653a982312" ],
  "discount" : null,
  "options_values" : [ ],
  "collection_id" : "681ca18a2a59db3110ec0b87",
  "display_order" : 999,
  "youtube_video" : "",
  "coming_soon" : false,
  "display_name_open" : "Thấm hút ExDry",
  "gender_type" : "MALE",
  "icon_thumbnail" : null,
  "compare_price" : 477000.0,
  "regular_price" : 359000.0
} ]