[ {
  "title" : "Quần Jogger ECC Warp Knitting",
  "vendor" : "5c482438000c695cfa6f8d22",
  "tags" : [ ],
  "options" : [ {
    "type" : "COLOR",
    "title" : "Màu sắc",
    "values" : [ "Rêu", "Đen", "Xám đậm", "Xanh Navy" ]
  }, {
    "type" : "SIZE",
    "title" : "Kích thước",
    "values" : [ "M", "L", "XL", "2XL", "3XL" ]
  } ],
  "images" : [ "68260ec70b61125185463991", "68260ec70b61125185463992", "68260ec70b61125185463993", "68260ec80b61125185463994", "68260ec80b61125185463995", "68260ec80b61125185463996", "68260ec80b61125185463997", "68260ec80b61125185463998", "68260ec80b61125185463999", "68260ec80b6112518546399a", "68260ec80b6112518546399b", "68260ec80b6112518546399c" ],
  "discount" : null,
  "seo_alias" : "quan-jogger-ecc-warp-knitting",
  "options_values" : [ {
    "title" : "Màu sắc",
    "type" : "COLOR",
    "options" : [ {
      "title" : "Rêu",
      "slug" : "reu",
      "label" : "",
      "images" : [ "68260ec90b6112518546399d", "68260ec90b6112518546399e", "68260ec90b6112518546399f", "68260ec90b611251854639a0", "68260ec90b611251854639a1", "68260ec90b611251854639a2", "68260ec90b611251854639a3", "68260ec90b611251854639a4", "68260ec90b611251854639a5", "68260eca0b611251854639a6" ]
    }, {
      "title" : "Đen",
      "slug" : "den",
      "label" : "",
      "images" : [ "68260eca0b611251854639a7", "68260eca0b611251854639a8", "68260eca0b611251854639a9", "68260eca0b611251854639aa", "68260eca0b611251854639ab", "68260eca0b611251854639ac", "68260ecb0b611251854639ad", "68260ecb0b611251854639ae" ]
    }, {
      "title" : "Xám đậm",
      "slug" : "xam-dam",
      "label" : "",
      "images" : [ "68260ecb0b611251854639af", "68260ecb0b611251854639b0", "68260ecb0b611251854639b1", "68260ecb0b611251854639b2", "68260ecb0b611251854639b3", "68260ecb0b611251854639b4", "68260ecc0b611251854639b5", "68260ecc0b611251854639b6", "68260ecc0b611251854639b7", "68260ecc0b611251854639b8" ]
    }, {
      "title" : "Xanh Navy",
      "slug" : "xanh-navy",
      "label" : "",
      "images" : [ "68260ecc0b611251854639b9", "68260ecc0b611251854639ba", "68260ecc0b611251854639bb", "68260ecd0b611251854639bc", "68260ecd0b611251854639bd", "68260ecd0b611251854639be", "68260ecd0b611251854639bf", "68260ecd0b611251854639c0", "68260ecd0b611251854639c1", "68260ecd0b611251854639c2" ]
    } ]
  } ],
  "collection_id" : "6825ea318eaaa408c6aaf62b",
  "display_order" : 25,
  "youtube_video" : "",
  "coming_soon" : false,
  "display_name_open" : "Thoáng khí",
  "gender_type" : "MALE",
  "icon_thumbnail" : null,
  "compare_price" : 590000.0,
  "regular_price" : 590000.0
}, {
  "title" : "Quần Shorts Chạy Bộ Economy II",
  "vendor" : "5c482438000c695cfa6f8d22",
  "tags" : [ ],
  "options" : [ {
    "type" : "COLOR",
    "title" : "Màu Quần",
    "values" : [ "Xanh ngọc", "Xám đậm", "Đen", "Xám nhạt", "Xanh rêu", "Xanh Navy" ]
  }, {
    "type" : "SIZE",
    "title" : "Kích thước Quần",
    "values" : [ "M", "L", "XL", "2XL", "3XL" ]
  } ],
  "images" : [ "68260ed20b611251854639c3", "68260ed20b611251854639c4", "68260ed30b611251854639c5", "68260ed30b611251854639c6", "68260ed30b611251854639c7", "68260ed30b611251854639c8" ],
  "discount" : null,
  "seo_alias" : "quan-shorts-chay-bo-economy-ii",
  "options_values" : [ {
    "title" : "Màu Quần",
    "type" : "COLOR",
    "options" : [ {
      "title" : "Xanh ngọc",
      "slug" : "xanh-ngoc",
      "label" : "",
      "images" : [ "68260ed30b611251854639c9", "68260ed30b611251854639ca", "68260ed30b611251854639cb", "68260ed30b611251854639cc", "68260ed30b611251854639cd" ]
    }, {
      "title" : "Xám đậm",
      "slug" : "xam-dam",
      "label" : "",
      "images" : [ "68260ed40b611251854639ce", "68260ed40b611251854639cf", "68260ed40b611251854639d0", "68260ed40b611251854639d1", "68260ed40b611251854639d2", "68260ed40b611251854639d3", "68260ed40b611251854639d4" ]
    }, {
      "title" : "Đen",
      "slug" : "den",
      "label" : "",
      "images" : [ "68260ed40b611251854639d5", "68260ed40b611251854639d6", "68260ed40b611251854639d7", "68260ed40b611251854639d8", "68260ed50b611251854639d9", "68260ed50b611251854639da", "68260ed50b611251854639db" ]
    }, {
      "title" : "Xám nhạt",
      "slug" : "xam-nhat",
      "label" : "",
      "images" : [ "68260ed50b611251854639dc", "68260ed50b611251854639dd", "68260ed50b611251854639de", "68260ed50b611251854639df", "68260ed50b611251854639e0", "68260ed50b611251854639e1" ]
    }, {
      "title" : "Xanh rêu",
      "slug" : "xanh-reu",
      "label" : "",
      "images" : [ "68260ed50b611251854639e2", "68260ed60b611251854639e3", "68260ed60b611251854639e4", "68260ed60b611251854639e5", "68260ed60b611251854639e6" ]
    }, {
      "title" : "Xanh Navy",
      "slug" : "xanh-navy",
      "label" : "",
      "images" : [ "68260ed60b611251854639e7", "68260ed60b611251854639e8", "68260ed60b611251854639e9", "68260ed60b611251854639ea", "68260ed60b611251854639eb", "68260ed60b611251854639ec", "68260ed60b611251854639ed" ]
    } ]
  } ],
  "collection_id" : "6825ea318eaaa408c6aaf62b",
  "display_order" : 376,
  "youtube_video" : "",
  "coming_soon" : false,
  "display_name_open" : "Thoáng mát",
  "gender_type" : "MALE",
  "icon_thumbnail" : null,
  "compare_price" : 149000.0,
  "regular_price" : 129000.0
}, {
  "title" : "Quần shorts 6 inch Racquet Sports",
  "vendor" : "",
  "tags" : [ ],
  "options" : [ {
    "type" : "COLOR",
    "title" : "Màu sắc",
    "values" : [ "Đen", "Navy", "Xanh", "Xám" ]
  }, {
    "type" : "SIZE",
    "title" : "Kích thước",
    "values" : [ "S", "M", "L", "XL", "2XL", "3XL" ]
  } ],
  "images" : [ "68260eda0b611251854639ee", "68260eda0b611251854639ef", "68260eda0b611251854639f0", "68260eda0b611251854639f1", "68260eda0b611251854639f2", "68260eda0b611251854639f3", "68260eda0b611251854639f4", "68260eda0b611251854639f5" ],
  "discount" : null,
  "seo_alias" : "quan-shorts-6-inch-racquet-sports",
  "options_values" : [ {
    "title" : "Màu sắc",
    "type" : "COLOR",
    "options" : [ {
      "title" : "Đen",
      "slug" : "den",
      "label" : "",
      "images" : [ "68260edb0b611251854639f6", "68260edb0b611251854639f7", "68260edb0b611251854639f8", "68260edb0b611251854639f9", "68260edb0b611251854639fa", "68260edb0b611251854639fb", "68260edb0b611251854639fc", "68260edb0b611251854639fd", "68260edb0b611251854639fe" ]
    }, {
      "title" : "Navy",
      "slug" : "navy",
      "label" : "",
      "images" : [ "68260edb0b611251854639ff", "68260edb0b61125185463a00", "68260edb0b61125185463a01", "68260edc0b61125185463a02", "68260edc0b61125185463a03", "68260edc0b61125185463a04", "68260edc0b61125185463a05", "68260edc0b61125185463a06", "68260edc0b61125185463a07" ]
    }, {
      "title" : "Xanh",
      "slug" : "xanh",
      "label" : "",
      "images" : [ "68260edc0b61125185463a08", "68260edc0b61125185463a09", "68260edc0b61125185463a0a", "68260edc0b61125185463a0b", "68260edc0b61125185463a0c", "68260edd0b61125185463a0d", "68260edd0b61125185463a0e", "68260edd0b61125185463a0f" ]
    }, {
      "title" : "Xám",
      "slug" : "xam",
      "label" : "",
      "images" : [ "68260edd0b61125185463a10", "68260edd0b61125185463a11", "68260edd0b61125185463a12", "68260edd0b61125185463a13", "68260edd0b61125185463a14", "68260ede0b61125185463a15", "68260ede0b61125185463a16" ]
    } ]
  } ],
  "collection_id" : "6825ea318eaaa408c6aaf62b",
  "display_order" : 365,
  "youtube_video" : "",
  "coming_soon" : false,
  "display_name_open" : "Ex-Dry - Thoáng Khí - Thấm hút tốt",
  "gender_type" : "MALE",
  "icon_thumbnail" : null,
  "compare_price" : 199000.0,
  "regular_price" : 199000.0
}, {
  "title" : "Quần Shorts chạy bộ Advanced Vent Tech",
  "vendor" : "",
  "tags" : [ ],
  "options" : [ {
    "type" : "COLOR",
    "title" : "Màu sắc",
    "values" : [ "Xám đậm", "Xám nhạt", "Rêu" ]
  }, {
    "type" : "SIZE",
    "title" : "Kích thước",
    "values" : [ "M", "L", "XL", "2XL", "3Xl" ]
  } ],
  "images" : [ "68260ee10b61125185463a17", "68260ee10b61125185463a18", "68260ee10b61125185463a19", "68260ee10b61125185463a1a" ],
  "discount" : null,
  "seo_alias" : "quan-shorts-chay-bo-advanced-vent-tech",
  "options_values" : [ {
    "title" : "Màu sắc",
    "type" : "COLOR",
    "options" : [ {
      "title" : "Xám đậm",
      "slug" : "xam-dam",
      "label" : "",
      "images" : [ "68260ee10b61125185463a1b", "68260ee10b61125185463a1c", "68260ee10b61125185463a1d", "68260ee10b61125185463a1e", "68260ee20b61125185463a1f", "68260ee20b61125185463a20", "68260ee20b61125185463a21", "68260ee20b61125185463a22" ]
    }, {
      "title" : "Xám nhạt",
      "slug" : "xam-nhat",
      "label" : "",
      "images" : [ "68260ee20b61125185463a23", "68260ee20b61125185463a24", "68260ee20b61125185463a25", "68260ee30b61125185463a26", "68260ee30b61125185463a27", "68260ee30b61125185463a28", "68260ee30b61125185463a29", "68260ee30b61125185463a2a" ]
    }, {
      "title" : "Rêu",
      "slug" : "reu",
      "label" : "",
      "images" : [ "68260ee30b61125185463a2b", "68260ee30b61125185463a2c", "68260ee30b61125185463a2d", "68260ee40b61125185463a2e", "68260ee40b61125185463a2f", "68260ee40b61125185463a30", "68260ee40b61125185463a31", "68260ee40b61125185463a32" ]
    } ]
  } ],
  "collection_id" : "6825ea318eaaa408c6aaf62b",
  "display_order" : 356,
  "youtube_video" : "",
  "coming_soon" : false,
  "display_name_open" : "ExDry - Thoáng khí",
  "gender_type" : "MALE",
  "icon_thumbnail" : null,
  "compare_price" : 239000.0,
  "regular_price" : 199000.0
}, {
  "title" : "Quần Jogger Nam UT đa năng",
  "vendor" : "5c482438000c695cfa6f8d22",
  "tags" : [ "BEST_SELLER", "WORTH_BUYING" ],
  "options" : [ {
    "type" : "COLOR",
    "title" : "Màu sắc",
    "values" : [ "Xanh rêu", "Xanh Navy", "Đen" ]
  }, {
    "type" : "SIZE",
    "title" : "Size",
    "values" : [ "M", "L", "XL", "2XL", "3XL" ]
  } ],
  "images" : [ "68260ee60b61125185463a33", "68260ee60b61125185463a34", "68260ee70b61125185463a35", "68260ee70b61125185463a36", "68260ee70b61125185463a37", "68260ee70b61125185463a38", "68260ee70b61125185463a39", "68260ee70b61125185463a3a", "68260ee70b61125185463a3b", "68260ee70b61125185463a3c", "68260ee70b61125185463a3d", "68260ee80b61125185463a3e", "68260ee80b61125185463a3f", "68260ee80b61125185463a40", "68260ee80b61125185463a41", "68260ee80b61125185463a42", "68260ee80b61125185463a43", "68260ee80b61125185463a44", "68260ee80b61125185463a45", "68260ee80b61125185463a46", "68260ee80b61125185463a47" ],
  "discount" : null,
  "seo_alias" : "quan-ut-jogger-da-nang-co-gian",
  "options_values" : [ {
    "title" : "Màu sắc",
    "type" : "COLOR",
    "options" : [ {
      "title" : "Xanh rêu",
      "slug" : "xanh-reu",
      "label" : "",
      "images" : [ "68260ee80b61125185463a48", "68260ee90b61125185463a49", "68260ee90b61125185463a4a", "68260ee90b61125185463a4b", "68260ee90b61125185463a4c", "68260ee90b61125185463a4d" ]
    }, {
      "title" : "Xanh Navy",
      "slug" : "xanh-navy",
      "label" : "",
      "images" : [ "68260ee90b61125185463a4e", "68260ee90b61125185463a4f", "68260ee90b61125185463a50", "68260ee90b61125185463a51", "68260ee90b61125185463a52", "68260eea0b61125185463a53", "68260eea0b61125185463a54", "68260eea0b61125185463a55", "68260eea0b61125185463a56" ]
    }, {
      "title" : "Đen",
      "slug" : "den",
      "label" : "",
      "images" : [ "68260eea0b61125185463a57", "68260eea0b61125185463a58", "68260eea0b61125185463a59", "68260eea0b61125185463a5a", "68260eea0b61125185463a5b", "68260eea0b61125185463a5c" ]
    } ]
  } ],
  "collection_id" : "6825ea318eaaa408c6aaf62b",
  "display_order" : 60,
  "youtube_video" : "",
  "coming_soon" : false,
  "display_name_open" : "Co giãn",
  "gender_type" : "MALE",
  "icon_thumbnail" : null,
  "compare_price" : 499000.0,
  "regular_price" : 439000.0
}, {
  "title" : "Quần Shorts Nam thể thao 5\" 7799",
  "vendor" : "5c482438000c695cfa6f8d22",
  "tags" : [ "CLEARANCE_SALE", "OUTLET" ],
  "options" : [ {
    "type" : "COLOR",
    "title" : "Màu sắc",
    "values" : [ "Xám nhạt", "Xám đậm", "Xanh ngọc", "Xanh rêu", "Đen", "Xanh Navy" ]
  }, {
    "type" : "SIZE",
    "title" : "Kích thước",
    "values" : [ "M", "L", "XL", "2XL", "3XL" ]
  } ],
  "images" : [ "68260eee0b61125185463a5d", "68260eee0b61125185463a5e", "68260eee0b61125185463a5f" ],
  "discount" : null,
  "seo_alias" : "quan-shorts-nam-the-thao-5-nhanh-kho-thoang-mat",
  "options_values" : [ {
    "title" : "Màu sắc",
    "type" : "COLOR",
    "options" : [ {
      "title" : "Xám nhạt",
      "slug" : "xam-nhat",
      "label" : "",
      "images" : [ "68260eee0b61125185463a60", "68260eef0b61125185463a61", "68260eef0b61125185463a62", "68260eef0b61125185463a63", "68260eef0b61125185463a64", "68260eef0b61125185463a65", "68260eef0b61125185463a66" ]
    }, {
      "title" : "Xám đậm",
      "slug" : "xam-dam",
      "label" : "",
      "images" : [ "68260eef0b61125185463a67", "68260ef00b61125185463a68", "68260ef00b61125185463a69", "68260ef00b61125185463a6a", "68260ef00b61125185463a6b", "68260ef00b61125185463a6c", "68260ef00b61125185463a6d" ]
    }, {
      "title" : "Xanh ngọc",
      "slug" : "xanh-ngoc",
      "label" : "",
      "images" : [ "68260ef00b61125185463a6e", "68260ef00b61125185463a6f", "68260ef00b61125185463a70", "68260ef00b61125185463a71", "68260ef10b61125185463a72", "68260ef10b61125185463a73", "68260ef10b61125185463a74" ]
    }, {
      "title" : "Xanh rêu",
      "slug" : "xanh-reu",
      "label" : "",
      "images" : [ "68260ef10b61125185463a75", "68260ef10b61125185463a76", "68260ef10b61125185463a77", "68260ef10b61125185463a78", "68260ef10b61125185463a79", "68260ef10b61125185463a7a", "68260ef20b61125185463a7b" ]
    }, {
      "title" : "Đen",
      "slug" : "den",
      "label" : "",
      "images" : [ "68260ef20b61125185463a7c", "68260ef20b61125185463a7d", "68260ef20b61125185463a7e", "68260ef20b61125185463a7f", "68260ef20b61125185463a80", "68260ef20b61125185463a81", "68260ef20b61125185463a82" ]
    }, {
      "title" : "Xanh Navy",
      "slug" : "xanh-navy",
      "label" : "",
      "images" : [ "68260ef30b61125185463a83", "68260ef30b61125185463a84", "68260ef30b61125185463a85", "68260ef30b61125185463a86", "68260ef30b61125185463a87", "68260ef30b61125185463a88", "68260ef30b61125185463a89" ]
    } ]
  } ],
  "collection_id" : "6825ea318eaaa408c6aaf62b",
  "display_order" : 119,
  "youtube_video" : "",
  "coming_soon" : false,
  "display_name_open" : "ExDry",
  "gender_type" : "MALE",
  "icon_thumbnail" : null,
  "compare_price" : 159000.0,
  "regular_price" : 69000.0
}, {
  "title" : "Quần Shorts thể thao 7 inch đa năng",
  "vendor" : "5c482438000c695cfa6f8d22",
  "tags" : [ "BEST_SELLER", "WORTH_BUYING" ],
  "options" : [ {
    "type" : "COLOR",
    "title" : "Màu sắc",
    "values" : [ "Đen", "Be", "Xám đen", "Xanh Navy", "Nâu" ]
  }, {
    "type" : "SIZE",
    "title" : "Kích thước",
    "values" : [ "M", "L", "XL", "2XL", "3XL" ]
  } ],
  "images" : [ "68260ef70b61125185463a8a", "68260ef80b61125185463a8b", "68260ef80b61125185463a8c", "68260ef80b61125185463a8d", "68260ef80b61125185463a8e", "68260ef80b61125185463a8f", "68260ef80b61125185463a90", "68260ef80b61125185463a91", "68260ef80b61125185463a92", "68260ef80b61125185463a93", "68260ef80b61125185463a94", "68260ef80b61125185463a95", "68260ef90b61125185463a96" ],
  "discount" : null,
  "seo_alias" : "quan-shorts-the-thao-7-inch-da-nang-thoang-khi-exdry",
  "options_values" : [ {
    "title" : "Màu sắc",
    "type" : "COLOR",
    "options" : [ {
      "title" : "Đen",
      "slug" : "den",
      "label" : "",
      "images" : [ "68260ef90b61125185463a97", "68260ef90b61125185463a98", "68260ef90b61125185463a99", "68260ef90b61125185463a9a", "68260ef90b61125185463a9b", "68260ef90b61125185463a9c", "68260ef90b61125185463a9d" ]
    }, {
      "title" : "Be",
      "slug" : "be",
      "label" : "",
      "images" : [ "68260ef90b61125185463a9e", "68260ef90b61125185463a9f", "68260efa0b61125185463aa0", "68260efa0b61125185463aa1", "68260efa0b61125185463aa2", "68260efa0b61125185463aa3", "68260efa0b61125185463aa4", "68260efa0b61125185463aa5" ]
    }, {
      "title" : "Xám đen",
      "slug" : "xam-den",
      "label" : "",
      "images" : [ "68260efa0b61125185463aa6", "68260efa0b61125185463aa7", "68260efa0b61125185463aa8", "68260efa0b61125185463aa9", "68260efb0b61125185463aaa", "68260efb0b61125185463aab", "68260efb0b61125185463aac" ]
    }, {
      "title" : "Xanh Navy",
      "slug" : "xanh-navy",
      "label" : "",
      "images" : [ "68260efb0b61125185463aad", "68260efb0b61125185463aae", "68260efb0b61125185463aaf", "68260efb0b61125185463ab0", "68260efb0b61125185463ab1", "68260efb0b61125185463ab2", "68260efb0b61125185463ab3" ]
    }, {
      "title" : "Nâu",
      "slug" : "nau",
      "label" : "",
      "images" : [ "68260efc0b61125185463ab4", "68260efc0b61125185463ab5", "68260efc0b61125185463ab6", "68260efc0b61125185463ab7", "68260efc0b61125185463ab8", "68260efc0b61125185463ab9", "68260efc0b61125185463aba", "68260efc0b61125185463abb" ]
    } ]
  } ],
  "collection_id" : "6825ea318eaaa408c6aaf62b",
  "display_order" : 285,
  "youtube_video" : "",
  "coming_soon" : false,
  "display_name_open" : "ExDry",
  "gender_type" : "MALE",
  "icon_thumbnail" : null,
  "compare_price" : 198000.0,
  "regular_price" : 169000.0
}, {
  "title" : "Quần Dài Nam UT Pants V2",
  "vendor" : "5c482438000c695cfa6f8d22",
  "tags" : [ ],
  "options" : [ {
    "type" : "COLOR",
    "title" : "Màu sắc",
    "values" : [ "Xám đậm", "Đen", "Xám nhạt" ]
  }, {
    "type" : "SIZE",
    "title" : "Kích thước Quần",
    "values" : [ "M", "L", "XL", "2XL", "3XL" ]
  } ],
  "images" : [ "68260f000b61125185463abc", "68260f000b61125185463abd", "68260f000b61125185463abe", "68260f000b61125185463abf", "68260f000b61125185463ac0", "68260f010b61125185463ac1" ],
  "discount" : null,
  "seo_alias" : "quan-dai-nam-ut-pants-v2-da-nang-vai-polyamide-taslan-thoi-trang",
  "options_values" : [ {
    "title" : "Màu sắc",
    "type" : "COLOR",
    "options" : [ {
      "title" : "Xám đậm",
      "slug" : "xam-dam",
      "label" : "",
      "images" : [ "68260f010b61125185463ac2", "68260f010b61125185463ac3", "68260f010b61125185463ac4", "68260f020b61125185463ac5", "68260f020b61125185463ac6", "68260f020b61125185463ac7", "68260f020b61125185463ac8", "68260f020b61125185463ac9" ]
    }, {
      "title" : "Đen",
      "slug" : "den",
      "label" : "",
      "images" : [ "68260f020b61125185463aca", "68260f020b61125185463acb", "68260f030b61125185463acc", "68260f030b61125185463acd", "68260f030b61125185463ace", "68260f030b61125185463acf", "68260f030b61125185463ad0" ]
    }, {
      "title" : "Xám nhạt",
      "slug" : "xam-nhat",
      "label" : "",
      "images" : [ "68260f030b61125185463ad1", "68260f030b61125185463ad2", "68260f040b61125185463ad3", "68260f040b61125185463ad4", "68260f040b61125185463ad5", "68260f040b61125185463ad6", "68260f040b61125185463ad7" ]
    } ]
  } ],
  "collection_id" : "6825ea318eaaa408c6aaf62b",
  "display_order" : 290,
  "youtube_video" : "",
  "coming_soon" : false,
  "display_name_open" : "Trượt nước",
  "gender_type" : "MALE",
  "icon_thumbnail" : null,
  "compare_price" : 690000.0,
  "regular_price" : 619000.0
}, {
  "title" : "Quần Shorts Chạy Bộ 7 inch Essentials",
  "vendor" : "5c482438000c695cfa6f8d22",
  "tags" : [ ],
  "options" : [ {
    "type" : "COLOR",
    "title" : "Màu sắc",
    "values" : [ "Cam" ]
  }, {
    "type" : "SIZE",
    "title" : "Kích thước",
    "values" : [ "M", "L", "XL", "2XL", "3XL" ]
  } ],
  "images" : [ "68260f060b61125185463ad8", "68260f060b61125185463ad9", "68260f060b61125185463ada", "68260f060b61125185463adb", "68260f070b61125185463adc", "68260f070b61125185463add" ],
  "discount" : null,
  "seo_alias" : "quan-shorts-nam-chay-bo-essentials-7-co-gian-nhanh-kho",
  "options_values" : [ {
    "title" : "Màu sắc",
    "type" : "COLOR",
    "options" : [ {
      "title" : "Cam",
      "slug" : "cam",
      "label" : "",
      "images" : [ "68260f070b61125185463ade", "68260f070b61125185463adf", "68260f070b61125185463ae0", "68260f070b61125185463ae1", "68260f070b61125185463ae2", "68260f070b61125185463ae3", "68260f080b61125185463ae4", "68260f080b61125185463ae5" ]
    } ]
  } ],
  "collection_id" : "6825ea318eaaa408c6aaf62b",
  "display_order" : 418,
  "youtube_video" : "",
  "coming_soon" : false,
  "display_name_open" : "ExDry",
  "gender_type" : "MALE",
  "icon_thumbnail" : null,
  "compare_price" : 219000.0,
  "regular_price" : 189000.0
}, {
  "title" : "Quần shorts nam chạy bộ CoolFast 5 inch",
  "vendor" : "",
  "tags" : [ ],
  "options" : [ {
    "type" : "COLOR",
    "title" : "Màu sắc",
    "values" : [ "Đen", "Xanh Coban", "Xanh bóng đêm" ]
  }, {
    "type" : "SIZE",
    "title" : "Kích thước",
    "values" : [ "M", "L", "XL", "2XL", "3Xl" ]
  } ],
  "images" : [ "68260f090b61125185463ae6", "68260f090b61125185463ae7", "68260f090b61125185463ae8" ],
  "discount" : null,
  "seo_alias" : "quan-shorts-nam-chay-bo-coolfast-5-inch",
  "options_values" : [ {
    "title" : "Màu sắc",
    "type" : "COLOR",
    "options" : [ {
      "title" : "Đen",
      "slug" : "den",
      "label" : "",
      "images" : [ "68260f090b61125185463ae9", "68260f090b61125185463aea", "68260f090b61125185463aeb", "68260f090b61125185463aec", "68260f0a0b61125185463aed", "68260f0a0b61125185463aee", "68260f0a0b61125185463aef", "68260f0a0b61125185463af0", "68260f0a0b61125185463af1", "68260f0a0b61125185463af2" ]
    }, {
      "title" : "Xanh Coban",
      "slug" : "xanh-coban",
      "label" : "",
      "images" : [ "68260f0a0b61125185463af3", "68260f0a0b61125185463af4", "68260f0a0b61125185463af5", "68260f0b0b61125185463af6", "68260f0b0b61125185463af7", "68260f0b0b61125185463af8", "68260f0b0b61125185463af9", "68260f0b0b61125185463afa", "68260f0b0b61125185463afb", "68260f0b0b61125185463afc" ]
    }, {
      "title" : "Xanh bóng đêm",
      "slug" : "xanh-bong-dem",
      "label" : "",
      "images" : [ "68260f0c0b61125185463afd", "68260f0c0b61125185463afe", "68260f0c0b61125185463aff", "68260f0c0b61125185463b00", "68260f0c0b61125185463b01", "68260f0d0b61125185463b02", "68260f0d0b61125185463b03", "68260f0d0b61125185463b04", "68260f0d0b61125185463b05", "68260f0d0b61125185463b06" ]
    } ]
  } ],
  "collection_id" : "6825ea318eaaa408c6aaf62b",
  "display_order" : 434,
  "youtube_video" : "https://media3.coolmate.me/uploads/videos/quan_chay_coolfast.mp4",
  "coming_soon" : false,
  "display_name_open" : "ExDry - Thoáng khí",
  "gender_type" : "MALE",
  "icon_thumbnail" : null,
  "compare_price" : 349000.0,
  "regular_price" : 349000.0
}, {
  "title" : "Quần Shorts Chạy Bộ 5 inch Essentials",
  "vendor" : "5c482438000c695cfa6f8d22",
  "tags" : [ ],
  "options" : [ {
    "type" : "COLOR",
    "title" : "Màu sắc",
    "values" : [ "Cam", "Đỏ" ]
  }, {
    "type" : "SIZE",
    "title" : "Kích thước",
    "values" : [ "M", "L", "XL", "2XL", "3XL" ]
  } ],
  "images" : [ "68260f100b61125185463b07", "68260f100b61125185463b08", "68260f100b61125185463b09", "68260f100b61125185463b0a", "68260f100b61125185463b0b", "68260f100b61125185463b0c", "68260f100b61125185463b0d" ],
  "discount" : null,
  "seo_alias" : "quan-shorts-nam-chay-bo-essentials-5-sieu-nhe-nhanh-kho",
  "options_values" : [ {
    "title" : "Màu sắc",
    "type" : "COLOR",
    "options" : [ {
      "title" : "Cam",
      "slug" : "cam",
      "label" : "",
      "images" : [ "68260f100b61125185463b0e", "68260f110b61125185463b0f", "68260f110b61125185463b10", "68260f110b61125185463b11", "68260f110b61125185463b12", "68260f110b61125185463b13", "68260f110b61125185463b14", "68260f110b61125185463b15" ]
    }, {
      "title" : "Đỏ",
      "slug" : "do",
      "label" : "",
      "images" : [ "68260f110b61125185463b16", "68260f110b61125185463b17", "68260f120b61125185463b18", "68260f120b61125185463b19", "68260f120b61125185463b1a", "68260f120b61125185463b1b", "68260f120b61125185463b1c", "68260f120b61125185463b1d" ]
    } ]
  } ],
  "collection_id" : "6825ea318eaaa408c6aaf62b",
  "display_order" : 456,
  "youtube_video" : "",
  "coming_soon" : false,
  "display_name_open" : "ExDry",
  "gender_type" : "MALE",
  "icon_thumbnail" : null,
  "compare_price" : 189000.0,
  "regular_price" : 159000.0
}, {
  "title" : "Quần Shorts Nam New French Terry V2",
  "vendor" : "5c482438000c695cfa6f8d22",
  "tags" : [ ],
  "options" : [ {
    "type" : "COLOR",
    "title" : "Màu sắc",
    "values" : [ "Xám đậm", "Xám đậm (logo mới)" ]
  }, {
    "type" : "SIZE",
    "title" : "Kích thước",
    "values" : [ "M", "L", "XL", "2XL", "3XL" ]
  } ],
  "images" : [ "68260f140b61125185463b1e", "68260f140b61125185463b1f" ],
  "discount" : null,
  "seo_alias" : "quan-shorts-nam-new-french-terry-v2",
  "options_values" : [ {
    "title" : "Màu sắc",
    "type" : "COLOR",
    "options" : [ {
      "title" : "Xám đậm",
      "slug" : "xam-dam",
      "label" : "",
      "images" : [ "68260f140b61125185463b20", "68260f140b61125185463b21", "68260f140b61125185463b22", "68260f150b61125185463b23", "68260f150b61125185463b24", "68260f150b61125185463b25", "68260f150b61125185463b26" ]
    }, {
      "title" : "Xám đậm (logo mới)",
      "slug" : "xam-dam-logo-moi",
      "label" : "",
      "images" : [ "68260f150b61125185463b27", "68260f150b61125185463b28", "68260f150b61125185463b29", "68260f160b61125185463b2a", "68260f160b61125185463b2b" ]
    } ]
  } ],
  "collection_id" : "6825ea318eaaa408c6aaf62b",
  "display_order" : 148,
  "youtube_video" : "",
  "coming_soon" : false,
  "display_name_open" : "Thêu logo",
  "gender_type" : "MALE",
  "icon_thumbnail" : null,
  "compare_price" : 259000.0,
  "regular_price" : 199000.0
}, {
  "title" : "Combo 2 Quần Shorts Chạy Bộ Ultra Fast & Free II",
  "vendor" : "5c482438000c695cfa6f8d22",
  "tags" : [ "SAVING_PACKS" ],
  "options" : [ {
    "type" : "COLOR",
    "title" : "Màu sắc",
    "values" : [ "Mix màu 1", "Mix màu 2", "Mix màu 3", "Mix màu 4", "Đen", "Xanh Navy", "Xám nhạt", "Xanh Mosaic" ]
  }, {
    "type" : "SIZE",
    "title" : "Kích thước",
    "values" : [ "M", "L", "XL", "2XL", "3XL" ]
  } ],
  "images" : [ "68260f170b61125185463b2c", "68260f170b61125185463b2d", "68260f170b61125185463b2e", "68260f180b61125185463b2f", "68260f180b61125185463b30", "68260f180b61125185463b31", "68260f180b61125185463b32", "68260f180b61125185463b33" ],
  "discount" : null,
  "seo_alias" : "combo-2-quan-shorts-nam-chay-bo-ultra-fast-free-run-ii-exdry-nhanh-kho",
  "options_values" : [ {
    "title" : "Màu sắc",
    "type" : "COLOR",
    "options" : [ {
      "title" : "Mix màu 1",
      "slug" : "mix-mau-1",
      "label" : "",
      "images" : [ "68260f180b61125185463b34", "68260f180b61125185463b35", "68260f180b61125185463b36", "68260f180b61125185463b37", "68260f180b61125185463b38", "68260f190b61125185463b39", "68260f190b61125185463b3a", "68260f190b61125185463b3b" ]
    }, {
      "title" : "Mix màu 2",
      "slug" : "mix-mau-2",
      "label" : "",
      "images" : [ "68260f190b61125185463b3c", "68260f190b61125185463b3d", "68260f190b61125185463b3e", "68260f190b61125185463b3f", "68260f190b61125185463b40", "68260f190b61125185463b41", "68260f1a0b61125185463b42", "68260f1a0b61125185463b43", "68260f1a0b61125185463b44", "68260f1a0b61125185463b45" ]
    }, {
      "title" : "Mix màu 3",
      "slug" : "mix-mau-3",
      "label" : "",
      "images" : [ "68260f1a0b61125185463b46", "68260f1a0b61125185463b47", "68260f1a0b61125185463b48", "68260f1b0b61125185463b49", "68260f1b0b61125185463b4a", "68260f1b0b61125185463b4b", "68260f1b0b61125185463b4c", "68260f1c0b61125185463b4d", "68260f1c0b61125185463b4e" ]
    }, {
      "title" : "Mix màu 4",
      "slug" : "mix-mau-4",
      "label" : "",
      "images" : [ "68260f1c0b61125185463b4f", "68260f1c0b61125185463b50", "68260f1c0b61125185463b51", "68260f1c0b61125185463b52", "68260f1c0b61125185463b53", "68260f1c0b61125185463b54", "68260f1c0b61125185463b55", "68260f1c0b61125185463b56", "68260f1d0b61125185463b57" ]
    }, {
      "title" : "Đen",
      "slug" : "den",
      "label" : "",
      "images" : [ "68260f1d0b61125185463b58", "68260f1d0b61125185463b59", "68260f1d0b61125185463b5a", "68260f1d0b61125185463b5b", "68260f1d0b61125185463b5c", "68260f1d0b61125185463b5d", "68260f1e0b61125185463b5e", "68260f1e0b61125185463b5f", "68260f1e0b61125185463b60", "68260f1e0b61125185463b61", "68260f1e0b61125185463b62" ]
    }, {
      "title" : "Xanh Navy",
      "slug" : "xanh-navy",
      "label" : "",
      "images" : [ "68260f1e0b61125185463b63", "68260f1e0b61125185463b64", "68260f1e0b61125185463b65", "68260f1f0b61125185463b66", "68260f1f0b61125185463b67", "68260f1f0b61125185463b68", "68260f1f0b61125185463b69", "68260f1f0b61125185463b6a", "68260f1f0b61125185463b6b", "68260f1f0b61125185463b6c", "68260f1f0b61125185463b6d" ]
    }, {
      "title" : "Xám nhạt",
      "slug" : "xam-nhat",
      "label" : "",
      "images" : [ "68260f1f0b61125185463b6e", "68260f1f0b61125185463b6f", "68260f200b61125185463b70", "68260f200b61125185463b71", "68260f210b61125185463b72", "68260f210b61125185463b73", "68260f210b61125185463b74", "68260f210b61125185463b75", "68260f210b61125185463b76", "68260f210b61125185463b77", "68260f210b61125185463b78" ]
    }, {
      "title" : "Xanh Mosaic",
      "slug" : "xanh-mosaic",
      "label" : "",
      "images" : [ "68260f210b61125185463b79", "68260f220b61125185463b7a", "68260f220b61125185463b7b", "68260f220b61125185463b7c", "68260f220b61125185463b7d", "68260f220b61125185463b7e", "68260f220b61125185463b7f", "68260f220b61125185463b80", "68260f230b61125185463b81", "68260f230b61125185463b82" ]
    } ]
  } ],
  "collection_id" : "6825ea318eaaa408c6aaf62b",
  "display_order" : 244,
  "youtube_video" : "",
  "coming_soon" : false,
  "display_name_open" : "ExDry - Nhanh khô",
  "gender_type" : "MALE",
  "icon_thumbnail" : null,
  "compare_price" : 498000.0,
  "regular_price" : 399000.0
}, {
  "title" : "Quần Jogger thể thao Fleece Track Pants Premium",
  "vendor" : "5c482438000c695cfa6f8d22",
  "tags" : [ ],
  "options" : [ {
    "type" : "COLOR",
    "title" : "Màu sắc",
    "values" : [ "Be Kaki", "Đen", "Navy" ]
  }, {
    "type" : "SIZE",
    "title" : "Kích thước",
    "values" : [ "M", "L", "XL", "2XL", "3XL" ]
  } ],
  "images" : [ "68260f290b61125185463b83", "68260f290b61125185463b84", "68260f290b61125185463b85", "68260f2a0b61125185463b86", "68260f2a0b61125185463b87", "68260f2a0b61125185463b88", "68260f2a0b61125185463b89", "68260f2a0b61125185463b8a", "68260f2a0b61125185463b8b" ],
  "discount" : null,
  "seo_alias" : "quan-jogger-the-thao-fleece-track-jacket-premium",
  "options_values" : [ {
    "title" : "Màu sắc",
    "type" : "COLOR",
    "options" : [ {
      "title" : "Be Kaki",
      "slug" : "be-kaki",
      "label" : "",
      "images" : [ "68260f2a0b61125185463b8c", "68260f2a0b61125185463b8d", "68260f2a0b61125185463b8e", "68260f2b0b61125185463b8f", "68260f2b0b61125185463b90", "68260f2b0b61125185463b91", "68260f2b0b61125185463b92", "68260f2b0b61125185463b93", "68260f2b0b61125185463b94", "68260f2b0b61125185463b95", "68260f2b0b61125185463b96", "68260f2c0b61125185463b97", "68260f2c0b61125185463b98" ]
    }, {
      "title" : "Đen",
      "slug" : "den",
      "label" : "",
      "images" : [ "68260f2c0b61125185463b99", "68260f2c0b61125185463b9a", "68260f2d0b61125185463b9b", "68260f2d0b61125185463b9c", "68260f2d0b61125185463b9d", "68260f2d0b61125185463b9e", "68260f2d0b61125185463b9f", "68260f2d0b61125185463ba0", "68260f2d0b61125185463ba1", "68260f2d0b61125185463ba2", "68260f2d0b61125185463ba3", "68260f2e0b61125185463ba4" ]
    }, {
      "title" : "Navy",
      "slug" : "navy",
      "label" : "",
      "images" : [ "68260f2e0b61125185463ba5", "68260f2e0b61125185463ba6", "68260f2e0b61125185463ba7", "68260f2e0b61125185463ba8", "68260f2e0b61125185463ba9", "68260f2f0b61125185463baa", "68260f2f0b61125185463bab", "68260f2f0b61125185463bac", "68260f2f0b61125185463bad", "68260f2f0b61125185463bae", "68260f2f0b61125185463baf", "68260f2f0b61125185463bb0" ]
    } ]
  } ],
  "collection_id" : "6825ea318eaaa408c6aaf62b",
  "display_order" : 20,
  "youtube_video" : "",
  "coming_soon" : false,
  "display_name_open" : "Giữ ấm và Co giãn",
  "gender_type" : "MALE",
  "icon_thumbnail" : null,
  "compare_price" : 599000.0,
  "regular_price" : 599000.0
}, {
  "title" : "Quần dài nam thể thao co giãn đa năng",
  "vendor" : "5c482438000c695cfa6f8d22",
  "tags" : [ ],
  "options" : [ {
    "type" : "COLOR",
    "title" : "Màu sắc",
    "values" : [ "Đen", "Navy", "Xám" ]
  }, {
    "type" : "SIZE",
    "title" : "Kích thước",
    "values" : [ "M", "L", "XL", "2XL", "3XL" ]
  } ],
  "images" : [ "68260f330b61125185463bb1", "68260f330b61125185463bb2", "68260f330b61125185463bb3", "68260f330b61125185463bb4", "68260f330b61125185463bb5", "68260f330b61125185463bb6" ],
  "discount" : null,
  "seo_alias" : "quan-dai-nam-the-thao-co-gian-da-nang",
  "options_values" : [ {
    "title" : "Màu sắc",
    "type" : "COLOR",
    "options" : [ {
      "title" : "Đen",
      "slug" : "den",
      "label" : "",
      "images" : [ "68260f330b61125185463bb7", "68260f340b61125185463bb8", "68260f340b61125185463bb9", "68260f340b61125185463bba", "68260f340b61125185463bbb", "68260f340b61125185463bbc", "68260f340b61125185463bbd", "68260f350b61125185463bbe", "68260f350b61125185463bbf", "68260f350b61125185463bc0", "68260f350b61125185463bc1", "68260f350b61125185463bc2" ]
    }, {
      "title" : "Navy",
      "slug" : "navy",
      "label" : "",
      "images" : [ "68260f350b61125185463bc3", "68260f350b61125185463bc4", "68260f350b61125185463bc5", "68260f350b61125185463bc6", "68260f350b61125185463bc7", "68260f360b61125185463bc8", "68260f360b61125185463bc9", "68260f360b61125185463bca", "68260f360b61125185463bcb", "68260f360b61125185463bcc", "68260f360b61125185463bcd", "68260f360b61125185463bce", "68260f360b61125185463bcf", "68260f360b61125185463bd0" ]
    }, {
      "title" : "Xám",
      "slug" : "xam",
      "label" : "",
      "images" : [ "68260f360b61125185463bd1", "68260f360b61125185463bd2", "68260f370b61125185463bd3", "68260f370b61125185463bd4", "68260f370b61125185463bd5", "68260f370b61125185463bd6", "68260f370b61125185463bd7", "68260f370b61125185463bd8", "68260f370b61125185463bd9", "68260f370b61125185463bda", "68260f370b61125185463bdb", "68260f370b61125185463bdc" ]
    } ]
  } ],
  "collection_id" : "6825ea318eaaa408c6aaf62b",
  "display_order" : 0,
  "youtube_video" : "",
  "coming_soon" : false,
  "display_name_open" : "Thấm hút - Co giãn",
  "gender_type" : "MALE",
  "icon_thumbnail" : null,
  "compare_price" : 289000.0,
  "regular_price" : 229000.0
}, {
  "title" : "Quần Jogger nam thể thao Studio Woven",
  "vendor" : "5c482438000c695cfa6f8d22",
  "tags" : [ ],
  "options" : [ {
    "type" : "COLOR",
    "title" : "Màu sắc",
    "values" : [ "Rêu Buluga", "Đen" ]
  }, {
    "type" : "SIZE",
    "title" : "Kích thước",
    "values" : [ "M", "L", "XL", "2XL", "3XL" ]
  } ],
  "images" : [ "68260f3b0b61125185463bdd", "68260f3b0b61125185463bde", "68260f3b0b61125185463bdf", "68260f3b0b61125185463be0" ],
  "discount" : null,
  "seo_alias" : "quan-jogger-nam-the-thao-studio-woven",
  "options_values" : [ {
    "title" : "Màu sắc",
    "type" : "COLOR",
    "options" : [ {
      "title" : "Rêu Buluga",
      "slug" : "reu-buluga",
      "label" : "",
      "images" : [ "68260f3c0b61125185463be1", "68260f3c0b61125185463be2", "68260f3c0b61125185463be3", "68260f3c0b61125185463be4", "68260f3c0b61125185463be5", "68260f3c0b61125185463be6", "68260f3c0b61125185463be7", "68260f3c0b61125185463be8", "68260f3d0b61125185463be9", "68260f3d0b61125185463bea" ]
    }, {
      "title" : "Đen",
      "slug" : "den",
      "label" : "",
      "images" : [ "68260f3d0b61125185463beb", "68260f3d0b61125185463bec", "68260f3d0b61125185463bed", "68260f3d0b61125185463bee", "68260f3d0b61125185463bef", "68260f3d0b61125185463bf0", "68260f3d0b61125185463bf1", "68260f3e0b61125185463bf2", "68260f3e0b61125185463bf3", "68260f3e0b61125185463bf4", "68260f3e0b61125185463bf5" ]
    } ]
  } ],
  "collection_id" : "6825ea318eaaa408c6aaf62b",
  "display_order" : 1,
  "youtube_video" : "",
  "coming_soon" : false,
  "display_name_open" : "Co giãn, Ex-Dry",
  "gender_type" : "MALE",
  "icon_thumbnail" : null,
  "compare_price" : 399000.0,
  "regular_price" : 399000.0
}, {
  "title" : "Quần Jogger nam thể thao Hybrid Woven",
  "vendor" : "5c482438000c695cfa6f8d22",
  "tags" : [ ],
  "options" : [ {
    "type" : "COLOR",
    "title" : "Màu sắc",
    "values" : [ "Ombre", "Đen", "Rêu Buluga" ]
  }, {
    "type" : "SIZE",
    "title" : "Kích thước",
    "values" : [ "M", "L", "XL", "2XL", "3XL" ]
  } ],
  "images" : [ "68260f400b61125185463bf6", "68260f400b61125185463bf7", "68260f400b61125185463bf8", "68260f410b61125185463bf9", "68260f410b61125185463bfa", "68260f410b61125185463bfb", "68260f410b61125185463bfc", "68260f410b61125185463bfd", "68260f410b61125185463bfe" ],
  "discount" : null,
  "seo_alias" : "quan-jogger-nam-the-thao-hybrid-woven",
  "options_values" : [ {
    "title" : "Màu sắc",
    "type" : "COLOR",
    "options" : [ {
      "title" : "Ombre",
      "slug" : "ombre",
      "label" : "",
      "images" : [ "68260f410b61125185463bff", "68260f410b61125185463c00", "68260f410b61125185463c01", "68260f420b61125185463c02", "68260f420b61125185463c03", "68260f420b61125185463c04", "68260f420b61125185463c05", "68260f420b61125185463c06", "68260f420b61125185463c07", "68260f420b61125185463c08", "68260f420b61125185463c09", "68260f420b61125185463c0a", "68260f430b61125185463c0b", "68260f430b61125185463c0c" ]
    }, {
      "title" : "Đen",
      "slug" : "den",
      "label" : "",
      "images" : [ "68260f430b61125185463c0d", "68260f430b61125185463c0e", "68260f430b61125185463c0f", "68260f430b61125185463c10", "68260f440b61125185463c11", "68260f440b61125185463c12", "68260f440b61125185463c13", "68260f440b61125185463c14", "68260f440b61125185463c15", "68260f440b61125185463c16", "68260f440b61125185463c17", "68260f450b61125185463c18", "68260f450b61125185463c19", "68260f450b61125185463c1a" ]
    }, {
      "title" : "Rêu Buluga",
      "slug" : "reu-buluga",
      "label" : "",
      "images" : [ "68260f450b61125185463c1b", "68260f450b61125185463c1c", "68260f450b61125185463c1d", "68260f450b61125185463c1e", "68260f460b61125185463c1f", "68260f460b61125185463c20", "68260f460b61125185463c21", "68260f460b61125185463c22", "68260f460b61125185463c23", "68260f460b61125185463c24", "68260f460b61125185463c25", "68260f470b61125185463c26", "68260f470b61125185463c27" ]
    } ]
  } ],
  "collection_id" : "6825ea318eaaa408c6aaf62b",
  "display_order" : 1,
  "youtube_video" : "",
  "coming_soon" : false,
  "display_name_open" : "Co giãn, Ex-Dry",
  "gender_type" : "MALE",
  "icon_thumbnail" : null,
  "compare_price" : 379000.0,
  "regular_price" : 379000.0
}, {
  "title" : "Quần dài chạy bộ Running Pant",
  "vendor" : "5c482438000c695cfa6f8d22",
  "tags" : [ ],
  "options" : [ {
    "type" : "COLOR",
    "title" : "Màu sắc",
    "values" : [ "Đen" ]
  }, {
    "type" : "SIZE",
    "title" : "Kích thước",
    "values" : [ "M", "L", "XL", "2XL", "3XL" ]
  } ],
  "images" : [ "68260f4b0b61125185463c28", "68260f4c0b61125185463c29" ],
  "discount" : null,
  "seo_alias" : "quan-dai-chay-bo-running-pant",
  "options_values" : [ {
    "title" : "Màu sắc",
    "type" : "COLOR",
    "options" : [ {
      "title" : "Đen",
      "slug" : "den",
      "label" : "",
      "images" : [ "68260f4c0b61125185463c2a", "68260f4c0b61125185463c2b", "68260f4c0b61125185463c2c", "68260f4c0b61125185463c2d", "68260f4d0b61125185463c2e", "68260f4d0b61125185463c2f", "68260f4d0b61125185463c30", "68260f4e0b61125185463c31", "68260f4e0b61125185463c32", "68260f4e0b61125185463c33", "68260f4e0b61125185463c34", "68260f4f0b61125185463c35" ]
    } ]
  } ],
  "collection_id" : "6825ea318eaaa408c6aaf62b",
  "display_order" : 10,
  "youtube_video" : "",
  "coming_soon" : false,
  "display_name_open" : "ExDry",
  "gender_type" : "MALE",
  "icon_thumbnail" : null,
  "compare_price" : 390000.0,
  "regular_price" : 390000.0
}, {
  "title" : "Quần Jogger Nam Daily Wear",
  "vendor" : "5c482438000c695cfa6f8d22",
  "tags" : [ ],
  "options" : [ {
    "type" : "COLOR",
    "title" : "Màu sắc",
    "values" : [ "Đen" ]
  }, {
    "type" : "SIZE",
    "title" : "Kích thước",
    "values" : [ "M", "L", "XL", "2XL", "3XL" ]
  } ],
  "images" : [ "68260f510b61125185463c36", "68260f510b61125185463c37" ],
  "discount" : null,
  "seo_alias" : "quan-joggers-the-thao-daily-wear",
  "options_values" : [ {
    "title" : "Màu sắc",
    "type" : "COLOR",
    "options" : [ {
      "title" : "Đen",
      "slug" : "den",
      "label" : "",
      "images" : [ "68260f520b61125185463c38", "68260f520b61125185463c39", "68260f520b61125185463c3a", "68260f520b61125185463c3b", "68260f520b61125185463c3c", "68260f530b61125185463c3d", "68260f530b61125185463c3e", "68260f530b61125185463c3f" ]
    } ]
  } ],
  "collection_id" : "6825ea318eaaa408c6aaf62b",
  "display_order" : 55,
  "youtube_video" : "",
  "coming_soon" : false,
  "display_name_open" : "HeiQ ViroBlock",
  "gender_type" : "MALE",
  "icon_thumbnail" : null,
  "compare_price" : 299000.0,
  "regular_price" : 249000.0
}, {
  "title" : "Quần Jogger Nam Excool",
  "vendor" : "5c482438000c695cfa6f8d22",
  "tags" : [ ],
  "options" : [ {
    "type" : "COLOR",
    "title" : "Màu sắc",
    "values" : [ "Xám sáng", "Xanh Navy", "Đen" ]
  }, {
    "type" : "SIZE",
    "title" : "Kích thước",
    "values" : [ "M", "L", "XL", "2XL", "3XL" ]
  } ],
  "images" : [ "68260f550b61125185463c40", "68260f550b61125185463c41", "68260f560b61125185463c42", "68260f570b61125185463c43", "68260f570b61125185463c44", "68260f570b61125185463c45", "68260f580b61125185463c46", "68260f580b61125185463c47" ],
  "discount" : null,
  "seo_alias" : "quan-joggers-co-gian-excool",
  "options_values" : [ {
    "title" : "Màu sắc",
    "type" : "COLOR",
    "options" : [ {
      "title" : "Xám sáng",
      "slug" : "xam-sang",
      "label" : "",
      "images" : [ "68260f580b61125185463c48", "68260f580b61125185463c49", "68260f580b61125185463c4a", "68260f580b61125185463c4b", "68260f580b61125185463c4c", "68260f580b61125185463c4d", "68260f580b61125185463c4e", "68260f580b61125185463c4f", "68260f590b61125185463c50", "68260f590b61125185463c51", "68260f590b61125185463c52" ]
    }, {
      "title" : "Xanh Navy",
      "slug" : "xanh-navy",
      "label" : "",
      "images" : [ "68260f590b61125185463c53", "68260f590b61125185463c54", "68260f590b61125185463c55", "68260f590b61125185463c56", "68260f590b61125185463c57", "68260f590b61125185463c58", "68260f590b61125185463c59", "68260f5a0b61125185463c5a" ]
    }, {
      "title" : "Đen",
      "slug" : "den",
      "label" : "",
      "images" : [ "68260f5a0b61125185463c5b", "68260f5a0b61125185463c5c", "68260f5a0b61125185463c5d", "68260f5a0b61125185463c5e", "68260f5a0b61125185463c5f", "68260f5a0b61125185463c60", "68260f5a0b61125185463c61", "68260f5a0b61125185463c62", "68260f5b0b61125185463c63" ]
    } ]
  } ],
  "collection_id" : "6825ea318eaaa408c6aaf62b",
  "display_order" : 55,
  "youtube_video" : "",
  "coming_soon" : false,
  "display_name_open" : "Co giãn",
  "gender_type" : "MALE",
  "icon_thumbnail" : null,
  "compare_price" : 379000.0,
  "regular_price" : 379000.0
}, {
  "title" : "Quần Shorts Nam Thể Thao 7\" Graphene",
  "vendor" : "5c482438000c695cfa6f8d22",
  "tags" : [ "CLEARANCE_SALE", "OUTLET" ],
  "options" : [ {
    "type" : "SIZE",
    "title" : "Kích thước Quần",
    "values" : [ "M" ]
  } ],
  "images" : [ "68260f5d0b61125185463c64", "68260f5d0b61125185463c65", "68260f5d0b61125185463c66", "68260f5e0b61125185463c67", "68260f5e0b61125185463c68", "68260f5e0b61125185463c69", "68260f5e0b61125185463c6a", "68260f5e0b61125185463c6b" ],
  "discount" : null,
  "seo_alias" : "quan-short-nam-the-thao-7-co-gian-cong-nghe-graphene",
  "options_values" : [ ],
  "collection_id" : "6825ea318eaaa408c6aaf62b",
  "display_order" : 129,
  "youtube_video" : "https://mcdn.coolmate.me/uploads/videos/Graphene_Short.mp4",
  "coming_soon" : false,
  "display_name_open" : "Co giãn",
  "gender_type" : "MALE",
  "icon_thumbnail" : null,
  "compare_price" : 249000.0,
  "regular_price" : 99000.0
}, {
  "title" : "Quần Shorts Nam Thể Thao 7\"",
  "vendor" : "5c482438000c695cfa6f8d22",
  "tags" : [ "CLEARANCE_SALE", "OUTLET" ],
  "options" : [ {
    "type" : "COLOR",
    "title" : "Màu sắc",
    "values" : [ "Xám xanh", "Đen" ]
  }, {
    "type" : "SIZE",
    "title" : "Kích thước Quần",
    "values" : [ "M" ]
  } ],
  "images" : [ "68260f5f0b61125185463c6c", "68260f5f0b61125185463c6d", "68260f5f0b61125185463c6e", "68260f5f0b61125185463c6f", "68260f5f0b61125185463c70", "68260f5f0b61125185463c71", "68260f5f0b61125185463c72", "68260f5f0b61125185463c73" ],
  "discount" : null,
  "seo_alias" : "quan-short-nam-the-thao-recycle-7-thoang-khi",
  "options_values" : [ {
    "title" : "Màu sắc",
    "type" : "COLOR",
    "options" : [ {
      "title" : "Xám xanh",
      "slug" : "xam-xanh",
      "label" : "",
      "images" : [ "68260f600b61125185463c74", "68260f600b61125185463c75", "68260f600b61125185463c76", "68260f600b61125185463c77", "68260f600b61125185463c78", "68260f600b61125185463c79" ]
    }, {
      "title" : "Đen",
      "slug" : "den",
      "label" : "",
      "images" : [ "68260f600b61125185463c7a", "68260f600b61125185463c7b", "68260f600b61125185463c7c", "68260f600b61125185463c7d", "68260f610b61125185463c7e" ]
    } ]
  } ],
  "collection_id" : "6825ea318eaaa408c6aaf62b",
  "display_order" : 150,
  "youtube_video" : "",
  "coming_soon" : false,
  "display_name_open" : "Thoáng khí",
  "gender_type" : "MALE",
  "icon_thumbnail" : null,
  "compare_price" : 239000.0,
  "regular_price" : 109000.0
}, {
  "title" : "Quần Shorts Nam Tập Gym 6\"",
  "vendor" : "5c482438000c695cfa6f8d22",
  "tags" : [ ],
  "options" : [ {
    "type" : "COLOR",
    "title" : "Màu sắc",
    "values" : [ "Xám nhạt", "Navy" ]
  }, {
    "type" : "SIZE",
    "title" : "Kích thước Quần",
    "values" : [ "M", "L", "XL", "2XL", "3XL" ]
  } ],
  "images" : [ "68260f620b61125185463c7f", "68260f630b61125185463c80", "68260f630b61125185463c81", "68260f630b61125185463c82", "68260f630b61125185463c83", "68260f630b61125185463c84", "68260f630b61125185463c85", "68260f630b61125185463c86" ],
  "discount" : null,
  "seo_alias" : "quan-shorts-nam-tap-gym-6",
  "options_values" : [ {
    "title" : "Màu sắc",
    "type" : "COLOR",
    "options" : [ {
      "title" : "Xám nhạt",
      "slug" : "xam-nhat",
      "label" : "",
      "images" : [ "68260f630b61125185463c87", "68260f640b61125185463c88", "68260f640b61125185463c89", "68260f640b61125185463c8a", "68260f640b61125185463c8b", "68260f640b61125185463c8c" ]
    }, {
      "title" : "Navy",
      "slug" : "navy",
      "label" : "",
      "images" : [ "68260f640b61125185463c8d", "68260f640b61125185463c8e", "68260f640b61125185463c8f", "68260f640b61125185463c90", "68260f650b61125185463c91", "68260f650b61125185463c92", "68260f650b61125185463c93" ]
    } ]
  } ],
  "collection_id" : "6825ea318eaaa408c6aaf62b",
  "display_order" : 188,
  "youtube_video" : "",
  "coming_soon" : false,
  "display_name_open" : "Vải Cotton",
  "gender_type" : "MALE",
  "icon_thumbnail" : null,
  "compare_price" : 299000.0,
  "regular_price" : 229000.0
}, {
  "title" : "Quần Thể Thao Nam 7\" Ultra Shorts",
  "vendor" : "5c482438000c695cfa6f8d22",
  "tags" : [ ],
  "options" : [ {
    "type" : "COLOR",
    "title" : "Màu sắc",
    "values" : [ "Xanh Forest Night", "Nâu Iron", "Xanh Hunter Green", "Đỏ Hot Sauce", "Nâu Chocolate Chip", "Xanh Aqua", "Xám đậm", "Xám nhạt", "Đen", "Rêu", "Xám đen", "Xanh Navy" ]
  }, {
    "type" : "SIZE",
    "title" : "Kích thước",
    "values" : [ "M", "L", "XL", "2XL", "3XL" ]
  } ],
  "images" : [ "68260f670b61125185463c94", "68260f670b61125185463c95", "68260f670b61125185463c96", "68260f670b61125185463c97", "68260f670b61125185463c98", "68260f670b61125185463c99", "68260f680b61125185463c9a", "68260f680b61125185463c9b", "68260f680b61125185463c9c", "68260f680b61125185463c9d", "68260f680b61125185463c9e" ],
  "discount" : null,
  "seo_alias" : "quan-the-thao-nam-7-ultra-short",
  "options_values" : [ {
    "title" : "Màu sắc",
    "type" : "COLOR",
    "options" : [ {
      "title" : "Xanh Forest Night",
      "slug" : "xanh-forest-night",
      "label" : "",
      "images" : [ "68260f680b61125185463c9f", "68260f680b61125185463ca0", "68260f680b61125185463ca1", "68260f690b61125185463ca2", "68260f690b61125185463ca3", "68260f690b61125185463ca4" ]
    }, {
      "title" : "Nâu Iron",
      "slug" : "nau-iron",
      "label" : "",
      "images" : [ "68260f690b61125185463ca5", "68260f690b61125185463ca6", "68260f690b61125185463ca7", "68260f690b61125185463ca8", "68260f690b61125185463ca9", "68260f6a0b61125185463caa", "68260f6a0b61125185463cab", "68260f6a0b61125185463cac", "68260f6a0b61125185463cad" ]
    }, {
      "title" : "Xanh Hunter Green",
      "slug" : "xanh-hunter-green",
      "label" : "",
      "images" : [ "68260f6a0b61125185463cae", "68260f6a0b61125185463caf", "68260f6a0b61125185463cb0", "68260f6a0b61125185463cb1", "68260f6a0b61125185463cb2", "68260f6a0b61125185463cb3", "68260f6a0b61125185463cb4", "68260f6b0b61125185463cb5", "68260f6b0b61125185463cb6", "68260f6b0b61125185463cb7" ]
    }, {
      "title" : "Đỏ Hot Sauce",
      "slug" : "do-hot-sauce",
      "label" : "",
      "images" : [ "68260f6b0b61125185463cb8", "68260f6b0b61125185463cb9", "68260f6b0b61125185463cba", "68260f6c0b61125185463cbb", "68260f6c0b61125185463cbc", "68260f6c0b61125185463cbd", "68260f6c0b61125185463cbe", "68260f6c0b61125185463cbf", "68260f6c0b61125185463cc0" ]
    }, {
      "title" : "Nâu Chocolate Chip",
      "slug" : "nau-chocolate-chip",
      "label" : "",
      "images" : [ "68260f6c0b61125185463cc1", "68260f6d0b61125185463cc2", "68260f6d0b61125185463cc3", "68260f6d0b61125185463cc4", "68260f6d0b61125185463cc5", "68260f6d0b61125185463cc6", "68260f6d0b61125185463cc7", "68260f6d0b61125185463cc8", "68260f6e0b61125185463cc9" ]
    }, {
      "title" : "Xanh Aqua",
      "slug" : "xanh-aqua",
      "label" : "",
      "images" : [ "68260f6e0b61125185463cca", "68260f6e0b61125185463ccb", "68260f6e0b61125185463ccc", "68260f6e0b61125185463ccd", "68260f6e0b61125185463cce", "68260f6e0b61125185463ccf", "68260f6e0b61125185463cd0", "68260f6e0b61125185463cd1" ]
    }, {
      "title" : "Xám đậm",
      "slug" : "xam-dam",
      "label" : "",
      "images" : [ "68260f6f0b61125185463cd2", "68260f6f0b61125185463cd3", "68260f6f0b61125185463cd4", "68260f6f0b61125185463cd5", "68260f6f0b61125185463cd6", "68260f6f0b61125185463cd7", "68260f6f0b61125185463cd8" ]
    }, {
      "title" : "Xám nhạt",
      "slug" : "xam-nhat",
      "label" : "",
      "images" : [ "68260f6f0b61125185463cd9", "68260f700b61125185463cda", "68260f700b61125185463cdb", "68260f700b61125185463cdc", "68260f700b61125185463cdd" ]
    }, {
      "title" : "Đen",
      "slug" : "den",
      "label" : "",
      "images" : [ "68260f700b61125185463cde", "68260f700b61125185463cdf", "68260f710b61125185463ce0", "68260f710b61125185463ce1", "68260f710b61125185463ce2", "68260f710b61125185463ce3", "68260f710b61125185463ce4", "68260f710b61125185463ce5" ]
    }, {
      "title" : "Rêu",
      "slug" : "reu",
      "label" : "",
      "images" : [ "68260f710b61125185463ce6", "68260f720b61125185463ce7", "68260f720b61125185463ce8", "68260f720b61125185463ce9", "68260f720b61125185463cea", "68260f720b61125185463ceb", "68260f720b61125185463cec" ]
    }, {
      "title" : "Xám đen",
      "slug" : "xam-den",
      "label" : "",
      "images" : [ "68260f720b61125185463ced", "68260f730b61125185463cee", "68260f730b61125185463cef", "68260f730b61125185463cf0", "68260f730b61125185463cf1", "68260f730b61125185463cf2", "68260f730b61125185463cf3" ]
    }, {
      "title" : "Xanh Navy",
      "slug" : "xanh-navy",
      "label" : "",
      "images" : [ "68260f730b61125185463cf4", "68260f730b61125185463cf5", "68260f730b61125185463cf6", "68260f730b61125185463cf7", "68260f740b61125185463cf8", "68260f740b61125185463cf9", "68260f740b61125185463cfa", "68260f740b61125185463cfb" ]
    } ]
  } ],
  "collection_id" : "6825ea318eaaa408c6aaf62b",
  "display_order" : 253,
  "youtube_video" : "",
  "coming_soon" : false,
  "display_name_open" : "",
  "gender_type" : "MALE",
  "icon_thumbnail" : null,
  "compare_price" : 189000.0,
  "regular_price" : 169000.0
}, {
  "title" : "Quần dài nam Woven Excool siêu nhẹ",
  "vendor" : "",
  "tags" : [ ],
  "options" : [ {
    "type" : "COLOR",
    "title" : "Màu sắc",
    "values" : [ "Xanh Navy", "Xám Xanh", "Đen" ]
  }, {
    "type" : "SIZE",
    "title" : "Kích thước",
    "values" : [ "M", "L", "XL", "2XL", "3XL" ]
  } ],
  "images" : [ "68260f7c0b61125185463cfc", "68260f7c0b61125185463cfd", "68260f7c0b61125185463cfe", "68260f7c0b61125185463cff", "68260f7c0b61125185463d00", "68260f7c0b61125185463d01" ],
  "discount" : null,
  "seo_alias" : "quan-dai-nam-woven-excool-sieu-nhe",
  "options_values" : [ {
    "title" : "Màu sắc",
    "type" : "COLOR",
    "options" : [ {
      "title" : "Xanh Navy",
      "slug" : "xanh-navy",
      "label" : "",
      "images" : [ "68260f7c0b61125185463d02", "68260f7c0b61125185463d03", "68260f7c0b61125185463d04", "68260f7c0b61125185463d05", "68260f7d0b61125185463d06", "68260f7d0b61125185463d07", "68260f7d0b61125185463d08", "68260f7d0b61125185463d09" ]
    }, {
      "title" : "Xám Xanh",
      "slug" : "xam-xanh",
      "label" : "",
      "images" : [ "68260f7d0b61125185463d0a", "68260f7d0b61125185463d0b", "68260f7d0b61125185463d0c", "68260f7d0b61125185463d0d", "68260f7d0b61125185463d0e", "68260f7d0b61125185463d0f", "68260f7d0b61125185463d10", "68260f7e0b61125185463d11" ]
    }, {
      "title" : "Đen",
      "slug" : "den",
      "label" : "",
      "images" : [ "68260f7e0b61125185463d12", "68260f7e0b61125185463d13", "68260f7e0b61125185463d14", "68260f7e0b61125185463d15", "68260f7e0b61125185463d16", "68260f7e0b61125185463d17", "68260f7e0b61125185463d18", "68260f7e0b61125185463d19" ]
    } ]
  } ],
  "collection_id" : "6825ea318eaaa408c6aaf62b",
  "display_order" : 278,
  "youtube_video" : "",
  "coming_soon" : false,
  "display_name_open" : "Excool - Thoáng khí",
  "gender_type" : "MALE",
  "icon_thumbnail" : null,
  "compare_price" : 379000.0,
  "regular_price" : 379000.0
}, {
  "title" : "Quần Jogger Thể Thao ExDry",
  "vendor" : "5c482438000c695cfa6f8d22",
  "tags" : [ "BEST_SELLER", "WORTH_BUYING" ],
  "options" : [ {
    "type" : "COLOR",
    "title" : "Màu sắc",
    "values" : [ "Đen", "Xám đậm", "Xanh Nephrite" ]
  }, {
    "type" : "SIZE",
    "title" : "Kích thước",
    "values" : [ "M", "L", "XL", "2XL", "3XL" ]
  } ],
  "images" : [ "68260f810b61125185463d1a", "68260f810b61125185463d1b", "68260f810b61125185463d1c", "68260f810b61125185463d1d", "68260f810b61125185463d1e", "68260f820b61125185463d1f" ],
  "discount" : null,
  "seo_alias" : "quan-jogger-the-thao-nam-co-gian-tham-hut-exdry",
  "options_values" : [ {
    "title" : "Màu sắc",
    "type" : "COLOR",
    "options" : [ {
      "title" : "Đen",
      "slug" : "den",
      "label" : "",
      "images" : [ "68260f820b61125185463d20", "68260f820b61125185463d21", "68260f820b61125185463d22", "68260f820b61125185463d23", "68260f820b61125185463d24", "68260f820b61125185463d25", "68260f820b61125185463d26" ]
    }, {
      "title" : "Xám đậm",
      "slug" : "xam-dam",
      "label" : "",
      "images" : [ "68260f820b61125185463d27", "68260f820b61125185463d28", "68260f820b61125185463d29", "68260f820b61125185463d2a", "68260f830b61125185463d2b", "68260f830b61125185463d2c", "68260f830b61125185463d2d", "68260f830b61125185463d2e" ]
    }, {
      "title" : "Xanh Nephrite",
      "slug" : "xanh-nephrite",
      "label" : "",
      "images" : [ "68260f830b61125185463d2f", "68260f830b61125185463d30", "68260f830b61125185463d31", "68260f830b61125185463d32", "68260f830b61125185463d33", "68260f830b61125185463d34", "68260f840b61125185463d35" ]
    } ]
  } ],
  "collection_id" : "6825ea318eaaa408c6aaf62b",
  "display_order" : 280,
  "youtube_video" : "",
  "coming_soon" : false,
  "display_name_open" : "Co giãn - Nhanh khô ExDry",
  "gender_type" : "MALE",
  "icon_thumbnail" : null,
  "compare_price" : 329000.0,
  "regular_price" : 329000.0
}, {
  "title" : "Quần Dài Nam Tháo Ống UT Pants 2 in 1",
  "vendor" : "5c482438000c695cfa6f8d22",
  "tags" : [ "BEST_SELLER", "WORTH_BUYING" ],
  "options" : [ {
    "type" : "COLOR",
    "title" : "Màu sắc",
    "values" : [ "Xanh bóng đêm", "Đen" ]
  }, {
    "type" : "SIZE",
    "title" : "Kích thước",
    "values" : [ "M", "L", "XL", "2XL", "3XL" ]
  } ],
  "images" : [ "68260f860b61125185463d36", "68260f860b61125185463d37", "68260f860b61125185463d38", "68260f860b61125185463d39" ],
  "discount" : null,
  "seo_alias" : "quan-dai-nam-khop-noi-ut-pants-2-in-1-thao-ong-da-nang",
  "options_values" : [ {
    "title" : "Màu sắc",
    "type" : "COLOR",
    "options" : [ {
      "title" : "Xanh bóng đêm",
      "slug" : "xanh-bong-dem",
      "label" : "",
      "images" : [ "68260f860b61125185463d3a", "68260f870b61125185463d3b", "68260f870b61125185463d3c", "68260f870b61125185463d3d", "68260f870b61125185463d3e", "68260f870b61125185463d3f", "68260f870b61125185463d40", "68260f870b61125185463d41", "68260f870b61125185463d42", "68260f870b61125185463d43", "68260f880b61125185463d44" ]
    }, {
      "title" : "Đen",
      "slug" : "den",
      "label" : "",
      "images" : [ "68260f880b61125185463d45", "68260f880b61125185463d46", "68260f880b61125185463d47", "68260f880b61125185463d48", "68260f880b61125185463d49", "68260f880b61125185463d4a", "68260f890b61125185463d4b", "68260f890b61125185463d4c", "68260f890b61125185463d4d", "68260f890b61125185463d4e", "68260f890b61125185463d4f" ]
    } ]
  } ],
  "collection_id" : "6825ea318eaaa408c6aaf62b",
  "display_order" : 292,
  "youtube_video" : "https://mcdn.coolmate.me/uploads/videos/webutpant2in1.mp4",
  "coming_soon" : false,
  "display_name_open" : "Tháo ống linh hoạt",
  "gender_type" : "MALE",
  "icon_thumbnail" : null,
  "compare_price" : 790000.0,
  "regular_price" : 669000.0
}, {
  "title" : "Quần Short Nam Thể Thao Promax-S1",
  "vendor" : "5c482438000c695cfa6f8d22",
  "tags" : [ ],
  "options" : [ {
    "type" : "COLOR",
    "title" : "Màu sắc",
    "values" : [ "Đen", "Xanh Navy", "Xanh bóng đêm", "Xanh Aqua", "Xám đen" ]
  }, {
    "type" : "SIZE",
    "title" : "Kích thước Quần",
    "values" : [ "S", "M", "L", "XL", "2XL", "3XL" ]
  } ],
  "images" : [ "68260f8b0b61125185463d50", "68260f8b0b61125185463d51", "68260f8b0b61125185463d52", "68260f8b0b61125185463d53" ],
  "discount" : null,
  "seo_alias" : "quan-the-thao-nam-promax-s1",
  "options_values" : [ {
    "title" : "Màu sắc",
    "type" : "COLOR",
    "options" : [ {
      "title" : "Đen",
      "slug" : "den",
      "label" : "",
      "images" : [ "68260f8b0b61125185463d54", "68260f8b0b61125185463d55", "68260f8b0b61125185463d56", "68260f8c0b61125185463d57", "68260f8c0b61125185463d58", "68260f8c0b61125185463d59" ]
    }, {
      "title" : "Xanh Navy",
      "slug" : "xanh-navy",
      "label" : "",
      "images" : [ "68260f8c0b61125185463d5a", "68260f8c0b61125185463d5b", "68260f8c0b61125185463d5c", "68260f8c0b61125185463d5d", "68260f8c0b61125185463d5e" ]
    }, {
      "title" : "Xanh bóng đêm",
      "slug" : "xanh-bong-dem",
      "label" : "",
      "images" : [ "68260f8c0b61125185463d5f", "68260f8c0b61125185463d60", "68260f8c0b61125185463d61", "68260f8c0b61125185463d62", "68260f8c0b61125185463d63", "68260f8d0b61125185463d64" ]
    }, {
      "title" : "Xanh Aqua",
      "slug" : "xanh-aqua",
      "label" : "",
      "images" : [ "68260f8d0b61125185463d65", "68260f8d0b61125185463d66", "68260f8d0b61125185463d67", "68260f8d0b61125185463d68", "68260f8d0b61125185463d69", "68260f8d0b61125185463d6a" ]
    }, {
      "title" : "Xám đen",
      "slug" : "xam-den",
      "label" : "",
      "images" : [ "68260f8d0b61125185463d6b", "68260f8e0b61125185463d6c", "68260f8e0b61125185463d6d", "68260f8e0b61125185463d6e", "68260f8e0b61125185463d6f", "68260f8e0b61125185463d70" ]
    } ]
  } ],
  "collection_id" : "6825ea318eaaa408c6aaf62b",
  "display_order" : 334,
  "youtube_video" : "",
  "coming_soon" : false,
  "display_name_open" : "Thoáng khí",
  "gender_type" : "MALE",
  "icon_thumbnail" : null,
  "compare_price" : 189000.0,
  "regular_price" : 169000.0
}, {
  "title" : "Quần Shorts Thể Thao 5\" Moving",
  "vendor" : "5c482438000c695cfa6f8d22",
  "tags" : [ ],
  "options" : [ {
    "type" : "COLOR",
    "title" : "Màu sắc",
    "values" : [ "Đen", "Xanh Navy", "Xám đen", "Xám nhạt", "Be" ]
  }, {
    "type" : "SIZE",
    "title" : "Kích thước",
    "values" : [ "M", "L", "XL", "2XL", "3XL" ]
  } ],
  "images" : [ "68260f910b61125185463d71", "68260f910b61125185463d72", "68260f910b61125185463d73", "68260f910b61125185463d74", "68260f910b61125185463d75", "68260f910b61125185463d76", "68260f910b61125185463d77", "68260f910b61125185463d78", "68260f920b61125185463d79", "68260f920b61125185463d7a", "68260f920b61125185463d7b" ],
  "discount" : null,
  "seo_alias" : "quan-shorts-the-thao-5-moving-thoang-mat-exdry",
  "options_values" : [ {
    "title" : "Màu sắc",
    "type" : "COLOR",
    "options" : [ {
      "title" : "Đen",
      "slug" : "den",
      "label" : "",
      "images" : [ "68260f920b61125185463d7c", "68260f920b61125185463d7d", "68260f920b61125185463d7e", "68260f920b61125185463d7f", "68260f920b61125185463d80", "68260f920b61125185463d81", "68260f920b61125185463d82" ]
    }, {
      "title" : "Xanh Navy",
      "slug" : "xanh-navy",
      "label" : "",
      "images" : [ "68260f930b61125185463d83", "68260f930b61125185463d84", "68260f930b61125185463d85", "68260f930b61125185463d86", "68260f930b61125185463d87" ]
    }, {
      "title" : "Xám đen",
      "slug" : "xam-den",
      "label" : "",
      "images" : [ "68260f930b61125185463d88", "68260f930b61125185463d89", "68260f940b61125185463d8a", "68260f940b61125185463d8b", "68260f940b61125185463d8c" ]
    }, {
      "title" : "Xám nhạt",
      "slug" : "xam-nhat",
      "label" : "",
      "images" : [ "68260f940b61125185463d8d", "68260f940b61125185463d8e", "68260f940b61125185463d8f", "68260f940b61125185463d90", "68260f940b61125185463d91", "68260f940b61125185463d92" ]
    }, {
      "title" : "Be",
      "slug" : "be",
      "label" : "",
      "images" : [ "68260f950b61125185463d93", "68260f950b61125185463d94", "68260f950b61125185463d95", "68260f950b61125185463d96", "68260f950b61125185463d97", "68260f950b61125185463d98" ]
    } ]
  } ],
  "collection_id" : "6825ea318eaaa408c6aaf62b",
  "display_order" : 342,
  "youtube_video" : "",
  "coming_soon" : false,
  "display_name_open" : "ExDry",
  "gender_type" : "MALE",
  "icon_thumbnail" : null,
  "compare_price" : 149000.0,
  "regular_price" : 129000.0
}, {
  "title" : "Quần Shorts Nam Gym Power 2 lớp",
  "vendor" : "5c482438000c695cfa6f8d22",
  "tags" : [ ],
  "options" : [ {
    "type" : "COLOR",
    "title" : "Màu sắc",
    "values" : [ "Xanh rêu", "Xanh Navy", "Đen" ]
  }, {
    "type" : "SIZE",
    "title" : "Kích thước Quần",
    "values" : [ "M", "L", "XL", "2XL", "3XL" ]
  } ],
  "images" : [ "68260f980b61125185463d99", "68260f980b61125185463d9a", "68260f990b61125185463d9b", "68260f990b61125185463d9c", "68260f990b61125185463d9d", "68260f990b61125185463d9e" ],
  "discount" : null,
  "seo_alias" : "quan-shorts-gym-power-2-lop",
  "options_values" : [ {
    "title" : "Màu sắc",
    "type" : "COLOR",
    "options" : [ {
      "title" : "Xanh rêu",
      "slug" : "xanh-reu",
      "label" : "",
      "images" : [ "68260f990b61125185463d9f", "68260f990b61125185463da0", "68260f990b61125185463da1", "68260f990b61125185463da2", "68260f990b61125185463da3", "68260f990b61125185463da4", "68260f9a0b61125185463da5" ]
    }, {
      "title" : "Xanh Navy",
      "slug" : "xanh-navy",
      "label" : "",
      "images" : [ "68260f9a0b61125185463da6", "68260f9a0b61125185463da7", "68260f9a0b61125185463da8", "68260f9a0b61125185463da9", "68260f9a0b61125185463daa", "68260f9a0b61125185463dab", "68260f9a0b61125185463dac" ]
    }, {
      "title" : "Đen",
      "slug" : "den",
      "label" : "",
      "images" : [ "68260f9a0b61125185463dad", "68260f9b0b61125185463dae", "68260f9b0b61125185463daf", "68260f9b0b61125185463db0", "68260f9b0b61125185463db1", "68260f9b0b61125185463db2" ]
    } ]
  } ],
  "collection_id" : "6825ea318eaaa408c6aaf62b",
  "display_order" : 347,
  "youtube_video" : "https://mcdn.coolmate.me/uploads/2_shorts_2_layers.mp4",
  "coming_soon" : false,
  "display_name_open" : "Co giãn",
  "gender_type" : "MALE",
  "icon_thumbnail" : null,
  "compare_price" : 399000.0,
  "regular_price" : 339000.0
} ]