[ {
  "title" : "Quần shorts 6 inch Racquet Sports",
  "vendor" : "",
  "tags" : [ ],
  "options" : [ {
    "type" : "COLOR",
    "title" : "Màu sắc",
    "values" : [ "Đen", "Navy", "Xanh", "Xám" ]
  }, {
    "type" : "SIZE",
    "title" : "Kích thước",
    "values" : [ "S", "M", "L", "XL", "2XL", "3XL" ]
  } ],
  "images" : [ "682613110b6112518546457a", "682613110b6112518546457b", "682613110b6112518546457c", "682613110b6112518546457d", "682613110b6112518546457e", "682613110b6112518546457f", "682613110b61125185464580", "682613120b61125185464581" ],
  "discount" : null,
  "seo_alias" : "quan-shorts-6-inch-racquet-sports",
  "options_values" : [ {
    "title" : "Màu sắc",
    "type" : "COLOR",
    "options" : [ {
      "title" : "Đen",
      "slug" : "den",
      "label" : "",
      "images" : [ "682613120b61125185464582", "682613120b61125185464583", "682613120b61125185464584", "682613120b61125185464585", "682613120b61125185464586", "682613120b61125185464587", "682613120b61125185464588", "682613120b61125185464589", "682613120b6112518546458a" ]
    }, {
      "title" : "Navy",
      "slug" : "navy",
      "label" : "",
      "images" : [ "682613120b6112518546458b", "682613120b6112518546458c", "682613130b6112518546458d", "682613130b6112518546458e", "682613130b6112518546458f", "682613130b61125185464590", "682613130b61125185464591", "682613130b61125185464592", "682613130b61125185464593" ]
    }, {
      "title" : "Xanh",
      "slug" : "xanh",
      "label" : "",
      "images" : [ "682613130b61125185464594", "682613130b61125185464595", "682613130b61125185464596", "682613130b61125185464597", "682613130b61125185464598", "682613140b61125185464599", "682613140b6112518546459a", "682613140b6112518546459b" ]
    }, {
      "title" : "Xám",
      "slug" : "xam",
      "label" : "",
      "images" : [ "682613140b6112518546459c", "682613140b6112518546459d", "682613140b6112518546459e", "682613140b6112518546459f", "682613140b611251854645a0", "682613140b611251854645a1", "682613150b611251854645a2" ]
    } ]
  } ],
  "collection_id" : "6825ea4e8eaaa408c6aaf62e",
  "display_order" : 365,
  "youtube_video" : "",
  "coming_soon" : false,
  "display_name_open" : "Ex-Dry - Thoáng Khí - Thấm hút tốt",
  "gender_type" : "MALE",
  "icon_thumbnail" : null,
  "compare_price" : 199000.0,
  "regular_price" : 199000.0
}, {
  "title" : "Headband thể thao",
  "vendor" : "5c482438000c695cfa6f8d22",
  "tags" : [ ],
  "options" : [ {
    "type" : "COLOR",
    "title" : "Màu sắc",
    "values" : [ "Trắng", "Đen", "Xanh Navy" ]
  } ],
  "images" : [ "682613180b611251854645a3", "682613180b611251854645a4", "682613180b611251854645a5", "682613180b611251854645a6", "682613180b611251854645a7", "682613180b611251854645a8" ],
  "discount" : null,
  "seo_alias" : "headband-the-thao",
  "options_values" : [ {
    "title" : "Màu sắc",
    "type" : "COLOR",
    "options" : [ {
      "title" : "Trắng",
      "slug" : "trang",
      "label" : "",
      "images" : [ "682613180b611251854645a9", "682613190b611251854645aa", "682613190b611251854645ab", "682613190b611251854645ac", "682613190b611251854645ad" ]
    }, {
      "title" : "Đen",
      "slug" : "den",
      "label" : "",
      "images" : [ "682613190b611251854645ae", "682613190b611251854645af", "682613190b611251854645b0", "682613190b611251854645b1", "6826131a0b611251854645b2" ]
    }, {
      "title" : "Xanh Navy",
      "slug" : "xanh-navy",
      "label" : "",
      "images" : [ "6826131a0b611251854645b3", "6826131a0b611251854645b4", "6826131a0b611251854645b5", "6826131a0b611251854645b6", "6826131a0b611251854645b7" ]
    } ]
  } ],
  "collection_id" : "6825ea4e8eaaa408c6aaf62e",
  "display_order" : 477,
  "youtube_video" : "",
  "coming_soon" : false,
  "display_name_open" : " Thấm hút - Mềm mại",
  "gender_type" : "MALE",
  "icon_thumbnail" : null,
  "compare_price" : 79000.0,
  "regular_price" : 79000.0
}, {
  "title" : " Wristband thể thao",
  "vendor" : "5c482438000c695cfa6f8d22",
  "tags" : [ ],
  "options" : [ {
    "type" : "COLOR",
    "title" : "Màu sắc",
    "values" : [ "Trắng", "Đen", "Xanh Navy" ]
  } ],
  "images" : [ "6826131c0b611251854645b8", "6826131c0b611251854645b9", "6826131c0b611251854645ba", "6826131c0b611251854645bb", "6826131c0b611251854645bc" ],
  "discount" : null,
  "seo_alias" : "wristband-the-thao",
  "options_values" : [ {
    "title" : "Màu sắc",
    "type" : "COLOR",
    "options" : [ {
      "title" : "Trắng",
      "slug" : "trang",
      "label" : "",
      "images" : [ "6826131c0b611251854645bd", "6826131c0b611251854645be", "6826131c0b611251854645bf", "6826131c0b611251854645c0", "6826131c0b611251854645c1" ]
    }, {
      "title" : "Đen",
      "slug" : "den",
      "label" : "",
      "images" : [ "6826131d0b611251854645c2", "6826131d0b611251854645c3", "6826131d0b611251854645c4", "6826131d0b611251854645c5", "6826131d0b611251854645c6" ]
    }, {
      "title" : "Xanh Navy",
      "slug" : "xanh-navy",
      "label" : "",
      "images" : [ "6826131d0b611251854645c7", "6826131d0b611251854645c8", "6826131d0b611251854645c9", "6826131d0b611251854645ca", "6826131d0b611251854645cb" ]
    } ]
  } ],
  "collection_id" : "6825ea4e8eaaa408c6aaf62e",
  "display_order" : 421,
  "youtube_video" : "",
  "coming_soon" : false,
  "display_name_open" : " Thấm hút - Mềm mại",
  "gender_type" : "MALE",
  "icon_thumbnail" : null,
  "compare_price" : 59000.0,
  "regular_price" : 59000.0
}, {
  "title" : "Áo thun Racquet Sport Graphic Blue Pattern",
  "vendor" : "",
  "tags" : [ ],
  "options" : [ {
    "type" : "COLOR",
    "title" : "Màu sắc",
    "values" : [ "Xanh da trời" ]
  }, {
    "type" : "SIZE",
    "title" : "Kích thước",
    "values" : [ "S", "M", "L", "XL", "2XL", "3XL" ]
  } ],
  "images" : [ "6826131f0b611251854645cc", "6826131f0b611251854645cd" ],
  "discount" : null,
  "seo_alias" : "ao-thun-racquet-sport-graphic-blue-pattern",
  "options_values" : [ {
    "title" : "Màu sắc",
    "type" : "COLOR",
    "options" : [ {
      "title" : "Xanh da trời",
      "slug" : "xanh-da-troi",
      "label" : "",
      "images" : [ "6826131f0b611251854645ce", "6826131f0b611251854645cf", "6826131f0b611251854645d0", "6826131f0b611251854645d1", "682613200b611251854645d2", "682613200b611251854645d3" ]
    } ]
  } ],
  "collection_id" : "6825ea4e8eaaa408c6aaf62e",
  "display_order" : 399,
  "youtube_video" : "",
  "coming_soon" : false,
  "display_name_open" : "ExDry - Thoáng khí",
  "gender_type" : "MALE",
  "icon_thumbnail" : null,
  "compare_price" : 249000.0,
  "regular_price" : 219000.0
}, {
  "title" : "Áo thun Racquet Sport Graphic Red Line",
  "vendor" : "",
  "tags" : [ ],
  "options" : [ {
    "type" : "COLOR",
    "title" : "Màu sắc",
    "values" : [ "Đỏ" ]
  }, {
    "type" : "SIZE",
    "title" : "Kích thước",
    "values" : [ "S", "M", "L", "XL", "2XL", "3XL" ]
  } ],
  "images" : [ "682613200b611251854645d4", "682613210b611251854645d5" ],
  "discount" : null,
  "seo_alias" : "ao-thun-racquet-sport-graphic-red-line",
  "options_values" : [ {
    "title" : "Màu sắc",
    "type" : "COLOR",
    "options" : [ {
      "title" : "Đỏ",
      "slug" : "do",
      "label" : "",
      "images" : [ "682613210b611251854645d6", "682613210b611251854645d7", "682613210b611251854645d8", "682613210b611251854645d9", "682613210b611251854645da", "682613210b611251854645db" ]
    } ]
  } ],
  "collection_id" : "6825ea4e8eaaa408c6aaf62e",
  "display_order" : 358,
  "youtube_video" : "",
  "coming_soon" : false,
  "display_name_open" : "ExDry - Thoáng khí",
  "gender_type" : "MALE",
  "icon_thumbnail" : null,
  "compare_price" : 249000.0,
  "regular_price" : 199000.0
}, {
  "title" : "Áo thun Racquet Sport Graphic Geometric",
  "vendor" : "",
  "tags" : [ ],
  "options" : [ {
    "type" : "COLOR",
    "title" : "Màu sắc",
    "values" : [ "Xanh lá" ]
  }, {
    "type" : "SIZE",
    "title" : "Kích thước",
    "values" : [ "S", "M", "L", "XL", "2XL", "3XL" ]
  } ],
  "images" : [ "682613220b611251854645dc", "682613220b611251854645dd" ],
  "discount" : null,
  "seo_alias" : "ao-thun-racquet-sport-graphic-geometric",
  "options_values" : [ {
    "title" : "Màu sắc",
    "type" : "COLOR",
    "options" : [ {
      "title" : "Xanh lá",
      "slug" : "xanh-la",
      "label" : "",
      "images" : [ "682613220b611251854645de", "682613230b611251854645df", "682613230b611251854645e0", "682613230b611251854645e1", "682613230b611251854645e2", "682613230b611251854645e3" ]
    } ]
  } ],
  "collection_id" : "6825ea4e8eaaa408c6aaf62e",
  "display_order" : 398,
  "youtube_video" : "",
  "coming_soon" : false,
  "display_name_open" : "ExDry - Thoáng khí",
  "gender_type" : "MALE",
  "icon_thumbnail" : null,
  "compare_price" : 249000.0,
  "regular_price" : 219000.0
}, {
  "title" : "Áo thun Racquet Sport Graphic Slash",
  "vendor" : "",
  "tags" : [ ],
  "options" : [ {
    "type" : "SIZE",
    "title" : "Kích thước",
    "values" : [ "S", "M", "L", "XL", "2XL", "3XL" ]
  } ],
  "images" : [ "682613240b611251854645e4", "682613250b611251854645e5", "682613250b611251854645e6", "682613250b611251854645e7", "682613250b611251854645e8", "682613260b611251854645e9" ],
  "discount" : null,
  "seo_alias" : "ao-thun-racquet-sport-graphic-slash",
  "options_values" : [ ],
  "collection_id" : "6825ea4e8eaaa408c6aaf62e",
  "display_order" : 403,
  "youtube_video" : "",
  "coming_soon" : false,
  "display_name_open" : "ExDry - Thoáng khí",
  "gender_type" : "MALE",
  "icon_thumbnail" : null,
  "compare_price" : 249000.0,
  "regular_price" : 219000.0
}, {
  "title" : "Tất cổ trung cầu lông",
  "vendor" : "",
  "tags" : [ ],
  "options" : [ {
    "type" : "COLOR",
    "title" : "Màu sắc",
    "values" : [ "Đen", "Xanh Navy", "Trắng" ]
  }, {
    "type" : "SIZE",
    "title" : "Size",
    "values" : [ "39-42", "43-46" ]
  } ],
  "images" : [ "682613270b611251854645ea", "682613270b611251854645eb", "682613270b611251854645ec", "682613270b611251854645ed", "682613270b611251854645ee", "682613270b611251854645ef", "682613270b611251854645f0", "682613280b611251854645f1", "682613280b611251854645f2", "682613280b611251854645f3", "682613280b611251854645f4", "682613280b611251854645f5", "682613280b611251854645f6", "682613280b611251854645f7", "682613280b611251854645f8", "682613290b611251854645f9", "682613290b611251854645fa", "682613290b611251854645fb" ],
  "discount" : null,
  "seo_alias" : "tat-co-trung-cau-long-danh-cho-nam-gioi",
  "options_values" : [ {
    "title" : "Màu sắc",
    "type" : "COLOR",
    "options" : [ {
      "title" : "Đen",
      "slug" : "den",
      "label" : "",
      "images" : [ "682613290b611251854645fc", "682613290b611251854645fd", "682613290b611251854645fe", "6826132a0b611251854645ff", "6826132a0b61125185464600", "6826132a0b61125185464601" ]
    }, {
      "title" : "Xanh Navy",
      "slug" : "xanh-navy",
      "label" : "",
      "images" : [ "6826132a0b61125185464602", "6826132a0b61125185464603", "6826132a0b61125185464604", "6826132a0b61125185464605", "6826132a0b61125185464606", "6826132a0b61125185464607" ]
    }, {
      "title" : "Trắng",
      "slug" : "trang",
      "label" : "",
      "images" : [ "6826132b0b61125185464608", "6826132b0b61125185464609", "6826132b0b6112518546460a", "6826132b0b6112518546460b", "6826132b0b6112518546460c", "6826132b0b6112518546460d" ]
    } ]
  } ],
  "collection_id" : "6825ea4e8eaaa408c6aaf62e",
  "display_order" : 348,
  "youtube_video" : "",
  "coming_soon" : false,
  "display_name_open" : "Thoáng khí - Cotton",
  "gender_type" : "MALE",
  "icon_thumbnail" : null,
  "compare_price" : 60000.0,
  "regular_price" : 60000.0
}, {
  "title" : "Quần Shorts thể thao 7 inch đa năng",
  "vendor" : "5c482438000c695cfa6f8d22",
  "tags" : [ "WORTH_BUYING", "BEST_SELLER" ],
  "options" : [ {
    "type" : "COLOR",
    "title" : "Màu sắc",
    "values" : [ "Đen", "Be", "Xám đen", "Xanh Navy", "Nâu" ]
  }, {
    "type" : "SIZE",
    "title" : "Kích thước",
    "values" : [ "M", "L", "XL", "2XL", "3XL" ]
  } ],
  "images" : [ "6826132e0b6112518546460e", "6826132e0b6112518546460f", "6826132e0b61125185464610", "6826132e0b61125185464611", "6826132f0b61125185464612", "6826132f0b61125185464613", "6826132f0b61125185464614", "6826132f0b61125185464615", "6826132f0b61125185464616", "6826132f0b61125185464617", "6826132f0b61125185464618", "682613300b61125185464619", "682613300b6112518546461a" ],
  "discount" : null,
  "seo_alias" : "quan-shorts-the-thao-7-inch-da-nang-thoang-khi-exdry",
  "options_values" : [ {
    "title" : "Màu sắc",
    "type" : "COLOR",
    "options" : [ {
      "title" : "Đen",
      "slug" : "den",
      "label" : "",
      "images" : [ "682613300b6112518546461b", "682613300b6112518546461c", "682613300b6112518546461d", "682613310b6112518546461e", "682613310b6112518546461f", "682613310b61125185464620", "682613310b61125185464621" ]
    }, {
      "title" : "Be",
      "slug" : "be",
      "label" : "",
      "images" : [ "682613310b61125185464622", "682613310b61125185464623", "682613310b61125185464624", "682613320b61125185464625", "682613320b61125185464626", "682613320b61125185464627", "682613320b61125185464628", "682613320b61125185464629" ]
    }, {
      "title" : "Xám đen",
      "slug" : "xam-den",
      "label" : "",
      "images" : [ "682613320b6112518546462a", "682613320b6112518546462b", "682613320b6112518546462c", "682613320b6112518546462d", "682613320b6112518546462e", "682613330b6112518546462f", "682613330b61125185464630" ]
    }, {
      "title" : "Xanh Navy",
      "slug" : "xanh-navy",
      "label" : "",
      "images" : [ "682613330b61125185464631", "682613330b61125185464632", "682613330b61125185464633", "682613330b61125185464634", "682613330b61125185464635", "682613330b61125185464636", "682613330b61125185464637" ]
    }, {
      "title" : "Nâu",
      "slug" : "nau",
      "label" : "",
      "images" : [ "682613330b61125185464638", "682613340b61125185464639", "682613340b6112518546463a", "682613340b6112518546463b", "682613340b6112518546463c", "682613340b6112518546463d", "682613340b6112518546463e", "682613340b6112518546463f" ]
    } ]
  } ],
  "collection_id" : "6825ea4e8eaaa408c6aaf62e",
  "display_order" : 285,
  "youtube_video" : "",
  "coming_soon" : false,
  "display_name_open" : "ExDry",
  "gender_type" : "MALE",
  "icon_thumbnail" : null,
  "compare_price" : 198000.0,
  "regular_price" : 169000.0
}, {
  "title" : "Quần Short Nam Thể Thao Promax-S1",
  "vendor" : "5c482438000c695cfa6f8d22",
  "tags" : [ ],
  "options" : [ {
    "type" : "COLOR",
    "title" : "Màu sắc",
    "values" : [ "Đen", "Xanh Navy", "Xanh bóng đêm", "Xanh Aqua", "Xám đen" ]
  }, {
    "type" : "SIZE",
    "title" : "Kích thước Quần",
    "values" : [ "S", "M", "L", "XL", "2XL", "3XL" ]
  } ],
  "images" : [ "6826133b0b61125185464640", "6826133b0b61125185464641", "6826133b0b61125185464642", "6826133b0b61125185464643", "6826133c0b61125185464644" ],
  "discount" : null,
  "seo_alias" : "quan-the-thao-nam-promax-s1",
  "options_values" : [ {
    "title" : "Màu sắc",
    "type" : "COLOR",
    "options" : [ {
      "title" : "Đen",
      "slug" : "den",
      "label" : "",
      "images" : [ "6826133c0b61125185464645", "6826133c0b61125185464646", "6826133c0b61125185464647", "6826133c0b61125185464648", "6826133d0b61125185464649", "6826133d0b6112518546464a" ]
    }, {
      "title" : "Xanh Navy",
      "slug" : "xanh-navy",
      "label" : "",
      "images" : [ "6826133d0b6112518546464b", "6826133d0b6112518546464c", "6826133d0b6112518546464d", "6826133d0b6112518546464e", "6826133d0b6112518546464f" ]
    }, {
      "title" : "Xanh bóng đêm",
      "slug" : "xanh-bong-dem",
      "label" : "",
      "images" : [ "6826133d0b61125185464650", "6826133d0b61125185464651", "6826133d0b61125185464652", "6826133d0b61125185464653", "6826133d0b61125185464654", "6826133e0b61125185464655" ]
    }, {
      "title" : "Xanh Aqua",
      "slug" : "xanh-aqua",
      "label" : "",
      "images" : [ "6826133e0b61125185464656", "6826133e0b61125185464657", "6826133e0b61125185464658", "6826133e0b61125185464659", "6826133e0b6112518546465a", "6826133f0b6112518546465b" ]
    }, {
      "title" : "Xám đen",
      "slug" : "xam-den",
      "label" : "",
      "images" : [ "6826133f0b6112518546465c", "6826133f0b6112518546465d", "6826133f0b6112518546465e", "6826133f0b6112518546465f", "6826133f0b61125185464660", "6826133f0b61125185464661" ]
    } ]
  } ],
  "collection_id" : "6825ea4e8eaaa408c6aaf62e",
  "display_order" : 334,
  "youtube_video" : "",
  "coming_soon" : false,
  "display_name_open" : "Thoáng khí",
  "gender_type" : "MALE",
  "icon_thumbnail" : null,
  "compare_price" : 189000.0,
  "regular_price" : 169000.0
}, {
  "title" : "Tất Thể Thao Seamless Cổ Dài",
  "vendor" : "5c482438000c695cfa6f8d22",
  "tags" : [ ],
  "options" : [ {
    "type" : "COLOR",
    "title" : "Màu sắc",
    "values" : [ "Đen", "Trắng" ]
  }, {
    "type" : "SIZE",
    "title" : "Kích thước",
    "values" : [ "39-42", "43-46" ]
  } ],
  "images" : [ "682613440b61125185464662", "682613440b61125185464663", "682613440b61125185464664", "682613440b61125185464665" ],
  "discount" : null,
  "seo_alias" : "tat-the-thao-seamless-chay-bo-co-dai",
  "options_values" : [ {
    "title" : "Màu sắc",
    "type" : "COLOR",
    "options" : [ {
      "title" : "Đen",
      "slug" : "den",
      "label" : "",
      "images" : [ "682613440b61125185464666", "682613440b61125185464667", "682613450b61125185464668", "682613450b61125185464669", "682613450b6112518546466a", "682613450b6112518546466b" ]
    }, {
      "title" : "Trắng",
      "slug" : "trang",
      "label" : "",
      "images" : [ "682613450b6112518546466c", "682613450b6112518546466d", "682613450b6112518546466e", "682613450b6112518546466f", "682613450b61125185464670", "682613450b61125185464671" ]
    } ]
  } ],
  "collection_id" : "6825ea4e8eaaa408c6aaf62e",
  "display_order" : 1,
  "youtube_video" : "",
  "coming_soon" : false,
  "display_name_open" : "Thoáng khí",
  "gender_type" : "MALE",
  "icon_thumbnail" : null,
  "compare_price" : 69000.0,
  "regular_price" : 59000.0
}, {
  "title" : "Tất Thể Thao Seamless Cổ Ngắn",
  "vendor" : "5c482438000c695cfa6f8d22",
  "tags" : [ ],
  "options" : [ {
    "type" : "COLOR",
    "title" : "Màu sắc",
    "values" : [ "Trắng", "Đen" ]
  }, {
    "type" : "SIZE",
    "title" : "Kích thước",
    "values" : [ "39-42", "43-46" ]
  } ],
  "images" : [ "682613470b61125185464672", "682613470b61125185464673", "682613470b61125185464674", "682613470b61125185464675" ],
  "discount" : null,
  "seo_alias" : "tat-the-thao-chay-bo-seamless-co-ngan",
  "options_values" : [ {
    "title" : "Màu sắc",
    "type" : "COLOR",
    "options" : [ {
      "title" : "Trắng",
      "slug" : "trang",
      "label" : "",
      "images" : [ "682613470b61125185464676", "682613470b61125185464677", "682613470b61125185464678", "682613470b61125185464679", "682613480b6112518546467a", "682613480b6112518546467b" ]
    }, {
      "title" : "Đen",
      "slug" : "den",
      "label" : "",
      "images" : [ "682613480b6112518546467c", "682613480b6112518546467d", "682613480b6112518546467e", "682613480b6112518546467f", "682613480b61125185464680", "682613480b61125185464681" ]
    } ]
  } ],
  "collection_id" : "6825ea4e8eaaa408c6aaf62e",
  "display_order" : 1,
  "youtube_video" : "",
  "coming_soon" : false,
  "display_name_open" : "Thoáng khí",
  "gender_type" : "MALE",
  "icon_thumbnail" : null,
  "compare_price" : 69000.0,
  "regular_price" : 59000.0
} ]