[ {
  "title" : "Tất lười No show socks",
  "vendor" : "5c482438000c695cfa6f8d22",
  "tags" : [ "NEW" ],
  "options" : [ {
    "type" : "COLOR",
    "title" : "Màu sắc",
    "values" : [ "Trắng - Ghi sáng", "Đen - Ghi đậm", "Ghi sáng - Ghi đậm" ]
  } ],
  "images" : [ "681fded31f583b08bcb3fc06", "681fded31f583b08bcb3fc07", "681fded31f583b08bcb3fc08", "681fded31f583b08bcb3fc09", "681fded31f583b08bcb3fc0a", "681fded41f583b08bcb3fc0b" ],
  "discount" : null,
  "seo_alias" : "tat-luoi-no-show-socks",
  "options_values" : [ {
    "title" : "Màu sắc",
    "type" : "COLOR",
    "options" : [ {
      "title" : "Trắng - Ghi sáng",
      "slug" : "trang-ghi-sang",
      "label" : "",
      "images" : null
    }, {
      "title" : "Đen - Ghi đậm",
      "slug" : "den-ghi-dam",
      "label" : "",
      "images" : null
    }, {
      "title" : "Ghi sáng - Ghi đậm",
      "slug" : "ghi-sang-ghi-dam",
      "label" : "",
      "images" : null
    } ]
  } ],
  "collection_id" : "681ca21a2a59db3110ec0b91",
  "display_order" : 999,
  "youtube_video" : "",
  "coming_soon" : false,
  "display_name_open" : "",
  "gender_type" : "MALE",
  "icon_thumbnail" : null,
  "compare_price" : 49000.0,
  "regular_price" : 39000.0
}, {
  "title" : " Tất Nam chạy bộ Active Cổ Ngắn",
  "vendor" : "5c482438000c695cfa6f8d22",
  "tags" : [ ],
  "options" : [ {
    "type" : "COLOR",
    "title" : "Màu sắc",
    "values" : [ "Cam", "Đen phối xanh lá", "Xám phối xanh", "Xanh Navy" ]
  }, {
    "type" : "SIZE",
    "title" : "Kích thước",
    "values" : [ "39-42", "43-46" ]
  } ],
  "images" : [ "681fded51f583b08bcb3fc0c", "681fded51f583b08bcb3fc0d", "681fded51f583b08bcb3fc0e", "681fded61f583b08bcb3fc0f", "681fded61f583b08bcb3fc10", "681fded61f583b08bcb3fc11" ],
  "discount" : null,
  "seo_alias" : "tat-chay-bo-co-ngan-active",
  "options_values" : [ {
    "title" : "Màu sắc",
    "type" : "COLOR",
    "options" : [ {
      "title" : "Cam",
      "slug" : "cam",
      "label" : "",
      "images" : [ "681fded61f583b08bcb3fc12", "681fded61f583b08bcb3fc13", "681fded61f583b08bcb3fc14", "681fded61f583b08bcb3fc15", "681fded61f583b08bcb3fc16", "681fded71f583b08bcb3fc17" ]
    }, {
      "title" : "Đen phối xanh lá",
      "slug" : "den-phoi-xanh-la",
      "label" : "",
      "images" : [ "681fded71f583b08bcb3fc18", "681fded71f583b08bcb3fc19", "681fded71f583b08bcb3fc1a", "681fded71f583b08bcb3fc1b", "681fded71f583b08bcb3fc1c", "681fded71f583b08bcb3fc1d" ]
    }, {
      "title" : "Xám phối xanh",
      "slug" : "xam-phoi-xanh",
      "label" : "",
      "images" : [ "681fded71f583b08bcb3fc1e", "681fded81f583b08bcb3fc1f", "681fded81f583b08bcb3fc20", "681fded81f583b08bcb3fc21", "681fded81f583b08bcb3fc22", "681fded81f583b08bcb3fc23" ]
    }, {
      "title" : "Xanh Navy",
      "slug" : "xanh-navy",
      "label" : "",
      "images" : [ "681fded81f583b08bcb3fc24", "681fded81f583b08bcb3fc25", "681fded81f583b08bcb3fc26", "681fded81f583b08bcb3fc27", "681fded91f583b08bcb3fc28", "681fded91f583b08bcb3fc29" ]
    } ]
  } ],
  "collection_id" : "681ca21a2a59db3110ec0b91",
  "display_order" : 1,
  "youtube_video" : "",
  "coming_soon" : false,
  "display_name_open" : "Thoáng khí",
  "gender_type" : "MALE",
  "icon_thumbnail" : null,
  "compare_price" : 60000.0,
  "regular_price" : 49000.0
}, {
  "title" : "Combo 5 Đôi Tất Nam cổ trung Basics",
  "vendor" : "5c482438000c695cfa6f8d22",
  "tags" : [ ],
  "options" : [ {
    "type" : "COLOR",
    "title" : "Màu sắc",
    "values" : [ "Đen", "Trắng", "Xám Melange" ]
  }, {
    "type" : "SIZE",
    "title" : "Size",
    "values" : [ ]
  } ],
  "images" : [ "681fdedc1f583b08bcb3fc2a", "681fdedc1f583b08bcb3fc2b", "681fdedc1f583b08bcb3fc2c", "681fdedc1f583b08bcb3fc2d", "681fdedc1f583b08bcb3fc2e", "681fdedc1f583b08bcb3fc2f", "681fdedc1f583b08bcb3fc30", "681fdedc1f583b08bcb3fc31", "681fdedd1f583b08bcb3fc32", "681fdedd1f583b08bcb3fc33", "681fdedd1f583b08bcb3fc34", "681fdedd1f583b08bcb3fc35", "681fdedd1f583b08bcb3fc36", "681fdedd1f583b08bcb3fc37", "681fdedd1f583b08bcb3fc38", "681fdedd1f583b08bcb3fc39", "681fdedd1f583b08bcb3fc3a", "681fdede1f583b08bcb3fc3b", "681fdede1f583b08bcb3fc3c", "681fdede1f583b08bcb3fc3d", "681fdede1f583b08bcb3fc3e" ],
  "discount" : null,
  "seo_alias" : "combo-5-tat-cotton-co-trung-basics",
  "options_values" : [ {
    "title" : "Màu sắc",
    "type" : "COLOR",
    "options" : [ {
      "title" : "Đen",
      "slug" : "den",
      "label" : "",
      "images" : [ "681fdedf1f583b08bcb3fc3f", "681fdedf1f583b08bcb3fc40", "681fdedf1f583b08bcb3fc41", "681fdedf1f583b08bcb3fc42", "681fdedf1f583b08bcb3fc43", "681fdedf1f583b08bcb3fc44", "681fdedf1f583b08bcb3fc45", "681fdedf1f583b08bcb3fc46", "681fdedf1f583b08bcb3fc47", "681fdedf1f583b08bcb3fc48", "681fdee01f583b08bcb3fc49", "681fdee01f583b08bcb3fc4a", "681fdee01f583b08bcb3fc4b", "681fdee01f583b08bcb3fc4c", "681fdee01f583b08bcb3fc4d", "681fdee01f583b08bcb3fc4e", "681fdee01f583b08bcb3fc4f", "681fdee01f583b08bcb3fc50", "681fdee01f583b08bcb3fc51", "681fdee01f583b08bcb3fc52", "681fdee11f583b08bcb3fc53" ]
    }, {
      "title" : "Trắng",
      "slug" : "trang",
      "label" : "",
      "images" : [ "681fdee11f583b08bcb3fc54", "681fdee11f583b08bcb3fc55", "681fdee11f583b08bcb3fc56", "681fdee11f583b08bcb3fc57", "681fdee11f583b08bcb3fc58", "681fdee11f583b08bcb3fc59", "681fdee11f583b08bcb3fc5a", "681fdee11f583b08bcb3fc5b", "681fdee11f583b08bcb3fc5c", "681fdee11f583b08bcb3fc5d", "681fdee21f583b08bcb3fc5e", "681fdee21f583b08bcb3fc5f", "681fdee21f583b08bcb3fc60", "681fdee21f583b08bcb3fc61", "681fdee21f583b08bcb3fc62", "681fdee21f583b08bcb3fc63", "681fdee21f583b08bcb3fc64", "681fdee21f583b08bcb3fc65", "681fdee21f583b08bcb3fc66", "681fdee21f583b08bcb3fc67", "681fdee31f583b08bcb3fc68" ]
    }, {
      "title" : "Xám Melange",
      "slug" : "xam-melange",
      "label" : "",
      "images" : [ "681fdee31f583b08bcb3fc69", "681fdee31f583b08bcb3fc6a", "681fdee31f583b08bcb3fc6b", "681fdee31f583b08bcb3fc6c", "681fdee31f583b08bcb3fc6d", "681fdee31f583b08bcb3fc6e", "681fdee31f583b08bcb3fc6f", "681fdee41f583b08bcb3fc70", "681fdee41f583b08bcb3fc71", "681fdee41f583b08bcb3fc72", "681fdee41f583b08bcb3fc73", "681fdee41f583b08bcb3fc74", "681fdee41f583b08bcb3fc75", "681fdee41f583b08bcb3fc76", "681fdee41f583b08bcb3fc77", "681fdee41f583b08bcb3fc78", "681fdee51f583b08bcb3fc79", "681fdee51f583b08bcb3fc7a", "681fdee51f583b08bcb3fc7b", "681fdee51f583b08bcb3fc7c", "681fdee51f583b08bcb3fc7d" ]
    } ]
  } ],
  "collection_id" : "681ca21a2a59db3110ec0b91",
  "display_order" : 377,
  "youtube_video" : "",
  "coming_soon" : false,
  "display_name_open" : "Co giãn",
  "gender_type" : "MALE",
  "icon_thumbnail" : null,
  "compare_price" : 99000.0,
  "regular_price" : 99000.0
}, {
  "title" : "Tất Nam Thể Thao Techfit",
  "vendor" : "5c482438000c695cfa6f8d22",
  "tags" : [ ],
  "options" : [ {
    "type" : "COLOR",
    "title" : "Màu sắc",
    "values" : [ "Xanh lá", "Trắng", "Đen", "Xanh Aqua", "Xám", "Xanh Navy phối Neon" ]
  } ],
  "images" : [ "681fdeec1f583b08bcb3fc7e", "681fdeed1f583b08bcb3fc7f", "681fdeed1f583b08bcb3fc80", "681fdeed1f583b08bcb3fc81", "681fdeed1f583b08bcb3fc82", "681fdeed1f583b08bcb3fc83", "681fdeed1f583b08bcb3fc84", "681fdeed1f583b08bcb3fc85", "681fdeee1f583b08bcb3fc86", "681fdeee1f583b08bcb3fc87", "681fdeee1f583b08bcb3fc88" ],
  "discount" : null,
  "seo_alias" : "tat-the-thao-co-ngan-compression-techfit",
  "options_values" : [ {
    "title" : "Màu sắc",
    "type" : "COLOR",
    "options" : [ {
      "title" : "Xanh lá",
      "slug" : "xanh-la",
      "label" : "",
      "images" : [ "681fdeee1f583b08bcb3fc89", "681fdeee1f583b08bcb3fc8a", "681fdeee1f583b08bcb3fc8b", "681fdeee1f583b08bcb3fc8c", "681fdeee1f583b08bcb3fc8d", "681fdeee1f583b08bcb3fc8e", "681fdeee1f583b08bcb3fc8f", "681fdeee1f583b08bcb3fc90", "681fdeef1f583b08bcb3fc91", "681fdeef1f583b08bcb3fc92", "681fdeef1f583b08bcb3fc93" ]
    }, {
      "title" : "Trắng",
      "slug" : "trang",
      "label" : "",
      "images" : [ "681fdeef1f583b08bcb3fc94", "681fdeef1f583b08bcb3fc95", "681fdef01f583b08bcb3fc96", "681fdef01f583b08bcb3fc97", "681fdef01f583b08bcb3fc98", "681fdef01f583b08bcb3fc99", "681fdef01f583b08bcb3fc9a", "681fdef01f583b08bcb3fc9b", "681fdef01f583b08bcb3fc9c", "681fdef01f583b08bcb3fc9d", "681fdef01f583b08bcb3fc9e" ]
    }, {
      "title" : "Đen",
      "slug" : "den",
      "label" : "",
      "images" : [ "681fdef11f583b08bcb3fc9f", "681fdef11f583b08bcb3fca0", "681fdef11f583b08bcb3fca1", "681fdef11f583b08bcb3fca2", "681fdef11f583b08bcb3fca3", "681fdef11f583b08bcb3fca4", "681fdef11f583b08bcb3fca5", "681fdef11f583b08bcb3fca6", "681fdef11f583b08bcb3fca7", "681fdef11f583b08bcb3fca8", "681fdef11f583b08bcb3fca9" ]
    }, {
      "title" : "Xanh Aqua",
      "slug" : "xanh-aqua",
      "label" : "",
      "images" : [ "681fdef11f583b08bcb3fcaa", "681fdef11f583b08bcb3fcab", "681fdef21f583b08bcb3fcac", "681fdef21f583b08bcb3fcad", "681fdef21f583b08bcb3fcae", "681fdef21f583b08bcb3fcaf", "681fdef21f583b08bcb3fcb0", "681fdef31f583b08bcb3fcb1", "681fdef31f583b08bcb3fcb2", "681fdef31f583b08bcb3fcb3", "681fdef31f583b08bcb3fcb4" ]
    }, {
      "title" : "Xám",
      "slug" : "xam",
      "label" : "",
      "images" : [ "681fdef31f583b08bcb3fcb5", "681fdef31f583b08bcb3fcb6", "681fdef41f583b08bcb3fcb7", "681fdef41f583b08bcb3fcb8", "681fdef41f583b08bcb3fcb9", "681fdef41f583b08bcb3fcba", "681fdef41f583b08bcb3fcbb", "681fdef41f583b08bcb3fcbc", "681fdef41f583b08bcb3fcbd", "681fdef41f583b08bcb3fcbe", "681fdef41f583b08bcb3fcbf" ]
    }, {
      "title" : "Xanh Navy phối Neon",
      "slug" : "xanh-navy-phoi-neon",
      "label" : "",
      "images" : [ "681fdef41f583b08bcb3fcc0", "681fdef51f583b08bcb3fcc1", "681fdef51f583b08bcb3fcc2", "681fdef51f583b08bcb3fcc3", "681fdef51f583b08bcb3fcc4", "681fdef51f583b08bcb3fcc5", "681fdef51f583b08bcb3fcc6", "681fdef51f583b08bcb3fcc7", "681fdef51f583b08bcb3fcc8", "681fdef51f583b08bcb3fcc9", "681fdef51f583b08bcb3fcca" ]
    } ]
  } ],
  "collection_id" : "681ca21a2a59db3110ec0b91",
  "display_order" : 2,
  "youtube_video" : "",
  "coming_soon" : false,
  "display_name_open" : "Cổ ngắn",
  "gender_type" : "MALE",
  "icon_thumbnail" : null,
  "compare_price" : 49000.0,
  "regular_price" : 39000.0
}, {
  "title" : "Túi đeo hông đa năng",
  "vendor" : "5c482438000c695cfa6f8d22",
  "tags" : [ ],
  "options" : [ {
    "type" : "COLOR",
    "title" : "Màu sắc",
    "values" : [ "Đen" ]
  } ],
  "images" : [ "681fdefa1f583b08bcb3fccb", "681fdefa1f583b08bcb3fccc", "681fdefa1f583b08bcb3fccd", "681fdefa1f583b08bcb3fcce" ],
  "discount" : null,
  "seo_alias" : "dai-chay-bo-essential",
  "options_values" : [ {
    "title" : "Màu sắc",
    "type" : "COLOR",
    "options" : [ {
      "title" : "Đen",
      "slug" : "den",
      "label" : "",
      "images" : [ "681fdefa1f583b08bcb3fccf", "681fdefb1f583b08bcb3fcd0", "681fdefb1f583b08bcb3fcd1", "681fdefb1f583b08bcb3fcd2" ]
    } ]
  } ],
  "collection_id" : "681ca21a2a59db3110ec0b91",
  "display_order" : 440,
  "youtube_video" : "",
  "coming_soon" : false,
  "display_name_open" : "Thoải mái - Size nhỏ",
  "gender_type" : "MALE",
  "icon_thumbnail" : null,
  "compare_price" : 199000.0,
  "regular_price" : 159000.0
}, {
  "title" : "Cốc giữ nhiệt Inox Coolmate",
  "vendor" : "5c482438000c695cfa6f8d22",
  "tags" : [ ],
  "options" : [ {
    "type" : "COLOR",
    "title" : "Màu sắc",
    "values" : [ "Trắng", "Vàng", "Đồng" ]
  } ],
  "images" : [ "681fdefc1f583b08bcb3fcd3", "681fdefc1f583b08bcb3fcd4", "681fdefc1f583b08bcb3fcd5", "681fdefc1f583b08bcb3fcd6", "681fdefd1f583b08bcb3fcd7" ],
  "discount" : null,
  "seo_alias" : "coc-giu-nhiet-coolmate",
  "options_values" : [ {
    "title" : "Màu sắc",
    "type" : "COLOR",
    "options" : [ {
      "title" : "Trắng",
      "slug" : "trang",
      "label" : "",
      "images" : [ "681fdefd1f583b08bcb3fcd8", "681fdefd1f583b08bcb3fcd9", "681fdefd1f583b08bcb3fcda", "681fdefd1f583b08bcb3fcdb", "681fdefd1f583b08bcb3fcdc" ]
    }, {
      "title" : "Vàng",
      "slug" : "vang",
      "label" : "",
      "images" : [ "681fdefd1f583b08bcb3fcdd", "681fdefd1f583b08bcb3fcde", "681fdefd1f583b08bcb3fcdf", "681fdefd1f583b08bcb3fce0", "681fdefe1f583b08bcb3fce1" ]
    }, {
      "title" : "Đồng",
      "slug" : "dong",
      "label" : "",
      "images" : [ "681fdefe1f583b08bcb3fce2", "681fdefe1f583b08bcb3fce3", "681fdefe1f583b08bcb3fce4", "681fdefe1f583b08bcb3fce5", "681fdefe1f583b08bcb3fce6" ]
    } ]
  } ],
  "collection_id" : "681ca21a2a59db3110ec0b91",
  "display_order" : 319,
  "youtube_video" : "",
  "coming_soon" : false,
  "display_name_open" : "",
  "gender_type" : "MALE",
  "icon_thumbnail" : null,
  "compare_price" : 199000.0,
  "regular_price" : 169000.0
}, {
  "title" : "Card Holder nam Coolmate da bò Nappa",
  "vendor" : "5c482438000c695cfa6f8d22",
  "tags" : [ ],
  "options" : [ {
    "type" : "COLOR",
    "title" : "Màu sắc",
    "values" : [ "Nâu", "Đen" ]
  } ],
  "images" : [ "681fdf001f583b08bcb3fce7", "681fdf001f583b08bcb3fce8", "681fdf001f583b08bcb3fce9", "681fdf011f583b08bcb3fcea" ],
  "discount" : null,
  "seo_alias" : "card-holder-nam-coolmate-da-bo-nappa",
  "options_values" : [ {
    "title" : "Màu sắc",
    "type" : "COLOR",
    "options" : [ {
      "title" : "Nâu",
      "slug" : "nau",
      "label" : "",
      "images" : [ "681fdf011f583b08bcb3fceb", "681fdf011f583b08bcb3fcec", "681fdf011f583b08bcb3fced", "681fdf011f583b08bcb3fcee" ]
    }, {
      "title" : "Đen",
      "slug" : "den",
      "label" : "",
      "images" : [ "681fdf011f583b08bcb3fcef", "681fdf011f583b08bcb3fcf0", "681fdf011f583b08bcb3fcf1", "681fdf021f583b08bcb3fcf2" ]
    } ]
  } ],
  "collection_id" : "681ca21a2a59db3110ec0b91",
  "display_order" : 322,
  "youtube_video" : "",
  "coming_soon" : false,
  "display_name_open" : "",
  "gender_type" : "MALE",
  "icon_thumbnail" : null,
  "compare_price" : 199000.0,
  "regular_price" : 169000.0
}, {
  "title" : "Cốc Inox Coolmate",
  "vendor" : "5c482438000c695cfa6f8d22",
  "tags" : [ ],
  "options" : [ {
    "type" : "COLOR",
    "title" : "Màu sắc",
    "values" : [ "Xanh", "Trắng", "Đen" ]
  } ],
  "images" : [ "681fdf031f583b08bcb3fcf3", "681fdf031f583b08bcb3fcf4", "681fdf031f583b08bcb3fcf5" ],
  "discount" : null,
  "seo_alias" : "coc-coolmate",
  "options_values" : [ {
    "title" : "Màu sắc",
    "type" : "COLOR",
    "options" : [ {
      "title" : "Xanh",
      "slug" : "xanh",
      "label" : "",
      "images" : [ "681fdf031f583b08bcb3fcf6", "681fdf031f583b08bcb3fcf7", "681fdf041f583b08bcb3fcf8" ]
    }, {
      "title" : "Trắng",
      "slug" : "trang",
      "label" : "",
      "images" : [ "681fdf041f583b08bcb3fcf9", "681fdf041f583b08bcb3fcfa", "681fdf041f583b08bcb3fcfb" ]
    }, {
      "title" : "Đen",
      "slug" : "den",
      "label" : "",
      "images" : [ "681fdf041f583b08bcb3fcfc", "681fdf041f583b08bcb3fcfd", "681fdf041f583b08bcb3fcfe" ]
    } ]
  } ],
  "collection_id" : "681ca21a2a59db3110ec0b91",
  "display_order" : 324,
  "youtube_video" : "",
  "coming_soon" : false,
  "display_name_open" : "",
  "gender_type" : "MALE",
  "icon_thumbnail" : null,
  "compare_price" : 199000.0,
  "regular_price" : 169000.0
}, {
  "title" : "Thắt lưng nam Coolmate da bò Mill khoá gài khoá tự động",
  "vendor" : "5c482438000c695cfa6f8d22",
  "tags" : [ ],
  "options" : [ {
    "type" : "COLOR",
    "title" : "Màu sắc",
    "values" : [ "Đen" ]
  } ],
  "images" : [ "681fdf071f583b08bcb3fcff", "681fdf071f583b08bcb3fd00" ],
  "discount" : null,
  "seo_alias" : "that-lung-nam-coolmate-da-bo-mill-khoa-gai-tu-dong",
  "options_values" : [ {
    "title" : "Màu sắc",
    "type" : "COLOR",
    "options" : [ {
      "title" : "Đen",
      "slug" : "den",
      "label" : "",
      "images" : [ "681fdf071f583b08bcb3fd01", "681fdf071f583b08bcb3fd02" ]
    } ]
  } ],
  "collection_id" : "681ca21a2a59db3110ec0b91",
  "display_order" : 316,
  "youtube_video" : "",
  "coming_soon" : false,
  "display_name_open" : "",
  "gender_type" : "MALE",
  "icon_thumbnail" : null,
  "compare_price" : 499000.0,
  "regular_price" : 499000.0
}, {
  "title" : "Thắt lưng nam Coolmate da bò Mill Lau khoá cài bấm giả đầu kim",
  "vendor" : "5c482438000c695cfa6f8d22",
  "tags" : [ ],
  "options" : [ {
    "type" : "COLOR",
    "title" : "Màu sắc",
    "values" : [ "Nâu", "Đen" ]
  } ],
  "images" : [ "681fdf081f583b08bcb3fd03", "681fdf081f583b08bcb3fd04", "681fdf081f583b08bcb3fd05", "681fdf081f583b08bcb3fd06" ],
  "discount" : null,
  "seo_alias" : "that-lung-nam-coolmate-da-bo-mill-lau-khoa-cai-bam-gia-dau-kim",
  "options_values" : [ {
    "title" : "Màu sắc",
    "type" : "COLOR",
    "options" : [ {
      "title" : "Nâu",
      "slug" : "nau",
      "label" : "",
      "images" : [ "681fdf081f583b08bcb3fd07", "681fdf081f583b08bcb3fd08", "681fdf081f583b08bcb3fd09", "681fdf081f583b08bcb3fd0a" ]
    }, {
      "title" : "Đen",
      "slug" : "den",
      "label" : "",
      "images" : [ "681fdf091f583b08bcb3fd0b", "681fdf091f583b08bcb3fd0c", "681fdf091f583b08bcb3fd0d", "681fdf091f583b08bcb3fd0e" ]
    } ]
  } ],
  "collection_id" : "681ca21a2a59db3110ec0b91",
  "display_order" : 320,
  "youtube_video" : "",
  "coming_soon" : false,
  "display_name_open" : "",
  "gender_type" : "MALE",
  "icon_thumbnail" : null,
  "compare_price" : 499000.0,
  "regular_price" : 429000.0
}, {
  "title" : "Thắt lưng nam Coolmate da bò Mill khoá gài bấm",
  "vendor" : "5c482438000c695cfa6f8d22",
  "tags" : [ ],
  "options" : [ {
    "type" : "COLOR",
    "title" : "Màu sắc",
    "values" : [ "Đen", "Nâu" ]
  } ],
  "images" : [ "681fdf0a1f583b08bcb3fd0f", "681fdf0a1f583b08bcb3fd10", "681fdf0a1f583b08bcb3fd11", "681fdf0b1f583b08bcb3fd12" ],
  "discount" : null,
  "seo_alias" : "that-lung-nam-coolmate-da-bo-mill-khoa-gai-bam",
  "options_values" : [ {
    "title" : "Màu sắc",
    "type" : "COLOR",
    "options" : [ {
      "title" : "Đen",
      "slug" : "den",
      "label" : "",
      "images" : [ "681fdf0b1f583b08bcb3fd13", "681fdf0b1f583b08bcb3fd14", "681fdf0b1f583b08bcb3fd15", "681fdf0b1f583b08bcb3fd16" ]
    }, {
      "title" : "Nâu",
      "slug" : "nau",
      "label" : "",
      "images" : [ "681fdf0b1f583b08bcb3fd17", "681fdf0c1f583b08bcb3fd18", "681fdf0c1f583b08bcb3fd19", "681fdf0c1f583b08bcb3fd1a" ]
    } ]
  } ],
  "collection_id" : "681ca21a2a59db3110ec0b91",
  "display_order" : 318,
  "youtube_video" : "",
  "coming_soon" : false,
  "display_name_open" : "",
  "gender_type" : "MALE",
  "icon_thumbnail" : null,
  "compare_price" : 499000.0,
  "regular_price" : 499000.0
}, {
  "title" : "Thắt lưng nam Coolmate da bò Mill khoá gài kim",
  "vendor" : "5c482438000c695cfa6f8d22",
  "tags" : [ ],
  "options" : [ {
    "type" : "COLOR",
    "title" : "Màu sắc",
    "values" : [ "Đen", "Nâu" ]
  } ],
  "images" : [ "681fdf0e1f583b08bcb3fd1b", "681fdf0e1f583b08bcb3fd1c", "681fdf0e1f583b08bcb3fd1d", "681fdf0e1f583b08bcb3fd1e" ],
  "discount" : null,
  "seo_alias" : "that-lung-nam-coolmate-da-bo-mill-khoa-gai-kim",
  "options_values" : [ {
    "title" : "Màu sắc",
    "type" : "COLOR",
    "options" : [ {
      "title" : "Đen",
      "slug" : "den",
      "label" : "",
      "images" : [ "681fdf0e1f583b08bcb3fd1f", "681fdf0e1f583b08bcb3fd20", "681fdf0e1f583b08bcb3fd21", "681fdf0e1f583b08bcb3fd22" ]
    }, {
      "title" : "Nâu",
      "slug" : "nau",
      "label" : "",
      "images" : [ "681fdf0e1f583b08bcb3fd23", "681fdf0f1f583b08bcb3fd24", "681fdf0f1f583b08bcb3fd25", "681fdf0f1f583b08bcb3fd26" ]
    } ]
  } ],
  "collection_id" : "681ca21a2a59db3110ec0b91",
  "display_order" : 317,
  "youtube_video" : "",
  "coming_soon" : false,
  "display_name_open" : "",
  "gender_type" : "MALE",
  "icon_thumbnail" : null,
  "compare_price" : 499000.0,
  "regular_price" : 499000.0
}, {
  "title" : "Pack 3 Tất Active cổ trung",
  "vendor" : "5c482438000c695cfa6f8d22",
  "tags" : [ ],
  "options" : [ {
    "type" : "COLOR",
    "title" : "Màu sắc",
    "values" : [ "Đen", "Trắng", "Xám", "Mix" ]
  }, {
    "type" : "SIZE",
    "title" : "Kích thước",
    "values" : [ "39-42", "43-46" ]
  } ],
  "images" : [ "681fdf111f583b08bcb3fd27", "681fdf111f583b08bcb3fd28", "681fdf111f583b08bcb3fd29", "681fdf111f583b08bcb3fd2a", "681fdf111f583b08bcb3fd2b", "681fdf111f583b08bcb3fd2c" ],
  "discount" : null,
  "seo_alias" : "pack-3-tat-active-co-trung",
  "options_values" : [ {
    "title" : "Màu sắc",
    "type" : "COLOR",
    "options" : [ {
      "title" : "Đen",
      "slug" : "den",
      "label" : "",
      "images" : [ "681fdf111f583b08bcb3fd2d", "681fdf121f583b08bcb3fd2e", "681fdf121f583b08bcb3fd2f", "681fdf121f583b08bcb3fd30", "681fdf121f583b08bcb3fd31", "681fdf121f583b08bcb3fd32" ]
    }, {
      "title" : "Trắng",
      "slug" : "trang",
      "label" : "",
      "images" : [ "681fdf121f583b08bcb3fd33", "681fdf121f583b08bcb3fd34", "681fdf121f583b08bcb3fd35", "681fdf131f583b08bcb3fd36", "681fdf131f583b08bcb3fd37", "681fdf131f583b08bcb3fd38" ]
    }, {
      "title" : "Xám",
      "slug" : "xam",
      "label" : "",
      "images" : [ "681fdf131f583b08bcb3fd39", "681fdf131f583b08bcb3fd3a", "681fdf131f583b08bcb3fd3b", "681fdf131f583b08bcb3fd3c", "681fdf131f583b08bcb3fd3d", "681fdf141f583b08bcb3fd3e" ]
    }, {
      "title" : "Mix",
      "slug" : "mix",
      "label" : "",
      "images" : [ "681fdf141f583b08bcb3fd3f", "681fdf141f583b08bcb3fd40", "681fdf141f583b08bcb3fd41", "681fdf141f583b08bcb3fd42", "681fdf141f583b08bcb3fd43", "681fdf141f583b08bcb3fd44" ]
    } ]
  } ],
  "collection_id" : "681ca21a2a59db3110ec0b91",
  "display_order" : 323,
  "youtube_video" : "",
  "coming_soon" : false,
  "display_name_open" : "Cổ trung",
  "gender_type" : "MALE",
  "icon_thumbnail" : null,
  "compare_price" : 99000.0,
  "regular_price" : 99000.0
}, {
  "title" : "Combo 2 đôi Tất cổ dài Cotton Ribbed Coolmate",
  "vendor" : "5c482438000c695cfa6f8d22",
  "tags" : [ ],
  "options" : [ {
    "type" : "COLOR",
    "title" : "Màu sắc",
    "values" : [ "Nâu nhạt", "Nâu đậm", "Rêu", "Đen", "Trắng", "Xám đậm", "Xám Melange", "Xanh Navy" ]
  } ],
  "images" : [ "681fdf171f583b08bcb3fd45", "681fdf171f583b08bcb3fd46", "681fdf171f583b08bcb3fd47", "681fdf171f583b08bcb3fd48", "681fdf171f583b08bcb3fd49", "681fdf181f583b08bcb3fd4a", "681fdf181f583b08bcb3fd4b", "681fdf181f583b08bcb3fd4c", "681fdf181f583b08bcb3fd4d", "681fdf181f583b08bcb3fd4e", "681fdf181f583b08bcb3fd4f", "681fdf181f583b08bcb3fd50", "681fdf181f583b08bcb3fd51", "681fdf191f583b08bcb3fd52", "681fdf191f583b08bcb3fd53", "681fdf191f583b08bcb3fd54" ],
  "discount" : null,
  "seo_alias" : "combo-2-doi-tat-co-dai-cotton-ribbed-coolmate",
  "options_values" : [ {
    "title" : "Màu sắc",
    "type" : "COLOR",
    "options" : [ {
      "title" : "Nâu nhạt",
      "slug" : "nau-nhat",
      "label" : "",
      "images" : [ "681fdf191f583b08bcb3fd55", "681fdf191f583b08bcb3fd56", "681fdf191f583b08bcb3fd57", "681fdf191f583b08bcb3fd58", "681fdf191f583b08bcb3fd59", "681fdf191f583b08bcb3fd5a", "681fdf1a1f583b08bcb3fd5b", "681fdf1b1f583b08bcb3fd5c", "681fdf1b1f583b08bcb3fd5d", "681fdf1b1f583b08bcb3fd5e", "681fdf1b1f583b08bcb3fd5f", "681fdf1b1f583b08bcb3fd60", "681fdf1b1f583b08bcb3fd61", "681fdf1b1f583b08bcb3fd62", "681fdf1c1f583b08bcb3fd63", "681fdf1c1f583b08bcb3fd64" ]
    }, {
      "title" : "Nâu đậm",
      "slug" : "nau-dam",
      "label" : "",
      "images" : [ "681fdf1c1f583b08bcb3fd65", "681fdf1c1f583b08bcb3fd66", "681fdf1c1f583b08bcb3fd67", "681fdf1c1f583b08bcb3fd68", "681fdf1c1f583b08bcb3fd69", "681fdf1c1f583b08bcb3fd6a", "681fdf1d1f583b08bcb3fd6b", "681fdf1d1f583b08bcb3fd6c", "681fdf1d1f583b08bcb3fd6d", "681fdf1d1f583b08bcb3fd6e", "681fdf1d1f583b08bcb3fd6f", "681fdf1d1f583b08bcb3fd70", "681fdf1d1f583b08bcb3fd71", "681fdf1d1f583b08bcb3fd72", "681fdf1e1f583b08bcb3fd73", "681fdf1e1f583b08bcb3fd74" ]
    }, {
      "title" : "Rêu",
      "slug" : "reu",
      "label" : "",
      "images" : [ "681fdf1e1f583b08bcb3fd75", "681fdf1e1f583b08bcb3fd76", "681fdf1e1f583b08bcb3fd77", "681fdf1e1f583b08bcb3fd78", "681fdf1e1f583b08bcb3fd79", "681fdf1f1f583b08bcb3fd7a", "681fdf1f1f583b08bcb3fd7b", "681fdf1f1f583b08bcb3fd7c", "681fdf1f1f583b08bcb3fd7d", "681fdf1f1f583b08bcb3fd7e", "681fdf1f1f583b08bcb3fd7f", "681fdf1f1f583b08bcb3fd80", "681fdf1f1f583b08bcb3fd81", "681fdf1f1f583b08bcb3fd82", "681fdf201f583b08bcb3fd83", "681fdf201f583b08bcb3fd84" ]
    }, {
      "title" : "Đen",
      "slug" : "den",
      "label" : "",
      "images" : [ "681fdf201f583b08bcb3fd85", "681fdf201f583b08bcb3fd86", "681fdf201f583b08bcb3fd87", "681fdf201f583b08bcb3fd88", "681fdf201f583b08bcb3fd89", "681fdf201f583b08bcb3fd8a", "681fdf211f583b08bcb3fd8b", "681fdf211f583b08bcb3fd8c", "681fdf211f583b08bcb3fd8d", "681fdf211f583b08bcb3fd8e", "681fdf211f583b08bcb3fd8f", "681fdf211f583b08bcb3fd90", "681fdf211f583b08bcb3fd91", "681fdf211f583b08bcb3fd92", "681fdf211f583b08bcb3fd93", "681fdf221f583b08bcb3fd94" ]
    }, {
      "title" : "Trắng",
      "slug" : "trang",
      "label" : "",
      "images" : [ "681fdf221f583b08bcb3fd95", "681fdf221f583b08bcb3fd96", "681fdf221f583b08bcb3fd97", "681fdf221f583b08bcb3fd98", "681fdf221f583b08bcb3fd99", "681fdf221f583b08bcb3fd9a", "681fdf231f583b08bcb3fd9b", "681fdf231f583b08bcb3fd9c", "681fdf231f583b08bcb3fd9d", "681fdf231f583b08bcb3fd9e", "681fdf231f583b08bcb3fd9f", "681fdf231f583b08bcb3fda0", "681fdf231f583b08bcb3fda1", "681fdf231f583b08bcb3fda2", "681fdf231f583b08bcb3fda3", "681fdf241f583b08bcb3fda4" ]
    }, {
      "title" : "Xám đậm",
      "slug" : "xam-dam",
      "label" : "",
      "images" : [ "681fdf241f583b08bcb3fda5", "681fdf241f583b08bcb3fda6", "681fdf241f583b08bcb3fda7", "681fdf241f583b08bcb3fda8", "681fdf251f583b08bcb3fda9", "681fdf251f583b08bcb3fdaa", "681fdf251f583b08bcb3fdab", "681fdf251f583b08bcb3fdac", "681fdf251f583b08bcb3fdad", "681fdf251f583b08bcb3fdae", "681fdf251f583b08bcb3fdaf", "681fdf251f583b08bcb3fdb0", "681fdf261f583b08bcb3fdb1", "681fdf261f583b08bcb3fdb2", "681fdf261f583b08bcb3fdb3", "681fdf261f583b08bcb3fdb4" ]
    }, {
      "title" : "Xám Melange",
      "slug" : "xam-melange",
      "label" : "",
      "images" : [ "681fdf261f583b08bcb3fdb5", "681fdf261f583b08bcb3fdb6", "681fdf261f583b08bcb3fdb7", "681fdf261f583b08bcb3fdb8", "681fdf271f583b08bcb3fdb9", "681fdf271f583b08bcb3fdba", "681fdf271f583b08bcb3fdbb", "681fdf271f583b08bcb3fdbc", "681fdf271f583b08bcb3fdbd", "681fdf271f583b08bcb3fdbe", "681fdf271f583b08bcb3fdbf", "681fdf271f583b08bcb3fdc0", "681fdf271f583b08bcb3fdc1", "681fdf281f583b08bcb3fdc2", "681fdf281f583b08bcb3fdc3", "681fdf281f583b08bcb3fdc4" ]
    }, {
      "title" : "Xanh Navy",
      "slug" : "xanh-navy",
      "label" : "",
      "images" : [ "681fdf281f583b08bcb3fdc5", "681fdf281f583b08bcb3fdc6", "681fdf281f583b08bcb3fdc7", "681fdf281f583b08bcb3fdc8", "681fdf281f583b08bcb3fdc9", "681fdf281f583b08bcb3fdca", "681fdf291f583b08bcb3fdcb", "681fdf291f583b08bcb3fdcc", "681fdf291f583b08bcb3fdcd", "681fdf291f583b08bcb3fdce", "681fdf291f583b08bcb3fdcf", "681fdf291f583b08bcb3fdd0", "681fdf291f583b08bcb3fdd1", "681fdf291f583b08bcb3fdd2", "681fdf291f583b08bcb3fdd3", "681fdf2a1f583b08bcb3fdd4" ]
    } ]
  } ],
  "collection_id" : "681ca21a2a59db3110ec0b91",
  "display_order" : 25,
  "youtube_video" : "",
  "coming_soon" : false,
  "display_name_open" : "Thoáng khí",
  "gender_type" : "MALE",
  "icon_thumbnail" : null,
  "compare_price" : 139000.0,
  "regular_price" : 109000.0
}, {
  "title" : "Combo 2 đôi Tất cổ trung Cotton Ribbed Coolmate",
  "vendor" : "5c482438000c695cfa6f8d22",
  "tags" : [ ],
  "options" : [ {
    "type" : "COLOR",
    "title" : "Màu sắc",
    "values" : [ "Trắng", "Xám Melange", "Xanh Navy", "Đen" ]
  } ],
  "images" : [ "681fdf361f583b08bcb3fdd5", "681fdf361f583b08bcb3fdd6", "681fdf361f583b08bcb3fdd7", "681fdf361f583b08bcb3fdd8", "681fdf361f583b08bcb3fdd9", "681fdf371f583b08bcb3fdda", "681fdf371f583b08bcb3fddb", "681fdf381f583b08bcb3fddc" ],
  "discount" : null,
  "seo_alias" : "-2-doi-tat-co-trung-ribbed-coolmate",
  "options_values" : [ {
    "title" : "Màu sắc",
    "type" : "COLOR",
    "options" : [ {
      "title" : "Trắng",
      "slug" : "trang",
      "label" : "",
      "images" : [ "681fdf381f583b08bcb3fddd", "681fdf381f583b08bcb3fdde", "681fdf381f583b08bcb3fddf", "681fdf381f583b08bcb3fde0", "681fdf391f583b08bcb3fde1", "681fdf391f583b08bcb3fde2", "681fdf391f583b08bcb3fde3", "681fdf391f583b08bcb3fde4" ]
    }, {
      "title" : "Xám Melange",
      "slug" : "xam-melange",
      "label" : "",
      "images" : [ "681fdf391f583b08bcb3fde5", "681fdf391f583b08bcb3fde6", "681fdf391f583b08bcb3fde7", "681fdf391f583b08bcb3fde8", "681fdf391f583b08bcb3fde9", "681fdf391f583b08bcb3fdea", "681fdf391f583b08bcb3fdeb", "681fdf391f583b08bcb3fdec" ]
    }, {
      "title" : "Xanh Navy",
      "slug" : "xanh-navy",
      "label" : "",
      "images" : [ "681fdf3a1f583b08bcb3fded", "681fdf3a1f583b08bcb3fdee", "681fdf3a1f583b08bcb3fdef", "681fdf3a1f583b08bcb3fdf0", "681fdf3a1f583b08bcb3fdf1", "681fdf3a1f583b08bcb3fdf2", "681fdf3a1f583b08bcb3fdf3", "681fdf3a1f583b08bcb3fdf4" ]
    }, {
      "title" : "Đen",
      "slug" : "den",
      "label" : "",
      "images" : [ "681fdf3a1f583b08bcb3fdf5", "681fdf3a1f583b08bcb3fdf6", "681fdf3b1f583b08bcb3fdf7", "681fdf3b1f583b08bcb3fdf8", "681fdf3b1f583b08bcb3fdf9", "681fdf3b1f583b08bcb3fdfa", "681fdf3b1f583b08bcb3fdfb", "681fdf3b1f583b08bcb3fdfc" ]
    } ]
  } ],
  "collection_id" : "681ca21a2a59db3110ec0b91",
  "display_order" : 315,
  "youtube_video" : "",
  "coming_soon" : false,
  "display_name_open" : "Thoáng khí",
  "gender_type" : "MALE",
  "icon_thumbnail" : null,
  "compare_price" : 118000.0,
  "regular_price" : 89000.0
}, {
  "title" : "Tất bóng đá cổ cao",
  "vendor" : "5c482438000c695cfa6f8d22",
  "tags" : [ ],
  "options" : [ {
    "type" : "COLOR",
    "title" : "Màu sắc",
    "values" : [ "Đen-Trắng", "Đen-Đỏ", "Xanh" ]
  }, {
    "type" : "SIZE",
    "title" : "Kích thước",
    "values" : [ "39-42", "43-46" ]
  } ],
  "images" : [ "681fdf3f1f583b08bcb3fdfd", "681fdf3f1f583b08bcb3fdfe", "681fdf3f1f583b08bcb3fdff", "681fdf3f1f583b08bcb3fe00", "681fdf3f1f583b08bcb3fe01", "681fdf3f1f583b08bcb3fe02", "681fdf401f583b08bcb3fe03", "681fdf401f583b08bcb3fe04", "681fdf401f583b08bcb3fe05" ],
  "discount" : null,
  "seo_alias" : "tat-bong-da-co-cao",
  "options_values" : [ {
    "title" : "Màu sắc",
    "type" : "COLOR",
    "options" : [ {
      "title" : "Đen-Trắng",
      "slug" : "den-trang",
      "label" : "",
      "images" : [ "681fdf411f583b08bcb3fe06", "681fdf411f583b08bcb3fe07", "681fdf411f583b08bcb3fe08", "681fdf411f583b08bcb3fe09", "681fdf411f583b08bcb3fe0a", "681fdf411f583b08bcb3fe0b", "681fdf411f583b08bcb3fe0c", "681fdf411f583b08bcb3fe0d", "681fdf411f583b08bcb3fe0e" ]
    }, {
      "title" : "Đen-Đỏ",
      "slug" : "den-do",
      "label" : "",
      "images" : [ "681fdf411f583b08bcb3fe0f", "681fdf411f583b08bcb3fe10", "681fdf411f583b08bcb3fe11", "681fdf411f583b08bcb3fe12", "681fdf421f583b08bcb3fe13", "681fdf421f583b08bcb3fe14", "681fdf431f583b08bcb3fe15", "681fdf431f583b08bcb3fe16", "681fdf431f583b08bcb3fe17" ]
    }, {
      "title" : "Xanh",
      "slug" : "xanh",
      "label" : "",
      "images" : [ "681fdf431f583b08bcb3fe18", "681fdf441f583b08bcb3fe19", "681fdf441f583b08bcb3fe1a", "681fdf441f583b08bcb3fe1b", "681fdf441f583b08bcb3fe1c", "681fdf441f583b08bcb3fe1d", "681fdf441f583b08bcb3fe1e", "681fdf441f583b08bcb3fe1f", "681fdf441f583b08bcb3fe20" ]
    } ]
  } ],
  "collection_id" : "681ca21a2a59db3110ec0b91",
  "display_order" : 321,
  "youtube_video" : "",
  "coming_soon" : false,
  "display_name_open" : "Thoáng khí",
  "gender_type" : "MALE",
  "icon_thumbnail" : null,
  "compare_price" : 60000.0,
  "regular_price" : 60000.0
}, {
  "title" : "Headband thể thao",
  "vendor" : "5c482438000c695cfa6f8d22",
  "tags" : [ ],
  "options" : [ {
    "type" : "COLOR",
    "title" : "Màu sắc",
    "values" : [ "Trắng", "Đen", "Xanh Navy" ]
  } ],
  "images" : [ "681fdf481f583b08bcb3fe21", "681fdf481f583b08bcb3fe22", "681fdf481f583b08bcb3fe23", "681fdf481f583b08bcb3fe24", "681fdf481f583b08bcb3fe25", "681fdf481f583b08bcb3fe26" ],
  "discount" : null,
  "seo_alias" : "headband-the-thao",
  "options_values" : [ {
    "title" : "Màu sắc",
    "type" : "COLOR",
    "options" : [ {
      "title" : "Trắng",
      "slug" : "trang",
      "label" : "",
      "images" : [ "681fdf481f583b08bcb3fe27", "681fdf491f583b08bcb3fe28", "681fdf491f583b08bcb3fe29", "681fdf491f583b08bcb3fe2a", "681fdf491f583b08bcb3fe2b", "681fdf4a1f583b08bcb3fe2c" ]
    }, {
      "title" : "Đen",
      "slug" : "den",
      "label" : "",
      "images" : [ "681fdf4a1f583b08bcb3fe2d", "681fdf4a1f583b08bcb3fe2e", "681fdf4a1f583b08bcb3fe2f", "681fdf4a1f583b08bcb3fe30", "681fdf4a1f583b08bcb3fe31", "681fdf4a1f583b08bcb3fe32" ]
    }, {
      "title" : "Xanh Navy",
      "slug" : "xanh-navy",
      "label" : "",
      "images" : [ "681fdf4b1f583b08bcb3fe33", "681fdf4b1f583b08bcb3fe34", "681fdf4c1f583b08bcb3fe35", "681fdf4c1f583b08bcb3fe36", "681fdf4c1f583b08bcb3fe37", "681fdf4c1f583b08bcb3fe38" ]
    } ]
  } ],
  "collection_id" : "681ca21a2a59db3110ec0b91",
  "display_order" : 477,
  "youtube_video" : "",
  "coming_soon" : false,
  "display_name_open" : " Thấm hút - Mềm mại",
  "gender_type" : "MALE",
  "icon_thumbnail" : null,
  "compare_price" : 79000.0,
  "regular_price" : 79000.0
}, {
  "title" : " Wristband thể thao",
  "vendor" : "5c482438000c695cfa6f8d22",
  "tags" : [ ],
  "options" : [ {
    "type" : "COLOR",
    "title" : "Màu sắc",
    "values" : [ "Trắng", "Đen", "Xanh Navy" ]
  } ],
  "images" : [ "681fdf4e1f583b08bcb3fe39", "681fdf4e1f583b08bcb3fe3a", "681fdf4e1f583b08bcb3fe3b", "681fdf4f1f583b08bcb3fe3c", "681fdf4f1f583b08bcb3fe3d" ],
  "discount" : null,
  "seo_alias" : "wristband-the-thao",
  "options_values" : [ {
    "title" : "Màu sắc",
    "type" : "COLOR",
    "options" : [ {
      "title" : "Trắng",
      "slug" : "trang",
      "label" : "",
      "images" : [ "681fdf4f1f583b08bcb3fe3e", "681fdf4f1f583b08bcb3fe3f", "681fdf4f1f583b08bcb3fe40", "681fdf4f1f583b08bcb3fe41", "681fdf4f1f583b08bcb3fe42" ]
    }, {
      "title" : "Đen",
      "slug" : "den",
      "label" : "",
      "images" : [ "681fdf501f583b08bcb3fe43", "681fdf501f583b08bcb3fe44", "681fdf501f583b08bcb3fe45", "681fdf501f583b08bcb3fe46", "681fdf501f583b08bcb3fe47" ]
    }, {
      "title" : "Xanh Navy",
      "slug" : "xanh-navy",
      "label" : "",
      "images" : [ "681fdf501f583b08bcb3fe48", "681fdf501f583b08bcb3fe49", "681fdf501f583b08bcb3fe4a", "681fdf501f583b08bcb3fe4b", "681fdf511f583b08bcb3fe4c" ]
    } ]
  } ],
  "collection_id" : "681ca21a2a59db3110ec0b91",
  "display_order" : 421,
  "youtube_video" : "",
  "coming_soon" : false,
  "display_name_open" : " Thấm hút - Mềm mại",
  "gender_type" : "MALE",
  "icon_thumbnail" : null,
  "compare_price" : 59000.0,
  "regular_price" : 59000.0
}, {
  "title" : "Combo 2 Tất Thể Thao Cổ Trung Cushion",
  "vendor" : "5c482438000c695cfa6f8d22",
  "tags" : [ ],
  "options" : [ {
    "type" : "COLOR",
    "title" : "Màu sắc",
    "values" : [ "Trắng" ]
  } ],
  "images" : [ "681fdf531f583b08bcb3fe4d", "681fdf541f583b08bcb3fe4e", "681fdf541f583b08bcb3fe4f", "681fdf541f583b08bcb3fe50", "681fdf541f583b08bcb3fe51", "681fdf541f583b08bcb3fe52" ],
  "discount" : null,
  "seo_alias" : "tat-the-thao-co-trung-cotton-cushion-thoang-khi",
  "options_values" : [ {
    "title" : "Màu sắc",
    "type" : "COLOR",
    "options" : [ {
      "title" : "Trắng",
      "slug" : "trang",
      "label" : "",
      "images" : [ "681fdf541f583b08bcb3fe53", "681fdf541f583b08bcb3fe54", "681fdf541f583b08bcb3fe55", "681fdf541f583b08bcb3fe56", "681fdf541f583b08bcb3fe57", "681fdf551f583b08bcb3fe58" ]
    } ]
  } ],
  "collection_id" : "681ca21a2a59db3110ec0b91",
  "display_order" : 525,
  "youtube_video" : "",
  "coming_soon" : false,
  "display_name_open" : "Thoáng khí",
  "gender_type" : "MALE",
  "icon_thumbnail" : null,
  "compare_price" : 119000.0,
  "regular_price" : 108000.0
}, {
  "title" : "Pack 3 Tất Active cổ ngắn",
  "vendor" : "5c482438000c695cfa6f8d22",
  "tags" : [ ],
  "options" : [ {
    "type" : "COLOR",
    "title" : "Màu sắc",
    "values" : [ "Đen", "Trắng", "Xám", "Mix" ]
  }, {
    "type" : "SIZE",
    "title" : "Kích thước",
    "values" : [ "39-42", "43-46" ]
  } ],
  "images" : [ "681fdf561f583b08bcb3fe59", "681fdf561f583b08bcb3fe5a", "681fdf561f583b08bcb3fe5b", "681fdf571f583b08bcb3fe5c", "681fdf571f583b08bcb3fe5d", "681fdf571f583b08bcb3fe5e" ],
  "discount" : null,
  "seo_alias" : "pack-3-tat-active-co-ngan",
  "options_values" : [ {
    "title" : "Màu sắc",
    "type" : "COLOR",
    "options" : [ {
      "title" : "Đen",
      "slug" : "den",
      "label" : "",
      "images" : [ "681fdf581f583b08bcb3fe5f", "681fdf581f583b08bcb3fe60", "681fdf581f583b08bcb3fe61", "681fdf581f583b08bcb3fe62", "681fdf581f583b08bcb3fe63", "681fdf581f583b08bcb3fe64" ]
    }, {
      "title" : "Trắng",
      "slug" : "trang",
      "label" : "",
      "images" : [ "681fdf581f583b08bcb3fe65", "681fdf581f583b08bcb3fe66", "681fdf581f583b08bcb3fe67", "681fdf591f583b08bcb3fe68", "681fdf591f583b08bcb3fe69", "681fdf591f583b08bcb3fe6a" ]
    }, {
      "title" : "Xám",
      "slug" : "xam",
      "label" : "",
      "images" : [ "681fdf591f583b08bcb3fe6b", "681fdf591f583b08bcb3fe6c", "681fdf591f583b08bcb3fe6d", "681fdf591f583b08bcb3fe6e", "681fdf591f583b08bcb3fe6f", "681fdf591f583b08bcb3fe70" ]
    }, {
      "title" : "Mix",
      "slug" : "mix",
      "label" : "",
      "images" : [ "681fdf5a1f583b08bcb3fe71", "681fdf5a1f583b08bcb3fe72", "681fdf5a1f583b08bcb3fe73", "681fdf5a1f583b08bcb3fe74", "681fdf5a1f583b08bcb3fe75", "681fdf5a1f583b08bcb3fe76" ]
    } ]
  } ],
  "collection_id" : "681ca21a2a59db3110ec0b91",
  "display_order" : 25,
  "youtube_video" : "",
  "coming_soon" : false,
  "display_name_open" : "Cổ ngắn",
  "gender_type" : "MALE",
  "icon_thumbnail" : null,
  "compare_price" : 99000.0,
  "regular_price" : 99000.0
}, {
  "title" : "Combo phụ kiện chống nắng Coolmate",
  "vendor" : "5c482438000c695cfa6f8d22",
  "tags" : [ ],
  "options" : [ {
    "type" : "COLOR",
    "title" : "Màu sắc",
    "values" : [ "Đỏ-Nâu", "Hồng-Trắng", "Nâu", "Xanh-Xám", "Xanh đậm" ]
  } ],
  "images" : [ "681fdf5d1f583b08bcb3fe77", "681fdf5d1f583b08bcb3fe78", "681fdf5d1f583b08bcb3fe79", "681fdf5d1f583b08bcb3fe7a", "681fdf5d1f583b08bcb3fe7b", "681fdf5d1f583b08bcb3fe7c", "681fdf5d1f583b08bcb3fe7d" ],
  "discount" : null,
  "seo_alias" : "combo-phu-kien-chong-nang-coolmate",
  "options_values" : [ {
    "title" : "Màu sắc",
    "type" : "COLOR",
    "options" : [ {
      "title" : "Đỏ-Nâu",
      "slug" : "do-nau",
      "label" : "",
      "images" : [ "681fdf5e1f583b08bcb3fe7e", "681fdf5e1f583b08bcb3fe7f", "681fdf5e1f583b08bcb3fe80", "681fdf5e1f583b08bcb3fe81", "681fdf5e1f583b08bcb3fe82", "681fdf5f1f583b08bcb3fe83", "681fdf5f1f583b08bcb3fe84" ]
    }, {
      "title" : "Hồng-Trắng",
      "slug" : "hong-trang",
      "label" : "",
      "images" : [ "681fdf5f1f583b08bcb3fe85", "681fdf5f1f583b08bcb3fe86", "681fdf5f1f583b08bcb3fe87", "681fdf5f1f583b08bcb3fe88", "681fdf5f1f583b08bcb3fe89", "681fdf5f1f583b08bcb3fe8a", "681fdf5f1f583b08bcb3fe8b" ]
    }, {
      "title" : "Nâu",
      "slug" : "nau",
      "label" : "",
      "images" : [ "681fdf5f1f583b08bcb3fe8c", "681fdf5f1f583b08bcb3fe8d", "681fdf5f1f583b08bcb3fe8e", "681fdf5f1f583b08bcb3fe8f", "681fdf5f1f583b08bcb3fe90", "681fdf601f583b08bcb3fe91", "681fdf601f583b08bcb3fe92" ]
    }, {
      "title" : "Xanh-Xám",
      "slug" : "xanh-xam",
      "label" : "",
      "images" : [ "681fdf601f583b08bcb3fe93", "681fdf601f583b08bcb3fe94", "681fdf601f583b08bcb3fe95", "681fdf601f583b08bcb3fe96", "681fdf611f583b08bcb3fe97", "681fdf611f583b08bcb3fe98", "681fdf611f583b08bcb3fe99" ]
    }, {
      "title" : "Xanh đậm",
      "slug" : "xanh-dam",
      "label" : "",
      "images" : [ "681fdf611f583b08bcb3fe9a", "681fdf611f583b08bcb3fe9b", "681fdf611f583b08bcb3fe9c", "681fdf611f583b08bcb3fe9d", "681fdf611f583b08bcb3fe9e", "681fdf611f583b08bcb3fe9f", "681fdf621f583b08bcb3fea0" ]
    } ]
  } ],
  "collection_id" : "681ca21a2a59db3110ec0b91",
  "display_order" : 1,
  "youtube_video" : "",
  "coming_soon" : false,
  "display_name_open" : "",
  "gender_type" : "UNISEX",
  "icon_thumbnail" : null,
  "compare_price" : 336000.0,
  "regular_price" : 299000.0
}, {
  "title" : "Tất Thể Thao Seamless Cổ Dài",
  "vendor" : "5c482438000c695cfa6f8d22",
  "tags" : [ ],
  "options" : [ {
    "type" : "COLOR",
    "title" : "Màu sắc",
    "values" : [ "Đen", "Trắng" ]
  }, {
    "type" : "SIZE",
    "title" : "Kích thước",
    "values" : [ "39-42", "43-46" ]
  } ],
  "images" : [ "681fdf651f583b08bcb3fea1", "681fdf651f583b08bcb3fea2", "681fdf651f583b08bcb3fea3", "681fdf651f583b08bcb3fea4" ],
  "discount" : null,
  "seo_alias" : "tat-the-thao-seamless-chay-bo-co-dai",
  "options_values" : [ {
    "title" : "Màu sắc",
    "type" : "COLOR",
    "options" : [ {
      "title" : "Đen",
      "slug" : "den",
      "label" : "",
      "images" : [ "681fdf661f583b08bcb3fea5", "681fdf661f583b08bcb3fea6", "681fdf661f583b08bcb3fea7", "681fdf661f583b08bcb3fea8" ]
    }, {
      "title" : "Trắng",
      "slug" : "trang",
      "label" : "",
      "images" : [ "681fdf661f583b08bcb3fea9", "681fdf661f583b08bcb3feaa", "681fdf661f583b08bcb3feab", "681fdf661f583b08bcb3feac" ]
    } ]
  } ],
  "collection_id" : "681ca21a2a59db3110ec0b91",
  "display_order" : 1,
  "youtube_video" : "",
  "coming_soon" : false,
  "display_name_open" : "Thoáng khí",
  "gender_type" : "MALE",
  "icon_thumbnail" : null,
  "compare_price" : 69000.0,
  "regular_price" : 59000.0
}, {
  "title" : "Tất Thể Thao Seamless Cổ Ngắn",
  "vendor" : "5c482438000c695cfa6f8d22",
  "tags" : [ ],
  "options" : [ {
    "type" : "COLOR",
    "title" : "Màu sắc",
    "values" : [ "Trắng", "Đen" ]
  }, {
    "type" : "SIZE",
    "title" : "Kích thước",
    "values" : [ "39-42", "43-46" ]
  } ],
  "images" : [ "681fdf681f583b08bcb3fead", "681fdf691f583b08bcb3feae", "681fdf691f583b08bcb3feaf", "681fdf691f583b08bcb3feb0" ],
  "discount" : null,
  "seo_alias" : "tat-the-thao-chay-bo-seamless-co-ngan",
  "options_values" : [ {
    "title" : "Màu sắc",
    "type" : "COLOR",
    "options" : [ {
      "title" : "Trắng",
      "slug" : "trang",
      "label" : "",
      "images" : [ "681fdf691f583b08bcb3feb1", "681fdf691f583b08bcb3feb2", "681fdf691f583b08bcb3feb3", "681fdf691f583b08bcb3feb4" ]
    }, {
      "title" : "Đen",
      "slug" : "den",
      "label" : "",
      "images" : [ "681fdf691f583b08bcb3feb5", "681fdf691f583b08bcb3feb6", "681fdf691f583b08bcb3feb7", "681fdf691f583b08bcb3feb8" ]
    } ]
  } ],
  "collection_id" : "681ca21a2a59db3110ec0b91",
  "display_order" : 1,
  "youtube_video" : "",
  "coming_soon" : false,
  "display_name_open" : "Thoáng khí",
  "gender_type" : "MALE",
  "icon_thumbnail" : null,
  "compare_price" : 69000.0,
  "regular_price" : 59000.0
}, {
  "title" : "Tất Nam Chạy Bộ Active Cổ Dài",
  "vendor" : "5c482438000c695cfa6f8d22",
  "tags" : [ ],
  "options" : [ {
    "type" : "COLOR",
    "title" : "Màu sắc",
    "values" : [ "Xám phối xanh", "Đen phối xanh lá", "Xanh Navy phối đen" ]
  }, {
    "type" : "SIZE",
    "title" : "Kích thước",
    "values" : [ "39-42", "43-46" ]
  } ],
  "images" : [ "681fdf6b1f583b08bcb3feb9", "681fdf6b1f583b08bcb3feba", "681fdf6b1f583b08bcb3febb", "681fdf6b1f583b08bcb3febc", "681fdf6c1f583b08bcb3febd" ],
  "discount" : null,
  "seo_alias" : "tat-chay-bo-co-dai-coolmate-active1",
  "options_values" : [ {
    "title" : "Màu sắc",
    "type" : "COLOR",
    "options" : [ {
      "title" : "Xám phối xanh",
      "slug" : "xam-phoi-xanh",
      "label" : "",
      "images" : [ "681fdf6c1f583b08bcb3febe", "681fdf6c1f583b08bcb3febf", "681fdf6c1f583b08bcb3fec0", "681fdf6c1f583b08bcb3fec1", "681fdf6c1f583b08bcb3fec2" ]
    }, {
      "title" : "Đen phối xanh lá",
      "slug" : "den-phoi-xanh-la",
      "label" : "",
      "images" : [ "681fdf6d1f583b08bcb3fec3", "681fdf6d1f583b08bcb3fec4", "681fdf6d1f583b08bcb3fec5", "681fdf6d1f583b08bcb3fec6", "681fdf6d1f583b08bcb3fec7" ]
    }, {
      "title" : "Xanh Navy phối đen",
      "slug" : "xanh-navy-phoi-den",
      "label" : "",
      "images" : [ "681fdf6d1f583b08bcb3fec8", "681fdf6d1f583b08bcb3fec9", "681fdf6e1f583b08bcb3feca", "681fdf6e1f583b08bcb3fecb", "681fdf6e1f583b08bcb3fecc" ]
    } ]
  } ],
  "collection_id" : "681ca21a2a59db3110ec0b91",
  "display_order" : 1,
  "youtube_video" : "",
  "coming_soon" : false,
  "display_name_open" : "Thoáng khí",
  "gender_type" : "MALE",
  "icon_thumbnail" : null,
  "compare_price" : 70000.0,
  "regular_price" : 59000.0
}, {
  "title" : "Tất Nam chạy bộ Advanced",
  "vendor" : "5c482438000c695cfa6f8d22",
  "tags" : [ "CLEARANCE_SALE" ],
  "options" : [ {
    "type" : "COLOR",
    "title" : "Màu sắc",
    "values" : [ "Đen", "Trắng", "Cam" ]
  }, {
    "type" : "SIZE",
    "title" : "Kích thước",
    "values" : [ "39-42", "43-46" ]
  } ],
  "images" : [ "681fdf701f583b08bcb3fecd", "681fdf701f583b08bcb3fece", "681fdf701f583b08bcb3fecf", "681fdf701f583b08bcb3fed0", "681fdf701f583b08bcb3fed1", "681fdf701f583b08bcb3fed2", "681fdf701f583b08bcb3fed3", "681fdf701f583b08bcb3fed4" ],
  "discount" : null,
  "seo_alias" : "tat-vo-chay-bo-co-trung-advanced",
  "options_values" : [ {
    "title" : "Màu sắc",
    "type" : "COLOR",
    "options" : [ {
      "title" : "Đen",
      "slug" : "den",
      "label" : "",
      "images" : [ "681fdf701f583b08bcb3fed5", "681fdf701f583b08bcb3fed6", "681fdf711f583b08bcb3fed7", "681fdf711f583b08bcb3fed8", "681fdf711f583b08bcb3fed9", "681fdf711f583b08bcb3feda", "681fdf711f583b08bcb3fedb", "681fdf711f583b08bcb3fedc" ]
    }, {
      "title" : "Trắng",
      "slug" : "trang",
      "label" : "",
      "images" : [ "681fdf711f583b08bcb3fedd", "681fdf711f583b08bcb3fede", "681fdf711f583b08bcb3fedf", "681fdf721f583b08bcb3fee0", "681fdf721f583b08bcb3fee1", "681fdf721f583b08bcb3fee2", "681fdf721f583b08bcb3fee3", "681fdf721f583b08bcb3fee4" ]
    }, {
      "title" : "Cam",
      "slug" : "cam",
      "label" : "",
      "images" : [ "681fdf721f583b08bcb3fee5", "681fdf721f583b08bcb3fee6", "681fdf731f583b08bcb3fee7", "681fdf731f583b08bcb3fee8", "681fdf731f583b08bcb3fee9", "681fdf731f583b08bcb3feea", "681fdf731f583b08bcb3feeb", "681fdf731f583b08bcb3feec" ]
    } ]
  } ],
  "collection_id" : "681ca21a2a59db3110ec0b91",
  "display_order" : 1,
  "youtube_video" : "",
  "coming_soon" : false,
  "display_name_open" : "Cổ trung",
  "gender_type" : "MALE",
  "icon_thumbnail" : null,
  "compare_price" : 69000.0,
  "regular_price" : 59000.0
}, {
  "title" : "Mũ lưỡi trai chạy bộ Unisex",
  "vendor" : "5c482438000c695cfa6f8d22",
  "tags" : [ "NEW" ],
  "options" : [ {
    "type" : "COLOR",
    "title" : "Màu sắc",
    "values" : [ "Đen", "Xám" ]
  }, {
    "type" : "SIZE",
    "title" : "Kích thước",
    "values" : [ "S", "M" ]
  } ],
  "images" : [ "681fdf771f583b08bcb3feed", "681fdf771f583b08bcb3feee" ],
  "discount" : null,
  "seo_alias" : "mu-luoi-trai-chay-bo-unisex",
  "options_values" : [ {
    "title" : "Màu sắc",
    "type" : "COLOR",
    "options" : [ {
      "title" : "Đen",
      "slug" : "den",
      "label" : "",
      "images" : [ "681fdf771f583b08bcb3feef", "681fdf771f583b08bcb3fef0" ]
    }, {
      "title" : "Xám",
      "slug" : "xam",
      "label" : "",
      "images" : [ "681fdf771f583b08bcb3fef1", "681fdf771f583b08bcb3fef2" ]
    } ]
  } ],
  "collection_id" : "681ca21a2a59db3110ec0b91",
  "display_order" : 2,
  "youtube_video" : "",
  "coming_soon" : false,
  "display_name_open" : "",
  "gender_type" : "UNISEX",
  "icon_thumbnail" : null,
  "compare_price" : 229000.0,
  "regular_price" : 229000.0
}, {
  "title" : "Mũ bơi nam Coolmate",
  "vendor" : "5c482438000c695cfa6f8d22",
  "tags" : [ "NEW" ],
  "options" : [ {
    "type" : "COLOR",
    "title" : "Màu sắc",
    "values" : [ "Xanh đậm" ]
  } ],
  "images" : [ "681fdf781f583b08bcb3fef3" ],
  "discount" : null,
  "seo_alias" : "mu-boi-nam-coolmate",
  "options_values" : [ {
    "title" : "Màu sắc",
    "type" : "COLOR",
    "options" : [ {
      "title" : "Xanh đậm",
      "slug" : "xanh-dam",
      "label" : "",
      "images" : [ "681fdf791f583b08bcb3fef4" ]
    } ]
  } ],
  "collection_id" : "681ca21a2a59db3110ec0b91",
  "display_order" : 2,
  "youtube_video" : "",
  "coming_soon" : false,
  "display_name_open" : "",
  "gender_type" : "MALE",
  "icon_thumbnail" : null,
  "compare_price" : 99000.0,
  "regular_price" : 99000.0
}, {
  "title" : "Tất Nam Thể Thao Bouncing",
  "vendor" : "5c482438000c695cfa6f8d22",
  "tags" : [ ],
  "options" : [ {
    "type" : "COLOR",
    "title" : "Màu sắc",
    "values" : [ "Xám phối Neon", "Trắng phối Đen", "Xanh Navy" ]
  } ],
  "images" : [ "681fdf791f583b08bcb3fef5", "681fdf791f583b08bcb3fef6", "681fdf791f583b08bcb3fef7", "681fdf7a1f583b08bcb3fef8", "681fdf7a1f583b08bcb3fef9" ],
  "discount" : null,
  "seo_alias" : "tat-the-thao-co-ngan-compression-bouncing",
  "options_values" : [ {
    "title" : "Màu sắc",
    "type" : "COLOR",
    "options" : [ {
      "title" : "Xám phối Neon",
      "slug" : "xam-phoi-neon",
      "label" : "",
      "images" : [ "681fdf7a1f583b08bcb3fefa", "681fdf7a1f583b08bcb3fefb", "681fdf7a1f583b08bcb3fefc", "681fdf7a1f583b08bcb3fefd", "681fdf7a1f583b08bcb3fefe" ]
    }, {
      "title" : "Trắng phối Đen",
      "slug" : "trang-phoi-den",
      "label" : "",
      "images" : [ "681fdf7a1f583b08bcb3feff", "681fdf7b1f583b08bcb3ff00", "681fdf7b1f583b08bcb3ff01", "681fdf7b1f583b08bcb3ff02", "681fdf7c1f583b08bcb3ff03" ]
    }, {
      "title" : "Xanh Navy",
      "slug" : "xanh-navy",
      "label" : "",
      "images" : [ "681fdf7c1f583b08bcb3ff04", "681fdf7c1f583b08bcb3ff05", "681fdf7c1f583b08bcb3ff06", "681fdf7c1f583b08bcb3ff07", "681fdf7c1f583b08bcb3ff08" ]
    } ]
  } ],
  "collection_id" : "681ca21a2a59db3110ec0b91",
  "display_order" : 66,
  "youtube_video" : "",
  "coming_soon" : false,
  "display_name_open" : "Cổ ngắn",
  "gender_type" : "MALE",
  "icon_thumbnail" : null,
  "compare_price" : 69000.0,
  "regular_price" : 59000.0
}, {
  "title" : "Tất Nam Thể Thao Cushion",
  "vendor" : "5c482438000c695cfa6f8d22",
  "tags" : [ ],
  "options" : [ {
    "type" : "COLOR",
    "title" : "Màu sắc",
    "values" : [ "Đen phối Cam", "Đen phối Xanh lá", "Trắng phối Đen", "Trắng phối Neon" ]
  }, {
    "type" : "SIZE",
    "title" : "Kích thước",
    "values" : [ "39-42", "43-46" ]
  } ],
  "images" : [ "681fdf7e1f583b08bcb3ff09", "681fdf7e1f583b08bcb3ff0a", "681fdf7e1f583b08bcb3ff0b", "681fdf7e1f583b08bcb3ff0c", "681fdf7f1f583b08bcb3ff0d" ],
  "discount" : null,
  "seo_alias" : "tat-the-thao-co-dai-compression-cushion",
  "options_values" : [ {
    "title" : "Màu sắc",
    "type" : "COLOR",
    "options" : [ {
      "title" : "Đen phối Cam",
      "slug" : "den-phoi-cam",
      "label" : "",
      "images" : [ "681fdf7f1f583b08bcb3ff0e", "681fdf7f1f583b08bcb3ff0f", "681fdf7f1f583b08bcb3ff10", "681fdf7f1f583b08bcb3ff11", "681fdf7f1f583b08bcb3ff12" ]
    }, {
      "title" : "Đen phối Xanh lá",
      "slug" : "den-phoi-xanh-la",
      "label" : "",
      "images" : [ "681fdf801f583b08bcb3ff13", "681fdf801f583b08bcb3ff14", "681fdf801f583b08bcb3ff15", "681fdf801f583b08bcb3ff16", "681fdf801f583b08bcb3ff17" ]
    }, {
      "title" : "Trắng phối Đen",
      "slug" : "trang-phoi-den",
      "label" : "",
      "images" : [ "681fdf801f583b08bcb3ff18", "681fdf801f583b08bcb3ff19", "681fdf801f583b08bcb3ff1a", "681fdf801f583b08bcb3ff1b", "681fdf801f583b08bcb3ff1c" ]
    }, {
      "title" : "Trắng phối Neon",
      "slug" : "trang-phoi-neon",
      "label" : "",
      "images" : [ "681fdf801f583b08bcb3ff1d", "681fdf811f583b08bcb3ff1e", "681fdf811f583b08bcb3ff1f", "681fdf811f583b08bcb3ff20", "681fdf811f583b08bcb3ff21" ]
    } ]
  } ],
  "collection_id" : "681ca21a2a59db3110ec0b91",
  "display_order" : 128,
  "youtube_video" : "",
  "coming_soon" : false,
  "display_name_open" : "Cổ dài",
  "gender_type" : "MALE",
  "icon_thumbnail" : null,
  "compare_price" : 70000.0,
  "regular_price" : 59000.0
}, {
  "title" : "Túi Coolmate Clean Bag",
  "vendor" : "5c482438000c695cfa6f8d22",
  "tags" : [ "CLEARANCE_SALE" ],
  "options" : [ {
    "type" : "COLOR",
    "title" : "Màu sắc",
    "values" : [ "Xám đen", "Đỏ", "Cam", "Xanh", "Xanh lá đậm " ]
  } ],
  "images" : [ "681fdf831f583b08bcb3ff22", "681fdf831f583b08bcb3ff23", "681fdf831f583b08bcb3ff24", "681fdf841f583b08bcb3ff25", "681fdf841f583b08bcb3ff26", "681fdf841f583b08bcb3ff27", "681fdf841f583b08bcb3ff28", "681fdf841f583b08bcb3ff29", "681fdf841f583b08bcb3ff2a", "681fdf841f583b08bcb3ff2b", "681fdf851f583b08bcb3ff2c", "681fdf851f583b08bcb3ff2d", "681fdf851f583b08bcb3ff2e" ],
  "discount" : null,
  "seo_alias" : "tui-coolmate-clean-bag-1",
  "options_values" : [ {
    "title" : "Màu sắc",
    "type" : "COLOR",
    "options" : [ {
      "title" : "Xám đen",
      "slug" : "xam-den",
      "label" : "",
      "images" : [ "681fdf851f583b08bcb3ff2f", "681fdf851f583b08bcb3ff30", "681fdf851f583b08bcb3ff31", "681fdf851f583b08bcb3ff32", "681fdf851f583b08bcb3ff33", "681fdf861f583b08bcb3ff34", "681fdf861f583b08bcb3ff35", "681fdf861f583b08bcb3ff36", "681fdf861f583b08bcb3ff37", "681fdf861f583b08bcb3ff38", "681fdf861f583b08bcb3ff39", "681fdf861f583b08bcb3ff3a", "681fdf861f583b08bcb3ff3b" ]
    }, {
      "title" : "Đỏ",
      "slug" : "do",
      "label" : "",
      "images" : [ "681fdf861f583b08bcb3ff3c", "681fdf861f583b08bcb3ff3d", "681fdf861f583b08bcb3ff3e", "681fdf871f583b08bcb3ff3f", "681fdf871f583b08bcb3ff40", "681fdf871f583b08bcb3ff41", "681fdf871f583b08bcb3ff42", "681fdf871f583b08bcb3ff43", "681fdf871f583b08bcb3ff44", "681fdf871f583b08bcb3ff45", "681fdf871f583b08bcb3ff46", "681fdf871f583b08bcb3ff47", "681fdf871f583b08bcb3ff48" ]
    }, {
      "title" : "Cam",
      "slug" : "cam",
      "label" : "",
      "images" : [ "681fdf881f583b08bcb3ff49", "681fdf881f583b08bcb3ff4a", "681fdf881f583b08bcb3ff4b", "681fdf881f583b08bcb3ff4c", "681fdf881f583b08bcb3ff4d", "681fdf891f583b08bcb3ff4e", "681fdf891f583b08bcb3ff4f", "681fdf891f583b08bcb3ff50", "681fdf891f583b08bcb3ff51", "681fdf891f583b08bcb3ff52", "681fdf891f583b08bcb3ff53", "681fdf891f583b08bcb3ff54", "681fdf891f583b08bcb3ff55" ]
    }, {
      "title" : "Xanh",
      "slug" : "xanh",
      "label" : "",
      "images" : [ "681fdf891f583b08bcb3ff56", "681fdf891f583b08bcb3ff57", "681fdf891f583b08bcb3ff58", "681fdf891f583b08bcb3ff59", "681fdf891f583b08bcb3ff5a", "681fdf8a1f583b08bcb3ff5b", "681fdf8a1f583b08bcb3ff5c", "681fdf8a1f583b08bcb3ff5d", "681fdf8a1f583b08bcb3ff5e", "681fdf8a1f583b08bcb3ff5f", "681fdf8a1f583b08bcb3ff60", "681fdf8a1f583b08bcb3ff61", "681fdf8a1f583b08bcb3ff62" ]
    }, {
      "title" : "Xanh lá đậm ",
      "slug" : "xanh-la-dam",
      "label" : "",
      "images" : null
    } ]
  } ],
  "collection_id" : "681ca21a2a59db3110ec0b91",
  "display_order" : 167,
  "youtube_video" : "",
  "coming_soon" : false,
  "display_name_open" : "",
  "gender_type" : "MALE",
  "icon_thumbnail" : null,
  "compare_price" : 49000.0,
  "regular_price" : 29000.0
} ]