[ {
  "title" : "Combo 3 Quần lót Nam Brief Ex-Comfort Modern Bamboo",
  "vendor" : "5c482438000c695cfa6f8d22",
  "tags" : [ ],
  "options" : [ {
    "type" : "COLOR",
    "title" : "Màu sắc",
    "values" : [ "Xanh Coban", "Xanh Navy", "Đen", "Mix màu" ]
  }, {
    "type" : "SIZE",
    "title" : "Kích thước",
    "values" : [ "M", "L", "XL", "2XL", "3XL" ]
  } ],
  "images" : [ "681feb0a1f583b08bcb40e20", "681feb0a1f583b08bcb40e21", "681feb0a1f583b08bcb40e22", "681feb0a1f583b08bcb40e23", "681feb0b1f583b08bcb40e24", "681feb0b1f583b08bcb40e25", "681feb0b1f583b08bcb40e26", "681feb0b1f583b08bcb40e27", "681feb0b1f583b08bcb40e28", "681feb0b1f583b08bcb40e29" ],
  "discount" : null,
  "seo_alias" : "combo-3-quan-lot-nam-brief-ex-comfort-modern-bamboo",
  "options_values" : [ {
    "title" : "Màu sắc",
    "type" : "COLOR",
    "options" : [ {
      "title" : "Xanh Coban",
      "slug" : "xanh-coban",
      "label" : "",
      "images" : [ "681feb0b1f583b08bcb40e2a", "681feb0b1f583b08bcb40e2b", "681feb0b1f583b08bcb40e2c", "681feb0b1f583b08bcb40e2d", "681feb0c1f583b08bcb40e2e", "681feb0c1f583b08bcb40e2f", "681feb0c1f583b08bcb40e30", "681feb0c1f583b08bcb40e31", "681feb0c1f583b08bcb40e32", "681feb0c1f583b08bcb40e33" ]
    }, {
      "title" : "Xanh Navy",
      "slug" : "xanh-navy",
      "label" : "",
      "images" : [ "681feb0c1f583b08bcb40e34", "681feb0c1f583b08bcb40e35", "681feb0d1f583b08bcb40e36", "681feb0d1f583b08bcb40e37", "681feb0d1f583b08bcb40e38", "681feb0d1f583b08bcb40e39", "681feb0d1f583b08bcb40e3a", "681feb0d1f583b08bcb40e3b", "681feb0d1f583b08bcb40e3c", "681feb0d1f583b08bcb40e3d" ]
    }, {
      "title" : "Đen",
      "slug" : "den",
      "label" : "",
      "images" : [ "681feb0d1f583b08bcb40e3e", "681feb0e1f583b08bcb40e3f", "681feb0e1f583b08bcb40e40", "681feb0e1f583b08bcb40e41", "681feb0e1f583b08bcb40e42", "681feb0e1f583b08bcb40e43", "681feb0e1f583b08bcb40e44", "681feb0e1f583b08bcb40e45", "681feb0e1f583b08bcb40e46", "681feb0e1f583b08bcb40e47" ]
    }, {
      "title" : "Mix màu",
      "slug" : "mix-mau",
      "label" : "",
      "images" : [ "681feb0e1f583b08bcb40e48", "681feb0f1f583b08bcb40e49", "681feb0f1f583b08bcb40e4a", "681feb0f1f583b08bcb40e4b", "681feb0f1f583b08bcb40e4c", "681feb0f1f583b08bcb40e4d", "681feb0f1f583b08bcb40e4e", "681feb0f1f583b08bcb40e4f", "681feb0f1f583b08bcb40e50", "681feb0f1f583b08bcb40e51" ]
    } ]
  } ],
  "collection_id" : "681ca2c72a59db3110ec0b99",
  "display_order" : 25,
  "youtube_video" : "",
  "coming_soon" : false,
  "display_name_open" : "Kháng Khuẩn - Thoáng khí",
  "gender_type" : "MALE",
  "icon_thumbnail" : null,
  "compare_price" : 267000.0,
  "regular_price" : 209000.0
}, {
  "title" : "Combo 3 Quần lót nam Brief Lenzing Modal",
  "vendor" : "5c482438000c695cfa6f8d22",
  "tags" : [ ],
  "options" : [ {
    "type" : "COLOR",
    "title" : "Màu sắc",
    "values" : [ "Mix", "Xanh Titan", "Xanh Adriatic", "Đen" ]
  }, {
    "type" : "SIZE",
    "title" : "Kích thước",
    "values" : [ "M", "L", "XL", "2XL", "3XL" ]
  } ],
  "images" : [ "681feb141f583b08bcb40e52", "681feb141f583b08bcb40e53", "681feb141f583b08bcb40e54", "681feb141f583b08bcb40e55", "681feb141f583b08bcb40e56", "681feb141f583b08bcb40e57", "681feb141f583b08bcb40e58", "681feb141f583b08bcb40e59", "681feb141f583b08bcb40e5a", "681feb141f583b08bcb40e5b", "681feb151f583b08bcb40e5c" ],
  "discount" : null,
  "seo_alias" : "combo-3-quan-quan-lot-nam-brief-lenzing-modal",
  "options_values" : [ {
    "title" : "Màu sắc",
    "type" : "COLOR",
    "options" : [ {
      "title" : "Mix",
      "slug" : "mix",
      "label" : "",
      "images" : [ "681feb151f583b08bcb40e5d", "681feb151f583b08bcb40e5e", "681feb151f583b08bcb40e5f", "681feb151f583b08bcb40e60", "681feb151f583b08bcb40e61", "681feb151f583b08bcb40e62", "681feb151f583b08bcb40e63", "681feb151f583b08bcb40e64", "681feb151f583b08bcb40e65", "681feb151f583b08bcb40e66", "681feb151f583b08bcb40e67" ]
    }, {
      "title" : "Xanh Titan",
      "slug" : "xanh-titan",
      "label" : "",
      "images" : [ "681feb151f583b08bcb40e68", "681feb151f583b08bcb40e69", "681feb161f583b08bcb40e6a", "681feb161f583b08bcb40e6b", "681feb161f583b08bcb40e6c", "681feb161f583b08bcb40e6d", "681feb161f583b08bcb40e6e", "681feb161f583b08bcb40e6f", "681feb161f583b08bcb40e70", "681feb161f583b08bcb40e71", "681feb161f583b08bcb40e72" ]
    }, {
      "title" : "Xanh Adriatic",
      "slug" : "xanh-adriatic",
      "label" : "",
      "images" : [ "681feb161f583b08bcb40e73", "681feb161f583b08bcb40e74", "681feb161f583b08bcb40e75", "681feb161f583b08bcb40e76", "681feb171f583b08bcb40e77", "681feb171f583b08bcb40e78", "681feb171f583b08bcb40e79", "681feb171f583b08bcb40e7a", "681feb171f583b08bcb40e7b", "681feb171f583b08bcb40e7c", "681feb171f583b08bcb40e7d" ]
    }, {
      "title" : "Đen",
      "slug" : "den",
      "label" : "",
      "images" : [ "681feb171f583b08bcb40e7e", "681feb171f583b08bcb40e7f", "681feb171f583b08bcb40e80", "681feb171f583b08bcb40e81", "681feb181f583b08bcb40e82", "681feb181f583b08bcb40e83", "681feb181f583b08bcb40e84", "681feb181f583b08bcb40e85", "681feb181f583b08bcb40e86", "681feb181f583b08bcb40e87", "681feb181f583b08bcb40e88" ]
    } ]
  } ],
  "collection_id" : "681ca2c72a59db3110ec0b99",
  "display_order" : 337,
  "youtube_video" : "",
  "coming_soon" : false,
  "display_name_open" : "Thoáng khí và Thấm hút",
  "gender_type" : "MALE",
  "icon_thumbnail" : null,
  "compare_price" : 239000.0,
  "regular_price" : 189000.0
}, {
  "title" : "Combo 3 Quần Lót Nam tam giác Lenzing Modal cạp logo Coolmate",
  "vendor" : "",
  "tags" : [ ],
  "options" : [ {
    "type" : "COLOR",
    "title" : "Màu sắc",
    "values" : [ "Mix màu", "Đen", "Xám", "Đen đai Xanh" ]
  }, {
    "type" : "SIZE",
    "title" : "Kích thước",
    "values" : [ "M", "L", "XL", "2XL", "3XL" ]
  } ],
  "images" : [ "681feb1d1f583b08bcb40e89", "681feb1d1f583b08bcb40e8a", "681feb1d1f583b08bcb40e8b", "681feb1d1f583b08bcb40e8c", "681feb1d1f583b08bcb40e8d", "681feb1d1f583b08bcb40e8e", "681feb1d1f583b08bcb40e8f", "681feb1e1f583b08bcb40e90" ],
  "discount" : null,
  "seo_alias" : "combo-3-quan-lot-tam-giac-lenzing-modal-cap-logo-coolmate",
  "options_values" : [ {
    "title" : "Màu sắc",
    "type" : "COLOR",
    "options" : [ {
      "title" : "Mix màu",
      "slug" : "mix-mau",
      "label" : "",
      "images" : [ "681feb1e1f583b08bcb40e91", "681feb1e1f583b08bcb40e92", "681feb1e1f583b08bcb40e93", "681feb1e1f583b08bcb40e94", "681feb1e1f583b08bcb40e95", "681feb1e1f583b08bcb40e96", "681feb1e1f583b08bcb40e97", "681feb1e1f583b08bcb40e98" ]
    }, {
      "title" : "Đen",
      "slug" : "den",
      "label" : "",
      "images" : [ "681feb1e1f583b08bcb40e99", "681feb1e1f583b08bcb40e9a", "681feb1e1f583b08bcb40e9b", "681feb1e1f583b08bcb40e9c", "681feb1e1f583b08bcb40e9d", "681feb1f1f583b08bcb40e9e", "681feb1f1f583b08bcb40e9f", "681feb1f1f583b08bcb40ea0" ]
    }, {
      "title" : "Xám",
      "slug" : "xam",
      "label" : "",
      "images" : [ "681feb1f1f583b08bcb40ea1", "681feb1f1f583b08bcb40ea2", "681feb1f1f583b08bcb40ea3", "681feb1f1f583b08bcb40ea4", "681feb1f1f583b08bcb40ea5", "681feb1f1f583b08bcb40ea6", "681feb1f1f583b08bcb40ea7", "681feb1f1f583b08bcb40ea8" ]
    }, {
      "title" : "Đen đai Xanh",
      "slug" : "den-dai-xanh",
      "label" : "",
      "images" : [ "681feb201f583b08bcb40ea9", "681feb201f583b08bcb40eaa", "681feb201f583b08bcb40eab", "681feb201f583b08bcb40eac", "681feb201f583b08bcb40ead", "681feb201f583b08bcb40eae", "681feb201f583b08bcb40eaf", "681feb201f583b08bcb40eb0" ]
    } ]
  } ],
  "collection_id" : "681ca2c72a59db3110ec0b99",
  "display_order" : 375,
  "youtube_video" : "",
  "coming_soon" : false,
  "display_name_open" : "Kháng khuẩn - Thấm Hút - Mát tự nhiên",
  "gender_type" : "MALE",
  "icon_thumbnail" : null,
  "compare_price" : 239000.0,
  "regular_price" : 199000.0
}, {
  "title" : "Combo 5 Quần Lót Nam Brief Bamboo ",
  "vendor" : "5c482438000c695cfa6f8d22",
  "tags" : [ "BEST_SELLER", "WORTH_BUYING" ],
  "options" : [ {
    "type" : "COLOR",
    "title" : "Màu sắc",
    "values" : [ "Mix" ]
  }, {
    "type" : "SIZE",
    "title" : "Kích thước",
    "values" : [ "M", "L", "XL", "2XL", "3XL" ]
  } ],
  "images" : [ "681feb241f583b08bcb40eb1", "681feb241f583b08bcb40eb2", "681feb241f583b08bcb40eb3", "681feb241f583b08bcb40eb4" ],
  "discount" : null,
  "seo_alias" : "combo-05-quan-lot-nam-brief-bamboo-khang-khuan",
  "options_values" : [ {
    "title" : "Màu sắc",
    "type" : "COLOR",
    "options" : [ {
      "title" : "Mix",
      "slug" : "mix",
      "label" : "",
      "images" : [ "681feb241f583b08bcb40eb5", "681feb241f583b08bcb40eb6", "681feb241f583b08bcb40eb7", "681feb241f583b08bcb40eb8" ]
    } ]
  } ],
  "collection_id" : "681ca2c72a59db3110ec0b99",
  "display_order" : 302,
  "youtube_video" : "",
  "coming_soon" : false,
  "display_name_open" : "Kháng khuẩn",
  "gender_type" : "MALE",
  "icon_thumbnail" : null,
  "compare_price" : 399000.0,
  "regular_price" : 359000.0
}, {
  "title" : "Pack 5 Quần Lót Nam Brief Cotton Basics",
  "vendor" : "5c482438000c695cfa6f8d22",
  "tags" : [ "BEST_SELLER", "WORTH_BUYING" ],
  "options" : [ {
    "type" : "COLOR",
    "title" : "Màu sắc",
    "values" : [ "Xám", "Xanh Navy", "Đen", "Mix ngẫu nhiên " ]
  }, {
    "type" : "SIZE",
    "title" : "Kích thước",
    "values" : [ "M", "L", "XL", "2XL", "3XL" ]
  } ],
  "images" : [ "681feb251f583b08bcb40eb9", "681feb251f583b08bcb40eba", "681feb251f583b08bcb40ebb", "681feb251f583b08bcb40ebc", "681feb251f583b08bcb40ebd", "681feb251f583b08bcb40ebe", "681feb251f583b08bcb40ebf", "681feb251f583b08bcb40ec0", "681feb261f583b08bcb40ec1", "681feb261f583b08bcb40ec2" ],
  "discount" : null,
  "seo_alias" : "pack-5-quan-lot-brief-cotton-coolmate-basics-mem-mai",
  "options_values" : [ {
    "title" : "Màu sắc",
    "type" : "COLOR",
    "options" : [ {
      "title" : "Xám",
      "slug" : "xam",
      "label" : "",
      "images" : [ "681feb261f583b08bcb40ec3", "681feb261f583b08bcb40ec4", "681feb261f583b08bcb40ec5", "681feb261f583b08bcb40ec6", "681feb261f583b08bcb40ec7", "681feb261f583b08bcb40ec8", "681feb261f583b08bcb40ec9", "681feb261f583b08bcb40eca", "681feb261f583b08bcb40ecb", "681feb261f583b08bcb40ecc" ]
    }, {
      "title" : "Xanh Navy",
      "slug" : "xanh-navy",
      "label" : "",
      "images" : [ "681feb261f583b08bcb40ecd", "681feb261f583b08bcb40ece", "681feb261f583b08bcb40ecf", "681feb271f583b08bcb40ed0", "681feb271f583b08bcb40ed1", "681feb271f583b08bcb40ed2", "681feb271f583b08bcb40ed3", "681feb271f583b08bcb40ed4", "681feb271f583b08bcb40ed5", "681feb271f583b08bcb40ed6" ]
    }, {
      "title" : "Đen",
      "slug" : "den",
      "label" : "",
      "images" : [ "681feb271f583b08bcb40ed7", "681feb271f583b08bcb40ed8", "681feb271f583b08bcb40ed9", "681feb271f583b08bcb40eda", "681feb271f583b08bcb40edb", "681feb271f583b08bcb40edc", "681feb281f583b08bcb40edd", "681feb281f583b08bcb40ede", "681feb281f583b08bcb40edf", "681feb281f583b08bcb40ee0" ]
    }, {
      "title" : "Mix ngẫu nhiên ",
      "slug" : "mix-ngau-nhien",
      "label" : "",
      "images" : null
    } ]
  } ],
  "collection_id" : "681ca2c72a59db3110ec0b99",
  "display_order" : 345,
  "youtube_video" : "",
  "coming_soon" : false,
  "display_name_open" : "Mềm mại",
  "gender_type" : "MALE",
  "icon_thumbnail" : null,
  "compare_price" : 229000.0,
  "regular_price" : 179000.0
}, {
  "title" : "Combo 3 Quần Lót Nam Brief Excool Function",
  "vendor" : "5c482438000c695cfa6f8d22",
  "tags" : [ ],
  "options" : [ {
    "type" : "COLOR",
    "title" : "Màu sắc",
    "values" : [ "Xanh Aqua", "Đen", "Phối màu", "Đen đai xám" ]
  }, {
    "type" : "SIZE",
    "title" : "Kích thước Quần",
    "values" : [ "M", "L", "XL", "2XL", "3XL" ]
  } ],
  "images" : [ "681feb2c1f583b08bcb40ee1", "681feb2c1f583b08bcb40ee2", "681feb2c1f583b08bcb40ee3" ],
  "discount" : null,
  "seo_alias" : "combo-03-quan-lot-nam-brief-excool-function",
  "options_values" : [ {
    "title" : "Màu sắc",
    "type" : "COLOR",
    "options" : [ {
      "title" : "Xanh Aqua",
      "slug" : "xanh-aqua",
      "label" : "",
      "images" : [ "681feb2c1f583b08bcb40ee4", "681feb2c1f583b08bcb40ee5", "681feb2c1f583b08bcb40ee6" ]
    }, {
      "title" : "Đen",
      "slug" : "den",
      "label" : "",
      "images" : [ "681feb2c1f583b08bcb40ee7", "681feb2c1f583b08bcb40ee8", "681feb2c1f583b08bcb40ee9" ]
    }, {
      "title" : "Phối màu",
      "slug" : "phoi-mau",
      "label" : "",
      "images" : [ "681feb2d1f583b08bcb40eea", "681feb2d1f583b08bcb40eeb", "681feb2d1f583b08bcb40eec" ]
    }, {
      "title" : "Đen đai xám",
      "slug" : "den-dai-xam",
      "label" : "",
      "images" : [ "681feb2d1f583b08bcb40eed", "681feb2d1f583b08bcb40eee", "681feb2d1f583b08bcb40eef" ]
    } ]
  } ],
  "collection_id" : "681ca2c72a59db3110ec0b99",
  "display_order" : 368,
  "youtube_video" : "",
  "coming_soon" : false,
  "display_name_open" : "Thoáng mát",
  "gender_type" : "MALE",
  "icon_thumbnail" : null,
  "compare_price" : 289000.0,
  "regular_price" : 229000.0
}, {
  "title" : "Combo 3 Quần Lót Nam Brief Bamboo",
  "vendor" : "5c482438000c695cfa6f8d22",
  "tags" : [ ],
  "options" : [ {
    "type" : "COLOR",
    "title" : "Màu sắc",
    "values" : [ "Phối màu", "Xanh Navy", "Đen", "Trắng" ]
  }, {
    "type" : "SIZE",
    "title" : "Kích thước Quần",
    "values" : [ "M", "L", "XL", "2XL", "3XL" ]
  } ],
  "images" : [ "681feb2e1f583b08bcb40ef0", "681feb2e1f583b08bcb40ef1", "681feb2e1f583b08bcb40ef2", "681feb2f1f583b08bcb40ef3", "681feb2f1f583b08bcb40ef4", "681feb2f1f583b08bcb40ef5" ],
  "discount" : null,
  "seo_alias" : "03-quan-lot-nam-brief-bamboo-khang-khuan",
  "options_values" : [ {
    "title" : "Màu sắc",
    "type" : "COLOR",
    "options" : [ {
      "title" : "Phối màu",
      "slug" : "phoi-mau",
      "label" : "",
      "images" : [ "681feb2f1f583b08bcb40ef6", "681feb2f1f583b08bcb40ef7", "681feb2f1f583b08bcb40ef8", "681feb2f1f583b08bcb40ef9", "681feb2f1f583b08bcb40efa", "681feb2f1f583b08bcb40efb" ]
    }, {
      "title" : "Xanh Navy",
      "slug" : "xanh-navy",
      "label" : "",
      "images" : [ "681feb2f1f583b08bcb40efc", "681feb2f1f583b08bcb40efd", "681feb301f583b08bcb40efe", "681feb301f583b08bcb40eff", "681feb301f583b08bcb40f00", "681feb301f583b08bcb40f01" ]
    }, {
      "title" : "Đen",
      "slug" : "den",
      "label" : "",
      "images" : [ "681feb301f583b08bcb40f02", "681feb301f583b08bcb40f03", "681feb301f583b08bcb40f04", "681feb301f583b08bcb40f05", "681feb301f583b08bcb40f06", "681feb301f583b08bcb40f07" ]
    }, {
      "title" : "Trắng",
      "slug" : "trang",
      "label" : "",
      "images" : [ "681feb301f583b08bcb40f08", "681feb311f583b08bcb40f09", "681feb311f583b08bcb40f0a", "681feb311f583b08bcb40f0b", "681feb311f583b08bcb40f0c", "681feb311f583b08bcb40f0d" ]
    } ]
  } ],
  "collection_id" : "681ca2c72a59db3110ec0b99",
  "display_order" : 349,
  "youtube_video" : "",
  "coming_soon" : false,
  "display_name_open" : "Kháng khuẩn",
  "gender_type" : "MALE",
  "icon_thumbnail" : null,
  "compare_price" : 229000.0,
  "regular_price" : 179000.0
}, {
  "title" : "Combo 2 Quần Lót Nam Brief Ice Cooling Premium",
  "vendor" : "5c482438000c695cfa6f8d22",
  "tags" : [ ],
  "options" : [ {
    "type" : "COLOR",
    "title" : "Màu sắc",
    "values" : [ "Xanh Beacon", "Đỏ Tawy", "Xám iron", "Mix màu 1", "Mix màu 2", "Mix màu 3" ]
  }, {
    "type" : "SIZE",
    "title" : "Kích thước",
    "values" : [ "M", "L", "XL", "2XL", "3XL" ]
  } ],
  "images" : [ "681feb331f583b08bcb40f0e", "681feb331f583b08bcb40f0f", "681feb331f583b08bcb40f10", "681feb331f583b08bcb40f11", "681feb331f583b08bcb40f12", "681feb341f583b08bcb40f13", "681feb341f583b08bcb40f14", "681feb341f583b08bcb40f15", "681feb341f583b08bcb40f16" ],
  "discount" : null,
  "seo_alias" : "combo-2-quan-lot-nam-brief-ice-cooling-premium-mat-lanh-thoang-khi-exdry",
  "options_values" : [ {
    "title" : "Màu sắc",
    "type" : "COLOR",
    "options" : [ {
      "title" : "Xanh Beacon",
      "slug" : "xanh-beacon",
      "label" : "",
      "images" : [ "681feb341f583b08bcb40f17", "681feb341f583b08bcb40f18", "681feb341f583b08bcb40f19", "681feb341f583b08bcb40f1a", "681feb341f583b08bcb40f1b", "681feb341f583b08bcb40f1c", "681feb341f583b08bcb40f1d", "681feb351f583b08bcb40f1e", "681feb351f583b08bcb40f1f" ]
    }, {
      "title" : "Đỏ Tawy",
      "slug" : "do-tawy",
      "label" : "",
      "images" : [ "681feb351f583b08bcb40f20", "681feb351f583b08bcb40f21", "681feb351f583b08bcb40f22", "681feb351f583b08bcb40f23", "681feb351f583b08bcb40f24", "681feb351f583b08bcb40f25", "681feb351f583b08bcb40f26", "681feb351f583b08bcb40f27", "681feb351f583b08bcb40f28" ]
    }, {
      "title" : "Xám iron",
      "slug" : "xam-iron",
      "label" : "",
      "images" : [ "681feb351f583b08bcb40f29", "681feb351f583b08bcb40f2a", "681feb351f583b08bcb40f2b", "681feb351f583b08bcb40f2c", "681feb361f583b08bcb40f2d", "681feb361f583b08bcb40f2e", "681feb361f583b08bcb40f2f", "681feb361f583b08bcb40f30", "681feb361f583b08bcb40f31" ]
    }, {
      "title" : "Mix màu 1",
      "slug" : "mix-mau-1",
      "label" : "",
      "images" : [ "681feb361f583b08bcb40f32", "681feb361f583b08bcb40f33", "681feb361f583b08bcb40f34", "681feb361f583b08bcb40f35", "681feb361f583b08bcb40f36", "681feb361f583b08bcb40f37", "681feb361f583b08bcb40f38", "681feb371f583b08bcb40f39", "681feb371f583b08bcb40f3a" ]
    }, {
      "title" : "Mix màu 2",
      "slug" : "mix-mau-2",
      "label" : "",
      "images" : [ "681feb371f583b08bcb40f3b", "681feb371f583b08bcb40f3c", "681feb371f583b08bcb40f3d", "681feb371f583b08bcb40f3e", "681feb371f583b08bcb40f3f", "681feb371f583b08bcb40f40", "681feb371f583b08bcb40f41", "681feb371f583b08bcb40f42", "681feb371f583b08bcb40f43" ]
    }, {
      "title" : "Mix màu 3",
      "slug" : "mix-mau-3",
      "label" : "",
      "images" : [ "681feb381f583b08bcb40f44", "681feb381f583b08bcb40f45", "681feb381f583b08bcb40f46", "681feb381f583b08bcb40f47", "681feb381f583b08bcb40f48", "681feb381f583b08bcb40f49", "681feb381f583b08bcb40f4a", "681feb381f583b08bcb40f4b", "681feb381f583b08bcb40f4c" ]
    } ]
  } ],
  "collection_id" : "681ca2c72a59db3110ec0b99",
  "display_order" : 422,
  "youtube_video" : "",
  "coming_soon" : false,
  "display_name_open" : "Cooling - Thoáng khí ExDry",
  "gender_type" : "MALE",
  "icon_thumbnail" : null,
  "compare_price" : 198000.0,
  "regular_price" : 159000.0
}, {
  "title" : "Combo 3 Quần Lót Nam Brief Cotton Compact",
  "vendor" : "5c482438000c695cfa6f8d22",
  "tags" : [ ],
  "options" : [ {
    "type" : "COLOR",
    "title" : "Màu sắc",
    "values" : [ "Đen", "Xám", "Xanh Navy", "Phối màu" ]
  }, {
    "type" : "SIZE",
    "title" : "Kích thước Quần",
    "values" : [ "M", "L", "XL", "2XL", "3XL" ]
  } ],
  "images" : [ "681feb3e1f583b08bcb40f4d", "681feb3e1f583b08bcb40f4e", "681feb3e1f583b08bcb40f4f" ],
  "discount" : null,
  "seo_alias" : "03-quan-lot-nam-brief-cotton-compact-co-gian-v1",
  "options_values" : [ {
    "title" : "Màu sắc",
    "type" : "COLOR",
    "options" : [ {
      "title" : "Đen",
      "slug" : "den",
      "label" : "",
      "images" : [ "681feb3e1f583b08bcb40f50", "681feb3e1f583b08bcb40f51", "681feb3e1f583b08bcb40f52" ]
    }, {
      "title" : "Xám",
      "slug" : "xam",
      "label" : "",
      "images" : [ "681feb3e1f583b08bcb40f53", "681feb3e1f583b08bcb40f54", "681feb3e1f583b08bcb40f55" ]
    }, {
      "title" : "Xanh Navy",
      "slug" : "xanh-navy",
      "label" : "",
      "images" : [ "681feb3e1f583b08bcb40f56", "681feb3e1f583b08bcb40f57", "681feb3f1f583b08bcb40f58" ]
    }, {
      "title" : "Phối màu",
      "slug" : "phoi-mau",
      "label" : "",
      "images" : [ "681feb3f1f583b08bcb40f59", "681feb3f1f583b08bcb40f5a", "681feb3f1f583b08bcb40f5b" ]
    } ]
  } ],
  "collection_id" : "681ca2c72a59db3110ec0b99",
  "display_order" : 352,
  "youtube_video" : "",
  "coming_soon" : false,
  "display_name_open" : "",
  "gender_type" : "MALE",
  "icon_thumbnail" : null,
  "compare_price" : 199000.0,
  "regular_price" : 169000.0
} ]