[ {
  "title" : "Combo 2 Quần Lót Nam Boxer Brief Lenzing Modal",
  "vendor" : "",
  "tags" : [ ],
  "options" : [ {
    "type" : "COLOR",
    "title" : "Màu sắc",
    "values" : [ "Mix màu", "Đen", "Xanh titan" ]
  }, {
    "type" : "SIZE",
    "title" : "Kích thước",
    "values" : [ "M", "L", "XL", "2XL", "3XL" ]
  } ],
  "images" : [ "681fea931f583b08bcb40db9", "681fea931f583b08bcb40dba", "681fea931f583b08bcb40dbb", "681fea931f583b08bcb40dbc", "681fea931f583b08bcb40dbd", "681fea931f583b08bcb40dbe", "681fea931f583b08bcb40dbf", "681fea931f583b08bcb40dc0", "681fea931f583b08bcb40dc1", "681fea941f583b08bcb40dc2", "681fea941f583b08bcb40dc3" ],
  "discount" : null,
  "seo_alias" : "combo-2-quan-lot-nam-boxer-brief-lenzing-modal",
  "options_values" : [ {
    "title" : "Màu sắc",
    "type" : "COLOR",
    "options" : [ {
      "title" : "Mix màu",
      "slug" : "mix-mau",
      "label" : "",
      "images" : [ "681fea941f583b08bcb40dc4", "681fea941f583b08bcb40dc5", "681fea941f583b08bcb40dc6", "681fea941f583b08bcb40dc7", "681fea941f583b08bcb40dc8", "681fea941f583b08bcb40dc9", "681fea941f583b08bcb40dca", "681fea941f583b08bcb40dcb", "681fea951f583b08bcb40dcc", "681fea951f583b08bcb40dcd", "681fea951f583b08bcb40dce" ]
    }, {
      "title" : "Đen",
      "slug" : "den",
      "label" : "",
      "images" : [ "681fea951f583b08bcb40dcf", "681fea951f583b08bcb40dd0", "681fea951f583b08bcb40dd1", "681fea951f583b08bcb40dd2", "681fea951f583b08bcb40dd3", "681fea951f583b08bcb40dd4", "681fea961f583b08bcb40dd5", "681fea961f583b08bcb40dd6", "681fea961f583b08bcb40dd7", "681fea961f583b08bcb40dd8", "681fea961f583b08bcb40dd9" ]
    }, {
      "title" : "Xanh titan",
      "slug" : "xanh-titan",
      "label" : "",
      "images" : [ "681fea961f583b08bcb40dda", "681fea961f583b08bcb40ddb", "681fea961f583b08bcb40ddc", "681fea961f583b08bcb40ddd", "681fea961f583b08bcb40dde", "681fea961f583b08bcb40ddf", "681fea961f583b08bcb40de0", "681fea971f583b08bcb40de1", "681fea971f583b08bcb40de2", "681fea971f583b08bcb40de3", "681fea971f583b08bcb40de4" ]
    } ]
  } ],
  "collection_id" : "681ca2bf2a59db3110ec0b98",
  "display_order" : 411,
  "youtube_video" : "",
  "coming_soon" : false,
  "display_name_open" : "Kháng khuẩn - Thấm Hút - Mát tự nhiên",
  "gender_type" : "MALE",
  "icon_thumbnail" : null,
  "compare_price" : 219000.0,
  "regular_price" : 179000.0
}, {
  "title" : "Combo 3 Quần Lót Nam Brief Boxer Modal V2",
  "vendor" : "5c482438000c695cfa6f8d22",
  "tags" : [ ],
  "options" : [ {
    "type" : "COLOR",
    "title" : "Màu sắc",
    "values" : [ "Xanh Navy" ]
  }, {
    "type" : "SIZE",
    "title" : "Kích thước",
    "values" : [ "M", "L", "XL", "2XL", "3XL" ]
  } ],
  "images" : [ "681fea9a1f583b08bcb40de5", "681fea9a1f583b08bcb40de6", "681fea9b1f583b08bcb40de7", "681fea9b1f583b08bcb40de8" ],
  "discount" : null,
  "seo_alias" : "combo-3-quan-lot-nam-boxer-brief-modal-v2-coolmate",
  "options_values" : [ {
    "title" : "Màu sắc",
    "type" : "COLOR",
    "options" : [ {
      "title" : "Xanh Navy",
      "slug" : "xanh-navy",
      "label" : "",
      "images" : [ "681fea9b1f583b08bcb40de9", "681fea9b1f583b08bcb40dea", "681fea9b1f583b08bcb40deb", "681fea9b1f583b08bcb40dec" ]
    } ]
  } ],
  "collection_id" : "681ca2bf2a59db3110ec0b98",
  "display_order" : 232,
  "youtube_video" : "",
  "coming_soon" : false,
  "display_name_open" : "Mềm mịn",
  "gender_type" : "MALE",
  "icon_thumbnail" : null,
  "compare_price" : 330000.0,
  "regular_price" : 169000.0
}, {
  "title" : "Combo 2 Boxer Brief Thể thao",
  "vendor" : "5c482438000c695cfa6f8d22",
  "tags" : [ ],
  "options" : [ {
    "type" : "COLOR",
    "title" : "Màu sắc",
    "values" : [ "Xám", "Xanh Navy" ]
  }, {
    "type" : "SIZE",
    "title" : "Kích thước Quần",
    "values" : [ "M", "L", "XL", "2XL", "3XL" ]
  } ],
  "images" : [ "681fea9c1f583b08bcb40ded", "681fea9c1f583b08bcb40dee", "681fea9c1f583b08bcb40def", "681fea9c1f583b08bcb40df0", "681fea9c1f583b08bcb40df1" ],
  "discount" : null,
  "seo_alias" : "combo-02-quan-lot-nam-the-thao-boxer-briefs-ex-dry-microfiber",
  "options_values" : [ {
    "title" : "Màu sắc",
    "type" : "COLOR",
    "options" : [ {
      "title" : "Xám",
      "slug" : "xam",
      "label" : "",
      "images" : [ "681fea9c1f583b08bcb40df2", "681fea9c1f583b08bcb40df3", "681fea9c1f583b08bcb40df4", "681fea9c1f583b08bcb40df5", "681fea9c1f583b08bcb40df6" ]
    }, {
      "title" : "Xanh Navy",
      "slug" : "xanh-navy",
      "label" : "",
      "images" : [ "681fea9c1f583b08bcb40df7", "681fea9d1f583b08bcb40df8", "681fea9d1f583b08bcb40df9", "681fea9d1f583b08bcb40dfa", "681fea9d1f583b08bcb40dfb" ]
    } ]
  } ],
  "collection_id" : "681ca2bf2a59db3110ec0b98",
  "display_order" : 307,
  "youtube_video" : "",
  "coming_soon" : false,
  "display_name_open" : "Ex-Dry Microfiber",
  "gender_type" : "MALE",
  "icon_thumbnail" : null,
  "compare_price" : 259000.0,
  "regular_price" : 219000.0
}, {
  "title" : "Combo 3 Quần Lót Nam Boxer Brief Bamboo",
  "vendor" : "5c482438000c695cfa6f8d22",
  "tags" : [ ],
  "options" : [ {
    "type" : "COLOR",
    "title" : "Màu sắc",
    "values" : [ "Đen", "Trắng", "Xanh Navy" ]
  }, {
    "type" : "SIZE",
    "title" : "Kích thước Quần",
    "values" : [ "M", "L", "XL", "2XL", "3XL", "4XL" ]
  } ],
  "images" : [ "681fea9e1f583b08bcb40dfc", "681fea9e1f583b08bcb40dfd", "681fea9e1f583b08bcb40dfe" ],
  "discount" : null,
  "seo_alias" : "3-quan-lot-nam-brief-boxer-bamboo-khang-khuan",
  "options_values" : [ {
    "title" : "Màu sắc",
    "type" : "COLOR",
    "options" : [ {
      "title" : "Đen",
      "slug" : "den",
      "label" : "",
      "images" : [ "681fea9f1f583b08bcb40dff", "681fea9f1f583b08bcb40e00", "681fea9f1f583b08bcb40e01" ]
    }, {
      "title" : "Trắng",
      "slug" : "trang",
      "label" : "",
      "images" : [ "681fea9f1f583b08bcb40e02", "681fea9f1f583b08bcb40e03", "681fea9f1f583b08bcb40e04" ]
    }, {
      "title" : "Xanh Navy",
      "slug" : "xanh-navy",
      "label" : "",
      "images" : [ "681fea9f1f583b08bcb40e05", "681fea9f1f583b08bcb40e06", "681fea9f1f583b08bcb40e07" ]
    } ]
  } ],
  "collection_id" : "681ca2bf2a59db3110ec0b98",
  "display_order" : 370,
  "youtube_video" : "",
  "coming_soon" : false,
  "display_name_open" : "Kháng khuẩn",
  "gender_type" : "MALE",
  "icon_thumbnail" : null,
  "compare_price" : 299000.0,
  "regular_price" : 239000.0
}, {
  "title" : "Quần Lót Nam chạy bộ Fast & Free",
  "vendor" : "5c482438000c695cfa6f8d22",
  "tags" : [ ],
  "options" : [ {
    "type" : "COLOR",
    "title" : "Màu sắc",
    "values" : [ "Đen", "Xanh Navy", "Xám đậm" ]
  }, {
    "type" : "SIZE",
    "title" : "Kích thước Quần",
    "values" : [ "M", "L", "XL", "2XL", "3XL" ]
  } ],
  "images" : [ "681feaa01f583b08bcb40e08", "681feaa11f583b08bcb40e09", "681feaa11f583b08bcb40e0a", "681feaa11f583b08bcb40e0b", "681feaa11f583b08bcb40e0c", "681feaa11f583b08bcb40e0d" ],
  "discount" : null,
  "seo_alias" : "quan-lot-nam-chay-bo-fast-free-run",
  "options_values" : [ {
    "title" : "Màu sắc",
    "type" : "COLOR",
    "options" : [ {
      "title" : "Đen",
      "slug" : "den",
      "label" : "",
      "images" : [ "681feaa11f583b08bcb40e0e", "681feaa11f583b08bcb40e0f", "681feaa11f583b08bcb40e10", "681feaa11f583b08bcb40e11", "681feaa11f583b08bcb40e12", "681feaa11f583b08bcb40e13" ]
    }, {
      "title" : "Xanh Navy",
      "slug" : "xanh-navy",
      "label" : "",
      "images" : [ "681feaa11f583b08bcb40e14", "681feaa11f583b08bcb40e15", "681feaa11f583b08bcb40e16", "681feaa21f583b08bcb40e17", "681feaa21f583b08bcb40e18", "681feaa21f583b08bcb40e19" ]
    }, {
      "title" : "Xám đậm",
      "slug" : "xam-dam",
      "label" : "",
      "images" : [ "681feaa21f583b08bcb40e1a", "681feaa21f583b08bcb40e1b", "681feaa21f583b08bcb40e1c", "681feaa21f583b08bcb40e1d", "681feaa21f583b08bcb40e1e", "681feaa21f583b08bcb40e1f" ]
    } ]
  } ],
  "collection_id" : "681ca2bf2a59db3110ec0b98",
  "display_order" : 378,
  "youtube_video" : "",
  "coming_soon" : false,
  "display_name_open" : "Nhanh khô",
  "gender_type" : "MALE",
  "icon_thumbnail" : null,
  "compare_price" : 129000.0,
  "regular_price" : 129000.0
} ]