[ {
  "title" : "Legging Coolflex Everyday Active",
  "vendor" : "5c482438000c695cfa6f8d22",
  "tags" : [ "NEW" ],
  "options" : [ {
    "type" : "COLOR",
    "title" : "Màu sắc",
    "values" : [ "Navy", "Đen" ]
  }, {
    "type" : "SIZE",
    "title" : "Kích thước",
    "values" : [ "XS", "S", "M", "L", "XL" ]
  } ],
  "images" : [ "681fe6fc1f583b08bcb407fd", "681fe6fc1f583b08bcb407fe", "681fe6fc1f583b08bcb407ff", "681fe6fc1f583b08bcb40800" ],
  "discount" : null,
  "seo_alias" : "legging-coolflex-everyday-active",
  "options_values" : [ {
    "title" : "Màu sắc",
    "type" : "COLOR",
    "options" : [ {
      "title" : "Navy",
      "slug" : "navy",
      "label" : "",
      "images" : [ "681fe6fc1f583b08bcb40801", "681fe6fc1f583b08bcb40802", "681fe6fc1f583b08bcb40803", "681fe6fc1f583b08bcb40804" ]
    }, {
      "title" : "Đen",
      "slug" : "den",
      "label" : "",
      "images" : [ "681fe6fd1f583b08bcb40805", "681fe6fd1f583b08bcb40806", "681fe6fd1f583b08bcb40807", "681fe6fd1f583b08bcb40808" ]
    } ]
  } ],
  "collection_id" : "681ca2852a59db3110ec0b96",
  "display_order" : 0,
  "youtube_video" : "",
  "coming_soon" : false,
  "display_name_open" : "",
  "gender_type" : "FEMALE",
  "icon_thumbnail" : null,
  "compare_price" : 499000.0,
  "regular_price" : 499000.0
}, {
  "title" : "Quần Biker Shorts nữ Yoga 8 Inch CoolFlex Light Support",
  "vendor" : "5c482438000c695cfa6f8d22",
  "tags" : [ "NEW" ],
  "options" : [ {
    "type" : "COLOR",
    "title" : "Màu sắc",
    "values" : [ "Xanh Colony", "Nâu Mocha", "Đen" ]
  }, {
    "type" : "SIZE",
    "title" : "Size",
    "values" : [ "XS", "S", "M", "L", "XL" ]
  } ],
  "images" : [ "681fe6fe1f583b08bcb40809", "681fe6fe1f583b08bcb4080a", "681fe6fe1f583b08bcb4080b", "681fe6fe1f583b08bcb4080c", "681fe6ff1f583b08bcb4080d", "681fe6ff1f583b08bcb4080e", "681fe6ff1f583b08bcb4080f", "681fe6ff1f583b08bcb40810", "681fe6ff1f583b08bcb40811", "681fe6ff1f583b08bcb40812", "681fe6ff1f583b08bcb40813", "681fe6ff1f583b08bcb40814", "681fe6ff1f583b08bcb40815", "681fe6ff1f583b08bcb40816", "681fe6ff1f583b08bcb40817", "681fe6ff1f583b08bcb40818", "681fe6ff1f583b08bcb40819" ],
  "discount" : null,
  "seo_alias" : "biker-shorts-nu-yoga-8-inch-coolflex-light-support",
  "options_values" : [ {
    "title" : "Màu sắc",
    "type" : "COLOR",
    "options" : [ {
      "title" : "Xanh Colony",
      "slug" : "xanh-colony",
      "label" : "",
      "images" : [ "681fe6ff1f583b08bcb4081a", "681fe7001f583b08bcb4081b", "681fe7001f583b08bcb4081c", "681fe7001f583b08bcb4081d", "681fe7001f583b08bcb4081e", "681fe7001f583b08bcb4081f", "681fe7001f583b08bcb40820", "681fe7001f583b08bcb40821", "681fe7001f583b08bcb40822", "681fe7001f583b08bcb40823", "681fe7001f583b08bcb40824", "681fe7001f583b08bcb40825", "681fe7011f583b08bcb40826", "681fe7011f583b08bcb40827", "681fe7011f583b08bcb40828", "681fe7011f583b08bcb40829", "681fe7011f583b08bcb4082a" ]
    }, {
      "title" : "Nâu Mocha",
      "slug" : "nau-mocha",
      "label" : "",
      "images" : [ "681fe7011f583b08bcb4082b", "681fe7011f583b08bcb4082c", "681fe7011f583b08bcb4082d", "681fe7011f583b08bcb4082e", "681fe7011f583b08bcb4082f", "681fe7021f583b08bcb40830", "681fe7021f583b08bcb40831", "681fe7021f583b08bcb40832", "681fe7021f583b08bcb40833", "681fe7021f583b08bcb40834", "681fe7021f583b08bcb40835", "681fe7021f583b08bcb40836", "681fe7021f583b08bcb40837", "681fe7021f583b08bcb40838", "681fe7031f583b08bcb40839", "681fe7031f583b08bcb4083a", "681fe7031f583b08bcb4083b" ]
    }, {
      "title" : "Đen",
      "slug" : "den",
      "label" : "",
      "images" : [ "681fe7031f583b08bcb4083c", "681fe7031f583b08bcb4083d", "681fe7031f583b08bcb4083e", "681fe7031f583b08bcb4083f", "681fe7031f583b08bcb40840", "681fe7031f583b08bcb40841", "681fe7031f583b08bcb40842", "681fe7031f583b08bcb40843", "681fe7041f583b08bcb40844", "681fe7041f583b08bcb40845", "681fe7041f583b08bcb40846", "681fe7041f583b08bcb40847", "681fe7041f583b08bcb40848", "681fe7041f583b08bcb40849", "681fe7041f583b08bcb4084a", "681fe7041f583b08bcb4084b", "681fe7041f583b08bcb4084c" ]
    } ]
  } ],
  "collection_id" : "681ca2852a59db3110ec0b96",
  "display_order" : 0,
  "youtube_video" : "",
  "coming_soon" : false,
  "display_name_open" : "",
  "gender_type" : "FEMALE",
  "icon_thumbnail" : null,
  "compare_price" : 299000.0,
  "regular_price" : 299000.0
}, {
  "title" : "Quần Legging 7/8 Yoga CoolFlex Light Support",
  "vendor" : "5c482438000c695cfa6f8d22",
  "tags" : [ "NEW" ],
  "options" : [ {
    "type" : "COLOR",
    "title" : "Màu sắc",
    "values" : [ "Nâu Mocha", "Đen" ]
  }, {
    "type" : "SIZE",
    "title" : "Size",
    "values" : [ "XS", "S", "M", "L", "XL" ]
  } ],
  "images" : [ "681fe70a1f583b08bcb4084d", "681fe70a1f583b08bcb4084e", "681fe70a1f583b08bcb4084f", "681fe70a1f583b08bcb40850", "681fe70a1f583b08bcb40851", "681fe70a1f583b08bcb40852", "681fe70b1f583b08bcb40853", "681fe70b1f583b08bcb40854", "681fe70b1f583b08bcb40855", "681fe70b1f583b08bcb40856", "681fe70b1f583b08bcb40857", "681fe70b1f583b08bcb40858", "681fe70b1f583b08bcb40859" ],
  "discount" : null,
  "seo_alias" : "legging-78-yoga-coolflex-light-suppport",
  "options_values" : [ {
    "title" : "Màu sắc",
    "type" : "COLOR",
    "options" : [ {
      "title" : "Nâu Mocha",
      "slug" : "nau-mocha",
      "label" : "",
      "images" : [ "681fe70b1f583b08bcb4085a", "681fe70b1f583b08bcb4085b", "681fe70b1f583b08bcb4085c", "681fe70b1f583b08bcb4085d", "681fe70b1f583b08bcb4085e", "681fe70b1f583b08bcb4085f", "681fe70b1f583b08bcb40860", "681fe70c1f583b08bcb40861", "681fe70c1f583b08bcb40862", "681fe70c1f583b08bcb40863", "681fe70c1f583b08bcb40864", "681fe70c1f583b08bcb40865", "681fe70c1f583b08bcb40866" ]
    }, {
      "title" : "Đen",
      "slug" : "den",
      "label" : "",
      "images" : [ "681fe70c1f583b08bcb40867", "681fe70c1f583b08bcb40868", "681fe70c1f583b08bcb40869", "681fe70c1f583b08bcb4086a", "681fe70c1f583b08bcb4086b", "681fe70c1f583b08bcb4086c", "681fe70c1f583b08bcb4086d", "681fe70d1f583b08bcb4086e", "681fe70d1f583b08bcb4086f", "681fe70d1f583b08bcb40870", "681fe70d1f583b08bcb40871", "681fe70d1f583b08bcb40872", "681fe70d1f583b08bcb40873" ]
    } ]
  } ],
  "collection_id" : "681ca2852a59db3110ec0b96",
  "display_order" : 0,
  "youtube_video" : "",
  "coming_soon" : false,
  "display_name_open" : "",
  "gender_type" : "FEMALE",
  "icon_thumbnail" : null,
  "compare_price" : 459000.0,
  "regular_price" : 459000.0
}, {
  "title" : "Quần Legging Yoga Ribbed",
  "vendor" : "5c482438000c695cfa6f8d22",
  "tags" : [ "NEW" ],
  "options" : [ {
    "type" : "COLOR",
    "title" : "Màu sắc",
    "values" : [ "Đen", "Nâu" ]
  }, {
    "type" : "SIZE",
    "title" : "Size",
    "values" : [ "XS", "S", "M", "L", "XL" ]
  } ],
  "images" : [ "681fe7111f583b08bcb40874", "681fe7111f583b08bcb40875", "681fe7111f583b08bcb40876", "681fe7111f583b08bcb40877", "681fe7111f583b08bcb40878", "681fe7111f583b08bcb40879", "681fe7111f583b08bcb4087a", "681fe7121f583b08bcb4087b", "681fe7121f583b08bcb4087c", "681fe7121f583b08bcb4087d", "681fe7121f583b08bcb4087e", "681fe7121f583b08bcb4087f", "681fe7121f583b08bcb40880", "681fe7121f583b08bcb40881" ],
  "discount" : null,
  "seo_alias" : "legging-yoga-ribbed",
  "options_values" : [ {
    "title" : "Màu sắc",
    "type" : "COLOR",
    "options" : [ {
      "title" : "Đen",
      "slug" : "den",
      "label" : "",
      "images" : [ "681fe7121f583b08bcb40882", "681fe7131f583b08bcb40883", "681fe7131f583b08bcb40884", "681fe7131f583b08bcb40885", "681fe7131f583b08bcb40886", "681fe7131f583b08bcb40887", "681fe7131f583b08bcb40888", "681fe7131f583b08bcb40889", "681fe7131f583b08bcb4088a", "681fe7131f583b08bcb4088b", "681fe7131f583b08bcb4088c", "681fe7141f583b08bcb4088d", "681fe7141f583b08bcb4088e", "681fe7141f583b08bcb4088f" ]
    }, {
      "title" : "Nâu",
      "slug" : "nau",
      "label" : "",
      "images" : [ "681fe7141f583b08bcb40890", "681fe7141f583b08bcb40891", "681fe7141f583b08bcb40892", "681fe7141f583b08bcb40893", "681fe7141f583b08bcb40894", "681fe7141f583b08bcb40895", "681fe7151f583b08bcb40896", "681fe7151f583b08bcb40897", "681fe7151f583b08bcb40898", "681fe7151f583b08bcb40899", "681fe7151f583b08bcb4089a", "681fe7151f583b08bcb4089b", "681fe7151f583b08bcb4089c", "681fe7151f583b08bcb4089d" ]
    } ]
  } ],
  "collection_id" : "681ca2852a59db3110ec0b96",
  "display_order" : 0,
  "youtube_video" : "",
  "coming_soon" : false,
  "display_name_open" : "",
  "gender_type" : "FEMALE",
  "icon_thumbnail" : null,
  "compare_price" : 399000.0,
  "regular_price" : 359000.0
}, {
  "title" : "Quần Legging Full Length Yoga Light Support ",
  "vendor" : "5c482438000c695cfa6f8d22",
  "tags" : [ "NEW" ],
  "options" : [ {
    "type" : "COLOR",
    "title" : "Màu sắc",
    "values" : [ "Xanh Colony", "Nâu Mocha", "Đen", "Xám" ]
  }, {
    "type" : "SIZE",
    "title" : "Size",
    "values" : [ "XS", "S", "M", "L", "XL" ]
  } ],
  "images" : [ "681fe71a1f583b08bcb4089e", "681fe71a1f583b08bcb4089f", "681fe71a1f583b08bcb408a0", "681fe71a1f583b08bcb408a1", "681fe71a1f583b08bcb408a2", "681fe71a1f583b08bcb408a3", "681fe71a1f583b08bcb408a4", "681fe71a1f583b08bcb408a5", "681fe71a1f583b08bcb408a6", "681fe71a1f583b08bcb408a7", "681fe71b1f583b08bcb408a8", "681fe71b1f583b08bcb408a9", "681fe71b1f583b08bcb408aa", "681fe71b1f583b08bcb408ab", "681fe71b1f583b08bcb408ac", "681fe71b1f583b08bcb408ad", "681fe71b1f583b08bcb408ae", "681fe71c1f583b08bcb408af", "681fe71c1f583b08bcb408b0", "681fe71c1f583b08bcb408b1", "681fe71c1f583b08bcb408b2", "681fe71c1f583b08bcb408b3", "681fe71c1f583b08bcb408b4", "681fe71c1f583b08bcb408b5" ],
  "discount" : null,
  "seo_alias" : "legging-full-length-yoga-light-support",
  "options_values" : [ {
    "title" : "Màu sắc",
    "type" : "COLOR",
    "options" : [ {
      "title" : "Xanh Colony",
      "slug" : "xanh-colony",
      "label" : "",
      "images" : [ "681fe71d1f583b08bcb408b6", "681fe71d1f583b08bcb408b7", "681fe71d1f583b08bcb408b8", "681fe71d1f583b08bcb408b9", "681fe71d1f583b08bcb408ba", "681fe71d1f583b08bcb408bb", "681fe71d1f583b08bcb408bc", "681fe71d1f583b08bcb408bd", "681fe71d1f583b08bcb408be", "681fe71d1f583b08bcb408bf", "681fe71d1f583b08bcb408c0", "681fe71e1f583b08bcb408c1", "681fe71e1f583b08bcb408c2", "681fe71e1f583b08bcb408c3", "681fe71e1f583b08bcb408c4", "681fe71e1f583b08bcb408c5", "681fe71e1f583b08bcb408c6", "681fe71e1f583b08bcb408c7", "681fe71e1f583b08bcb408c8", "681fe71e1f583b08bcb408c9", "681fe71f1f583b08bcb408ca", "681fe71f1f583b08bcb408cb", "681fe71f1f583b08bcb408cc", "681fe71f1f583b08bcb408cd" ]
    }, {
      "title" : "Nâu Mocha",
      "slug" : "nau-mocha",
      "label" : "",
      "images" : [ "681fe71f1f583b08bcb408ce", "681fe71f1f583b08bcb408cf", "681fe71f1f583b08bcb408d0", "681fe71f1f583b08bcb408d1", "681fe71f1f583b08bcb408d2", "681fe71f1f583b08bcb408d3", "681fe7201f583b08bcb408d4", "681fe7201f583b08bcb408d5", "681fe7201f583b08bcb408d6", "681fe7201f583b08bcb408d7", "681fe7201f583b08bcb408d8", "681fe7201f583b08bcb408d9", "681fe7201f583b08bcb408da", "681fe7201f583b08bcb408db", "681fe7201f583b08bcb408dc", "681fe7201f583b08bcb408dd", "681fe7201f583b08bcb408de", "681fe7211f583b08bcb408df", "681fe7211f583b08bcb408e0", "681fe7211f583b08bcb408e1", "681fe7211f583b08bcb408e2", "681fe7211f583b08bcb408e3", "681fe7211f583b08bcb408e4", "681fe7211f583b08bcb408e5" ]
    }, {
      "title" : "Đen",
      "slug" : "den",
      "label" : "",
      "images" : [ "681fe7211f583b08bcb408e6", "681fe7211f583b08bcb408e7", "681fe7211f583b08bcb408e8", "681fe7221f583b08bcb408e9", "681fe7221f583b08bcb408ea", "681fe7221f583b08bcb408eb", "681fe7221f583b08bcb408ec", "681fe7221f583b08bcb408ed", "681fe7221f583b08bcb408ee", "681fe7221f583b08bcb408ef", "681fe7221f583b08bcb408f0", "681fe7221f583b08bcb408f1", "681fe7221f583b08bcb408f2", "681fe7221f583b08bcb408f3", "681fe7231f583b08bcb408f4", "681fe7231f583b08bcb408f5", "681fe7231f583b08bcb408f6", "681fe7231f583b08bcb408f7", "681fe7231f583b08bcb408f8", "681fe7231f583b08bcb408f9", "681fe7231f583b08bcb408fa", "681fe7231f583b08bcb408fb", "681fe7231f583b08bcb408fc", "681fe7231f583b08bcb408fd" ]
    }, {
      "title" : "Xám",
      "slug" : "xam",
      "label" : "",
      "images" : [ "681fe7231f583b08bcb408fe", "681fe7241f583b08bcb408ff", "681fe7241f583b08bcb40900", "681fe7241f583b08bcb40901", "681fe7241f583b08bcb40902", "681fe7241f583b08bcb40903", "681fe7241f583b08bcb40904", "681fe7241f583b08bcb40905", "681fe7241f583b08bcb40906", "681fe7241f583b08bcb40907", "681fe7241f583b08bcb40908", "681fe7241f583b08bcb40909", "681fe7251f583b08bcb4090a", "681fe7251f583b08bcb4090b", "681fe7251f583b08bcb4090c", "681fe7251f583b08bcb4090d", "681fe7251f583b08bcb4090e", "681fe7251f583b08bcb4090f", "681fe7251f583b08bcb40910", "681fe7251f583b08bcb40911", "681fe7251f583b08bcb40912", "681fe7261f583b08bcb40913", "681fe7261f583b08bcb40914", "681fe7261f583b08bcb40915" ]
    } ]
  } ],
  "collection_id" : "681ca2852a59db3110ec0b96",
  "display_order" : 0,
  "youtube_video" : "",
  "coming_soon" : false,
  "display_name_open" : "",
  "gender_type" : "FEMALE",
  "icon_thumbnail" : null,
  "compare_price" : 549000.0,
  "regular_price" : 549000.0
}, {
  "title" : "Biker Shorts nữ chạy bộ 8inch",
  "vendor" : "5c482438000c695cfa6f8d22",
  "tags" : [ "NEW" ],
  "options" : [ {
    "type" : "COLOR",
    "title" : "Màu sắc",
    "values" : [ "Đen", "Xanh Poseidon" ]
  }, {
    "type" : "SIZE",
    "title" : "Kích thước",
    "values" : [ "XS", "S", "M", "L", "XL" ]
  } ],
  "images" : [ "681fe7311f583b08bcb40916", "681fe7311f583b08bcb40917", "681fe7311f583b08bcb40918", "681fe7311f583b08bcb40919" ],
  "discount" : null,
  "seo_alias" : "biker-shorts-nu-chay-bo-8-inch",
  "options_values" : [ {
    "title" : "Màu sắc",
    "type" : "COLOR",
    "options" : [ {
      "title" : "Đen",
      "slug" : "den",
      "label" : "",
      "images" : [ "681fe7311f583b08bcb4091a", "681fe7311f583b08bcb4091b", "681fe7311f583b08bcb4091c", "681fe7311f583b08bcb4091d" ]
    }, {
      "title" : "Xanh Poseidon",
      "slug" : "xanh-poseidon",
      "label" : "",
      "images" : [ "681fe7311f583b08bcb4091e", "681fe7311f583b08bcb4091f", "681fe7311f583b08bcb40920", "681fe7311f583b08bcb40921" ]
    } ]
  } ],
  "collection_id" : "681ca2852a59db3110ec0b96",
  "display_order" : 0,
  "youtube_video" : "",
  "coming_soon" : false,
  "display_name_open" : "",
  "gender_type" : "FEMALE",
  "icon_thumbnail" : null,
  "compare_price" : 499000.0,
  "regular_price" : 449000.0
}, {
  "title" : "Quần Legging Full Length chạy bộ Medium Support",
  "vendor" : "5c482438000c695cfa6f8d22",
  "tags" : [ "NEW" ],
  "options" : [ {
    "type" : "COLOR",
    "title" : "Màu sắc",
    "values" : [ "Xám đậm", "Đen" ]
  }, {
    "type" : "SIZE",
    "title" : "Size",
    "values" : [ "XS", "S", "M", "L", "XL" ]
  } ],
  "images" : [ "681fe7321f583b08bcb40922", "681fe7321f583b08bcb40923", "681fe7321f583b08bcb40924", "681fe7331f583b08bcb40925", "681fe7331f583b08bcb40926", "681fe7331f583b08bcb40927", "681fe7331f583b08bcb40928", "681fe7331f583b08bcb40929", "681fe7331f583b08bcb4092a", "681fe7331f583b08bcb4092b", "681fe7341f583b08bcb4092c", "681fe7341f583b08bcb4092d", "681fe7341f583b08bcb4092e", "681fe7341f583b08bcb4092f", "681fe7341f583b08bcb40930", "681fe7341f583b08bcb40931" ],
  "discount" : null,
  "seo_alias" : "legging-full-length-chay-bo-medium-support",
  "options_values" : [ {
    "title" : "Màu sắc",
    "type" : "COLOR",
    "options" : [ {
      "title" : "Xám đậm",
      "slug" : "xam-dam",
      "label" : "",
      "images" : [ "681fe7341f583b08bcb40932", "681fe7351f583b08bcb40933", "681fe7351f583b08bcb40934", "681fe7351f583b08bcb40935", "681fe7351f583b08bcb40936", "681fe7351f583b08bcb40937", "681fe7351f583b08bcb40938", "681fe7351f583b08bcb40939", "681fe7351f583b08bcb4093a", "681fe7351f583b08bcb4093b", "681fe7351f583b08bcb4093c", "681fe7351f583b08bcb4093d", "681fe7361f583b08bcb4093e", "681fe7361f583b08bcb4093f", "681fe7361f583b08bcb40940", "681fe7361f583b08bcb40941" ]
    }, {
      "title" : "Đen",
      "slug" : "den",
      "label" : "",
      "images" : [ "681fe7361f583b08bcb40942", "681fe7361f583b08bcb40943", "681fe7361f583b08bcb40944", "681fe7361f583b08bcb40945", "681fe7361f583b08bcb40946", "681fe7361f583b08bcb40947", "681fe7361f583b08bcb40948", "681fe7361f583b08bcb40949", "681fe7361f583b08bcb4094a", "681fe7371f583b08bcb4094b", "681fe7371f583b08bcb4094c", "681fe7371f583b08bcb4094d", "681fe7371f583b08bcb4094e", "681fe7371f583b08bcb4094f", "681fe7371f583b08bcb40950", "681fe7371f583b08bcb40951" ]
    } ]
  } ],
  "collection_id" : "681ca2852a59db3110ec0b96",
  "display_order" : 0,
  "youtube_video" : "",
  "coming_soon" : false,
  "display_name_open" : "",
  "gender_type" : "FEMALE",
  "icon_thumbnail" : null,
  "compare_price" : 599000.0,
  "regular_price" : 539000.0
} ]