[ {
  "title" : "Combo 3 Quần lót Nam Trunk Ex-Comfort Modern Bamboo",
  "vendor" : "5c482438000c695cfa6f8d22",
  "tags" : [ ],
  "options" : [ {
    "type" : "COLOR",
    "title" : "Màu sắc",
    "values" : [ "Xanh Navy", "Xanh Coban", "Đen", "Mix màu" ]
  }, {
    "type" : "SIZE",
    "title" : "Kích thước",
    "values" : [ "M", "L", "XL", "2XL", "3XL" ]
  } ],
  "images" : [ "681fe9341f583b08bcb40952", "681fe9341f583b08bcb40953", "681fe9341f583b08bcb40954", "681fe9341f583b08bcb40955", "681fe9341f583b08bcb40956", "681fe9341f583b08bcb40957", "681fe9351f583b08bcb40958", "681fe9351f583b08bcb40959", "681fe9351f583b08bcb4095a", "681fe9351f583b08bcb4095b" ],
  "discount" : null,
  "seo_alias" : "combo-3-quan-lot-nam-trunk-ex-comfort-modern-bamboo",
  "options_values" : [ {
    "title" : "Màu sắc",
    "type" : "COLOR",
    "options" : [ {
      "title" : "Xanh Navy",
      "slug" : "xanh-navy",
      "label" : "",
      "images" : [ "681fe9351f583b08bcb4095c", "681fe9351f583b08bcb4095d", "681fe9351f583b08bcb4095e", "681fe9351f583b08bcb4095f", "681fe9351f583b08bcb40960", "681fe9361f583b08bcb40961", "681fe9361f583b08bcb40962", "681fe9361f583b08bcb40963", "681fe9361f583b08bcb40964", "681fe9361f583b08bcb40965" ]
    }, {
      "title" : "Xanh Coban",
      "slug" : "xanh-coban",
      "label" : "",
      "images" : [ "681fe9361f583b08bcb40966", "681fe9361f583b08bcb40967", "681fe9361f583b08bcb40968", "681fe9361f583b08bcb40969", "681fe9361f583b08bcb4096a", "681fe9371f583b08bcb4096b", "681fe9371f583b08bcb4096c", "681fe9371f583b08bcb4096d", "681fe9371f583b08bcb4096e", "681fe9371f583b08bcb4096f" ]
    }, {
      "title" : "Đen",
      "slug" : "den",
      "label" : "",
      "images" : [ "681fe9371f583b08bcb40970", "681fe9371f583b08bcb40971", "681fe9371f583b08bcb40972", "681fe9371f583b08bcb40973", "681fe9381f583b08bcb40974", "681fe9381f583b08bcb40975", "681fe9381f583b08bcb40976", "681fe9381f583b08bcb40977", "681fe9381f583b08bcb40978", "681fe9381f583b08bcb40979" ]
    }, {
      "title" : "Mix màu",
      "slug" : "mix-mau",
      "label" : "",
      "images" : [ "681fe9381f583b08bcb4097a", "681fe9381f583b08bcb4097b", "681fe9381f583b08bcb4097c", "681fe9391f583b08bcb4097d", "681fe9391f583b08bcb4097e", "681fe9391f583b08bcb4097f", "681fe9391f583b08bcb40980", "681fe9391f583b08bcb40981", "681fe9391f583b08bcb40982", "681fe9391f583b08bcb40983" ]
    } ]
  } ],
  "collection_id" : "681ca29b2a59db3110ec0b97",
  "display_order" : 0,
  "youtube_video" : "",
  "coming_soon" : false,
  "display_name_open" : "Kháng Khuẩn - Thoáng khí",
  "gender_type" : "MALE",
  "icon_thumbnail" : null,
  "compare_price" : 357000.0,
  "regular_price" : 289000.0
}, {
  "title" : "Combo 3 Quần Lót Nam Trunk Lenzing Modal",
  "vendor" : "",
  "tags" : [ ],
  "options" : [ {
    "type" : "COLOR",
    "title" : "Màu Quần",
    "values" : [ "Mix màu 1", "Mix màu 2", "Mix màu 3", "Mix màu 4", "Đen", "Xanh Adriatic", "Xanh Chinois", "Xanh Titan" ]
  }, {
    "type" : "SIZE",
    "title" : "Kích thước",
    "values" : [ "M", "L", "XL", "2XL", "3XL" ]
  } ],
  "images" : [ "681fe93e1f583b08bcb40984", "681fe93e1f583b08bcb40985", "681fe93e1f583b08bcb40986", "681fe93e1f583b08bcb40987", "681fe93e1f583b08bcb40988", "681fe93e1f583b08bcb40989" ],
  "discount" : null,
  "seo_alias" : "combo-3-quan-lot-nam-trunk-lenzing-modal",
  "options_values" : [ {
    "title" : "Màu Quần",
    "type" : "COLOR",
    "options" : [ {
      "title" : "Mix màu 1",
      "slug" : "mix-mau-1",
      "label" : "",
      "images" : [ "681fe93f1f583b08bcb4098a", "681fe93f1f583b08bcb4098b", "681fe93f1f583b08bcb4098c", "681fe93f1f583b08bcb4098d", "681fe93f1f583b08bcb4098e", "681fe93f1f583b08bcb4098f" ]
    }, {
      "title" : "Mix màu 2",
      "slug" : "mix-mau-2",
      "label" : "",
      "images" : [ "681fe93f1f583b08bcb40990", "681fe93f1f583b08bcb40991", "681fe93f1f583b08bcb40992", "681fe93f1f583b08bcb40993", "681fe9401f583b08bcb40994", "681fe9401f583b08bcb40995" ]
    }, {
      "title" : "Mix màu 3",
      "slug" : "mix-mau-3",
      "label" : "",
      "images" : [ "681fe9401f583b08bcb40996", "681fe9401f583b08bcb40997", "681fe9401f583b08bcb40998", "681fe9401f583b08bcb40999", "681fe9401f583b08bcb4099a", "681fe9401f583b08bcb4099b" ]
    }, {
      "title" : "Mix màu 4",
      "slug" : "mix-mau-4",
      "label" : "",
      "images" : [ "681fe9411f583b08bcb4099c", "681fe9411f583b08bcb4099d", "681fe9411f583b08bcb4099e", "681fe9411f583b08bcb4099f", "681fe9411f583b08bcb409a0", "681fe9411f583b08bcb409a1" ]
    }, {
      "title" : "Đen",
      "slug" : "den",
      "label" : "",
      "images" : [ "681fe9411f583b08bcb409a2", "681fe9411f583b08bcb409a3", "681fe9411f583b08bcb409a4", "681fe9411f583b08bcb409a5", "681fe9421f583b08bcb409a6", "681fe9421f583b08bcb409a7" ]
    }, {
      "title" : "Xanh Adriatic",
      "slug" : "xanh-adriatic",
      "label" : "",
      "images" : [ "681fe9421f583b08bcb409a8", "681fe9421f583b08bcb409a9", "681fe9421f583b08bcb409aa", "681fe9421f583b08bcb409ab", "681fe9421f583b08bcb409ac", "681fe9421f583b08bcb409ad" ]
    }, {
      "title" : "Xanh Chinois",
      "slug" : "xanh-chinois",
      "label" : "",
      "images" : [ "681fe9431f583b08bcb409ae", "681fe9431f583b08bcb409af", "681fe9431f583b08bcb409b0", "681fe9431f583b08bcb409b1", "681fe9431f583b08bcb409b2", "681fe9431f583b08bcb409b3" ]
    }, {
      "title" : "Xanh Titan",
      "slug" : "xanh-titan",
      "label" : "",
      "images" : [ "681fe9431f583b08bcb409b4", "681fe9431f583b08bcb409b5", "681fe9431f583b08bcb409b6", "681fe9431f583b08bcb409b7", "681fe9441f583b08bcb409b8", "681fe9441f583b08bcb409b9" ]
    } ]
  } ],
  "collection_id" : "681ca29b2a59db3110ec0b97",
  "display_order" : 275,
  "youtube_video" : "",
  "coming_soon" : false,
  "display_name_open" : "Kháng khuẩn - Thấm Hút - Mát tự nhiên",
  "gender_type" : "MALE",
  "icon_thumbnail" : null,
  "compare_price" : 299000.0,
  "regular_price" : 269000.0
}, {
  "title" : "Combo 3 Quần Lót Nam trunk Lenzing Modal cạp logo Coolmate",
  "vendor" : "",
  "tags" : [ ],
  "options" : [ {
    "type" : "COLOR",
    "title" : "Màu Quần",
    "values" : [ "Mix màu 1", "Mix màu 2", "Mix màu 3", "Đen", "Xanh Adriatic", "Xanh Chinois", "Xanh Titan", "Đen đai Xanh", "Đen đai Xám" ]
  }, {
    "type" : "SIZE",
    "title" : "Kích thước",
    "values" : [ "M", "L", "XL", "2XL", "3XL" ]
  } ],
  "images" : [ "681fe9481f583b08bcb409ba", "681fe9481f583b08bcb409bb", "681fe9491f583b08bcb409bc", "681fe9491f583b08bcb409bd", "681fe9491f583b08bcb409be", "681fe9491f583b08bcb409bf", "681fe9491f583b08bcb409c0" ],
  "discount" : null,
  "seo_alias" : "combo-3-quan-lot-trunk-lenzing-modal-cap-logo-coolmate",
  "options_values" : [ {
    "title" : "Màu Quần",
    "type" : "COLOR",
    "options" : [ {
      "title" : "Mix màu 1",
      "slug" : "mix-mau-1",
      "label" : "",
      "images" : [ "681fe9491f583b08bcb409c1", "681fe9491f583b08bcb409c2", "681fe9491f583b08bcb409c3", "681fe9491f583b08bcb409c4", "681fe9491f583b08bcb409c5", "681fe9491f583b08bcb409c6", "681fe9491f583b08bcb409c7" ]
    }, {
      "title" : "Mix màu 2",
      "slug" : "mix-mau-2",
      "label" : "",
      "images" : [ "681fe94a1f583b08bcb409c8", "681fe94a1f583b08bcb409c9", "681fe94a1f583b08bcb409ca", "681fe94a1f583b08bcb409cb", "681fe94a1f583b08bcb409cc", "681fe94a1f583b08bcb409cd", "681fe94a1f583b08bcb409ce" ]
    }, {
      "title" : "Mix màu 3",
      "slug" : "mix-mau-3",
      "label" : "",
      "images" : [ "681fe94a1f583b08bcb409cf", "681fe94a1f583b08bcb409d0", "681fe94a1f583b08bcb409d1", "681fe94b1f583b08bcb409d2", "681fe94b1f583b08bcb409d3", "681fe94b1f583b08bcb409d4", "681fe94b1f583b08bcb409d5" ]
    }, {
      "title" : "Đen",
      "slug" : "den",
      "label" : "",
      "images" : [ "681fe94b1f583b08bcb409d6", "681fe94b1f583b08bcb409d7", "681fe94b1f583b08bcb409d8", "681fe94b1f583b08bcb409d9", "681fe94b1f583b08bcb409da", "681fe94b1f583b08bcb409db", "681fe94b1f583b08bcb409dc" ]
    }, {
      "title" : "Xanh Adriatic",
      "slug" : "xanh-adriatic",
      "label" : "",
      "images" : [ "681fe94c1f583b08bcb409dd", "681fe94c1f583b08bcb409de", "681fe94c1f583b08bcb409df", "681fe94c1f583b08bcb409e0", "681fe94c1f583b08bcb409e1", "681fe94c1f583b08bcb409e2", "681fe94c1f583b08bcb409e3" ]
    }, {
      "title" : "Xanh Chinois",
      "slug" : "xanh-chinois",
      "label" : "",
      "images" : [ "681fe94c1f583b08bcb409e4", "681fe94c1f583b08bcb409e5", "681fe94d1f583b08bcb409e6", "681fe94d1f583b08bcb409e7", "681fe94d1f583b08bcb409e8", "681fe94d1f583b08bcb409e9", "681fe94d1f583b08bcb409ea" ]
    }, {
      "title" : "Xanh Titan",
      "slug" : "xanh-titan",
      "label" : "",
      "images" : [ "681fe94d1f583b08bcb409eb", "681fe94d1f583b08bcb409ec", "681fe94d1f583b08bcb409ed", "681fe94d1f583b08bcb409ee", "681fe94e1f583b08bcb409ef", "681fe94e1f583b08bcb409f0", "681fe94e1f583b08bcb409f1" ]
    }, {
      "title" : "Đen đai Xanh",
      "slug" : "den-dai-xanh",
      "label" : "",
      "images" : [ "681fe94e1f583b08bcb409f2", "681fe94e1f583b08bcb409f3", "681fe94e1f583b08bcb409f4", "681fe94e1f583b08bcb409f5", "681fe94e1f583b08bcb409f6", "681fe94e1f583b08bcb409f7", "681fe94e1f583b08bcb409f8" ]
    }, {
      "title" : "Đen đai Xám",
      "slug" : "den-dai-xam",
      "label" : "",
      "images" : [ "681fe94f1f583b08bcb409f9", "681fe94f1f583b08bcb409fa", "681fe94f1f583b08bcb409fb", "681fe94f1f583b08bcb409fc", "681fe94f1f583b08bcb409fd", "681fe94f1f583b08bcb409fe", "681fe94f1f583b08bcb409ff" ]
    } ]
  } ],
  "collection_id" : "681ca29b2a59db3110ec0b97",
  "display_order" : 276,
  "youtube_video" : "",
  "coming_soon" : false,
  "display_name_open" : "Kháng khuẩn - Thấm Hút - Mát tự nhiên",
  "gender_type" : "MALE",
  "icon_thumbnail" : null,
  "compare_price" : 299000.0,
  "regular_price" : 239000.0
}, {
  "title" : "Combo 3 Quần Lót Nam Trunks khe moi Lenzing Modal",
  "vendor" : "",
  "tags" : [ ],
  "options" : [ {
    "type" : "COLOR",
    "title" : "Màu sắc",
    "values" : [ "Đen", "Xanh Titan", "Xanh Adriatic", "Xanh Chinois" ]
  }, {
    "type" : "SIZE",
    "title" : "Kích thước",
    "values" : [ "M", "L", "XL", "2XL", "3XL" ]
  } ],
  "images" : [ "681fe9551f583b08bcb40a00", "681fe9551f583b08bcb40a01", "681fe9551f583b08bcb40a02", "681fe9551f583b08bcb40a03", "681fe9551f583b08bcb40a04", "681fe9561f583b08bcb40a05", "681fe9561f583b08bcb40a06", "681fe9561f583b08bcb40a07", "681fe9561f583b08bcb40a08" ],
  "discount" : null,
  "seo_alias" : "combo-3-quan-lot-nam-trunks-khe-moi-lenzing-modal",
  "options_values" : [ {
    "title" : "Màu sắc",
    "type" : "COLOR",
    "options" : [ {
      "title" : "Đen",
      "slug" : "den",
      "label" : "",
      "images" : [ "681fe9561f583b08bcb40a09", "681fe9561f583b08bcb40a0a", "681fe9561f583b08bcb40a0b", "681fe9561f583b08bcb40a0c", "681fe9561f583b08bcb40a0d", "681fe9561f583b08bcb40a0e", "681fe9561f583b08bcb40a0f", "681fe9571f583b08bcb40a10", "681fe9571f583b08bcb40a11" ]
    }, {
      "title" : "Xanh Titan",
      "slug" : "xanh-titan",
      "label" : "",
      "images" : [ "681fe9571f583b08bcb40a12", "681fe9571f583b08bcb40a13", "681fe9571f583b08bcb40a14", "681fe9571f583b08bcb40a15", "681fe9571f583b08bcb40a16", "681fe9571f583b08bcb40a17", "681fe9571f583b08bcb40a18", "681fe9571f583b08bcb40a19", "681fe9571f583b08bcb40a1a" ]
    }, {
      "title" : "Xanh Adriatic",
      "slug" : "xanh-adriatic",
      "label" : "",
      "images" : [ "681fe9571f583b08bcb40a1b", "681fe9581f583b08bcb40a1c", "681fe9581f583b08bcb40a1d", "681fe9581f583b08bcb40a1e", "681fe9581f583b08bcb40a1f", "681fe9581f583b08bcb40a20", "681fe9581f583b08bcb40a21", "681fe9581f583b08bcb40a22", "681fe9581f583b08bcb40a23" ]
    }, {
      "title" : "Xanh Chinois",
      "slug" : "xanh-chinois",
      "label" : "",
      "images" : [ "681fe9581f583b08bcb40a24", "681fe9581f583b08bcb40a25", "681fe9581f583b08bcb40a26", "681fe9581f583b08bcb40a27", "681fe9581f583b08bcb40a28", "681fe9591f583b08bcb40a29", "681fe9591f583b08bcb40a2a", "681fe9591f583b08bcb40a2b", "681fe9591f583b08bcb40a2c" ]
    } ]
  } ],
  "collection_id" : "681ca29b2a59db3110ec0b97",
  "display_order" : 373,
  "youtube_video" : "",
  "coming_soon" : false,
  "display_name_open" : "Kháng khuẩn - Thấm Hút - Mát tự nhiên",
  "gender_type" : "MALE",
  "icon_thumbnail" : null,
  "compare_price" : 357000.0,
  "regular_price" : 279000.0
}, {
  "title" : "Combo 2 Quần Lót Nam Trunk Ice Cooling Premium",
  "vendor" : "",
  "tags" : [ ],
  "options" : [ {
    "type" : "COLOR",
    "title" : "Màu sắc",
    "values" : [ "Mix màu 1", "Mix màu 2", "Mix màu 3", "Xám Iron", "Đỏ Tawy", "Xanh Beacon" ]
  }, {
    "type" : "SIZE",
    "title" : "Kích thước",
    "values" : [ "M", "L", "XL", "2XL", "3Xl" ]
  } ],
  "images" : [ "681fe95d1f583b08bcb40a2d", "681fe95d1f583b08bcb40a2e", "681fe95d1f583b08bcb40a2f", "681fe95d1f583b08bcb40a30", "681fe95d1f583b08bcb40a31", "681fe95d1f583b08bcb40a32", "681fe95e1f583b08bcb40a33", "681fe95e1f583b08bcb40a34" ],
  "discount" : null,
  "seo_alias" : "combo-2-quan-lot-nam-trunk-ice-cooling-premium",
  "options_values" : [ {
    "title" : "Màu sắc",
    "type" : "COLOR",
    "options" : [ {
      "title" : "Mix màu 1",
      "slug" : "mix-mau-1",
      "label" : "",
      "images" : [ "681fe95e1f583b08bcb40a35", "681fe95e1f583b08bcb40a36", "681fe95e1f583b08bcb40a37", "681fe95e1f583b08bcb40a38", "681fe95e1f583b08bcb40a39", "681fe95e1f583b08bcb40a3a", "681fe95e1f583b08bcb40a3b", "681fe95e1f583b08bcb40a3c" ]
    }, {
      "title" : "Mix màu 2",
      "slug" : "mix-mau-2",
      "label" : "",
      "images" : [ "681fe95e1f583b08bcb40a3d", "681fe95f1f583b08bcb40a3e", "681fe95f1f583b08bcb40a3f", "681fe95f1f583b08bcb40a40", "681fe95f1f583b08bcb40a41", "681fe95f1f583b08bcb40a42", "681fe95f1f583b08bcb40a43", "681fe95f1f583b08bcb40a44" ]
    }, {
      "title" : "Mix màu 3",
      "slug" : "mix-mau-3",
      "label" : "",
      "images" : [ "681fe95f1f583b08bcb40a45", "681fe95f1f583b08bcb40a46", "681fe95f1f583b08bcb40a47", "681fe95f1f583b08bcb40a48", "681fe95f1f583b08bcb40a49", "681fe95f1f583b08bcb40a4a", "681fe95f1f583b08bcb40a4b", "681fe9601f583b08bcb40a4c" ]
    }, {
      "title" : "Xám Iron",
      "slug" : "xam-iron",
      "label" : "",
      "images" : [ "681fe9601f583b08bcb40a4d", "681fe9601f583b08bcb40a4e", "681fe9601f583b08bcb40a4f", "681fe9601f583b08bcb40a50", "681fe9601f583b08bcb40a51", "681fe9601f583b08bcb40a52", "681fe9601f583b08bcb40a53", "681fe9601f583b08bcb40a54" ]
    }, {
      "title" : "Đỏ Tawy",
      "slug" : "do-tawy",
      "label" : "",
      "images" : [ "681fe9611f583b08bcb40a55", "681fe9611f583b08bcb40a56", "681fe9611f583b08bcb40a57", "681fe9611f583b08bcb40a58", "681fe9611f583b08bcb40a59", "681fe9611f583b08bcb40a5a", "681fe9611f583b08bcb40a5b", "681fe9611f583b08bcb40a5c" ]
    }, {
      "title" : "Xanh Beacon",
      "slug" : "xanh-beacon",
      "label" : "",
      "images" : [ "681fe9611f583b08bcb40a5d", "681fe9611f583b08bcb40a5e", "681fe9621f583b08bcb40a5f", "681fe9621f583b08bcb40a60", "681fe9621f583b08bcb40a61", "681fe9621f583b08bcb40a62", "681fe9621f583b08bcb40a63", "681fe9621f583b08bcb40a64" ]
    } ]
  } ],
  "collection_id" : "681ca29b2a59db3110ec0b97",
  "display_order" : 386,
  "youtube_video" : "",
  "coming_soon" : false,
  "display_name_open" : "Cooling - Thoáng khí ExDry",
  "gender_type" : "MALE",
  "icon_thumbnail" : null,
  "compare_price" : 278000.0,
  "regular_price" : 223000.0
}, {
  "title" : "Combo 5 Quần Lót Nam Trunk Bamboo",
  "vendor" : "5c482438000c695cfa6f8d22",
  "tags" : [ "WORTH_BUYING", "BEST_SELLER" ],
  "options" : [ {
    "type" : "COLOR",
    "title" : "Màu sắc",
    "values" : [ "Đen", "Trắng", "Xanh đậm", "Xám", "Xanh Navy", "Phối màu" ]
  }, {
    "type" : "SIZE",
    "title" : "Kích thước Quần",
    "values" : [ "M", "L", "XL", "2XL", "3XL", "4XL" ]
  } ],
  "images" : [ "681fe9671f583b08bcb40a65" ],
  "discount" : null,
  "seo_alias" : "combo-5-quan-lot-nam-trunk-bamboo-khang-khuan2",
  "options_values" : [ {
    "title" : "Màu sắc",
    "type" : "COLOR",
    "options" : [ {
      "title" : "Đen",
      "slug" : "den",
      "label" : "",
      "images" : [ "681fe9671f583b08bcb40a66" ]
    }, {
      "title" : "Trắng",
      "slug" : "trang",
      "label" : "",
      "images" : [ "681fe9681f583b08bcb40a67" ]
    }, {
      "title" : "Xanh đậm",
      "slug" : "xanh-dam",
      "label" : "",
      "images" : [ "681fe9681f583b08bcb40a68" ]
    }, {
      "title" : "Xám",
      "slug" : "xam",
      "label" : "",
      "images" : [ "681fe9681f583b08bcb40a69" ]
    }, {
      "title" : "Xanh Navy",
      "slug" : "xanh-navy",
      "label" : "",
      "images" : [ "681fe9681f583b08bcb40a6a" ]
    }, {
      "title" : "Phối màu",
      "slug" : "phoi-mau",
      "label" : "",
      "images" : [ "681fe9681f583b08bcb40a6b" ]
    } ]
  } ],
  "collection_id" : "681ca29b2a59db3110ec0b97",
  "display_order" : 219,
  "youtube_video" : "",
  "coming_soon" : false,
  "display_name_open" : "Kháng khuẩn",
  "gender_type" : "MALE",
  "icon_thumbnail" : null,
  "compare_price" : 499000.0,
  "regular_price" : 439000.0
}, {
  "title" : "Combo 3 Quần Lót Nam Trunk Bamboo",
  "vendor" : "5c482438000c695cfa6f8d22",
  "tags" : [ "WORTH_BUYING", "BEST_SELLER" ],
  "options" : [ {
    "type" : "COLOR",
    "title" : "Màu sắc",
    "values" : [ "Đen", "Trắng", "Xanh đậm", "Xám", "Xanh Navy", "Phối màu" ]
  }, {
    "type" : "SIZE",
    "title" : "Kích thước Quần",
    "values" : [ "M", "L", "XL", "2XL", "3XL", "4XL" ]
  } ],
  "images" : [ "681fe9681f583b08bcb40a6c", "681fe9691f583b08bcb40a6d", "681fe9691f583b08bcb40a6e", "681fe9691f583b08bcb40a6f", "681fe9691f583b08bcb40a70" ],
  "discount" : null,
  "seo_alias" : "combo-3-quan-lot-nam-trunk-bamboo-khang-khuan-2",
  "options_values" : [ {
    "title" : "Màu sắc",
    "type" : "COLOR",
    "options" : [ {
      "title" : "Đen",
      "slug" : "den",
      "label" : "",
      "images" : [ "681fe9691f583b08bcb40a71", "681fe9691f583b08bcb40a72", "681fe9691f583b08bcb40a73", "681fe9691f583b08bcb40a74", "681fe9691f583b08bcb40a75" ]
    }, {
      "title" : "Trắng",
      "slug" : "trang",
      "label" : "",
      "images" : [ "681fe9691f583b08bcb40a76", "681fe9691f583b08bcb40a77", "681fe9691f583b08bcb40a78", "681fe9691f583b08bcb40a79", "681fe96a1f583b08bcb40a7a" ]
    }, {
      "title" : "Xanh đậm",
      "slug" : "xanh-dam",
      "label" : "",
      "images" : [ "681fe96a1f583b08bcb40a7b", "681fe96a1f583b08bcb40a7c", "681fe96a1f583b08bcb40a7d", "681fe96a1f583b08bcb40a7e", "681fe96a1f583b08bcb40a7f" ]
    }, {
      "title" : "Xám",
      "slug" : "xam",
      "label" : "",
      "images" : [ "681fe96a1f583b08bcb40a80", "681fe96a1f583b08bcb40a81", "681fe96a1f583b08bcb40a82", "681fe96a1f583b08bcb40a83", "681fe96a1f583b08bcb40a84" ]
    }, {
      "title" : "Xanh Navy",
      "slug" : "xanh-navy",
      "label" : "",
      "images" : [ "681fe96a1f583b08bcb40a85", "681fe96a1f583b08bcb40a86", "681fe96b1f583b08bcb40a87", "681fe96b1f583b08bcb40a88", "681fe96b1f583b08bcb40a89" ]
    }, {
      "title" : "Phối màu",
      "slug" : "phoi-mau",
      "label" : "",
      "images" : [ "681fe96b1f583b08bcb40a8a", "681fe96b1f583b08bcb40a8b", "681fe96b1f583b08bcb40a8c", "681fe96b1f583b08bcb40a8d", "681fe96b1f583b08bcb40a8e" ]
    } ]
  } ],
  "collection_id" : "681ca29b2a59db3110ec0b97",
  "display_order" : 223,
  "youtube_video" : "",
  "coming_soon" : false,
  "display_name_open" : "Kháng khuẩn",
  "gender_type" : "MALE",
  "icon_thumbnail" : null,
  "compare_price" : 299000.0,
  "regular_price" : 269000.0
}, {
  "title" : "Combo 3 Quần Lót Nam Trunk Excool",
  "vendor" : "5c482438000c695cfa6f8d22",
  "tags" : [ "WORTH_BUYING", "BEST_SELLER" ],
  "options" : [ {
    "type" : "COLOR",
    "title" : "Màu sắc",
    "values" : [ "Đen", "Xanh Navy", "Xanh Coban", "Mix màu", "Mix màu 2" ]
  }, {
    "type" : "SIZE",
    "title" : "Kích thước Quần",
    "values" : [ "M", "L", "XL", "2XL", "3XL", "4XL" ]
  } ],
  "images" : [ "681fe96e1f583b08bcb40a8f", "681fe96e1f583b08bcb40a90", "681fe96e1f583b08bcb40a91", "681fe96e1f583b08bcb40a92", "681fe96e1f583b08bcb40a93", "681fe96e1f583b08bcb40a94", "681fe96f1f583b08bcb40a95", "681fe96f1f583b08bcb40a96" ],
  "discount" : null,
  "seo_alias" : "combo-03-quan-lot-nam-trunk-excool-microfiber-seamless-khong-duong-may",
  "options_values" : [ {
    "title" : "Màu sắc",
    "type" : "COLOR",
    "options" : [ {
      "title" : "Đen",
      "slug" : "den",
      "label" : "",
      "images" : [ "681fe96f1f583b08bcb40a97", "681fe96f1f583b08bcb40a98", "681fe96f1f583b08bcb40a99", "681fe96f1f583b08bcb40a9a", "681fe96f1f583b08bcb40a9b", "681fe96f1f583b08bcb40a9c", "681fe96f1f583b08bcb40a9d", "681fe96f1f583b08bcb40a9e" ]
    }, {
      "title" : "Xanh Navy",
      "slug" : "xanh-navy",
      "label" : "",
      "images" : [ "681fe96f1f583b08bcb40a9f", "681fe9701f583b08bcb40aa0", "681fe9701f583b08bcb40aa1", "681fe9701f583b08bcb40aa2", "681fe9701f583b08bcb40aa3", "681fe9701f583b08bcb40aa4", "681fe9701f583b08bcb40aa5", "681fe9701f583b08bcb40aa6" ]
    }, {
      "title" : "Xanh Coban",
      "slug" : "xanh-coban",
      "label" : "",
      "images" : [ "681fe9701f583b08bcb40aa7", "681fe9701f583b08bcb40aa8", "681fe9701f583b08bcb40aa9", "681fe9701f583b08bcb40aaa", "681fe9701f583b08bcb40aab", "681fe9701f583b08bcb40aac", "681fe9701f583b08bcb40aad", "681fe9711f583b08bcb40aae" ]
    }, {
      "title" : "Mix màu",
      "slug" : "mix-mau",
      "label" : "",
      "images" : [ "681fe9711f583b08bcb40aaf", "681fe9711f583b08bcb40ab0", "681fe9711f583b08bcb40ab1", "681fe9711f583b08bcb40ab2", "681fe9711f583b08bcb40ab3", "681fe9711f583b08bcb40ab4", "681fe9711f583b08bcb40ab5", "681fe9711f583b08bcb40ab6" ]
    }, {
      "title" : "Mix màu 2",
      "slug" : "mix-mau-2",
      "label" : "",
      "images" : [ "681fe9711f583b08bcb40ab7", "681fe9711f583b08bcb40ab8", "681fe9711f583b08bcb40ab9", "681fe9711f583b08bcb40aba", "681fe9711f583b08bcb40abb", "681fe9711f583b08bcb40abc", "681fe9721f583b08bcb40abd", "681fe9721f583b08bcb40abe" ]
    } ]
  } ],
  "collection_id" : "681ca29b2a59db3110ec0b97",
  "display_order" : 299,
  "youtube_video" : "",
  "coming_soon" : false,
  "display_name_open" : "Seamless không đường may",
  "gender_type" : "MALE",
  "icon_thumbnail" : null,
  "compare_price" : 329000.0,
  "regular_price" : 289000.0
}, {
  "title" : "Combo 5 Quần Lót Nam Trunk Cotton Compact",
  "vendor" : "5c482438000c695cfa6f8d22",
  "tags" : [ ],
  "options" : [ {
    "type" : "COLOR",
    "title" : "Màu sắc",
    "values" : [ "Màu 1", "Màu 2" ]
  }, {
    "type" : "SIZE",
    "title" : "Kích thước Quần",
    "values" : [ "M", "L", "XL", "2XL", "3XL" ]
  } ],
  "images" : [ "681fe9751f583b08bcb40abf", "681fe9751f583b08bcb40ac0", "681fe9751f583b08bcb40ac1", "681fe9751f583b08bcb40ac2", "681fe9751f583b08bcb40ac3", "681fe9751f583b08bcb40ac4", "681fe9751f583b08bcb40ac5", "681fe9761f583b08bcb40ac6", "681fe9761f583b08bcb40ac7", "681fe9761f583b08bcb40ac8", "681fe9761f583b08bcb40ac9" ],
  "discount" : null,
  "seo_alias" : "combo-05-quan-lot-nam-trunk-cotton-compact",
  "options_values" : [ {
    "title" : "Màu sắc",
    "type" : "COLOR",
    "options" : [ {
      "title" : "Màu 1",
      "slug" : "mau-1",
      "label" : "",
      "images" : [ "681fe9761f583b08bcb40aca", "681fe9761f583b08bcb40acb", "681fe9761f583b08bcb40acc", "681fe9761f583b08bcb40acd", "681fe9761f583b08bcb40ace", "681fe9761f583b08bcb40acf", "681fe9761f583b08bcb40ad0", "681fe9771f583b08bcb40ad1", "681fe9771f583b08bcb40ad2", "681fe9771f583b08bcb40ad3", "681fe9771f583b08bcb40ad4" ]
    }, {
      "title" : "Màu 2",
      "slug" : "mau-2",
      "label" : "",
      "images" : [ "681fe9771f583b08bcb40ad5", "681fe9771f583b08bcb40ad6", "681fe9771f583b08bcb40ad7", "681fe9771f583b08bcb40ad8", "681fe9771f583b08bcb40ad9", "681fe9771f583b08bcb40ada", "681fe9771f583b08bcb40adb", "681fe9771f583b08bcb40adc", "681fe9771f583b08bcb40add", "681fe9771f583b08bcb40ade", "681fe9771f583b08bcb40adf" ]
    } ]
  } ],
  "collection_id" : "681ca29b2a59db3110ec0b97",
  "display_order" : 336,
  "youtube_video" : "",
  "coming_soon" : false,
  "display_name_open" : "Thoáng mát",
  "gender_type" : "MALE",
  "icon_thumbnail" : null,
  "compare_price" : 496000.0,
  "regular_price" : 399000.0
}, {
  "title" : "Pack 5 Quần Lót Nam Trunk Cotton Basics",
  "vendor" : "5c482438000c695cfa6f8d22",
  "tags" : [ ],
  "options" : [ {
    "type" : "COLOR",
    "title" : "Màu sắc",
    "values" : [ "Mix ngẫu nhiên", "Xám", "Đen", "Xanh Navy" ]
  }, {
    "type" : "SIZE",
    "title" : "Kích thước Quần",
    "values" : [ "M", "L", "XL", "2XL", "3XL" ]
  } ],
  "images" : [ "681fe97b1f583b08bcb40ae0", "681fe97b1f583b08bcb40ae1", "681fe97b1f583b08bcb40ae2", "681fe97b1f583b08bcb40ae3", "681fe97b1f583b08bcb40ae4", "681fe97b1f583b08bcb40ae5", "681fe97b1f583b08bcb40ae6", "681fe97b1f583b08bcb40ae7", "681fe97c1f583b08bcb40ae8" ],
  "discount" : null,
  "seo_alias" : "pack-5-quan-lot-trunk-cotton-coolmate-basics-mem-mai",
  "options_values" : [ {
    "title" : "Màu sắc",
    "type" : "COLOR",
    "options" : [ {
      "title" : "Mix ngẫu nhiên",
      "slug" : "mix-ngau-nhien",
      "label" : "",
      "images" : [ "681fe97c1f583b08bcb40ae9", "681fe97c1f583b08bcb40aea", "681fe97c1f583b08bcb40aeb", "681fe97c1f583b08bcb40aec", "681fe97c1f583b08bcb40aed", "681fe97c1f583b08bcb40aee", "681fe97c1f583b08bcb40aef", "681fe97c1f583b08bcb40af0", "681fe97d1f583b08bcb40af1" ]
    }, {
      "title" : "Xám",
      "slug" : "xam",
      "label" : "",
      "images" : [ "681fe97d1f583b08bcb40af2", "681fe97d1f583b08bcb40af3", "681fe97d1f583b08bcb40af4", "681fe97d1f583b08bcb40af5", "681fe97d1f583b08bcb40af6", "681fe97d1f583b08bcb40af7", "681fe97d1f583b08bcb40af8", "681fe97d1f583b08bcb40af9", "681fe97d1f583b08bcb40afa" ]
    }, {
      "title" : "Đen",
      "slug" : "den",
      "label" : "",
      "images" : [ "681fe97d1f583b08bcb40afb", "681fe97d1f583b08bcb40afc", "681fe97e1f583b08bcb40afd", "681fe97e1f583b08bcb40afe", "681fe97e1f583b08bcb40aff", "681fe97e1f583b08bcb40b00", "681fe97e1f583b08bcb40b01", "681fe97e1f583b08bcb40b02", "681fe97e1f583b08bcb40b03" ]
    }, {
      "title" : "Xanh Navy",
      "slug" : "xanh-navy",
      "label" : "",
      "images" : [ "681fe97e1f583b08bcb40b04", "681fe97e1f583b08bcb40b05", "681fe97f1f583b08bcb40b06", "681fe97f1f583b08bcb40b07", "681fe97f1f583b08bcb40b08", "681fe97f1f583b08bcb40b09", "681fe97f1f583b08bcb40b0a", "681fe97f1f583b08bcb40b0b", "681fe97f1f583b08bcb40b0c" ]
    } ]
  } ],
  "collection_id" : "681ca29b2a59db3110ec0b97",
  "display_order" : 340,
  "youtube_video" : "",
  "coming_soon" : false,
  "display_name_open" : "Mềm mại",
  "gender_type" : "MALE",
  "icon_thumbnail" : null,
  "compare_price" : 229000.0,
  "regular_price" : 189000.0
}, {
  "title" : "Combo 5 Quần Lót Nam Trunk Ex-Comfort Bamboo",
  "vendor" : "5c482438000c695cfa6f8d22",
  "tags" : [ ],
  "options" : [ {
    "type" : "COLOR",
    "title" : "Màu sắc",
    "values" : [ "Mix màu", "Xanh Navy", "Xanh Coban", "Xanh Pastel" ]
  }, {
    "type" : "SIZE",
    "title" : "Kích thước Quần",
    "values" : [ "M", "L", "XL", "2XL", "3XL" ]
  } ],
  "images" : [ "681fe9831f583b08bcb40b0d", "681fe9831f583b08bcb40b0e", "681fe9831f583b08bcb40b0f", "681fe9841f583b08bcb40b10" ],
  "discount" : null,
  "seo_alias" : "combo-5-quan-lot-nam-trunk-bamboo-ex-comfort-thoai-mai",
  "options_values" : [ {
    "title" : "Màu sắc",
    "type" : "COLOR",
    "options" : [ {
      "title" : "Mix màu",
      "slug" : "mix-mau",
      "label" : "",
      "images" : [ "681fe9841f583b08bcb40b11", "681fe9841f583b08bcb40b12", "681fe9841f583b08bcb40b13", "681fe9841f583b08bcb40b14" ]
    }, {
      "title" : "Xanh Navy",
      "slug" : "xanh-navy",
      "label" : "",
      "images" : [ "681fe9841f583b08bcb40b15", "681fe9841f583b08bcb40b16", "681fe9841f583b08bcb40b17", "681fe9841f583b08bcb40b18" ]
    }, {
      "title" : "Xanh Coban",
      "slug" : "xanh-coban",
      "label" : "",
      "images" : [ "681fe9841f583b08bcb40b19", "681fe9841f583b08bcb40b1a", "681fe9841f583b08bcb40b1b", "681fe9851f583b08bcb40b1c" ]
    }, {
      "title" : "Xanh Pastel",
      "slug" : "xanh-pastel",
      "label" : "",
      "images" : [ "681fe9851f583b08bcb40b1d", "681fe9851f583b08bcb40b1e", "681fe9851f583b08bcb40b1f", "681fe9851f583b08bcb40b20" ]
    } ]
  } ],
  "collection_id" : "681ca29b2a59db3110ec0b97",
  "display_order" : 357,
  "youtube_video" : "",
  "coming_soon" : false,
  "display_name_open" : "Mềm mịn",
  "gender_type" : "MALE",
  "icon_thumbnail" : null,
  "compare_price" : 499000.0,
  "regular_price" : 399000.0
}, {
  "title" : "Combo 2 Quần Lót Nam Trunk Clean Cut",
  "vendor" : "5c482438000c695cfa6f8d22",
  "tags" : [ ],
  "options" : [ {
    "type" : "COLOR",
    "title" : "Màu sắc",
    "values" : [ "Phối màu", "Xanh rêu", "Xám đậm", "Xanh Navy", "Xanh Coban", "Đen" ]
  }, {
    "type" : "SIZE",
    "title" : "Kích thước Quần",
    "values" : [ "M", "L", "XL", "2XL", "3XL", "4XL" ]
  } ],
  "images" : [ "681fe9861f583b08bcb40b21", "681fe9871f583b08bcb40b22", "681fe9871f583b08bcb40b23", "681fe9871f583b08bcb40b24", "681fe9871f583b08bcb40b25", "681fe9871f583b08bcb40b26", "681fe9871f583b08bcb40b27", "681fe9871f583b08bcb40b28", "681fe9871f583b08bcb40b29", "681fe9871f583b08bcb40b2a", "681fe9871f583b08bcb40b2b" ],
  "discount" : null,
  "seo_alias" : "quan-lot-nam-trunk-excool-clean-cut-khong-duong-may",
  "options_values" : [ {
    "title" : "Màu sắc",
    "type" : "COLOR",
    "options" : [ {
      "title" : "Phối màu",
      "slug" : "phoi-mau",
      "label" : "",
      "images" : [ "681fe9871f583b08bcb40b2c", "681fe9871f583b08bcb40b2d", "681fe9881f583b08bcb40b2e", "681fe9881f583b08bcb40b2f", "681fe9881f583b08bcb40b30", "681fe9881f583b08bcb40b31", "681fe9881f583b08bcb40b32", "681fe9881f583b08bcb40b33", "681fe9881f583b08bcb40b34", "681fe9881f583b08bcb40b35", "681fe9881f583b08bcb40b36" ]
    }, {
      "title" : "Xanh rêu",
      "slug" : "xanh-reu",
      "label" : "",
      "images" : [ "681fe9881f583b08bcb40b37", "681fe9891f583b08bcb40b38", "681fe9891f583b08bcb40b39", "681fe9891f583b08bcb40b3a", "681fe9891f583b08bcb40b3b", "681fe9891f583b08bcb40b3c", "681fe9891f583b08bcb40b3d", "681fe9891f583b08bcb40b3e", "681fe9891f583b08bcb40b3f", "681fe9891f583b08bcb40b40", "681fe9891f583b08bcb40b41" ]
    }, {
      "title" : "Xám đậm",
      "slug" : "xam-dam",
      "label" : "",
      "images" : [ "681fe9891f583b08bcb40b42", "681fe9891f583b08bcb40b43", "681fe98a1f583b08bcb40b44", "681fe98a1f583b08bcb40b45", "681fe98a1f583b08bcb40b46", "681fe98a1f583b08bcb40b47", "681fe98a1f583b08bcb40b48", "681fe98a1f583b08bcb40b49", "681fe98a1f583b08bcb40b4a", "681fe98a1f583b08bcb40b4b", "681fe98a1f583b08bcb40b4c" ]
    }, {
      "title" : "Xanh Navy",
      "slug" : "xanh-navy",
      "label" : "",
      "images" : [ "681fe98a1f583b08bcb40b4d", "681fe98b1f583b08bcb40b4e", "681fe98b1f583b08bcb40b4f", "681fe98b1f583b08bcb40b50", "681fe98b1f583b08bcb40b51", "681fe98b1f583b08bcb40b52", "681fe98b1f583b08bcb40b53", "681fe98b1f583b08bcb40b54", "681fe98b1f583b08bcb40b55", "681fe98b1f583b08bcb40b56", "681fe98b1f583b08bcb40b57" ]
    }, {
      "title" : "Xanh Coban",
      "slug" : "xanh-coban",
      "label" : "",
      "images" : [ "681fe98c1f583b08bcb40b58", "681fe98c1f583b08bcb40b59", "681fe98c1f583b08bcb40b5a", "681fe98c1f583b08bcb40b5b", "681fe98c1f583b08bcb40b5c", "681fe98c1f583b08bcb40b5d", "681fe98c1f583b08bcb40b5e", "681fe98c1f583b08bcb40b5f", "681fe98c1f583b08bcb40b60", "681fe98c1f583b08bcb40b61", "681fe98c1f583b08bcb40b62" ]
    }, {
      "title" : "Đen",
      "slug" : "den",
      "label" : "",
      "images" : [ "681fe98d1f583b08bcb40b63", "681fe98d1f583b08bcb40b64", "681fe98d1f583b08bcb40b65", "681fe98d1f583b08bcb40b66", "681fe98d1f583b08bcb40b67", "681fe98d1f583b08bcb40b68", "681fe98d1f583b08bcb40b69", "681fe98d1f583b08bcb40b6a", "681fe98d1f583b08bcb40b6b", "681fe98d1f583b08bcb40b6c", "681fe98d1f583b08bcb40b6d" ]
    } ]
  } ],
  "collection_id" : "681ca29b2a59db3110ec0b97",
  "display_order" : 367,
  "youtube_video" : "",
  "coming_soon" : false,
  "display_name_open" : "Không đường may",
  "gender_type" : "MALE",
  "icon_thumbnail" : null,
  "compare_price" : 239000.0,
  "regular_price" : 199000.0
}, {
  "title" : "Combo 3 Quần Lót Nam Trunk Function",
  "vendor" : "5c482438000c695cfa6f8d22",
  "tags" : [ ],
  "options" : [ {
    "type" : "COLOR",
    "title" : "Màu sắc",
    "values" : [ "Xanh Aqua", "Đen", "Đen đai xám", "Phối màu" ]
  }, {
    "type" : "SIZE",
    "title" : "Kích thước Quần",
    "values" : [ "M", "L", "XL", "2XL", "3XL" ]
  } ],
  "images" : [ "681fe9941f583b08bcb40b6e", "681fe9951f583b08bcb40b6f", "681fe9951f583b08bcb40b70", "681fe9951f583b08bcb40b71", "681fe9951f583b08bcb40b72", "681fe9951f583b08bcb40b73" ],
  "discount" : null,
  "seo_alias" : "combo-03-quan-lot-nam-trunk-excool-function",
  "options_values" : [ {
    "title" : "Màu sắc",
    "type" : "COLOR",
    "options" : [ {
      "title" : "Xanh Aqua",
      "slug" : "xanh-aqua",
      "label" : "",
      "images" : [ "681fe9951f583b08bcb40b74", "681fe9951f583b08bcb40b75", "681fe9951f583b08bcb40b76", "681fe9951f583b08bcb40b77", "681fe9951f583b08bcb40b78", "681fe9951f583b08bcb40b79" ]
    }, {
      "title" : "Đen",
      "slug" : "den",
      "label" : "",
      "images" : [ "681fe9951f583b08bcb40b7a", "681fe9951f583b08bcb40b7b", "681fe9961f583b08bcb40b7c", "681fe9961f583b08bcb40b7d", "681fe9961f583b08bcb40b7e", "681fe9961f583b08bcb40b7f" ]
    }, {
      "title" : "Đen đai xám",
      "slug" : "den-dai-xam",
      "label" : "",
      "images" : [ "681fe9961f583b08bcb40b80", "681fe9961f583b08bcb40b81", "681fe9961f583b08bcb40b82", "681fe9961f583b08bcb40b83", "681fe9961f583b08bcb40b84", "681fe9961f583b08bcb40b85" ]
    }, {
      "title" : "Phối màu",
      "slug" : "phoi-mau",
      "label" : "",
      "images" : [ "681fe9961f583b08bcb40b86", "681fe9961f583b08bcb40b87", "681fe9961f583b08bcb40b88", "681fe9961f583b08bcb40b89", "681fe9971f583b08bcb40b8a", "681fe9971f583b08bcb40b8b" ]
    } ]
  } ],
  "collection_id" : "681ca29b2a59db3110ec0b97",
  "display_order" : 427,
  "youtube_video" : "",
  "coming_soon" : false,
  "display_name_open" : "Thoáng mát",
  "gender_type" : "MALE",
  "icon_thumbnail" : null,
  "compare_price" : 299000.0,
  "regular_price" : 249000.0
}, {
  "title" : "Quần Lót Nam Trunk CoolPouch II",
  "vendor" : "5c482438000c695cfa6f8d22",
  "tags" : [ ],
  "options" : [ {
    "type" : "COLOR",
    "title" : "Màu sắc",
    "values" : [ "Xám Iron", "Navy", "Đen", "Navy Academy" ]
  }, {
    "type" : "SIZE",
    "title" : "Kích thước",
    "values" : [ "M", "L", "XL", "2XL", "3XL" ]
  } ],
  "images" : [ "681fe9991f583b08bcb40b8c", "681fe9991f583b08bcb40b8d", "681fe9991f583b08bcb40b8e", "681fe9991f583b08bcb40b8f", "681fe9991f583b08bcb40b90", "681fe9991f583b08bcb40b91", "681fe9991f583b08bcb40b92", "681fe99a1f583b08bcb40b93" ],
  "discount" : null,
  "seo_alias" : "quan-lot-nam-trunk-coolpouch-ii-khe-moi-tien-loi",
  "options_values" : [ {
    "title" : "Màu sắc",
    "type" : "COLOR",
    "options" : [ {
      "title" : "Xám Iron",
      "slug" : "xam-iron",
      "label" : "",
      "images" : [ "681fe99a1f583b08bcb40b94", "681fe99a1f583b08bcb40b95", "681fe99a1f583b08bcb40b96", "681fe99a1f583b08bcb40b97", "681fe99a1f583b08bcb40b98", "681fe99a1f583b08bcb40b99", "681fe99a1f583b08bcb40b9a", "681fe99a1f583b08bcb40b9b" ]
    }, {
      "title" : "Navy",
      "slug" : "navy",
      "label" : "",
      "images" : [ "681fe99a1f583b08bcb40b9c", "681fe99a1f583b08bcb40b9d", "681fe99a1f583b08bcb40b9e", "681fe99a1f583b08bcb40b9f", "681fe99a1f583b08bcb40ba0", "681fe99a1f583b08bcb40ba1", "681fe99b1f583b08bcb40ba2", "681fe99b1f583b08bcb40ba3" ]
    }, {
      "title" : "Đen",
      "slug" : "den",
      "label" : "",
      "images" : [ "681fe99b1f583b08bcb40ba4", "681fe99b1f583b08bcb40ba5", "681fe99b1f583b08bcb40ba6", "681fe99b1f583b08bcb40ba7", "681fe99b1f583b08bcb40ba8", "681fe99b1f583b08bcb40ba9", "681fe99b1f583b08bcb40baa", "681fe99b1f583b08bcb40bab" ]
    }, {
      "title" : "Navy Academy",
      "slug" : "navy-academy",
      "label" : "",
      "images" : null
    } ]
  } ],
  "collection_id" : "681ca29b2a59db3110ec0b97",
  "display_order" : 457,
  "youtube_video" : "",
  "coming_soon" : false,
  "display_name_open" : "Khe moi - Túi đựng",
  "gender_type" : "MALE",
  "icon_thumbnail" : null,
  "compare_price" : 129000.0,
  "regular_price" : 69000.0
}, {
  "title" : "Combo 3 Quần Lót Nam Trunk Excool Basics",
  "vendor" : "5c482438000c695cfa6f8d22",
  "tags" : [ ],
  "options" : [ {
    "type" : "COLOR",
    "title" : "Màu sắc",
    "values" : [ "Đỏ đô", "Đen", "Đai xanh Navy", "Xám", "Xanh Navy", "Xanh rêu" ]
  }, {
    "type" : "SIZE",
    "title" : "Kích thước",
    "values" : [ "M", "L", "XL", "2XL", "3XL" ]
  } ],
  "images" : [ "681fe99e1f583b08bcb40bac", "681fe99e1f583b08bcb40bad", "681fe99e1f583b08bcb40bae", "681fe99e1f583b08bcb40baf", "681fe99e1f583b08bcb40bb0", "681fe99f1f583b08bcb40bb1", "681fe99f1f583b08bcb40bb2", "681fe99f1f583b08bcb40bb3", "681fe99f1f583b08bcb40bb4", "681fe99f1f583b08bcb40bb5" ],
  "discount" : null,
  "seo_alias" : "combo-3-trunk-excool-basics",
  "options_values" : [ {
    "title" : "Màu sắc",
    "type" : "COLOR",
    "options" : [ {
      "title" : "Đỏ đô",
      "slug" : "do-do",
      "label" : "",
      "images" : [ "681fe99f1f583b08bcb40bb6", "681fe99f1f583b08bcb40bb7", "681fe9a01f583b08bcb40bb8", "681fe9a01f583b08bcb40bb9", "681fe9a01f583b08bcb40bba", "681fe9a01f583b08bcb40bbb", "681fe9a01f583b08bcb40bbc", "681fe9a01f583b08bcb40bbd", "681fe9a01f583b08bcb40bbe", "681fe9a01f583b08bcb40bbf" ]
    }, {
      "title" : "Đen",
      "slug" : "den",
      "label" : "",
      "images" : [ "681fe9a01f583b08bcb40bc0", "681fe9a01f583b08bcb40bc1", "681fe9a11f583b08bcb40bc2", "681fe9a11f583b08bcb40bc3", "681fe9a11f583b08bcb40bc4", "681fe9a11f583b08bcb40bc5", "681fe9a11f583b08bcb40bc6", "681fe9a11f583b08bcb40bc7", "681fe9a11f583b08bcb40bc8", "681fe9a11f583b08bcb40bc9" ]
    }, {
      "title" : "Đai xanh Navy",
      "slug" : "dai-xanh-navy",
      "label" : "",
      "images" : [ "681fe9a11f583b08bcb40bca", "681fe9a21f583b08bcb40bcb", "681fe9a21f583b08bcb40bcc", "681fe9a21f583b08bcb40bcd", "681fe9a21f583b08bcb40bce", "681fe9a21f583b08bcb40bcf", "681fe9a21f583b08bcb40bd0", "681fe9a21f583b08bcb40bd1", "681fe9a21f583b08bcb40bd2", "681fe9a21f583b08bcb40bd3" ]
    }, {
      "title" : "Xám",
      "slug" : "xam",
      "label" : "",
      "images" : [ "681fe9a21f583b08bcb40bd4", "681fe9a21f583b08bcb40bd5", "681fe9a31f583b08bcb40bd6", "681fe9a31f583b08bcb40bd7", "681fe9a31f583b08bcb40bd8", "681fe9a31f583b08bcb40bd9", "681fe9a31f583b08bcb40bda", "681fe9a31f583b08bcb40bdb", "681fe9a31f583b08bcb40bdc", "681fe9a31f583b08bcb40bdd" ]
    }, {
      "title" : "Xanh Navy",
      "slug" : "xanh-navy",
      "label" : "",
      "images" : [ "681fe9a31f583b08bcb40bde", "681fe9a31f583b08bcb40bdf", "681fe9a31f583b08bcb40be0", "681fe9a41f583b08bcb40be1", "681fe9a41f583b08bcb40be2", "681fe9a41f583b08bcb40be3", "681fe9a41f583b08bcb40be4", "681fe9a41f583b08bcb40be5", "681fe9a41f583b08bcb40be6", "681fe9a41f583b08bcb40be7" ]
    }, {
      "title" : "Xanh rêu",
      "slug" : "xanh-reu",
      "label" : "",
      "images" : [ "681fe9a41f583b08bcb40be8", "681fe9a41f583b08bcb40be9", "681fe9a41f583b08bcb40bea", "681fe9a51f583b08bcb40beb", "681fe9a51f583b08bcb40bec", "681fe9a51f583b08bcb40bed", "681fe9a51f583b08bcb40bee", "681fe9a51f583b08bcb40bef", "681fe9a51f583b08bcb40bf0", "681fe9a51f583b08bcb40bf1" ]
    } ]
  } ],
  "collection_id" : "681ca29b2a59db3110ec0b97",
  "display_order" : 393,
  "youtube_video" : "",
  "coming_soon" : false,
  "display_name_open" : "Microfiber",
  "gender_type" : "MALE",
  "icon_thumbnail" : null,
  "compare_price" : 319000.0,
  "regular_price" : 269000.0
}, {
  "title" : "Combo 5 Quần Lót Nam Trunk Bamboo Khe Moi",
  "vendor" : "5c482438000c695cfa6f8d22",
  "tags" : [ ],
  "options" : [ {
    "type" : "COLOR",
    "title" : "Màu sắc",
    "values" : [ "Rêu", "Xanh Navy", "Xanh Pastel", "Phối màu" ]
  }, {
    "type" : "SIZE",
    "title" : "Kích thước Quần",
    "values" : [ "M", "L", "XL", "2XL", "3XL" ]
  } ],
  "images" : [ "681fe9ac1f583b08bcb40bf2", "681fe9ac1f583b08bcb40bf3", "681fe9ac1f583b08bcb40bf4", "681fe9ac1f583b08bcb40bf5" ],
  "discount" : null,
  "seo_alias" : "combo-5-quan-lot-nam-boxer-dang-trunk-vai-bamboo-khe-moi-khang-khuan",
  "options_values" : [ {
    "title" : "Màu sắc",
    "type" : "COLOR",
    "options" : [ {
      "title" : "Rêu",
      "slug" : "reu",
      "label" : "",
      "images" : [ "681fe9ac1f583b08bcb40bf6", "681fe9ad1f583b08bcb40bf7", "681fe9ad1f583b08bcb40bf8", "681fe9ad1f583b08bcb40bf9" ]
    }, {
      "title" : "Xanh Navy",
      "slug" : "xanh-navy",
      "label" : "",
      "images" : [ "681fe9ad1f583b08bcb40bfa", "681fe9ad1f583b08bcb40bfb", "681fe9ad1f583b08bcb40bfc", "681fe9ad1f583b08bcb40bfd" ]
    }, {
      "title" : "Xanh Pastel",
      "slug" : "xanh-pastel",
      "label" : "",
      "images" : [ "681fe9ad1f583b08bcb40bfe", "681fe9ad1f583b08bcb40bff", "681fe9ad1f583b08bcb40c00", "681fe9ad1f583b08bcb40c01" ]
    }, {
      "title" : "Phối màu",
      "slug" : "phoi-mau",
      "label" : "",
      "images" : [ "681fe9ae1f583b08bcb40c02", "681fe9ae1f583b08bcb40c03", "681fe9ae1f583b08bcb40c04", "681fe9ae1f583b08bcb40c05" ]
    } ]
  } ],
  "collection_id" : "681ca29b2a59db3110ec0b97",
  "display_order" : 401,
  "youtube_video" : "",
  "coming_soon" : false,
  "display_name_open" : "Kháng khuẩn",
  "gender_type" : "MALE",
  "icon_thumbnail" : null,
  "compare_price" : 499000.0,
  "regular_price" : 429000.0
}, {
  "title" : "Combo 3 Quần Lót Nam Trunk Ice Cooling Khe Moi",
  "vendor" : "5c482438000c695cfa6f8d22",
  "tags" : [ ],
  "options" : [ {
    "type" : "COLOR",
    "title" : "Màu sắc",
    "values" : [ "Mix màu", "Đen", "Xám đậm", "Xanh Navy" ]
  }, {
    "type" : "SIZE",
    "title" : "Kích thước",
    "values" : [ "M", "L", "XL", "2XL", "3XL" ]
  } ],
  "images" : [ "681fe9b01f583b08bcb40c06", "681fe9b01f583b08bcb40c07", "681fe9b01f583b08bcb40c08", "681fe9b01f583b08bcb40c09", "681fe9b01f583b08bcb40c0a", "681fe9b01f583b08bcb40c0b", "681fe9b01f583b08bcb40c0c", "681fe9b01f583b08bcb40c0d", "681fe9b01f583b08bcb40c0e", "681fe9b01f583b08bcb40c0f" ],
  "discount" : null,
  "seo_alias" : "combo-3-quan-lot-nam-trunk-ice-cooling-khe-moi-mat-lanh-thoang-khi-exdry",
  "options_values" : [ {
    "title" : "Màu sắc",
    "type" : "COLOR",
    "options" : [ {
      "title" : "Mix màu",
      "slug" : "mix-mau",
      "label" : "",
      "images" : [ "681fe9b11f583b08bcb40c10", "681fe9b11f583b08bcb40c11", "681fe9b21f583b08bcb40c12", "681fe9b21f583b08bcb40c13", "681fe9b21f583b08bcb40c14", "681fe9b21f583b08bcb40c15", "681fe9b21f583b08bcb40c16", "681fe9b21f583b08bcb40c17", "681fe9b21f583b08bcb40c18", "681fe9b21f583b08bcb40c19" ]
    }, {
      "title" : "Đen",
      "slug" : "den",
      "label" : "",
      "images" : [ "681fe9b21f583b08bcb40c1a", "681fe9b21f583b08bcb40c1b", "681fe9b21f583b08bcb40c1c", "681fe9b21f583b08bcb40c1d", "681fe9b31f583b08bcb40c1e", "681fe9b31f583b08bcb40c1f", "681fe9b31f583b08bcb40c20", "681fe9b31f583b08bcb40c21", "681fe9b31f583b08bcb40c22", "681fe9b31f583b08bcb40c23" ]
    }, {
      "title" : "Xám đậm",
      "slug" : "xam-dam",
      "label" : "",
      "images" : [ "681fe9b31f583b08bcb40c24", "681fe9b31f583b08bcb40c25", "681fe9b31f583b08bcb40c26", "681fe9b31f583b08bcb40c27", "681fe9b31f583b08bcb40c28", "681fe9b41f583b08bcb40c29", "681fe9b41f583b08bcb40c2a", "681fe9b41f583b08bcb40c2b", "681fe9b41f583b08bcb40c2c", "681fe9b41f583b08bcb40c2d" ]
    }, {
      "title" : "Xanh Navy",
      "slug" : "xanh-navy",
      "label" : "",
      "images" : [ "681fe9b41f583b08bcb40c2e", "681fe9b41f583b08bcb40c2f", "681fe9b41f583b08bcb40c30", "681fe9b41f583b08bcb40c31", "681fe9b51f583b08bcb40c32", "681fe9b51f583b08bcb40c33", "681fe9b51f583b08bcb40c34", "681fe9b51f583b08bcb40c35", "681fe9b51f583b08bcb40c36", "681fe9b51f583b08bcb40c37" ]
    } ]
  } ],
  "collection_id" : "681ca29b2a59db3110ec0b97",
  "display_order" : 405,
  "youtube_video" : "",
  "coming_soon" : false,
  "display_name_open" : "Cooling - Thoáng khí ExDry",
  "gender_type" : "MALE",
  "icon_thumbnail" : null,
  "compare_price" : 351000.0,
  "regular_price" : 269000.0
}, {
  "title" : "Combo 3 Quần Lót Nam Trunk Bamboo Trẻ em",
  "vendor" : "5c482438000c695cfa6f8d22",
  "tags" : [ "CLEARANCE_SALE" ],
  "options" : [ {
    "type" : "COLOR",
    "title" : "Màu sắc",
    "values" : [ "Trắng đai Navy", "Trắng đai Rêu" ]
  }, {
    "type" : "SIZE",
    "title" : "Kích thước Quần",
    "values" : [ "130", "140" ]
  } ],
  "images" : [ "681fe9b91f583b08bcb40c38", "681fe9b91f583b08bcb40c39", "681fe9ba1f583b08bcb40c3a", "681fe9ba1f583b08bcb40c3b", "681fe9ba1f583b08bcb40c3c", "681fe9ba1f583b08bcb40c3d", "681fe9ba1f583b08bcb40c3e", "681fe9ba1f583b08bcb40c3f", "681fe9ba1f583b08bcb40c40", "681fe9ba1f583b08bcb40c41", "681fe9ba1f583b08bcb40c42" ],
  "discount" : null,
  "seo_alias" : "combo-3-quan-lot-nam-tre-em-chat-lieu-bamboo-9-15-tuoi",
  "options_values" : [ {
    "title" : "Màu sắc",
    "type" : "COLOR",
    "options" : [ {
      "title" : "Trắng đai Navy",
      "slug" : "trang-dai-navy",
      "label" : "",
      "images" : [ "681fe9bb1f583b08bcb40c43", "681fe9bb1f583b08bcb40c44", "681fe9bb1f583b08bcb40c45", "681fe9bb1f583b08bcb40c46", "681fe9bb1f583b08bcb40c47", "681fe9bc1f583b08bcb40c48", "681fe9bc1f583b08bcb40c49", "681fe9bc1f583b08bcb40c4a", "681fe9bc1f583b08bcb40c4b", "681fe9bc1f583b08bcb40c4c", "681fe9bc1f583b08bcb40c4d" ]
    }, {
      "title" : "Trắng đai Rêu",
      "slug" : "trang-dai-reu",
      "label" : "",
      "images" : [ "681fe9bc1f583b08bcb40c4e", "681fe9bc1f583b08bcb40c4f", "681fe9bc1f583b08bcb40c50", "681fe9bd1f583b08bcb40c51", "681fe9bd1f583b08bcb40c52", "681fe9bd1f583b08bcb40c53", "681fe9bd1f583b08bcb40c54", "681fe9bd1f583b08bcb40c55", "681fe9bd1f583b08bcb40c56", "681fe9bd1f583b08bcb40c57", "681fe9bd1f583b08bcb40c58" ]
    } ]
  } ],
  "collection_id" : "681ca29b2a59db3110ec0b97",
  "display_order" : 126,
  "youtube_video" : "",
  "coming_soon" : false,
  "display_name_open" : "9-15 tuổi",
  "gender_type" : "MALE",
  "icon_thumbnail" : null,
  "compare_price" : 249000.0,
  "regular_price" : 99000.0
}, {
  "title" : "Combo 3 Quần Lót Nam Trunk Cotton Compact",
  "vendor" : "5c482438000c695cfa6f8d22",
  "tags" : [ ],
  "options" : [ {
    "type" : "COLOR",
    "title" : "Màu sắc",
    "values" : [ "Mix màu", "Đen", "Xám", "Xanh Navy" ]
  }, {
    "type" : "SIZE",
    "title" : "Kích thước Quần",
    "values" : [ "M", "L", "XL", "2XL", "3XL", "4XL" ]
  } ],
  "images" : [ "681fe9c01f583b08bcb40c59", "681fe9c01f583b08bcb40c5a", "681fe9c01f583b08bcb40c5b", "681fe9c01f583b08bcb40c5c", "681fe9c01f583b08bcb40c5d", "681fe9c01f583b08bcb40c5e", "681fe9c01f583b08bcb40c5f" ],
  "discount" : null,
  "seo_alias" : "03-quan-lot-nam-trunk-cotton-compact-co-gian-v1",
  "options_values" : [ {
    "title" : "Màu sắc",
    "type" : "COLOR",
    "options" : [ {
      "title" : "Mix màu",
      "slug" : "mix-mau",
      "label" : "",
      "images" : [ "681fe9c11f583b08bcb40c60", "681fe9c11f583b08bcb40c61", "681fe9c11f583b08bcb40c62", "681fe9c11f583b08bcb40c63", "681fe9c11f583b08bcb40c64", "681fe9c11f583b08bcb40c65", "681fe9c11f583b08bcb40c66" ]
    }, {
      "title" : "Đen",
      "slug" : "den",
      "label" : "",
      "images" : [ "681fe9c11f583b08bcb40c67", "681fe9c21f583b08bcb40c68", "681fe9c21f583b08bcb40c69", "681fe9c21f583b08bcb40c6a", "681fe9c21f583b08bcb40c6b", "681fe9c21f583b08bcb40c6c", "681fe9c31f583b08bcb40c6d" ]
    }, {
      "title" : "Xám",
      "slug" : "xam",
      "label" : "",
      "images" : [ "681fe9c31f583b08bcb40c6e", "681fe9c31f583b08bcb40c6f", "681fe9c31f583b08bcb40c70", "681fe9c31f583b08bcb40c71", "681fe9c31f583b08bcb40c72", "681fe9c31f583b08bcb40c73", "681fe9c31f583b08bcb40c74" ]
    }, {
      "title" : "Xanh Navy",
      "slug" : "xanh-navy",
      "label" : "",
      "images" : [ "681fe9c31f583b08bcb40c75", "681fe9c41f583b08bcb40c76", "681fe9c41f583b08bcb40c77", "681fe9c41f583b08bcb40c78", "681fe9c41f583b08bcb40c79", "681fe9c41f583b08bcb40c7a", "681fe9c41f583b08bcb40c7b" ]
    } ]
  } ],
  "collection_id" : "681ca29b2a59db3110ec0b97",
  "display_order" : 354,
  "youtube_video" : "",
  "coming_soon" : false,
  "display_name_open" : "",
  "gender_type" : "MALE",
  "icon_thumbnail" : null,
  "compare_price" : 269000.0,
  "regular_price" : 199000.0
}, {
  "title" : "Combo 3 Quần Lót Nam Trunk Ice Cooling II",
  "vendor" : "5c482438000c695cfa6f8d22",
  "tags" : [ ],
  "options" : [ {
    "type" : "COLOR",
    "title" : "Màu sắc",
    "values" : [ "Xanh Navy", "Xám Oyster", "Xanh Sapphire", "Đen", "Mix màu 1", "Mix màu 2", "Mix màu 3" ]
  }, {
    "type" : "SIZE",
    "title" : "Kích thước",
    "values" : [ "M", "L", "XL", "2XL", "3XL" ]
  } ],
  "images" : [ "681fe9c71f583b08bcb40c7c", "681fe9c71f583b08bcb40c7d", "681fe9c71f583b08bcb40c7e", "681fe9c71f583b08bcb40c7f", "681fe9c81f583b08bcb40c80", "681fe9c81f583b08bcb40c81", "681fe9c81f583b08bcb40c82", "681fe9c91f583b08bcb40c83", "681fe9c91f583b08bcb40c84", "681fe9c91f583b08bcb40c85", "681fe9c91f583b08bcb40c86" ],
  "discount" : null,
  "seo_alias" : "combo-3-quan-lot-nam-trunk-ice-cooling-ii-mat-me",
  "options_values" : [ {
    "title" : "Màu sắc",
    "type" : "COLOR",
    "options" : [ {
      "title" : "Xanh Navy",
      "slug" : "xanh-navy",
      "label" : "",
      "images" : [ "681fe9ca1f583b08bcb40c87", "681fe9ca1f583b08bcb40c88", "681fe9ca1f583b08bcb40c89", "681fe9ca1f583b08bcb40c8a", "681fe9ca1f583b08bcb40c8b", "681fe9ca1f583b08bcb40c8c", "681fe9ca1f583b08bcb40c8d", "681fe9ca1f583b08bcb40c8e", "681fe9ca1f583b08bcb40c8f", "681fe9ca1f583b08bcb40c90", "681fe9ca1f583b08bcb40c91" ]
    }, {
      "title" : "Xám Oyster",
      "slug" : "xam-oyster",
      "label" : "",
      "images" : [ "681fe9cb1f583b08bcb40c92", "681fe9cb1f583b08bcb40c93", "681fe9cb1f583b08bcb40c94", "681fe9cb1f583b08bcb40c95", "681fe9cb1f583b08bcb40c96", "681fe9cb1f583b08bcb40c97", "681fe9cb1f583b08bcb40c98", "681fe9cb1f583b08bcb40c99", "681fe9cb1f583b08bcb40c9a", "681fe9cb1f583b08bcb40c9b", "681fe9cc1f583b08bcb40c9c" ]
    }, {
      "title" : "Xanh Sapphire",
      "slug" : "xanh-sapphire",
      "label" : "",
      "images" : [ "681fe9cc1f583b08bcb40c9d", "681fe9cc1f583b08bcb40c9e", "681fe9cc1f583b08bcb40c9f", "681fe9cc1f583b08bcb40ca0", "681fe9cc1f583b08bcb40ca1", "681fe9cc1f583b08bcb40ca2", "681fe9cc1f583b08bcb40ca3", "681fe9cc1f583b08bcb40ca4", "681fe9cc1f583b08bcb40ca5", "681fe9cd1f583b08bcb40ca6", "681fe9cd1f583b08bcb40ca7" ]
    }, {
      "title" : "Đen",
      "slug" : "den",
      "label" : "",
      "images" : [ "681fe9cd1f583b08bcb40ca8", "681fe9cd1f583b08bcb40ca9", "681fe9cd1f583b08bcb40caa", "681fe9cd1f583b08bcb40cab", "681fe9cd1f583b08bcb40cac", "681fe9cd1f583b08bcb40cad", "681fe9cd1f583b08bcb40cae", "681fe9cd1f583b08bcb40caf", "681fe9ce1f583b08bcb40cb0", "681fe9ce1f583b08bcb40cb1", "681fe9ce1f583b08bcb40cb2" ]
    }, {
      "title" : "Mix màu 1",
      "slug" : "mix-mau-1",
      "label" : "",
      "images" : [ "681fe9ce1f583b08bcb40cb3", "681fe9ce1f583b08bcb40cb4", "681fe9ce1f583b08bcb40cb5", "681fe9ce1f583b08bcb40cb6", "681fe9ce1f583b08bcb40cb7", "681fe9ce1f583b08bcb40cb8", "681fe9ce1f583b08bcb40cb9", "681fe9ce1f583b08bcb40cba", "681fe9cf1f583b08bcb40cbb", "681fe9cf1f583b08bcb40cbc", "681fe9cf1f583b08bcb40cbd" ]
    }, {
      "title" : "Mix màu 2",
      "slug" : "mix-mau-2",
      "label" : "",
      "images" : [ "681fe9cf1f583b08bcb40cbe", "681fe9cf1f583b08bcb40cbf", "681fe9cf1f583b08bcb40cc0", "681fe9cf1f583b08bcb40cc1", "681fe9cf1f583b08bcb40cc2", "681fe9cf1f583b08bcb40cc3", "681fe9cf1f583b08bcb40cc4", "681fe9d01f583b08bcb40cc5", "681fe9d01f583b08bcb40cc6", "681fe9d01f583b08bcb40cc7", "681fe9d01f583b08bcb40cc8" ]
    }, {
      "title" : "Mix màu 3",
      "slug" : "mix-mau-3",
      "label" : "",
      "images" : [ "681fe9d01f583b08bcb40cc9", "681fe9d01f583b08bcb40cca", "681fe9d01f583b08bcb40ccb", "681fe9d01f583b08bcb40ccc", "681fe9d01f583b08bcb40ccd", "681fe9d01f583b08bcb40cce", "681fe9d01f583b08bcb40ccf", "681fe9d11f583b08bcb40cd0", "681fe9d11f583b08bcb40cd1", "681fe9d11f583b08bcb40cd2", "681fe9d11f583b08bcb40cd3" ]
    } ]
  } ],
  "collection_id" : "681ca29b2a59db3110ec0b97",
  "display_order" : 379,
  "youtube_video" : "",
  "coming_soon" : false,
  "display_name_open" : "Thoáng mát",
  "gender_type" : "MALE",
  "icon_thumbnail" : null,
  "compare_price" : 299000.0,
  "regular_price" : 239000.0
}, {
  "title" : "Combo 3 Quần Lót Nam Trunk Bamboo Khe Moi",
  "vendor" : "5c482438000c695cfa6f8d22",
  "tags" : [ ],
  "options" : [ {
    "type" : "COLOR",
    "title" : "Màu sắc",
    "values" : [ "Rêu", "Xanh Navy", "Xanh Pastel", "Phối màu" ]
  }, {
    "type" : "SIZE",
    "title" : "Kích thước Quần",
    "values" : [ "M", "L", "XL", "2XL", "3XL" ]
  } ],
  "images" : [ "681fe9d81f583b08bcb40cd4", "681fe9d81f583b08bcb40cd5", "681fe9d81f583b08bcb40cd6", "681fe9d81f583b08bcb40cd7" ],
  "discount" : null,
  "seo_alias" : "combo-3-quan-lot-nam-khe-moi-bamboo-trunk-khang-khuan",
  "options_values" : [ {
    "title" : "Màu sắc",
    "type" : "COLOR",
    "options" : [ {
      "title" : "Rêu",
      "slug" : "reu",
      "label" : "",
      "images" : [ "681fe9d91f583b08bcb40cd8", "681fe9d91f583b08bcb40cd9", "681fe9d91f583b08bcb40cda", "681fe9d91f583b08bcb40cdb" ]
    }, {
      "title" : "Xanh Navy",
      "slug" : "xanh-navy",
      "label" : "",
      "images" : [ "681fe9d91f583b08bcb40cdc", "681fe9d91f583b08bcb40cdd", "681fe9da1f583b08bcb40cde", "681fe9da1f583b08bcb40cdf" ]
    }, {
      "title" : "Xanh Pastel",
      "slug" : "xanh-pastel",
      "label" : "",
      "images" : [ "681fe9da1f583b08bcb40ce0", "681fe9da1f583b08bcb40ce1", "681fe9da1f583b08bcb40ce2", "681fe9da1f583b08bcb40ce3" ]
    }, {
      "title" : "Phối màu",
      "slug" : "phoi-mau",
      "label" : "",
      "images" : [ "681fe9db1f583b08bcb40ce4", "681fe9db1f583b08bcb40ce5", "681fe9db1f583b08bcb40ce6", "681fe9db1f583b08bcb40ce7" ]
    } ]
  } ],
  "collection_id" : "681ca29b2a59db3110ec0b97",
  "display_order" : 415,
  "youtube_video" : "",
  "coming_soon" : false,
  "display_name_open" : "Kháng khuẩn",
  "gender_type" : "MALE",
  "icon_thumbnail" : null,
  "compare_price" : 299000.0,
  "regular_price" : 259000.0
}, {
  "title" : "Combo 3 Quần Lót Nam Trunk Ex-Comfort Bamboo",
  "vendor" : "5c482438000c695cfa6f8d22",
  "tags" : [ ],
  "options" : [ {
    "type" : "COLOR",
    "title" : "Màu sắc",
    "values" : [ "Xanh Coban", "Xanh Pastel", "Xanh Navy", "Mix màu" ]
  }, {
    "type" : "SIZE",
    "title" : "Kích thước Quần",
    "values" : [ "M", "L", "XL", "2XL", "3XL" ]
  } ],
  "images" : [ "681fe9dc1f583b08bcb40ce8", "681fe9dc1f583b08bcb40ce9", "681fe9dd1f583b08bcb40cea", "681fe9dd1f583b08bcb40ceb", "681fe9dd1f583b08bcb40cec", "681fe9dd1f583b08bcb40ced", "681fe9dd1f583b08bcb40cee" ],
  "discount" : null,
  "seo_alias" : "combo-3-quan-lot-nam-trunk-bamboo-ex-comfort",
  "options_values" : [ {
    "title" : "Màu sắc",
    "type" : "COLOR",
    "options" : [ {
      "title" : "Xanh Coban",
      "slug" : "xanh-coban",
      "label" : "",
      "images" : [ "681fe9dd1f583b08bcb40cef", "681fe9dd1f583b08bcb40cf0", "681fe9dd1f583b08bcb40cf1", "681fe9de1f583b08bcb40cf2", "681fe9de1f583b08bcb40cf3", "681fe9de1f583b08bcb40cf4", "681fe9df1f583b08bcb40cf5" ]
    }, {
      "title" : "Xanh Pastel",
      "slug" : "xanh-pastel",
      "label" : "",
      "images" : [ "681fe9df1f583b08bcb40cf6", "681fe9df1f583b08bcb40cf7", "681fe9df1f583b08bcb40cf8", "681fe9df1f583b08bcb40cf9", "681fe9df1f583b08bcb40cfa", "681fe9df1f583b08bcb40cfb", "681fe9e01f583b08bcb40cfc" ]
    }, {
      "title" : "Xanh Navy",
      "slug" : "xanh-navy",
      "label" : "",
      "images" : [ "681fe9e01f583b08bcb40cfd", "681fe9e01f583b08bcb40cfe", "681fe9e01f583b08bcb40cff", "681fe9e01f583b08bcb40d00", "681fe9e01f583b08bcb40d01", "681fe9e01f583b08bcb40d02", "681fe9e01f583b08bcb40d03" ]
    }, {
      "title" : "Mix màu",
      "slug" : "mix-mau",
      "label" : "",
      "images" : [ "681fe9e11f583b08bcb40d04", "681fe9e11f583b08bcb40d05", "681fe9e11f583b08bcb40d06", "681fe9e11f583b08bcb40d07", "681fe9e11f583b08bcb40d08", "681fe9e11f583b08bcb40d09", "681fe9e11f583b08bcb40d0a" ]
    } ]
  } ],
  "collection_id" : "681ca29b2a59db3110ec0b97",
  "display_order" : 425,
  "youtube_video" : "",
  "coming_soon" : false,
  "display_name_open" : "Mềm mịn",
  "gender_type" : "MALE",
  "icon_thumbnail" : null,
  "compare_price" : 299000.0,
  "regular_price" : 259000.0
}, {
  "title" : "Combo 3 Quần Lót Nam Trunk CoolFly Modal",
  "vendor" : "5c482438000c695cfa6f8d22",
  "tags" : [ ],
  "options" : [ {
    "type" : "COLOR",
    "title" : "Màu sắc",
    "values" : [ "Xám nhạt", "Xám đậm" ]
  }, {
    "type" : "SIZE",
    "title" : "Kích thước",
    "values" : [ "M", "L", "XL", "2XL", "3XL" ]
  } ],
  "images" : [ "681fe9e41f583b08bcb40d0b", "681fe9e51f583b08bcb40d0c", "681fe9e51f583b08bcb40d0d", "681fe9e51f583b08bcb40d0e", "681fe9e61f583b08bcb40d0f", "681fe9e61f583b08bcb40d10" ],
  "discount" : null,
  "seo_alias" : "combo-3-quan-lot-nam-trunk-cool-fly-modal-khe-moi-thoang-mat",
  "options_values" : [ {
    "title" : "Màu sắc",
    "type" : "COLOR",
    "options" : [ {
      "title" : "Xám nhạt",
      "slug" : "xam-nhat",
      "label" : "",
      "images" : [ "681fe9e61f583b08bcb40d11", "681fe9e61f583b08bcb40d12", "681fe9e61f583b08bcb40d13", "681fe9e71f583b08bcb40d14", "681fe9e71f583b08bcb40d15", "681fe9e71f583b08bcb40d16" ]
    }, {
      "title" : "Xám đậm",
      "slug" : "xam-dam",
      "label" : "",
      "images" : [ "681fe9e71f583b08bcb40d17", "681fe9e71f583b08bcb40d18", "681fe9e81f583b08bcb40d19", "681fe9e81f583b08bcb40d1a", "681fe9e81f583b08bcb40d1b", "681fe9e81f583b08bcb40d1c" ]
    } ]
  } ],
  "collection_id" : "681ca29b2a59db3110ec0b97",
  "display_order" : 433,
  "youtube_video" : "",
  "coming_soon" : false,
  "display_name_open" : "Khe moi CoolFly",
  "gender_type" : "MALE",
  "icon_thumbnail" : null,
  "compare_price" : 330000.0,
  "regular_price" : 249000.0
}, {
  "title" : "Pack 5 Brief Cotton Coolmate Basics cạp logo",
  "vendor" : "5c482438000c695cfa6f8d22",
  "tags" : [ ],
  "options" : [ {
    "type" : "COLOR",
    "title" : "Màu sắc",
    "values" : [ "Xanh blue", "Đen", "Navy", "Xám nhạt", "Mix màu" ]
  }, {
    "type" : "SIZE",
    "title" : "Kích thước",
    "values" : [ "M", "L", "XL", "2XL", "3XL" ]
  } ],
  "images" : [ "681fe9ea1f583b08bcb40d1d", "681fe9eb1f583b08bcb40d1e", "681fe9eb1f583b08bcb40d1f", "681fe9eb1f583b08bcb40d20", "681fe9ec1f583b08bcb40d21", "681fe9ec1f583b08bcb40d22", "681fe9ed1f583b08bcb40d23", "681fe9ed1f583b08bcb40d24", "681fe9ed1f583b08bcb40d25", "681fe9ed1f583b08bcb40d26", "681fe9ee1f583b08bcb40d27", "681fe9ee1f583b08bcb40d28", "681fe9ee1f583b08bcb40d29" ],
  "discount" : null,
  "seo_alias" : "pack-5-brief-cotton-coolmate-basics-cap-logo-copy",
  "options_values" : [ {
    "title" : "Màu sắc",
    "type" : "COLOR",
    "options" : [ {
      "title" : "Xanh blue",
      "slug" : "xanh-blue",
      "label" : "",
      "images" : [ "681fe9ee1f583b08bcb40d2a", "681fe9ee1f583b08bcb40d2b", "681fe9ef1f583b08bcb40d2c", "681fe9ef1f583b08bcb40d2d", "681fe9ef1f583b08bcb40d2e", "681fe9ef1f583b08bcb40d2f", "681fe9ef1f583b08bcb40d30", "681fe9ef1f583b08bcb40d31", "681fe9ef1f583b08bcb40d32", "681fe9ef1f583b08bcb40d33", "681fe9f01f583b08bcb40d34", "681fe9f01f583b08bcb40d35", "681fe9f01f583b08bcb40d36" ]
    }, {
      "title" : "Đen",
      "slug" : "den",
      "label" : "",
      "images" : [ "681fe9f01f583b08bcb40d37", "681fe9f01f583b08bcb40d38", "681fe9f01f583b08bcb40d39", "681fe9f01f583b08bcb40d3a", "681fe9f01f583b08bcb40d3b", "681fe9f01f583b08bcb40d3c", "681fe9f11f583b08bcb40d3d", "681fe9f11f583b08bcb40d3e", "681fe9f11f583b08bcb40d3f", "681fe9f11f583b08bcb40d40", "681fe9f11f583b08bcb40d41", "681fe9f11f583b08bcb40d42", "681fe9f11f583b08bcb40d43" ]
    }, {
      "title" : "Navy",
      "slug" : "navy",
      "label" : "",
      "images" : [ "681fe9f11f583b08bcb40d44", "681fe9f11f583b08bcb40d45", "681fe9f11f583b08bcb40d46", "681fe9f21f583b08bcb40d47", "681fe9f21f583b08bcb40d48", "681fe9f21f583b08bcb40d49", "681fe9f21f583b08bcb40d4a", "681fe9f21f583b08bcb40d4b", "681fe9f21f583b08bcb40d4c", "681fe9f21f583b08bcb40d4d", "681fe9f21f583b08bcb40d4e", "681fe9f21f583b08bcb40d4f", "681fe9f31f583b08bcb40d50" ]
    }, {
      "title" : "Xám nhạt",
      "slug" : "xam-nhat",
      "label" : "",
      "images" : [ "681fe9f31f583b08bcb40d51", "681fe9f31f583b08bcb40d52", "681fe9f31f583b08bcb40d53", "681fe9f31f583b08bcb40d54", "681fe9f31f583b08bcb40d55", "681fe9f31f583b08bcb40d56", "681fe9f31f583b08bcb40d57", "681fe9f31f583b08bcb40d58", "681fe9f31f583b08bcb40d59", "681fe9f31f583b08bcb40d5a", "681fe9f41f583b08bcb40d5b", "681fe9f41f583b08bcb40d5c", "681fe9f41f583b08bcb40d5d" ]
    }, {
      "title" : "Mix màu",
      "slug" : "mix-mau",
      "label" : "",
      "images" : [ "681fe9f41f583b08bcb40d5e", "681fe9f41f583b08bcb40d5f", "681fe9f41f583b08bcb40d60", "681fe9f41f583b08bcb40d61", "681fe9f41f583b08bcb40d62", "681fe9f41f583b08bcb40d63", "681fe9f41f583b08bcb40d64", "681fe9f51f583b08bcb40d65", "681fe9f51f583b08bcb40d66", "681fe9f51f583b08bcb40d67", "681fe9f51f583b08bcb40d68", "681fe9f51f583b08bcb40d69", "681fe9f51f583b08bcb40d6a" ]
    } ]
  } ],
  "collection_id" : "681ca29b2a59db3110ec0b97",
  "display_order" : 999,
  "youtube_video" : "",
  "coming_soon" : false,
  "display_name_open" : "Thoáng khí - Co giãn",
  "gender_type" : "MALE",
  "icon_thumbnail" : null,
  "compare_price" : 329000.0,
  "regular_price" : 259000.0
}, {
  "title" : "Pack 5 Trunk Cotton Coolmate Basics cạp logo",
  "vendor" : "5c482438000c695cfa6f8d22",
  "tags" : [ ],
  "options" : [ {
    "type" : "COLOR",
    "title" : "Màu sắc",
    "values" : [ "Xanh blue", "Xám nhạt", "Đen", "Navy", "Mix" ]
  }, {
    "type" : "SIZE",
    "title" : "Kích thước",
    "values" : [ "M", "L", "XL", "2XL", "3XL" ]
  } ],
  "images" : [ "681fe9fb1f583b08bcb40d6b", "681fe9fc1f583b08bcb40d6c", "681fe9fc1f583b08bcb40d6d", "681fe9fc1f583b08bcb40d6e", "681fe9fc1f583b08bcb40d6f", "681fe9fc1f583b08bcb40d70", "681fe9fc1f583b08bcb40d71", "681fe9fc1f583b08bcb40d72", "681fe9fc1f583b08bcb40d73", "681fe9fc1f583b08bcb40d74", "681fe9fc1f583b08bcb40d75", "681fe9fc1f583b08bcb40d76", "681fe9fd1f583b08bcb40d77" ],
  "discount" : null,
  "seo_alias" : "pack-5-trunk-cotton-coolmate-basics-cap-logo",
  "options_values" : [ {
    "title" : "Màu sắc",
    "type" : "COLOR",
    "options" : [ {
      "title" : "Xanh blue",
      "slug" : "xanh-blue",
      "label" : "",
      "images" : [ "681fe9fd1f583b08bcb40d78", "681fe9fd1f583b08bcb40d79", "681fe9fd1f583b08bcb40d7a", "681fe9fd1f583b08bcb40d7b", "681fe9fd1f583b08bcb40d7c", "681fe9fd1f583b08bcb40d7d", "681fe9fe1f583b08bcb40d7e", "681fe9fe1f583b08bcb40d7f", "681fe9fe1f583b08bcb40d80", "681fe9fe1f583b08bcb40d81", "681fe9fe1f583b08bcb40d82", "681fe9fe1f583b08bcb40d83", "681fe9fe1f583b08bcb40d84" ]
    }, {
      "title" : "Xám nhạt",
      "slug" : "xam-nhat",
      "label" : "",
      "images" : [ "681fe9fe1f583b08bcb40d85", "681fe9fe1f583b08bcb40d86", "681fe9fe1f583b08bcb40d87", "681fe9ff1f583b08bcb40d88", "681fe9ff1f583b08bcb40d89", "681fe9ff1f583b08bcb40d8a", "681fe9ff1f583b08bcb40d8b", "681fe9ff1f583b08bcb40d8c", "681fe9ff1f583b08bcb40d8d", "681fe9ff1f583b08bcb40d8e", "681fe9ff1f583b08bcb40d8f", "681fe9ff1f583b08bcb40d90", "681fe9ff1f583b08bcb40d91" ]
    }, {
      "title" : "Đen",
      "slug" : "den",
      "label" : "",
      "images" : [ "681fea001f583b08bcb40d92", "681fea001f583b08bcb40d93", "681fea001f583b08bcb40d94", "681fea001f583b08bcb40d95", "681fea001f583b08bcb40d96", "681fea001f583b08bcb40d97", "681fea001f583b08bcb40d98", "681fea001f583b08bcb40d99", "681fea001f583b08bcb40d9a", "681fea001f583b08bcb40d9b", "681fea011f583b08bcb40d9c", "681fea011f583b08bcb40d9d", "681fea011f583b08bcb40d9e" ]
    }, {
      "title" : "Navy",
      "slug" : "navy",
      "label" : "",
      "images" : [ "681fea011f583b08bcb40d9f", "681fea011f583b08bcb40da0", "681fea011f583b08bcb40da1", "681fea011f583b08bcb40da2", "681fea011f583b08bcb40da3", "681fea011f583b08bcb40da4", "681fea011f583b08bcb40da5", "681fea021f583b08bcb40da6", "681fea021f583b08bcb40da7", "681fea021f583b08bcb40da8", "681fea021f583b08bcb40da9", "681fea021f583b08bcb40daa", "681fea021f583b08bcb40dab" ]
    }, {
      "title" : "Mix",
      "slug" : "mix",
      "label" : "",
      "images" : [ "681fea021f583b08bcb40dac", "681fea021f583b08bcb40dad", "681fea021f583b08bcb40dae", "681fea021f583b08bcb40daf", "681fea031f583b08bcb40db0", "681fea031f583b08bcb40db1", "681fea031f583b08bcb40db2", "681fea031f583b08bcb40db3", "681fea031f583b08bcb40db4", "681fea031f583b08bcb40db5", "681fea031f583b08bcb40db6", "681fea031f583b08bcb40db7", "681fea031f583b08bcb40db8" ]
    } ]
  } ],
  "collection_id" : "681ca29b2a59db3110ec0b97",
  "display_order" : 999,
  "youtube_video" : "",
  "coming_soon" : false,
  "display_name_open" : "Thoáng khí - Co giãn",
  "gender_type" : "MALE",
  "icon_thumbnail" : null,
  "compare_price" : 329000.0,
  "regular_price" : 259000.0
} ]