{
  "title" : "Quần Jogger ECC Warp Knitting",
  "vendor" : "5c482438000c695cfa6f8d22",
  "tags" : [ ],
  "options" : [ {
    "type" : "COLOR",
    "title" : "Màu sắc",
    "values" : [ "Rêu", "Đen", "Xám đậm", "Xanh Navy" ]
  }, {
    "type" : "SIZE",
    "title" : "Kích thước",
    "values" : [ "M", "L", "XL", "2XL", "3XL" ]
  } ],
  "images" : [ "681fe3b61f583b08bcb40643", "681fe3b61f583b08bcb40644", "681fe3b61f583b08bcb40645", "681fe3b61f583b08bcb40646", "681fe3b61f583b08bcb40647", "681fe3b61f583b08bcb40648", "681fe3b61f583b08bcb40649", "681fe3b61f583b08bcb4064a", "681fe3b61f583b08bcb4064b", "681fe3b71f583b08bcb4064c", "681fe3b71f583b08bcb4064d", "681fe3b71f583b08bcb4064e" ],
  "discount" : null,
  "seo_alias" : "quan-jogger-ecc-warp-knitting",
  "options_values" : [ {
    "title" : "Màu sắc",
    "type" : "COLOR",
    "options" : [ {
      "title" : "Rêu",
      "slug" : "reu",
      "label" : "",
      "images" : [ "681fe3b71f583b08bcb4064f", "681fe3b71f583b08bcb40650", "681fe3b71f583b08bcb40651", "681fe3b71f583b08bcb40652", "681fe3b71f583b08bcb40653", "681fe3b71f583b08bcb40654", "681fe3b71f583b08bcb40655", "681fe3b71f583b08bcb40656", "681fe3b71f583b08bcb40657", "681fe3b81f583b08bcb40658", "681fe3b81f583b08bcb40659", "681fe3b81f583b08bcb4065a" ]
    }, {
      "title" : "Đen",
      "slug" : "den",
      "label" : "",
      "images" : [ "681fe3b81f583b08bcb4065b", "681fe3b81f583b08bcb4065c", "681fe3b81f583b08bcb4065d", "681fe3b81f583b08bcb4065e", "681fe3b81f583b08bcb4065f", "681fe3b81f583b08bcb40660", "681fe3b81f583b08bcb40661", "681fe3b91f583b08bcb40662", "681fe3b91f583b08bcb40663", "681fe3b91f583b08bcb40664", "681fe3b91f583b08bcb40665", "681fe3b91f583b08bcb40666" ]
    }, {
      "title" : "Xám đậm",
      "slug" : "xam-dam",
      "label" : "",
      "images" : [ "681fe3b91f583b08bcb40667", "681fe3b91f583b08bcb40668", "681fe3b91f583b08bcb40669", "681fe3b91f583b08bcb4066a", "681fe3b91f583b08bcb4066b", "681fe3b91f583b08bcb4066c", "681fe3ba1f583b08bcb4066d", "681fe3ba1f583b08bcb4066e", "681fe3ba1f583b08bcb4066f", "681fe3ba1f583b08bcb40670", "681fe3ba1f583b08bcb40671", "681fe3ba1f583b08bcb40672" ]
    }, {
      "title" : "Xanh Navy",
      "slug" : "xanh-navy",
      "label" : "",
      "images" : [ "681fe3ba1f583b08bcb40673", "681fe3ba1f583b08bcb40674", "681fe3ba1f583b08bcb40675", "681fe3ba1f583b08bcb40676", "681fe3ba1f583b08bcb40677", "681fe3bb1f583b08bcb40678", "681fe3bb1f583b08bcb40679", "681fe3bb1f583b08bcb4067a", "681fe3bb1f583b08bcb4067b", "681fe3bb1f583b08bcb4067c", "681fe3bb1f583b08bcb4067d", "681fe3bc1f583b08bcb4067e" ]
    } ]
  } ],
  "collection_id" : "681ca27b2a59db3110ec0b95",
  "display_order" : 25,
  "youtube_video" : "",
  "coming_soon" : false,
  "display_name_open" : "Thoáng khí",
  "gender_type" : "MALE",
  "icon_thumbnail" : null,
  "compare_price" : 590000.0,
  "regular_price" : 590000.0
}