{
  "title" : "Quần Jogger Thể Thao ExDry",
  "vendor" : "5c482438000c695cfa6f8d22",
  "tags" : [ "WORTH_BUYING" ],
  "options" : [ {
    "type" : "COLOR",
    "title" : "Màu sắc",
    "values" : [ "Đen", "Xám đậm", "Xanh Nephrite" ]
  }, {
    "type" : "SIZE",
    "title" : "Kích thước",
    "values" : [ "M", "L", "XL", "2XL", "3XL" ]
  } ],
  "images" : [ "681fe3e41f583b08bcb4074b", "681fe3e41f583b08bcb4074c", "681fe3e41f583b08bcb4074d", "681fe3e41f583b08bcb4074e", "681fe3e41f583b08bcb4074f", "681fe3e41f583b08bcb40750" ],
  "discount" : null,
  "seo_alias" : "quan-jogger-the-thao-nam-co-gian-tham-hut-exdry",
  "options_values" : [ {
    "title" : "Màu sắc",
    "type" : "COLOR",
    "options" : [ {
      "title" : "Đen",
      "slug" : "den",
      "label" : "",
      "images" : [ "681fe3e41f583b08bcb40751", "681fe3e41f583b08bcb40752", "681fe3e51f583b08bcb40753", "681fe3e51f583b08bcb40754", "681fe3e51f583b08bcb40755", "681fe3e51f583b08bcb40756" ]
    }, {
      "title" : "Xám đậm",
      "slug" : "xam-dam",
      "label" : "",
      "images" : [ "681fe3e51f583b08bcb40757", "681fe3e51f583b08bcb40758", "681fe3e51f583b08bcb40759", "681fe3e51f583b08bcb4075a", "681fe3e51f583b08bcb4075b", "681fe3e51f583b08bcb4075c" ]
    }, {
      "title" : "Xanh Nephrite",
      "slug" : "xanh-nephrite",
      "label" : "",
      "images" : [ "681fe3e51f583b08bcb4075d", "681fe3e51f583b08bcb4075e", "681fe3e51f583b08bcb4075f", "681fe3e51f583b08bcb40760", "681fe3e51f583b08bcb40761", "681fe3e61f583b08bcb40762" ]
    } ]
  } ],
  "collection_id" : "681ca27b2a59db3110ec0b95",
  "display_order" : 280,
  "youtube_video" : "",
  "coming_soon" : false,
  "display_name_open" : "Co giãn - Nhanh khô ExDry",
  "gender_type" : "MALE",
  "icon_thumbnail" : null,
  "compare_price" : 329000.0,
  "regular_price" : 329000.0
}