{
  "title" : "Quần Jogger thể thao Track Pants Essential",
  "vendor" : "5c482438000c695cfa6f8d22",
  "tags" : [ ],
  "options" : [ {
    "type" : "COLOR",
    "title" : "Màu sắc",
    "values" : [ "Đen", "Navy", "Xám Bird Grey", "Xanh Deep Jungle" ]
  }, {
    "type" : "SIZE",
    "title" : "Kích thước",
    "values" : [ "M", "L", "XL", "2XL", "3XL" ]
  } ],
  "images" : [ "681fe3e71f583b08bcb40763", "681fe3e71f583b08bcb40764", "681fe3e71f583b08bcb40765", "681fe3e71f583b08bcb40766", "681fe3e71f583b08bcb40767", "681fe3e71f583b08bcb40768", "681fe3e81f583b08bcb40769" ],
  "discount" : null,
  "seo_alias" : "quan-jogger-the-thao-track-pants-essential",
  "options_values" : [ {
    "title" : "Màu sắc",
    "type" : "COLOR",
    "options" : [ {
      "title" : "Đen",
      "slug" : "den",
      "label" : "",
      "images" : [ "681fe3e81f583b08bcb4076a", "681fe3e81f583b08bcb4076b", "681fe3e81f583b08bcb4076c", "681fe3e81f583b08bcb4076d", "681fe3e81f583b08bcb4076e", "681fe3e81f583b08bcb4076f", "681fe3e81f583b08bcb40770" ]
    }, {
      "title" : "Navy",
      "slug" : "navy",
      "label" : "",
      "images" : [ "681fe3e81f583b08bcb40771", "681fe3e81f583b08bcb40772", "681fe3e81f583b08bcb40773", "681fe3e81f583b08bcb40774", "681fe3e81f583b08bcb40775", "681fe3e81f583b08bcb40776", "681fe3e81f583b08bcb40777" ]
    }, {
      "title" : "Xám Bird Grey",
      "slug" : "xam-bird-grey",
      "label" : "",
      "images" : [ "681fe3e91f583b08bcb40778", "681fe3e91f583b08bcb40779", "681fe3e91f583b08bcb4077a", "681fe3e91f583b08bcb4077b", "681fe3e91f583b08bcb4077c", "681fe3e91f583b08bcb4077d", "681fe3e91f583b08bcb4077e" ]
    }, {
      "title" : "Xanh Deep Jungle",
      "slug" : "xanh-deep-jungle",
      "label" : "",
      "images" : [ "681fe3e91f583b08bcb4077f", "681fe3e91f583b08bcb40780", "681fe3e91f583b08bcb40781", "681fe3e91f583b08bcb40782", "681fe3e91f583b08bcb40783", "681fe3e91f583b08bcb40784", "681fe3e91f583b08bcb40785" ]
    } ]
  } ],
  "collection_id" : "681ca27b2a59db3110ec0b95",
  "display_order" : 363,
  "youtube_video" : "",
  "coming_soon" : false,
  "display_name_open" : "Thoáng khí và Giữ ấm",
  "gender_type" : "MALE",
  "icon_thumbnail" : null,
  "compare_price" : 379000.0,
  "regular_price" : 379000.0
}