{
  "title" : "Quần Jogger nam thể thao Studio Woven",
  "vendor" : "5c482438000c695cfa6f8d22",
  "tags" : [ ],
  "options" : [ {
    "type" : "COLOR",
    "title" : "Màu sắc",
    "values" : [ "Rêu Buluga", "Đen" ]
  }, {
    "type" : "SIZE",
    "title" : "Kích thước",
    "values" : [ "M", "L", "XL", "2XL", "3XL" ]
  } ],
  "images" : [ "681fe3c61f583b08bcb406a3", "681fe3c61f583b08bcb406a4", "681fe3c61f583b08bcb406a5", "681fe3c61f583b08bcb406a6" ],
  "discount" : null,
  "seo_alias" : "quan-jogger-nam-the-thao-studio-woven",
  "options_values" : [ {
    "title" : "Màu sắc",
    "type" : "COLOR",
    "options" : [ {
      "title" : "Rêu Buluga",
      "slug" : "reu-buluga",
      "label" : "",
      "images" : [ "681fe3c71f583b08bcb406a7", "681fe3c71f583b08bcb406a8", "681fe3c71f583b08bcb406a9", "681fe3c71f583b08bcb406aa" ]
    }, {
      "title" : "Đen",
      "slug" : "den",
      "label" : "",
      "images" : [ "681fe3c71f583b08bcb406ab", "681fe3c71f583b08bcb406ac", "681fe3c71f583b08bcb406ad", "681fe3c71f583b08bcb406ae" ]
    } ]
  } ],
  "collection_id" : "681ca27b2a59db3110ec0b95",
  "display_order" : 1,
  "youtube_video" : "",
  "coming_soon" : false,
  "display_name_open" : "Co giãn, Ex-Dry",
  "gender_type" : "MALE",
  "icon_thumbnail" : null,
  "compare_price" : 399000.0,
  "regular_price" : 399000.0
}