{
  "title" : "Quần Jogger Nam Daily Wear",
  "vendor" : "5c482438000c695cfa6f8d22",
  "tags" : [ ],
  "options" : [ {
    "type" : "COLOR",
    "title" : "Màu sắc",
    "values" : [ "Đen" ]
  }, {
    "type" : "SIZE",
    "title" : "Kích thước",
    "values" : [ "M", "L", "XL", "2XL", "3XL" ]
  } ],
  "images" : [ "681fe3cf1f583b08bcb406d3", "681fe3cf1f583b08bcb406d4" ],
  "discount" : null,
  "seo_alias" : "quan-joggers-the-thao-daily-wear",
  "options_values" : [ {
    "title" : "Màu sắc",
    "type" : "COLOR",
    "options" : [ {
      "title" : "Đen",
      "slug" : "den",
      "label" : "",
      "images" : [ "681fe3cf1f583b08bcb406d5", "681fe3cf1f583b08bcb406d6" ]
    } ]
  } ],
  "collection_id" : "681ca27b2a59db3110ec0b95",
  "display_order" : 55,
  "youtube_video" : "",
  "coming_soon" : false,
  "display_name_open" : "HeiQ ViroBlock",
  "gender_type" : "MALE",
  "icon_thumbnail" : null,
  "compare_price" : 299000.0,
  "regular_price" : 249000.0
}