{
  "title" : "Áo sơ mi Flannel 100% Cotton",
  "vendor" : "5c482438000c695cfa6f8d22",
  "tags" : [ ],
  "options" : [ {
    "type" : "COLOR",
    "title" : "Màu sắc",
    "values" : [ "Be Vàng", "Đỏ", "Đen" ]
  }, {
    "type" : "SIZE",
    "title" : "Kích thước",
    "values" : [ "S", "M", "L", "XL", "2XL", "3XL" ]
  } ],
  "images" : [ "681fd32f1f583b08bcb3e3c3", "681fd32f1f583b08bcb3e3c4", "681fd32f1f583b08bcb3e3c5", "681fd32f1f583b08bcb3e3c6", "681fd32f1f583b08bcb3e3c7", "681fd3301f583b08bcb3e3c8" ],
  "discount" : null,
  "seo_alias" : "ao-so-mi-flannel-100-cotton",
  "options_values" : [ {
    "title" : "Màu sắc",
    "type" : "COLOR",
    "options" : [ {
      "title" : "Be Vàng",
      "slug" : "be-vang",
      "label" : "",
      "images" : [ "681fd3301f583b08bcb3e3c9", "681fd3301f583b08bcb3e3ca", "681fd3301f583b08bcb3e3cb", "681fd3301f583b08bcb3e3cc", "681fd3301f583b08bcb3e3cd", "681fd3301f583b08bcb3e3ce" ]
    }, {
      "title" : "Đỏ",
      "slug" : "do",
      "label" : "",
      "images" : [ "681fd3301f583b08bcb3e3cf", "681fd3301f583b08bcb3e3d0", "681fd3301f583b08bcb3e3d1", "681fd3311f583b08bcb3e3d2", "681fd3311f583b08bcb3e3d3", "681fd3311f583b08bcb3e3d4" ]
    }, {
      "title" : "Đen",
      "slug" : "den",
      "label" : "",
      "images" : [ "681fd3311f583b08bcb3e3d5", "681fd3311f583b08bcb3e3d6", "681fd3311f583b08bcb3e3d7", "681fd3311f583b08bcb3e3d8", "681fd3311f583b08bcb3e3d9", "681fd3311f583b08bcb3e3da" ]
    } ]
  } ],
  "collection_id" : "681ca2032a59db3110ec0b8e",
  "display_order" : 274,
  "youtube_video" : "",
  "coming_soon" : false,
  "display_name_open" : "Thoáng khí",
  "gender_type" : "MALE",
  "icon_thumbnail" : null,
  "compare_price" : 399000.0,
  "regular_price" : 319000.0
}