{
  "title" : "Áo Sơ Mi Dài Tay Premium Poplin ",
  "vendor" : "5c482438000c695cfa6f8d22",
  "tags" : [ "BEST_SELLER" ],
  "options" : [ {
    "type" : "COLOR",
    "title" : "Màu sắc",
    "values" : [ "Xanh Indigo", "Đen" ]
  }, {
    "type" : "SIZE",
    "title" : "Kích thước",
    "values" : [ "S", "M", "L", "XL", "2XL", "3XL" ]
  } ],
  "images" : [ "6825fb1a0b61125185461374", "6825fb1a0b61125185461375", "6825fb1a0b61125185461376", "6825fb1a0b61125185461377", "6825fb1a0b61125185461378", "6825fb1a0b61125185461379" ],
  "discount" : null,
  "seo_alias" : "ao-so-mi-nam-dai-tay-premium-poplin-100-cotton-chong-nhan-truot-nuoc",
  "options_values" : [ {
    "title" : "Màu sắc",
    "type" : "COLOR",
    "options" : [ {
      "title" : "Xanh Indigo",
      "slug" : "xanh-indigo",
      "label" : "",
      "images" : [ "6825fb1a0b6112518546137a", "6825fb1b0b6112518546137b", "6825fb1b0b6112518546137c", "6825fb1b0b6112518546137d", "6825fb1b0b6112518546137e", "6825fb1b0b6112518546137f", "6825fb1c0b61125185461380", "6825fb1c0b61125185461381", "6825fb1c0b61125185461382", "6825fb1c0b61125185461383" ]
    }, {
      "title" : "Đen",
      "slug" : "den",
      "label" : "",
      "images" : [ "6825fb1c0b61125185461384", "6825fb1d0b61125185461385", "6825fb1d0b61125185461386", "6825fb1d0b61125185461387", "6825fb1d0b61125185461388", "6825fb1d0b61125185461389", "6825fb1d0b6112518546138a", "6825fb1e0b6112518546138b", "6825fb1e0b6112518546138c", "6825fb1f0b6112518546138d" ]
    } ]
  } ],
  "collection_id" : "6825e98c8eaaa408c6aaf61b",
  "display_order" : 282,
  "youtube_video" : "https://mcdn.coolmate.me/uploads/videos/web_dobby_poplin2.mp4",
  "coming_soon" : false,
  "display_name_open" : "100% Cotton - Chống Nhăn - Kháng khuẩn",
  "gender_type" : "MALE",
  "icon_thumbnail" : null,
  "compare_price" : 599000.0,
  "regular_price" : 599000.0
}