{
  "title" : "Áo Sơ mi dài tay Café-DriS",
  "vendor" : "5c482438000c695cfa6f8d22",
  "tags" : [ ],
  "options" : [ {
    "type" : "COLOR",
    "title" : "Màu sắc",
    "values" : [ "Xanh nhạt", "Xanh Aqua", "Xám nhạt", "Trắng" ]
  }, {
    "type" : "SIZE",
    "title" : "Kích thước Áo",
    "values" : [ "S", "M", "L", "XL", "2XL" ]
  } ],
  "images" : [ "681fd3571f583b08bcb3e4ad", "681fd3571f583b08bcb3e4ae", "681fd3571f583b08bcb3e4af", "681fd3571f583b08bcb3e4b0", "681fd3581f583b08bcb3e4b1", "681fd3581f583b08bcb3e4b2", "681fd3581f583b08bcb3e4b3", "681fd3581f583b08bcb3e4b4", "681fd3581f583b08bcb3e4b5", "681fd3581f583b08bcb3e4b6" ],
  "discount" : null,
  "seo_alias" : "ao-so-mi-nam-dai-tay-cafe-dris-khu-mui",
  "options_values" : [ {
    "title" : "Màu sắc",
    "type" : "COLOR",
    "options" : [ {
      "title" : "Xanh nhạt",
      "slug" : "xanh-nhat",
      "label" : "",
      "images" : [ "681fd3581f583b08bcb3e4b7", "681fd3581f583b08bcb3e4b8", "681fd3581f583b08bcb3e4b9", "681fd3581f583b08bcb3e4ba", "681fd3581f583b08bcb3e4bb", "681fd3591f583b08bcb3e4bc", "681fd3591f583b08bcb3e4bd", "681fd3591f583b08bcb3e4be", "681fd3591f583b08bcb3e4bf", "681fd3591f583b08bcb3e4c0" ]
    }, {
      "title" : "Xanh Aqua",
      "slug" : "xanh-aqua",
      "label" : "",
      "images" : [ "681fd3591f583b08bcb3e4c1", "681fd3591f583b08bcb3e4c2", "681fd3591f583b08bcb3e4c3", "681fd3591f583b08bcb3e4c4", "681fd3591f583b08bcb3e4c5", "681fd3591f583b08bcb3e4c6", "681fd3591f583b08bcb3e4c7", "681fd3591f583b08bcb3e4c8", "681fd35a1f583b08bcb3e4c9", "681fd35a1f583b08bcb3e4ca" ]
    }, {
      "title" : "Xám nhạt",
      "slug" : "xam-nhat",
      "label" : "",
      "images" : [ "681fd35a1f583b08bcb3e4cb", "681fd35a1f583b08bcb3e4cc", "681fd35a1f583b08bcb3e4cd", "681fd35a1f583b08bcb3e4ce", "681fd35a1f583b08bcb3e4cf", "681fd35a1f583b08bcb3e4d0", "681fd35a1f583b08bcb3e4d1", "681fd35a1f583b08bcb3e4d2", "681fd35a1f583b08bcb3e4d3", "681fd35a1f583b08bcb3e4d4" ]
    }, {
      "title" : "Trắng",
      "slug" : "trang",
      "label" : "",
      "images" : [ "681fd35a1f583b08bcb3e4d5", "681fd35a1f583b08bcb3e4d6", "681fd35b1f583b08bcb3e4d7", "681fd35b1f583b08bcb3e4d8", "681fd35b1f583b08bcb3e4d9", "681fd35b1f583b08bcb3e4da", "681fd35b1f583b08bcb3e4db", "681fd35b1f583b08bcb3e4dc", "681fd35b1f583b08bcb3e4dd", "681fd35b1f583b08bcb3e4de" ]
    } ]
  } ],
  "collection_id" : "681ca2032a59db3110ec0b8e",
  "display_order" : 314,
  "youtube_video" : "",
  "coming_soon" : false,
  "display_name_open" : "Khử mùi",
  "gender_type" : "MALE",
  "icon_thumbnail" : null,
  "compare_price" : 499000.0,
  "regular_price" : 449000.0
}