{
  "title" : "Áo sơ mi dài tay Oxford Premium",
  "vendor" : "5c482438000c695cfa6f8d22",
  "tags" : [ ],
  "options" : [ {
    "type" : "COLOR",
    "title" : "Màu sắc",
    "values" : [ "Xanh Dark Blue", "Trắng", "Xanh Black Iris" ]
  }, {
    "type" : "SIZE",
    "title" : "Kích thước",
    "values" : [ "S", "M", "L", "XL", "2XL", "3XL" ]
  } ],
  "images" : [ "6825fafb0b611251854612ed", "6825fafb0b611251854612ee", "6825fafb0b611251854612ef", "6825fafc0b611251854612f0", "6825fafc0b611251854612f1", "6825fafc0b611251854612f2" ],
  "discount" : null,
  "seo_alias" : "ao-so-mi-nam-dai-tay-oxford-premium",
  "options_values" : [ {
    "title" : "Màu sắc",
    "type" : "COLOR",
    "options" : [ {
      "title" : "Xanh Dark Blue",
      "slug" : "xanh-dark-blue",
      "label" : "",
      "images" : [ "6825fafc0b611251854612f3", "6825fafc0b611251854612f4", "6825fafc0b611251854612f5", "6825fafc0b611251854612f6", "6825fafc0b611251854612f7", "6825fafc0b611251854612f8", "6825fafd0b611251854612f9", "6825fafd0b611251854612fa", "6825fafd0b611251854612fb" ]
    }, {
      "title" : "Trắng",
      "slug" : "trang",
      "label" : "",
      "images" : [ "6825fafd0b611251854612fc", "6825fafd0b611251854612fd", "6825fafd0b611251854612fe", "6825fafd0b611251854612ff", "6825fafd0b61125185461300", "6825fafd0b61125185461301", "6825fafe0b61125185461302", "6825fafe0b61125185461303" ]
    }, {
      "title" : "Xanh Black Iris",
      "slug" : "xanh-black-iris",
      "label" : "",
      "images" : [ "6825fafe0b61125185461304", "6825fafe0b61125185461305", "6825fafe0b61125185461306", "6825fafe0b61125185461307", "6825fafe0b61125185461308", "6825fafe0b61125185461309", "6825faff0b6112518546130a", "6825faff0b6112518546130b" ]
    } ]
  } ],
  "collection_id" : "6825e98c8eaaa408c6aaf61b",
  "display_order" : 25,
  "youtube_video" : "",
  "coming_soon" : false,
  "display_name_open" : "Thoáng khí",
  "gender_type" : "MALE",
  "icon_thumbnail" : null,
  "compare_price" : 599000.0,
  "regular_price" : 509000.0
}