{
  "title" : "Combo 5 Quần Lót Nam Trunk Bamboo",
  "vendor" : "5c482438000c695cfa6f8d22",
  "tags" : [ "WORTH_BUYING", "BEST_SELLER" ],
  "options" : [ {
    "type" : "COLOR",
    "title" : "Màu sắc",
    "values" : [ "Đen", "Trắng", "Xanh đậm", "Xám", "Xanh Navy", "Phối màu" ]
  }, {
    "type" : "SIZE",
    "title" : "Kích thước Quần",
    "values" : [ "M", "L", "XL", "2XL", "3XL", "4XL" ]
  } ],
  "images" : [ "681fe9671f583b08bcb40a65" ],
  "discount" : null,
  "seo_alias" : "combo-5-quan-lot-nam-trunk-bamboo-khang-khuan2",
  "options_values" : [ {
    "title" : "Màu sắc",
    "type" : "COLOR",
    "options" : [ {
      "title" : "Đen",
      "slug" : "den",
      "label" : "",
      "images" : [ "681fe9671f583b08bcb40a66" ]
    }, {
      "title" : "Trắng",
      "slug" : "trang",
      "label" : "",
      "images" : [ "681fe9681f583b08bcb40a67" ]
    }, {
      "title" : "Xanh đậm",
      "slug" : "xanh-dam",
      "label" : "",
      "images" : [ "681fe9681f583b08bcb40a68" ]
    }, {
      "title" : "Xám",
      "slug" : "xam",
      "label" : "",
      "images" : [ "681fe9681f583b08bcb40a69" ]
    }, {
      "title" : "Xanh Navy",
      "slug" : "xanh-navy",
      "label" : "",
      "images" : [ "681fe9681f583b08bcb40a6a" ]
    }, {
      "title" : "Phối màu",
      "slug" : "phoi-mau",
      "label" : "",
      "images" : [ "681fe9681f583b08bcb40a6b" ]
    } ]
  } ],
  "collection_id" : "681ca29b2a59db3110ec0b97",
  "display_order" : 219,
  "youtube_video" : "",
  "coming_soon" : false,
  "display_name_open" : "Kháng khuẩn",
  "gender_type" : "MALE",
  "icon_thumbnail" : null,
  "compare_price" : 499000.0,
  "regular_price" : 439000.0
}