{
  "title" : "Combo 3 Quần Lót Nam Trunk Ex-Comfort Bamboo",
  "vendor" : "5c482438000c695cfa6f8d22",
  "tags" : [ ],
  "options" : [ {
    "type" : "COLOR",
    "title" : "Màu sắc",
    "values" : [ "Xanh Coban", "Xanh Pastel", "Xanh Navy", "Mix màu" ]
  }, {
    "type" : "SIZE",
    "title" : "Kích thước Quần",
    "values" : [ "M", "L", "XL", "2XL", "3XL" ]
  } ],
  "images" : [ "681fe9dc1f583b08bcb40ce8", "681fe9dc1f583b08bcb40ce9", "681fe9dd1f583b08bcb40cea", "681fe9dd1f583b08bcb40ceb", "681fe9dd1f583b08bcb40cec", "681fe9dd1f583b08bcb40ced", "681fe9dd1f583b08bcb40cee" ],
  "discount" : null,
  "seo_alias" : "combo-3-quan-lot-nam-trunk-bamboo-ex-comfort",
  "options_values" : [ {
    "title" : "Màu sắc",
    "type" : "COLOR",
    "options" : [ {
      "title" : "Xanh Coban",
      "slug" : "xanh-coban",
      "label" : "",
      "images" : [ "681fe9dd1f583b08bcb40cef", "681fe9dd1f583b08bcb40cf0", "681fe9dd1f583b08bcb40cf1", "681fe9de1f583b08bcb40cf2", "681fe9de1f583b08bcb40cf3", "681fe9de1f583b08bcb40cf4", "681fe9df1f583b08bcb40cf5" ]
    }, {
      "title" : "Xanh Pastel",
      "slug" : "xanh-pastel",
      "label" : "",
      "images" : [ "681fe9df1f583b08bcb40cf6", "681fe9df1f583b08bcb40cf7", "681fe9df1f583b08bcb40cf8", "681fe9df1f583b08bcb40cf9", "681fe9df1f583b08bcb40cfa", "681fe9df1f583b08bcb40cfb", "681fe9e01f583b08bcb40cfc" ]
    }, {
      "title" : "Xanh Navy",
      "slug" : "xanh-navy",
      "label" : "",
      "images" : [ "681fe9e01f583b08bcb40cfd", "681fe9e01f583b08bcb40cfe", "681fe9e01f583b08bcb40cff", "681fe9e01f583b08bcb40d00", "681fe9e01f583b08bcb40d01", "681fe9e01f583b08bcb40d02", "681fe9e01f583b08bcb40d03" ]
    }, {
      "title" : "Mix màu",
      "slug" : "mix-mau",
      "label" : "",
      "images" : [ "681fe9e11f583b08bcb40d04", "681fe9e11f583b08bcb40d05", "681fe9e11f583b08bcb40d06", "681fe9e11f583b08bcb40d07", "681fe9e11f583b08bcb40d08", "681fe9e11f583b08bcb40d09", "681fe9e11f583b08bcb40d0a" ]
    } ]
  } ],
  "collection_id" : "681ca29b2a59db3110ec0b97",
  "display_order" : 425,
  "youtube_video" : "",
  "coming_soon" : false,
  "display_name_open" : "Mềm mịn",
  "gender_type" : "MALE",
  "icon_thumbnail" : null,
  "compare_price" : 299000.0,
  "regular_price" : 259000.0
}