{
  "title" : "Combo 3 Quần Lót Nam Trunk Bamboo Khe Moi",
  "vendor" : "5c482438000c695cfa6f8d22",
  "tags" : [ ],
  "options" : [ {
    "type" : "COLOR",
    "title" : "Màu sắc",
    "values" : [ "Rêu", "Xanh Navy", "Xanh Pastel", "Phối màu" ]
  }, {
    "type" : "SIZE",
    "title" : "Kích thước Quần",
    "values" : [ "M", "L", "XL", "2XL", "3XL" ]
  } ],
  "images" : [ "681fe9d81f583b08bcb40cd4", "681fe9d81f583b08bcb40cd5", "681fe9d81f583b08bcb40cd6", "681fe9d81f583b08bcb40cd7" ],
  "discount" : null,
  "seo_alias" : "combo-3-quan-lot-nam-khe-moi-bamboo-trunk-khang-khuan",
  "options_values" : [ {
    "title" : "Màu sắc",
    "type" : "COLOR",
    "options" : [ {
      "title" : "Rêu",
      "slug" : "reu",
      "label" : "",
      "images" : [ "681fe9d91f583b08bcb40cd8", "681fe9d91f583b08bcb40cd9", "681fe9d91f583b08bcb40cda", "681fe9d91f583b08bcb40cdb" ]
    }, {
      "title" : "Xanh Navy",
      "slug" : "xanh-navy",
      "label" : "",
      "images" : [ "681fe9d91f583b08bcb40cdc", "681fe9d91f583b08bcb40cdd", "681fe9da1f583b08bcb40cde", "681fe9da1f583b08bcb40cdf" ]
    }, {
      "title" : "Xanh Pastel",
      "slug" : "xanh-pastel",
      "label" : "",
      "images" : [ "681fe9da1f583b08bcb40ce0", "681fe9da1f583b08bcb40ce1", "681fe9da1f583b08bcb40ce2", "681fe9da1f583b08bcb40ce3" ]
    }, {
      "title" : "Phối màu",
      "slug" : "phoi-mau",
      "label" : "",
      "images" : [ "681fe9db1f583b08bcb40ce4", "681fe9db1f583b08bcb40ce5", "681fe9db1f583b08bcb40ce6", "681fe9db1f583b08bcb40ce7" ]
    } ]
  } ],
  "collection_id" : "681ca29b2a59db3110ec0b97",
  "display_order" : 415,
  "youtube_video" : "",
  "coming_soon" : false,
  "display_name_open" : "Kháng khuẩn",
  "gender_type" : "MALE",
  "icon_thumbnail" : null,
  "compare_price" : 299000.0,
  "regular_price" : 259000.0
}