{
  "title" : "Combo 3 Quần Lót Nam Trunk Lenzing Modal",
  "vendor" : "",
  "tags" : [ ],
  "options" : [ {
    "type" : "COLOR",
    "title" : "Màu Quần",
    "values" : [ "Mix màu 1", "Mix màu 2", "Mix màu 3", "Mix màu 4", "Đen", "Xanh Adriatic", "Xanh Chinois", "Xanh Titan" ]
  }, {
    "type" : "SIZE",
    "title" : "Kích thước",
    "values" : [ "M", "L", "XL", "2XL", "3XL" ]
  } ],
  "images" : [ "681fe93e1f583b08bcb40984", "681fe93e1f583b08bcb40985", "681fe93e1f583b08bcb40986", "681fe93e1f583b08bcb40987", "681fe93e1f583b08bcb40988", "681fe93e1f583b08bcb40989" ],
  "discount" : null,
  "seo_alias" : "combo-3-quan-lot-nam-trunk-lenzing-modal",
  "options_values" : [ {
    "title" : "Màu Quần",
    "type" : "COLOR",
    "options" : [ {
      "title" : "Mix màu 1",
      "slug" : "mix-mau-1",
      "label" : "",
      "images" : [ "681fe93f1f583b08bcb4098a", "681fe93f1f583b08bcb4098b", "681fe93f1f583b08bcb4098c", "681fe93f1f583b08bcb4098d", "681fe93f1f583b08bcb4098e", "681fe93f1f583b08bcb4098f" ]
    }, {
      "title" : "Mix màu 2",
      "slug" : "mix-mau-2",
      "label" : "",
      "images" : [ "681fe93f1f583b08bcb40990", "681fe93f1f583b08bcb40991", "681fe93f1f583b08bcb40992", "681fe93f1f583b08bcb40993", "681fe9401f583b08bcb40994", "681fe9401f583b08bcb40995" ]
    }, {
      "title" : "Mix màu 3",
      "slug" : "mix-mau-3",
      "label" : "",
      "images" : [ "681fe9401f583b08bcb40996", "681fe9401f583b08bcb40997", "681fe9401f583b08bcb40998", "681fe9401f583b08bcb40999", "681fe9401f583b08bcb4099a", "681fe9401f583b08bcb4099b" ]
    }, {
      "title" : "Mix màu 4",
      "slug" : "mix-mau-4",
      "label" : "",
      "images" : [ "681fe9411f583b08bcb4099c", "681fe9411f583b08bcb4099d", "681fe9411f583b08bcb4099e", "681fe9411f583b08bcb4099f", "681fe9411f583b08bcb409a0", "681fe9411f583b08bcb409a1" ]
    }, {
      "title" : "Đen",
      "slug" : "den",
      "label" : "",
      "images" : [ "681fe9411f583b08bcb409a2", "681fe9411f583b08bcb409a3", "681fe9411f583b08bcb409a4", "681fe9411f583b08bcb409a5", "681fe9421f583b08bcb409a6", "681fe9421f583b08bcb409a7" ]
    }, {
      "title" : "Xanh Adriatic",
      "slug" : "xanh-adriatic",
      "label" : "",
      "images" : [ "681fe9421f583b08bcb409a8", "681fe9421f583b08bcb409a9", "681fe9421f583b08bcb409aa", "681fe9421f583b08bcb409ab", "681fe9421f583b08bcb409ac", "681fe9421f583b08bcb409ad" ]
    }, {
      "title" : "Xanh Chinois",
      "slug" : "xanh-chinois",
      "label" : "",
      "images" : [ "681fe9431f583b08bcb409ae", "681fe9431f583b08bcb409af", "681fe9431f583b08bcb409b0", "681fe9431f583b08bcb409b1", "681fe9431f583b08bcb409b2", "681fe9431f583b08bcb409b3" ]
    }, {
      "title" : "Xanh Titan",
      "slug" : "xanh-titan",
      "label" : "",
      "images" : [ "681fe9431f583b08bcb409b4", "681fe9431f583b08bcb409b5", "681fe9431f583b08bcb409b6", "681fe9431f583b08bcb409b7", "681fe9441f583b08bcb409b8", "681fe9441f583b08bcb409b9" ]
    } ]
  } ],
  "collection_id" : "681ca29b2a59db3110ec0b97",
  "display_order" : 275,
  "youtube_video" : "",
  "coming_soon" : false,
  "display_name_open" : "Kháng khuẩn - Thấm Hút - Mát tự nhiên",
  "gender_type" : "MALE",
  "icon_thumbnail" : null,
  "compare_price" : 299000.0,
  "regular_price" : 269000.0
}