{
  "title" : "Combo 3 Quần Lót Nam trunk Lenzing Modal cạp logo Coolmate",
  "vendor" : "",
  "tags" : [ ],
  "options" : [ {
    "type" : "COLOR",
    "title" : "Màu Quần",
    "values" : [ "Mix màu 1", "Mix màu 2", "Mix màu 3", "Đen", "Xanh Adriatic", "Xanh Chinois", "Xanh Titan", "Đen đai Xanh", "Đen đai Xám" ]
  }, {
    "type" : "SIZE",
    "title" : "Kích thước",
    "values" : [ "M", "L", "XL", "2XL", "3XL" ]
  } ],
  "images" : [ "681fe9481f583b08bcb409ba", "681fe9481f583b08bcb409bb", "681fe9491f583b08bcb409bc", "681fe9491f583b08bcb409bd", "681fe9491f583b08bcb409be", "681fe9491f583b08bcb409bf", "681fe9491f583b08bcb409c0" ],
  "discount" : null,
  "seo_alias" : "combo-3-quan-lot-trunk-lenzing-modal-cap-logo-coolmate",
  "options_values" : [ {
    "title" : "Màu Quần",
    "type" : "COLOR",
    "options" : [ {
      "title" : "Mix màu 1",
      "slug" : "mix-mau-1",
      "label" : "",
      "images" : [ "681fe9491f583b08bcb409c1", "681fe9491f583b08bcb409c2", "681fe9491f583b08bcb409c3", "681fe9491f583b08bcb409c4", "681fe9491f583b08bcb409c5", "681fe9491f583b08bcb409c6", "681fe9491f583b08bcb409c7" ]
    }, {
      "title" : "Mix màu 2",
      "slug" : "mix-mau-2",
      "label" : "",
      "images" : [ "681fe94a1f583b08bcb409c8", "681fe94a1f583b08bcb409c9", "681fe94a1f583b08bcb409ca", "681fe94a1f583b08bcb409cb", "681fe94a1f583b08bcb409cc", "681fe94a1f583b08bcb409cd", "681fe94a1f583b08bcb409ce" ]
    }, {
      "title" : "Mix màu 3",
      "slug" : "mix-mau-3",
      "label" : "",
      "images" : [ "681fe94a1f583b08bcb409cf", "681fe94a1f583b08bcb409d0", "681fe94a1f583b08bcb409d1", "681fe94b1f583b08bcb409d2", "681fe94b1f583b08bcb409d3", "681fe94b1f583b08bcb409d4", "681fe94b1f583b08bcb409d5" ]
    }, {
      "title" : "Đen",
      "slug" : "den",
      "label" : "",
      "images" : [ "681fe94b1f583b08bcb409d6", "681fe94b1f583b08bcb409d7", "681fe94b1f583b08bcb409d8", "681fe94b1f583b08bcb409d9", "681fe94b1f583b08bcb409da", "681fe94b1f583b08bcb409db", "681fe94b1f583b08bcb409dc" ]
    }, {
      "title" : "Xanh Adriatic",
      "slug" : "xanh-adriatic",
      "label" : "",
      "images" : [ "681fe94c1f583b08bcb409dd", "681fe94c1f583b08bcb409de", "681fe94c1f583b08bcb409df", "681fe94c1f583b08bcb409e0", "681fe94c1f583b08bcb409e1", "681fe94c1f583b08bcb409e2", "681fe94c1f583b08bcb409e3" ]
    }, {
      "title" : "Xanh Chinois",
      "slug" : "xanh-chinois",
      "label" : "",
      "images" : [ "681fe94c1f583b08bcb409e4", "681fe94c1f583b08bcb409e5", "681fe94d1f583b08bcb409e6", "681fe94d1f583b08bcb409e7", "681fe94d1f583b08bcb409e8", "681fe94d1f583b08bcb409e9", "681fe94d1f583b08bcb409ea" ]
    }, {
      "title" : "Xanh Titan",
      "slug" : "xanh-titan",
      "label" : "",
      "images" : [ "681fe94d1f583b08bcb409eb", "681fe94d1f583b08bcb409ec", "681fe94d1f583b08bcb409ed", "681fe94d1f583b08bcb409ee", "681fe94e1f583b08bcb409ef", "681fe94e1f583b08bcb409f0", "681fe94e1f583b08bcb409f1" ]
    }, {
      "title" : "Đen đai Xanh",
      "slug" : "den-dai-xanh",
      "label" : "",
      "images" : [ "681fe94e1f583b08bcb409f2", "681fe94e1f583b08bcb409f3", "681fe94e1f583b08bcb409f4", "681fe94e1f583b08bcb409f5", "681fe94e1f583b08bcb409f6", "681fe94e1f583b08bcb409f7", "681fe94e1f583b08bcb409f8" ]
    }, {
      "title" : "Đen đai Xám",
      "slug" : "den-dai-xam",
      "label" : "",
      "images" : [ "681fe94f1f583b08bcb409f9", "681fe94f1f583b08bcb409fa", "681fe94f1f583b08bcb409fb", "681fe94f1f583b08bcb409fc", "681fe94f1f583b08bcb409fd", "681fe94f1f583b08bcb409fe", "681fe94f1f583b08bcb409ff" ]
    } ]
  } ],
  "collection_id" : "681ca29b2a59db3110ec0b97",
  "display_order" : 276,
  "youtube_video" : "",
  "coming_soon" : false,
  "display_name_open" : "Kháng khuẩn - Thấm Hút - Mát tự nhiên",
  "gender_type" : "MALE",
  "icon_thumbnail" : null,
  "compare_price" : 299000.0,
  "regular_price" : 239000.0
}