{
  "title" : "Combo 3 Quần Lót Nam Trunk Excool Basics",
  "vendor" : "5c482438000c695cfa6f8d22",
  "tags" : [ ],
  "options" : [ {
    "type" : "COLOR",
    "title" : "Màu sắc",
    "values" : [ "Đỏ đô", "Đen", "Đai xanh Navy", "Xám", "Xanh Navy", "Xanh rêu" ]
  }, {
    "type" : "SIZE",
    "title" : "Kích thước",
    "values" : [ "M", "L", "XL", "2XL", "3XL" ]
  } ],
  "images" : [ "681fe99e1f583b08bcb40bac", "681fe99e1f583b08bcb40bad", "681fe99e1f583b08bcb40bae", "681fe99e1f583b08bcb40baf", "681fe99e1f583b08bcb40bb0", "681fe99f1f583b08bcb40bb1", "681fe99f1f583b08bcb40bb2", "681fe99f1f583b08bcb40bb3", "681fe99f1f583b08bcb40bb4", "681fe99f1f583b08bcb40bb5" ],
  "discount" : null,
  "seo_alias" : "combo-3-trunk-excool-basics",
  "options_values" : [ {
    "title" : "Màu sắc",
    "type" : "COLOR",
    "options" : [ {
      "title" : "Đỏ đô",
      "slug" : "do-do",
      "label" : "",
      "images" : [ "681fe99f1f583b08bcb40bb6", "681fe99f1f583b08bcb40bb7", "681fe9a01f583b08bcb40bb8", "681fe9a01f583b08bcb40bb9", "681fe9a01f583b08bcb40bba", "681fe9a01f583b08bcb40bbb", "681fe9a01f583b08bcb40bbc", "681fe9a01f583b08bcb40bbd", "681fe9a01f583b08bcb40bbe", "681fe9a01f583b08bcb40bbf" ]
    }, {
      "title" : "Đen",
      "slug" : "den",
      "label" : "",
      "images" : [ "681fe9a01f583b08bcb40bc0", "681fe9a01f583b08bcb40bc1", "681fe9a11f583b08bcb40bc2", "681fe9a11f583b08bcb40bc3", "681fe9a11f583b08bcb40bc4", "681fe9a11f583b08bcb40bc5", "681fe9a11f583b08bcb40bc6", "681fe9a11f583b08bcb40bc7", "681fe9a11f583b08bcb40bc8", "681fe9a11f583b08bcb40bc9" ]
    }, {
      "title" : "Đai xanh Navy",
      "slug" : "dai-xanh-navy",
      "label" : "",
      "images" : [ "681fe9a11f583b08bcb40bca", "681fe9a21f583b08bcb40bcb", "681fe9a21f583b08bcb40bcc", "681fe9a21f583b08bcb40bcd", "681fe9a21f583b08bcb40bce", "681fe9a21f583b08bcb40bcf", "681fe9a21f583b08bcb40bd0", "681fe9a21f583b08bcb40bd1", "681fe9a21f583b08bcb40bd2", "681fe9a21f583b08bcb40bd3" ]
    }, {
      "title" : "Xám",
      "slug" : "xam",
      "label" : "",
      "images" : [ "681fe9a21f583b08bcb40bd4", "681fe9a21f583b08bcb40bd5", "681fe9a31f583b08bcb40bd6", "681fe9a31f583b08bcb40bd7", "681fe9a31f583b08bcb40bd8", "681fe9a31f583b08bcb40bd9", "681fe9a31f583b08bcb40bda", "681fe9a31f583b08bcb40bdb", "681fe9a31f583b08bcb40bdc", "681fe9a31f583b08bcb40bdd" ]
    }, {
      "title" : "Xanh Navy",
      "slug" : "xanh-navy",
      "label" : "",
      "images" : [ "681fe9a31f583b08bcb40bde", "681fe9a31f583b08bcb40bdf", "681fe9a31f583b08bcb40be0", "681fe9a41f583b08bcb40be1", "681fe9a41f583b08bcb40be2", "681fe9a41f583b08bcb40be3", "681fe9a41f583b08bcb40be4", "681fe9a41f583b08bcb40be5", "681fe9a41f583b08bcb40be6", "681fe9a41f583b08bcb40be7" ]
    }, {
      "title" : "Xanh rêu",
      "slug" : "xanh-reu",
      "label" : "",
      "images" : [ "681fe9a41f583b08bcb40be8", "681fe9a41f583b08bcb40be9", "681fe9a41f583b08bcb40bea", "681fe9a51f583b08bcb40beb", "681fe9a51f583b08bcb40bec", "681fe9a51f583b08bcb40bed", "681fe9a51f583b08bcb40bee", "681fe9a51f583b08bcb40bef", "681fe9a51f583b08bcb40bf0", "681fe9a51f583b08bcb40bf1" ]
    } ]
  } ],
  "collection_id" : "681ca29b2a59db3110ec0b97",
  "display_order" : 393,
  "youtube_video" : "",
  "coming_soon" : false,
  "display_name_open" : "Microfiber",
  "gender_type" : "MALE",
  "icon_thumbnail" : null,
  "compare_price" : 319000.0,
  "regular_price" : 269000.0
}