{
  "title" : "Combo 5 Quần Lót Nam Trunk Ex-Comfort Bamboo",
  "vendor" : "5c482438000c695cfa6f8d22",
  "tags" : [ ],
  "options" : [ {
    "type" : "COLOR",
    "title" : "Màu sắc",
    "values" : [ "Mix màu", "Xanh Navy", "Xanh Coban", "Xanh Pastel" ]
  }, {
    "type" : "SIZE",
    "title" : "Kích thước Quần",
    "values" : [ "M", "L", "XL", "2XL", "3XL" ]
  } ],
  "images" : [ "681fe9831f583b08bcb40b0d", "681fe9831f583b08bcb40b0e", "681fe9831f583b08bcb40b0f", "681fe9841f583b08bcb40b10" ],
  "discount" : null,
  "seo_alias" : "combo-5-quan-lot-nam-trunk-bamboo-ex-comfort-thoai-mai",
  "options_values" : [ {
    "title" : "Màu sắc",
    "type" : "COLOR",
    "options" : [ {
      "title" : "Mix màu",
      "slug" : "mix-mau",
      "label" : "",
      "images" : [ "681fe9841f583b08bcb40b11", "681fe9841f583b08bcb40b12", "681fe9841f583b08bcb40b13", "681fe9841f583b08bcb40b14" ]
    }, {
      "title" : "Xanh Navy",
      "slug" : "xanh-navy",
      "label" : "",
      "images" : [ "681fe9841f583b08bcb40b15", "681fe9841f583b08bcb40b16", "681fe9841f583b08bcb40b17", "681fe9841f583b08bcb40b18" ]
    }, {
      "title" : "Xanh Coban",
      "slug" : "xanh-coban",
      "label" : "",
      "images" : [ "681fe9841f583b08bcb40b19", "681fe9841f583b08bcb40b1a", "681fe9841f583b08bcb40b1b", "681fe9851f583b08bcb40b1c" ]
    }, {
      "title" : "Xanh Pastel",
      "slug" : "xanh-pastel",
      "label" : "",
      "images" : [ "681fe9851f583b08bcb40b1d", "681fe9851f583b08bcb40b1e", "681fe9851f583b08bcb40b1f", "681fe9851f583b08bcb40b20" ]
    } ]
  } ],
  "collection_id" : "681ca29b2a59db3110ec0b97",
  "display_order" : 357,
  "youtube_video" : "",
  "coming_soon" : false,
  "display_name_open" : "Mềm mịn",
  "gender_type" : "MALE",
  "icon_thumbnail" : null,
  "compare_price" : 499000.0,
  "regular_price" : 399000.0
}