{
  "title" : "Combo 3 Quần Lót Nam Trunks khe moi Lenzing Modal",
  "vendor" : "",
  "tags" : [ ],
  "options" : [ {
    "type" : "COLOR",
    "title" : "Màu sắc",
    "values" : [ "Đen", "Xanh Titan", "Xanh Adriatic", "Xanh Chinois" ]
  }, {
    "type" : "SIZE",
    "title" : "Kích thước",
    "values" : [ "M", "L", "XL", "2XL", "3XL" ]
  } ],
  "images" : [ "681fe9551f583b08bcb40a00", "681fe9551f583b08bcb40a01", "681fe9551f583b08bcb40a02", "681fe9551f583b08bcb40a03", "681fe9551f583b08bcb40a04", "681fe9561f583b08bcb40a05", "681fe9561f583b08bcb40a06", "681fe9561f583b08bcb40a07", "681fe9561f583b08bcb40a08" ],
  "discount" : null,
  "seo_alias" : "combo-3-quan-lot-nam-trunks-khe-moi-lenzing-modal",
  "options_values" : [ {
    "title" : "Màu sắc",
    "type" : "COLOR",
    "options" : [ {
      "title" : "Đen",
      "slug" : "den",
      "label" : "",
      "images" : [ "681fe9561f583b08bcb40a09", "681fe9561f583b08bcb40a0a", "681fe9561f583b08bcb40a0b", "681fe9561f583b08bcb40a0c", "681fe9561f583b08bcb40a0d", "681fe9561f583b08bcb40a0e", "681fe9561f583b08bcb40a0f", "681fe9571f583b08bcb40a10", "681fe9571f583b08bcb40a11" ]
    }, {
      "title" : "Xanh Titan",
      "slug" : "xanh-titan",
      "label" : "",
      "images" : [ "681fe9571f583b08bcb40a12", "681fe9571f583b08bcb40a13", "681fe9571f583b08bcb40a14", "681fe9571f583b08bcb40a15", "681fe9571f583b08bcb40a16", "681fe9571f583b08bcb40a17", "681fe9571f583b08bcb40a18", "681fe9571f583b08bcb40a19", "681fe9571f583b08bcb40a1a" ]
    }, {
      "title" : "Xanh Adriatic",
      "slug" : "xanh-adriatic",
      "label" : "",
      "images" : [ "681fe9571f583b08bcb40a1b", "681fe9581f583b08bcb40a1c", "681fe9581f583b08bcb40a1d", "681fe9581f583b08bcb40a1e", "681fe9581f583b08bcb40a1f", "681fe9581f583b08bcb40a20", "681fe9581f583b08bcb40a21", "681fe9581f583b08bcb40a22", "681fe9581f583b08bcb40a23" ]
    }, {
      "title" : "Xanh Chinois",
      "slug" : "xanh-chinois",
      "label" : "",
      "images" : [ "681fe9581f583b08bcb40a24", "681fe9581f583b08bcb40a25", "681fe9581f583b08bcb40a26", "681fe9581f583b08bcb40a27", "681fe9581f583b08bcb40a28", "681fe9591f583b08bcb40a29", "681fe9591f583b08bcb40a2a", "681fe9591f583b08bcb40a2b", "681fe9591f583b08bcb40a2c" ]
    } ]
  } ],
  "collection_id" : "681ca29b2a59db3110ec0b97",
  "display_order" : 373,
  "youtube_video" : "",
  "coming_soon" : false,
  "display_name_open" : "Kháng khuẩn - Thấm Hút - Mát tự nhiên",
  "gender_type" : "MALE",
  "icon_thumbnail" : null,
  "compare_price" : 357000.0,
  "regular_price" : 279000.0
}