{
  "title" : "Combo 3 Quần Lót Nam Trunk Ice Cooling II",
  "vendor" : "5c482438000c695cfa6f8d22",
  "tags" : [ ],
  "options" : [ {
    "type" : "COLOR",
    "title" : "Màu sắc",
    "values" : [ "Xanh Navy", "Xám Oyster", "Xanh Sapphire", "Đen", "Mix màu 1", "Mix màu 2", "Mix màu 3" ]
  }, {
    "type" : "SIZE",
    "title" : "Kích thước",
    "values" : [ "M", "L", "XL", "2XL", "3XL" ]
  } ],
  "images" : [ "681fe9c71f583b08bcb40c7c", "681fe9c71f583b08bcb40c7d", "681fe9c71f583b08bcb40c7e", "681fe9c71f583b08bcb40c7f", "681fe9c81f583b08bcb40c80", "681fe9c81f583b08bcb40c81", "681fe9c81f583b08bcb40c82", "681fe9c91f583b08bcb40c83", "681fe9c91f583b08bcb40c84", "681fe9c91f583b08bcb40c85", "681fe9c91f583b08bcb40c86" ],
  "discount" : null,
  "seo_alias" : "combo-3-quan-lot-nam-trunk-ice-cooling-ii-mat-me",
  "options_values" : [ {
    "title" : "Màu sắc",
    "type" : "COLOR",
    "options" : [ {
      "title" : "Xanh Navy",
      "slug" : "xanh-navy",
      "label" : "",
      "images" : [ "681fe9ca1f583b08bcb40c87", "681fe9ca1f583b08bcb40c88", "681fe9ca1f583b08bcb40c89", "681fe9ca1f583b08bcb40c8a", "681fe9ca1f583b08bcb40c8b", "681fe9ca1f583b08bcb40c8c", "681fe9ca1f583b08bcb40c8d", "681fe9ca1f583b08bcb40c8e", "681fe9ca1f583b08bcb40c8f", "681fe9ca1f583b08bcb40c90", "681fe9ca1f583b08bcb40c91" ]
    }, {
      "title" : "Xám Oyster",
      "slug" : "xam-oyster",
      "label" : "",
      "images" : [ "681fe9cb1f583b08bcb40c92", "681fe9cb1f583b08bcb40c93", "681fe9cb1f583b08bcb40c94", "681fe9cb1f583b08bcb40c95", "681fe9cb1f583b08bcb40c96", "681fe9cb1f583b08bcb40c97", "681fe9cb1f583b08bcb40c98", "681fe9cb1f583b08bcb40c99", "681fe9cb1f583b08bcb40c9a", "681fe9cb1f583b08bcb40c9b", "681fe9cc1f583b08bcb40c9c" ]
    }, {
      "title" : "Xanh Sapphire",
      "slug" : "xanh-sapphire",
      "label" : "",
      "images" : [ "681fe9cc1f583b08bcb40c9d", "681fe9cc1f583b08bcb40c9e", "681fe9cc1f583b08bcb40c9f", "681fe9cc1f583b08bcb40ca0", "681fe9cc1f583b08bcb40ca1", "681fe9cc1f583b08bcb40ca2", "681fe9cc1f583b08bcb40ca3", "681fe9cc1f583b08bcb40ca4", "681fe9cc1f583b08bcb40ca5", "681fe9cd1f583b08bcb40ca6", "681fe9cd1f583b08bcb40ca7" ]
    }, {
      "title" : "Đen",
      "slug" : "den",
      "label" : "",
      "images" : [ "681fe9cd1f583b08bcb40ca8", "681fe9cd1f583b08bcb40ca9", "681fe9cd1f583b08bcb40caa", "681fe9cd1f583b08bcb40cab", "681fe9cd1f583b08bcb40cac", "681fe9cd1f583b08bcb40cad", "681fe9cd1f583b08bcb40cae", "681fe9cd1f583b08bcb40caf", "681fe9ce1f583b08bcb40cb0", "681fe9ce1f583b08bcb40cb1", "681fe9ce1f583b08bcb40cb2" ]
    }, {
      "title" : "Mix màu 1",
      "slug" : "mix-mau-1",
      "label" : "",
      "images" : [ "681fe9ce1f583b08bcb40cb3", "681fe9ce1f583b08bcb40cb4", "681fe9ce1f583b08bcb40cb5", "681fe9ce1f583b08bcb40cb6", "681fe9ce1f583b08bcb40cb7", "681fe9ce1f583b08bcb40cb8", "681fe9ce1f583b08bcb40cb9", "681fe9ce1f583b08bcb40cba", "681fe9cf1f583b08bcb40cbb", "681fe9cf1f583b08bcb40cbc", "681fe9cf1f583b08bcb40cbd" ]
    }, {
      "title" : "Mix màu 2",
      "slug" : "mix-mau-2",
      "label" : "",
      "images" : [ "681fe9cf1f583b08bcb40cbe", "681fe9cf1f583b08bcb40cbf", "681fe9cf1f583b08bcb40cc0", "681fe9cf1f583b08bcb40cc1", "681fe9cf1f583b08bcb40cc2", "681fe9cf1f583b08bcb40cc3", "681fe9cf1f583b08bcb40cc4", "681fe9d01f583b08bcb40cc5", "681fe9d01f583b08bcb40cc6", "681fe9d01f583b08bcb40cc7", "681fe9d01f583b08bcb40cc8" ]
    }, {
      "title" : "Mix màu 3",
      "slug" : "mix-mau-3",
      "label" : "",
      "images" : [ "681fe9d01f583b08bcb40cc9", "681fe9d01f583b08bcb40cca", "681fe9d01f583b08bcb40ccb", "681fe9d01f583b08bcb40ccc", "681fe9d01f583b08bcb40ccd", "681fe9d01f583b08bcb40cce", "681fe9d01f583b08bcb40ccf", "681fe9d11f583b08bcb40cd0", "681fe9d11f583b08bcb40cd1", "681fe9d11f583b08bcb40cd2", "681fe9d11f583b08bcb40cd3" ]
    } ]
  } ],
  "collection_id" : "681ca29b2a59db3110ec0b97",
  "display_order" : 379,
  "youtube_video" : "",
  "coming_soon" : false,
  "display_name_open" : "Thoáng mát",
  "gender_type" : "MALE",
  "icon_thumbnail" : null,
  "compare_price" : 299000.0,
  "regular_price" : 239000.0
}