{
  "title" : "Pack 5 Trunk Cotton Coolmate Basics cạp logo",
  "vendor" : "5c482438000c695cfa6f8d22",
  "tags" : [ ],
  "options" : [ {
    "type" : "COLOR",
    "title" : "Màu sắc",
    "values" : [ "Xanh blue", "Xám nhạt", "Đen", "Navy", "Mix" ]
  }, {
    "type" : "SIZE",
    "title" : "Kích thước",
    "values" : [ "M", "L", "XL", "2XL", "3XL" ]
  } ],
  "images" : [ "681fe9fb1f583b08bcb40d6b", "681fe9fc1f583b08bcb40d6c", "681fe9fc1f583b08bcb40d6d", "681fe9fc1f583b08bcb40d6e", "681fe9fc1f583b08bcb40d6f", "681fe9fc1f583b08bcb40d70", "681fe9fc1f583b08bcb40d71", "681fe9fc1f583b08bcb40d72", "681fe9fc1f583b08bcb40d73", "681fe9fc1f583b08bcb40d74", "681fe9fc1f583b08bcb40d75", "681fe9fc1f583b08bcb40d76", "681fe9fd1f583b08bcb40d77" ],
  "discount" : null,
  "seo_alias" : "pack-5-trunk-cotton-coolmate-basics-cap-logo",
  "options_values" : [ {
    "title" : "Màu sắc",
    "type" : "COLOR",
    "options" : [ {
      "title" : "Xanh blue",
      "slug" : "xanh-blue",
      "label" : "",
      "images" : [ "681fe9fd1f583b08bcb40d78", "681fe9fd1f583b08bcb40d79", "681fe9fd1f583b08bcb40d7a", "681fe9fd1f583b08bcb40d7b", "681fe9fd1f583b08bcb40d7c", "681fe9fd1f583b08bcb40d7d", "681fe9fe1f583b08bcb40d7e", "681fe9fe1f583b08bcb40d7f", "681fe9fe1f583b08bcb40d80", "681fe9fe1f583b08bcb40d81", "681fe9fe1f583b08bcb40d82", "681fe9fe1f583b08bcb40d83", "681fe9fe1f583b08bcb40d84" ]
    }, {
      "title" : "Xám nhạt",
      "slug" : "xam-nhat",
      "label" : "",
      "images" : [ "681fe9fe1f583b08bcb40d85", "681fe9fe1f583b08bcb40d86", "681fe9fe1f583b08bcb40d87", "681fe9ff1f583b08bcb40d88", "681fe9ff1f583b08bcb40d89", "681fe9ff1f583b08bcb40d8a", "681fe9ff1f583b08bcb40d8b", "681fe9ff1f583b08bcb40d8c", "681fe9ff1f583b08bcb40d8d", "681fe9ff1f583b08bcb40d8e", "681fe9ff1f583b08bcb40d8f", "681fe9ff1f583b08bcb40d90", "681fe9ff1f583b08bcb40d91" ]
    }, {
      "title" : "Đen",
      "slug" : "den",
      "label" : "",
      "images" : [ "681fea001f583b08bcb40d92", "681fea001f583b08bcb40d93", "681fea001f583b08bcb40d94", "681fea001f583b08bcb40d95", "681fea001f583b08bcb40d96", "681fea001f583b08bcb40d97", "681fea001f583b08bcb40d98", "681fea001f583b08bcb40d99", "681fea001f583b08bcb40d9a", "681fea001f583b08bcb40d9b", "681fea011f583b08bcb40d9c", "681fea011f583b08bcb40d9d", "681fea011f583b08bcb40d9e" ]
    }, {
      "title" : "Navy",
      "slug" : "navy",
      "label" : "",
      "images" : [ "681fea011f583b08bcb40d9f", "681fea011f583b08bcb40da0", "681fea011f583b08bcb40da1", "681fea011f583b08bcb40da2", "681fea011f583b08bcb40da3", "681fea011f583b08bcb40da4", "681fea011f583b08bcb40da5", "681fea021f583b08bcb40da6", "681fea021f583b08bcb40da7", "681fea021f583b08bcb40da8", "681fea021f583b08bcb40da9", "681fea021f583b08bcb40daa", "681fea021f583b08bcb40dab" ]
    }, {
      "title" : "Mix",
      "slug" : "mix",
      "label" : "",
      "images" : [ "681fea021f583b08bcb40dac", "681fea021f583b08bcb40dad", "681fea021f583b08bcb40dae", "681fea021f583b08bcb40daf", "681fea031f583b08bcb40db0", "681fea031f583b08bcb40db1", "681fea031f583b08bcb40db2", "681fea031f583b08bcb40db3", "681fea031f583b08bcb40db4", "681fea031f583b08bcb40db5", "681fea031f583b08bcb40db6", "681fea031f583b08bcb40db7", "681fea031f583b08bcb40db8" ]
    } ]
  } ],
  "collection_id" : "681ca29b2a59db3110ec0b97",
  "display_order" : 999,
  "youtube_video" : "",
  "coming_soon" : false,
  "display_name_open" : "Thoáng khí - Co giãn",
  "gender_type" : "MALE",
  "icon_thumbnail" : null,
  "compare_price" : 329000.0,
  "regular_price" : 259000.0
}