{
  "title" : "Pack 5 Quần Lót Nam Trunk Cotton Basics",
  "vendor" : "5c482438000c695cfa6f8d22",
  "tags" : [ ],
  "options" : [ {
    "type" : "COLOR",
    "title" : "Màu sắc",
    "values" : [ "Mix ngẫu nhiên", "Xám", "Đen", "Xanh Navy" ]
  }, {
    "type" : "SIZE",
    "title" : "Kích thước Quần",
    "values" : [ "M", "L", "XL", "2XL", "3XL" ]
  } ],
  "images" : [ "681fe97b1f583b08bcb40ae0", "681fe97b1f583b08bcb40ae1", "681fe97b1f583b08bcb40ae2", "681fe97b1f583b08bcb40ae3", "681fe97b1f583b08bcb40ae4", "681fe97b1f583b08bcb40ae5", "681fe97b1f583b08bcb40ae6", "681fe97b1f583b08bcb40ae7", "681fe97c1f583b08bcb40ae8" ],
  "discount" : null,
  "seo_alias" : "pack-5-quan-lot-trunk-cotton-coolmate-basics-mem-mai",
  "options_values" : [ {
    "title" : "Màu sắc",
    "type" : "COLOR",
    "options" : [ {
      "title" : "Mix ngẫu nhiên",
      "slug" : "mix-ngau-nhien",
      "label" : "",
      "images" : [ "681fe97c1f583b08bcb40ae9", "681fe97c1f583b08bcb40aea", "681fe97c1f583b08bcb40aeb", "681fe97c1f583b08bcb40aec", "681fe97c1f583b08bcb40aed", "681fe97c1f583b08bcb40aee", "681fe97c1f583b08bcb40aef", "681fe97c1f583b08bcb40af0", "681fe97d1f583b08bcb40af1" ]
    }, {
      "title" : "Xám",
      "slug" : "xam",
      "label" : "",
      "images" : [ "681fe97d1f583b08bcb40af2", "681fe97d1f583b08bcb40af3", "681fe97d1f583b08bcb40af4", "681fe97d1f583b08bcb40af5", "681fe97d1f583b08bcb40af6", "681fe97d1f583b08bcb40af7", "681fe97d1f583b08bcb40af8", "681fe97d1f583b08bcb40af9", "681fe97d1f583b08bcb40afa" ]
    }, {
      "title" : "Đen",
      "slug" : "den",
      "label" : "",
      "images" : [ "681fe97d1f583b08bcb40afb", "681fe97d1f583b08bcb40afc", "681fe97e1f583b08bcb40afd", "681fe97e1f583b08bcb40afe", "681fe97e1f583b08bcb40aff", "681fe97e1f583b08bcb40b00", "681fe97e1f583b08bcb40b01", "681fe97e1f583b08bcb40b02", "681fe97e1f583b08bcb40b03" ]
    }, {
      "title" : "Xanh Navy",
      "slug" : "xanh-navy",
      "label" : "",
      "images" : [ "681fe97e1f583b08bcb40b04", "681fe97e1f583b08bcb40b05", "681fe97f1f583b08bcb40b06", "681fe97f1f583b08bcb40b07", "681fe97f1f583b08bcb40b08", "681fe97f1f583b08bcb40b09", "681fe97f1f583b08bcb40b0a", "681fe97f1f583b08bcb40b0b", "681fe97f1f583b08bcb40b0c" ]
    } ]
  } ],
  "collection_id" : "681ca29b2a59db3110ec0b97",
  "display_order" : 340,
  "youtube_video" : "",
  "coming_soon" : false,
  "display_name_open" : "Mềm mại",
  "gender_type" : "MALE",
  "icon_thumbnail" : null,
  "compare_price" : 229000.0,
  "regular_price" : 189000.0
}