{
  "title" : "Pack 5 Brief Cotton Coolmate Basics cạp logo",
  "vendor" : "5c482438000c695cfa6f8d22",
  "tags" : [ ],
  "options" : [ {
    "type" : "COLOR",
    "title" : "Màu sắc",
    "values" : [ "Xanh blue", "Đen", "Navy", "Xám nhạt", "Mix màu" ]
  }, {
    "type" : "SIZE",
    "title" : "Kích thước",
    "values" : [ "M", "L", "XL", "2XL", "3XL" ]
  } ],
  "images" : [ "681fe9ea1f583b08bcb40d1d", "681fe9eb1f583b08bcb40d1e", "681fe9eb1f583b08bcb40d1f", "681fe9eb1f583b08bcb40d20", "681fe9ec1f583b08bcb40d21", "681fe9ec1f583b08bcb40d22", "681fe9ed1f583b08bcb40d23", "681fe9ed1f583b08bcb40d24", "681fe9ed1f583b08bcb40d25", "681fe9ed1f583b08bcb40d26", "681fe9ee1f583b08bcb40d27", "681fe9ee1f583b08bcb40d28", "681fe9ee1f583b08bcb40d29" ],
  "discount" : null,
  "seo_alias" : "pack-5-brief-cotton-coolmate-basics-cap-logo-copy",
  "options_values" : [ {
    "title" : "Màu sắc",
    "type" : "COLOR",
    "options" : [ {
      "title" : "Xanh blue",
      "slug" : "xanh-blue",
      "label" : "",
      "images" : [ "681fe9ee1f583b08bcb40d2a", "681fe9ee1f583b08bcb40d2b", "681fe9ef1f583b08bcb40d2c", "681fe9ef1f583b08bcb40d2d", "681fe9ef1f583b08bcb40d2e", "681fe9ef1f583b08bcb40d2f", "681fe9ef1f583b08bcb40d30", "681fe9ef1f583b08bcb40d31", "681fe9ef1f583b08bcb40d32", "681fe9ef1f583b08bcb40d33", "681fe9f01f583b08bcb40d34", "681fe9f01f583b08bcb40d35", "681fe9f01f583b08bcb40d36" ]
    }, {
      "title" : "Đen",
      "slug" : "den",
      "label" : "",
      "images" : [ "681fe9f01f583b08bcb40d37", "681fe9f01f583b08bcb40d38", "681fe9f01f583b08bcb40d39", "681fe9f01f583b08bcb40d3a", "681fe9f01f583b08bcb40d3b", "681fe9f01f583b08bcb40d3c", "681fe9f11f583b08bcb40d3d", "681fe9f11f583b08bcb40d3e", "681fe9f11f583b08bcb40d3f", "681fe9f11f583b08bcb40d40", "681fe9f11f583b08bcb40d41", "681fe9f11f583b08bcb40d42", "681fe9f11f583b08bcb40d43" ]
    }, {
      "title" : "Navy",
      "slug" : "navy",
      "label" : "",
      "images" : [ "681fe9f11f583b08bcb40d44", "681fe9f11f583b08bcb40d45", "681fe9f11f583b08bcb40d46", "681fe9f21f583b08bcb40d47", "681fe9f21f583b08bcb40d48", "681fe9f21f583b08bcb40d49", "681fe9f21f583b08bcb40d4a", "681fe9f21f583b08bcb40d4b", "681fe9f21f583b08bcb40d4c", "681fe9f21f583b08bcb40d4d", "681fe9f21f583b08bcb40d4e", "681fe9f21f583b08bcb40d4f", "681fe9f31f583b08bcb40d50" ]
    }, {
      "title" : "Xám nhạt",
      "slug" : "xam-nhat",
      "label" : "",
      "images" : [ "681fe9f31f583b08bcb40d51", "681fe9f31f583b08bcb40d52", "681fe9f31f583b08bcb40d53", "681fe9f31f583b08bcb40d54", "681fe9f31f583b08bcb40d55", "681fe9f31f583b08bcb40d56", "681fe9f31f583b08bcb40d57", "681fe9f31f583b08bcb40d58", "681fe9f31f583b08bcb40d59", "681fe9f31f583b08bcb40d5a", "681fe9f41f583b08bcb40d5b", "681fe9f41f583b08bcb40d5c", "681fe9f41f583b08bcb40d5d" ]
    }, {
      "title" : "Mix màu",
      "slug" : "mix-mau",
      "label" : "",
      "images" : [ "681fe9f41f583b08bcb40d5e", "681fe9f41f583b08bcb40d5f", "681fe9f41f583b08bcb40d60", "681fe9f41f583b08bcb40d61", "681fe9f41f583b08bcb40d62", "681fe9f41f583b08bcb40d63", "681fe9f41f583b08bcb40d64", "681fe9f51f583b08bcb40d65", "681fe9f51f583b08bcb40d66", "681fe9f51f583b08bcb40d67", "681fe9f51f583b08bcb40d68", "681fe9f51f583b08bcb40d69", "681fe9f51f583b08bcb40d6a" ]
    } ]
  } ],
  "collection_id" : "681ca29b2a59db3110ec0b97",
  "display_order" : 999,
  "youtube_video" : "",
  "coming_soon" : false,
  "display_name_open" : "Thoáng khí - Co giãn",
  "gender_type" : "MALE",
  "icon_thumbnail" : null,
  "compare_price" : 329000.0,
  "regular_price" : 259000.0
}