{
  "title" : "Combo 2 Áo Singlet Nam Chạy Bộ Graphic Photic Zone",
  "vendor" : "5c482438000c695cfa6f8d22",
  "tags" : [ "SAVING_PACKS" ],
  "options" : [ {
    "type" : "SIZE",
    "title" : "Kích thước",
    "values" : [ "S", "M", "L", "XL", "2XL", "3XL" ]
  } ],
  "images" : [ "6825f1960b6112518546047e", "6825f1960b6112518546047f", "6825f1960b61125185460480", "6825f1960b61125185460481", "6825f1960b61125185460482", "6825f1960b61125185460483", "6825f1970b61125185460484", "6825f1970b61125185460485", "6825f1970b61125185460486" ],
  "discount" : null,
  "seo_alias" : "ao-singlet-nam-chay-bo-graphic-photic-zone-sieu-nhe-thoang-mat-combo",
  "options_values" : [ ],
  "collection_id" : "6825e9498eaaa408c6aaf614",
  "display_order" : 236,
  "youtube_video" : "",
  "coming_soon" : false,
  "display_name_open" : "ExDry",
  "gender_type" : "MALE",
  "icon_thumbnail" : null,
  "compare_price" : 378000.0,
  "regular_price" : 199000.0
}