{
  "title" : "Combo 3 Áo Sát Nách Nam Thể Thao Promax",
  "vendor" : "5c482438000c695cfa6f8d22",
  "tags" : [ "SAVING_PACKS" ],
  "options" : [ {
    "type" : "COLOR",
    "title" : "Màu sắc",
    "values" : [ "Màu 5", "Màu 3" ]
  }, {
    "type" : "SIZE",
    "title" : "Kích thước Áo",
    "values" : [ "S", "M", "L", "XL", "2XL" ]
  } ],
  "images" : [ "6825f1900b61125185460465", "6825f1900b61125185460466", "6825f1910b61125185460467" ],
  "discount" : null,
  "seo_alias" : "combo-03-ao-sat-nach-the-thao-nam-dri-breathe-thoang-mat",
  "options_values" : [ {
    "title" : "Màu sắc",
    "type" : "COLOR",
    "options" : [ {
      "title" : "Màu 5",
      "slug" : "mau-5",
      "label" : "",
      "images" : [ "6825f1910b61125185460468", "6825f1910b61125185460469", "6825f1910b6112518546046a", "6825f1910b6112518546046b", "6825f1910b6112518546046c", "6825f1910b6112518546046d" ]
    }, {
      "title" : "Màu 3",
      "slug" : "mau-3",
      "label" : "",
      "images" : [ "6825f1910b6112518546046e", "6825f1910b6112518546046f", "6825f1910b61125185460470", "6825f1920b61125185460471", "6825f1920b61125185460472", "6825f1920b61125185460473", "6825f1920b61125185460474" ]
    } ]
  } ],
  "collection_id" : "6825e9498eaaa408c6aaf614",
  "display_order" : 197,
  "youtube_video" : "",
  "coming_soon" : false,
  "display_name_open" : "Thoáng mát",
  "gender_type" : "MALE",
  "icon_thumbnail" : null,
  "compare_price" : 569000.0,
  "regular_price" : 409000.0
}