{
  "title" : "Combo 2 Áo Singlet Nam Chạy Bộ Graphic Photic Zone",
  "vendor" : "5c482438000c695cfa6f8d22",
  "tags" : [ "SAVING_PACKS" ],
  "options" : [ {
    "type" : "SIZE",
    "title" : "Kích thước",
    "values" : [ "S", "M", "L", "XL", "2XL", "3XL" ]
  } ],
  "images" : [ "681ddb7dc47228653a982154", "681ddb7dc47228653a982155", "681ddb7dc47228653a982156", "681ddb7dc47228653a982157", "681ddb7dc47228653a982158", "681ddb7dc47228653a982159", "681ddb7dc47228653a98215a", "681ddb7dc47228653a98215b", "681ddb7ec47228653a98215c" ],
  "discount" : null,
  "options_values" : [ ],
  "collection_id" : "681ca18a2a59db3110ec0b87",
  "display_order" : 236,
  "youtube_video" : "",
  "coming_soon" : false,
  "display_name_open" : "ExDry",
  "gender_type" : "MALE",
  "icon_thumbnail" : null,
  "compare_price" : 378000.0,
  "regular_price" : 199000.0
}