{
  "title" : "Combo 2 Áo Singlet Nam Chạy Bộ in Graphic Special",
  "vendor" : "5c482438000c695cfa6f8d22",
  "tags" : [ "SAVING_PACKS" ],
  "options" : [ {
    "type" : "COLOR",
    "title" : "Màu sắc",
    "values" : [ "Mix màu 1", "Mix màu 2" ]
  }, {
    "type" : "SIZE",
    "title" : "Kích thước",
    "values" : [ "S", "M", "L", "XL", "2XL", "3XL" ]
  } ],
  "images" : [ "681ddb8cc47228653a9821b0", "681ddb8cc47228653a9821b1", "681ddb8cc47228653a9821b2", "681ddb8cc47228653a9821b3", "681ddb8cc47228653a9821b4" ],
  "discount" : null,
  "options_values" : [ {
    "title" : "Màu sắc",
    "type" : "COLOR",
    "options" : [ {
      "title" : "Mix màu 1",
      "slug" : "mix-mau-1",
      "label" : "",
      "images" : [ "681ddb8cc47228653a9821b5", "681ddb8cc47228653a9821b6", "681ddb8cc47228653a9821b7", "681ddb8cc47228653a9821b8", "681ddb8cc47228653a9821b9" ]
    }, {
      "title" : "Mix màu 2",
      "slug" : "mix-mau-2",
      "label" : "",
      "images" : [ "681ddb8cc47228653a9821ba", "681ddb8cc47228653a9821bb", "681ddb8dc47228653a9821bc", "681ddb8dc47228653a9821bd", "681ddb8dc47228653a9821be" ]
    } ]
  } ],
  "collection_id" : "681ca18a2a59db3110ec0b87",
  "display_order" : 426,
  "youtube_video" : "",
  "coming_soon" : false,
  "display_name_open" : "Mỏng nhẹ",
  "gender_type" : "MALE",
  "icon_thumbnail" : null,
  "compare_price" : 378000.0,
  "regular_price" : 289000.0
}