{
  "title" : "Combo 3 Áo ba lỗ 100% Cotton",
  "vendor" : "5c482438000c695cfa6f8d22",
  "tags" : [ "BAN_CHAY", "DANG_MUA" ],
  "options" : [ {
    "type" : "COLOR",
    "title" : "Màu sắc",
    "values" : [ "Đen", "Trắng", "Xanh Navy", "Mix màu" ]
  }, {
    "type" : "SIZE",
    "title" : "Kích thước",
    "values" : [ "M", "L", "XL", "2XL", "3XL", "S" ]
  } ],
  "images" : [ "681ddb87c47228653a98219c", "681ddb88c47228653a98219d", "681ddb88c47228653a98219e", "681ddb88c47228653a98219f" ],
  "discount" : null,
  "options_values" : [ {
    "title" : "Màu sắc",
    "type" : "COLOR",
    "options" : [ {
      "title" : "Mix màu",
      "slug" : "mix-mau",
      "label" : "",
      "images" : [ "681ddb88c47228653a9821a0", "681ddb88c47228653a9821a1", "681ddb88c47228653a9821a2", "681ddb88c47228653a9821a3" ]
    }, {
      "title" : "Đen",
      "slug" : "den",
      "label" : "",
      "images" : [ "681ddb88c47228653a9821a4", "681ddb88c47228653a9821a5", "681ddb88c47228653a9821a6", "681ddb89c47228653a9821a7" ]
    }, {
      "title" : "Trắng",
      "slug" : "trang",
      "label" : "",
      "images" : [ "681ddb89c47228653a9821a8", "681ddb89c47228653a9821a9", "681ddb89c47228653a9821aa", "681ddb89c47228653a9821ab" ]
    }, {
      "title" : "Xanh Navy",
      "slug" : "xanh-navy",
      "label" : "",
      "images" : [ "681ddb89c47228653a9821ac", "681ddb89c47228653a9821ad", "681ddb89c47228653a9821ae", "681ddb89c47228653a9821af" ]
    } ]
  } ],
  "collection_id" : "681ca18a2a59db3110ec0b87",
  "display_order" : 331,
  "youtube_video" : "",
  "coming_soon" : false,
  "display_name_open" : "Mặc nhà - Thoáng mát",
  "gender_type" : "MALE",
  "icon_thumbnail" : null,
  "compare_price" : 249000.0,
  "regular_price" : 219000.0
}