{
  "title" : "Combo 3 Áo Sát Nách Nam Thể Thao Promax",
  "vendor" : "5c482438000c695cfa6f8d22",
  "tags" : [ "SAVING_PACKS" ],
  "options" : [ {
    "type" : "COLOR",
    "title" : "Màu sắc",
    "values" : [ "Màu 3", "Màu 5" ]
  }, {
    "type" : "SIZE",
    "title" : "Kích thước Áo",
    "values" : [ "S", "M", "L", "XL", "2XL" ]
  } ],
  "images" : [ "681ddb79c47228653a982142", "681ddb79c47228653a982143", "681ddb79c47228653a982144" ],
  "discount" : null,
  "options_values" : [ {
    "title" : "Màu sắc",
    "type" : "COLOR",
    "options" : [ {
      "title" : "Màu 5",
      "slug" : "mau-5",
      "label" : "",
      "images" : [ "681ddb79c47228653a982145", "681ddb79c47228653a982146", "681ddb79c47228653a982147" ]
    }, {
      "title" : "Màu 3",
      "slug" : "mau-3",
      "label" : "",
      "images" : [ "681ddb79c47228653a982148", "681ddb79c47228653a982149", "681ddb79c47228653a98214a" ]
    } ]
  } ],
  "collection_id" : "681ca18a2a59db3110ec0b87",
  "display_order" : 197,
  "youtube_video" : "",
  "coming_soon" : false,
  "display_name_open" : "Thoáng mát",
  "gender_type" : "MALE",
  "icon_thumbnail" : null,
  "compare_price" : 569000.0,
  "regular_price" : 409000.0
}