{
  "title" : "Áo Singlet Chạy Bộ Graphic Special",
  "vendor" : "5c482438000c695cfa6f8d22",
  "tags" : [ ],
  "options" : [ {
    "type" : "COLOR",
    "title" : "Màu sắc",
    "values" : [ "Xanh dương", "Đen", "Xanh rêu" ]
  }, {
    "type" : "SIZE",
    "title" : "Kích thước",
    "values" : [ "S", "M", "L", "XL", "2XL", "3XL" ]
  } ],
  "images" : [ "6825f1630b611251854603ac", "6825f1630b611251854603ad", "6825f1630b611251854603ae", "6825f1640b611251854603af", "6825f1640b611251854603b0", "6825f1640b611251854603b1", "6825f1640b611251854603b2", "6825f1640b611251854603b3", "6825f1650b611251854603b4" ],
  "discount" : null,
  "seo_alias" : "ao-singlet-nam-chay-bo-in-graphic-special-sieu-nhe-thoang-mat",
  "options_values" : [ {
    "title" : "Màu sắc",
    "type" : "COLOR",
    "options" : [ {
      "title" : "Xanh dương",
      "slug" : "xanh-duong",
      "label" : "",
      "images" : [ "6825f1650b611251854603b5", "6825f1650b611251854603b6", "6825f1650b611251854603b7", "6825f1650b611251854603b8", "6825f1650b611251854603b9", "6825f1650b611251854603ba", "6825f1650b611251854603bb", "6825f1660b611251854603bc" ]
    }, {
      "title" : "Đen",
      "slug" : "den",
      "label" : "",
      "images" : [ "6825f1660b611251854603bd", "6825f1660b611251854603be", "6825f1660b611251854603bf", "6825f1660b611251854603c0", "6825f1660b611251854603c1", "6825f1660b611251854603c2", "6825f1660b611251854603c3", "6825f1670b611251854603c4" ]
    }, {
      "title" : "Xanh rêu",
      "slug" : "xanh-reu",
      "label" : "",
      "images" : [ "6825f1670b611251854603c5", "6825f1670b611251854603c6", "6825f1670b611251854603c7", "6825f1670b611251854603c8", "6825f1670b611251854603c9", "6825f1670b611251854603ca", "6825f1670b611251854603cb", "6825f1680b611251854603cc" ]
    } ]
  } ],
  "collection_id" : "6825e9498eaaa408c6aaf614",
  "display_order" : 487,
  "youtube_video" : "",
  "coming_soon" : false,
  "display_name_open" : "Mỏng nhẹ",
  "gender_type" : "MALE",
  "icon_thumbnail" : null,
  "compare_price" : 189000.0,
  "regular_price" : 159000.0
}