{
  "title" : "Áo Singlet chạy bộ Advanced Vent Tech",
  "vendor" : "",
  "tags" : [ ],
  "options" : [ {
    "type" : "COLOR",
    "title" : "Màu sắc",
    "values" : [ "Vàng Đen", "Xanh Đen", "Tím Hồng" ]
  }, {
    "type" : "SIZE",
    "title" : "Kích thước",
    "values" : [ "S", "M", "L", "XL", "2XL", "3Xl" ]
  } ],
  "images" : [ "6825f12c0b611251854602ce", "6825f12c0b611251854602cf", "6825f12c0b611251854602d0", "6825f12c0b611251854602d1", "6825f12c0b611251854602d2", "6825f12d0b611251854602d3", "6825f12d0b611251854602d4", "6825f12d0b611251854602d5", "6825f12d0b611251854602d6" ],
  "discount" : null,
  "seo_alias" : "ao-singlet-chay-bo-advanced-vent-tech",
  "options_values" : [ {
    "title" : "Màu sắc",
    "type" : "COLOR",
    "options" : [ {
      "title" : "Vàng Đen",
      "slug" : "vang-den",
      "label" : "",
      "images" : [ "6825f12d0b611251854602d7", "6825f12d0b611251854602d8", "6825f12d0b611251854602d9", "6825f12d0b611251854602da", "6825f12d0b611251854602db", "6825f12e0b611251854602dc", "6825f12e0b611251854602dd", "6825f12e0b611251854602de", "6825f12e0b611251854602df" ]
    }, {
      "title" : "Xanh Đen",
      "slug" : "xanh-den",
      "label" : "",
      "images" : [ "6825f12e0b611251854602e0", "6825f12e0b611251854602e1", "6825f12e0b611251854602e2", "6825f12f0b611251854602e3", "6825f12f0b611251854602e4", "6825f12f0b611251854602e5", "6825f12f0b611251854602e6", "6825f12f0b611251854602e7", "6825f12f0b611251854602e8" ]
    }, {
      "title" : "Tím Hồng",
      "slug" : "tim-hong",
      "label" : "",
      "images" : [ "6825f12f0b611251854602e9", "6825f12f0b611251854602ea", "6825f1300b611251854602eb", "6825f1300b611251854602ec", "6825f1300b611251854602ed", "6825f1300b611251854602ee", "6825f1300b611251854602ef", "6825f1300b611251854602f0", "6825f1300b611251854602f1" ]
    } ]
  } ],
  "collection_id" : "6825e9498eaaa408c6aaf614",
  "display_order" : 441,
  "youtube_video" : "",
  "coming_soon" : false,
  "display_name_open" : "ExDry - Thoáng khí/ Wicking - Thấm hút tốt",
  "gender_type" : "MALE",
  "icon_thumbnail" : null,
  "compare_price" : 199000.0,
  "regular_price" : 199000.0
}