{
  "title" : "Áo Singlet chạy bộ Fast & Free",
  "vendor" : "5c482438000c695cfa6f8d22",
  "tags" : [ "CLEARANCE_SALE", "OUTLET" ],
  "options" : [ {
    "type" : "COLOR",
    "title" : "Màu sắc",
    "values" : [ "Xám" ]
  }, {
    "type" : "SIZE",
    "title" : "Kích thước Áo",
    "values" : [ "S", "M", "L", "XL", "2XL", "3XL" ]
  } ],
  "images" : [ "681ddb74c47228653a98212e", "681ddb75c47228653a98212f", "681ddb75c47228653a982130", "681ddb75c47228653a982131", "681ddb75c47228653a982132", "681ddb75c47228653a982133", "681ddb75c47228653a982134", "681ddb75c47228653a982135", "681ddb75c47228653a982136", "681ddb75c47228653a982137" ],
  "discount" : null,
  "options_values" : [ {
    "title" : "Màu sắc",
    "type" : "COLOR",
    "options" : [ {
      "title" : "Xám",
      "slug" : "xam",
      "label" : "",
      "images" : [ "681ddb76c47228653a982138", "681ddb76c47228653a982139", "681ddb76c47228653a98213a", "681ddb76c47228653a98213b", "681ddb76c47228653a98213c", "681ddb76c47228653a98213d", "681ddb76c47228653a98213e", "681ddb77c47228653a98213f", "681ddb77c47228653a982140", "681ddb77c47228653a982141" ]
    } ]
  } ],
  "collection_id" : "681ca18a2a59db3110ec0b87",
  "display_order" : 191,
  "youtube_video" : "",
  "coming_soon" : false,
  "display_name_open" : "Nhanh khô",
  "gender_type" : "MALE",
  "icon_thumbnail" : null,
  "compare_price" : 189000.0,
  "regular_price" : 99000.0
}