{
  "title" : "Áo Tanktop Nam Thể Thao Active phối màu",
  "vendor" : "5c482438000c695cfa6f8d22",
  "tags" : [ "CLEARANCE_SALE", "OUTLET" ],
  "options" : [ {
    "type" : "COLOR",
    "title" : "Màu sắc",
    "values" : [ "Đen" ]
  }, {
    "type" : "SIZE",
    "title" : "Kích thước",
    "values" : [ "S" ]
  } ],
  "images" : [ "6825f1800b61125185460422", "6825f1800b61125185460423" ],
  "discount" : null,
  "seo_alias" : "ao-tanktop-the-thao-active-phoi-mau-thoang-khi",
  "options_values" : [ {
    "title" : "Màu sắc",
    "type" : "COLOR",
    "options" : [ {
      "title" : "Đen",
      "slug" : "den",
      "label" : "",
      "images" : [ "6825f1800b61125185460424", "6825f1800b61125185460425", "6825f1810b61125185460426", "6825f1810b61125185460427", "6825f1810b61125185460428", "6825f1810b61125185460429" ]
    } ]
  } ],
  "collection_id" : "6825e9498eaaa408c6aaf614",
  "display_order" : 102,
  "youtube_video" : "",
  "coming_soon" : false,
  "display_name_open" : "Thoáng khí",
  "gender_type" : "MALE",
  "icon_thumbnail" : null,
  "compare_price" : 169000.0,
  "regular_price" : 49000.0
}