{
  "title" : "Áo Gym Drop Arm",
  "vendor" : "5c482438000c695cfa6f8d22",
  "tags" : [ ],
  "options" : [ {
    "type" : "COLOR",
    "title" : "Màu sắc",
    "values" : [ "Xanh Stone", "Xanh Titan", "Đen" ]
  }, {
    "type" : "SIZE",
    "title" : "Kích thước",
    "values" : [ "S", "M", "L", "XL", "2XL", "3XL" ]
  } ],
  "images" : [ "681ddb4ec47228653a98205c", "681ddb4ec47228653a98205d", "681ddb4ec47228653a98205e", "681ddb4ec47228653a98205f", "681ddb4ec47228653a982060", "681ddb4ec47228653a982061" ],
  "discount" : null,
  "options_values" : [ {
    "title" : "Màu sắc",
    "type" : "COLOR",
    "options" : [ {
      "title" : "Xanh Stone",
      "slug" : "xanh-stone",
      "label" : "",
      "images" : [ "681ddb4ec47228653a982062", "681ddb4ec47228653a982063", "681ddb4ec47228653a982064", "681ddb4ec47228653a982065", "681ddb4fc47228653a982066", "681ddb4fc47228653a982067" ]
    }, {
      "title" : "Xanh Titan",
      "slug" : "xanh-titan",
      "label" : "",
      "images" : [ "681ddb4fc47228653a982068", "681ddb4fc47228653a982069", "681ddb4fc47228653a98206a", "681ddb4fc47228653a98206b", "681ddb4fc47228653a98206c", "681ddb4fc47228653a98206d" ]
    }, {
      "title" : "Đen",
      "slug" : "den",
      "label" : "",
      "images" : [ "681ddb4fc47228653a98206e", "681ddb4fc47228653a98206f", "681ddb4fc47228653a982070", "681ddb4fc47228653a982071", "681ddb4fc47228653a982072", "681ddb4fc47228653a982073" ]
    } ]
  } ],
  "collection_id" : "681ca18a2a59db3110ec0b87",
  "display_order" : 469,
  "youtube_video" : "",
  "coming_soon" : false,
  "display_name_open" : "ExDry - Co giãn",
  "gender_type" : "MALE",
  "icon_thumbnail" : null,
  "compare_price" : 179000.0,
  "regular_price" : 179000.0
}