{
  "title" : "Áo Singlet Chạy Bộ Graphic Photic",
  "vendor" : "5c482438000c695cfa6f8d22",
  "tags" : [ ],
  "options" : [ {
    "type" : "COLOR",
    "title" : "Màu sắc",
    "values" : [ "Đỏ", "Xanh dương" ]
  }, {
    "type" : "SIZE",
    "title" : "Kích thước",
    "values" : [ "S", "M", "L", "XL", "2XL", "3XL" ]
  } ],
  "images" : [ "6825f1710b611251854603e5", "6825f1710b611251854603e6", "6825f1710b611251854603e7", "6825f1720b611251854603e8", "6825f1720b611251854603e9", "6825f1720b611251854603ea" ],
  "discount" : null,
  "seo_alias" : "ao-singlet-nam-chay-bo-graphic-photic-zone-sieu-nhe-thoang-mat",
  "options_values" : [ {
    "title" : "Màu sắc",
    "type" : "COLOR",
    "options" : [ {
      "title" : "Đỏ",
      "slug" : "do",
      "label" : "",
      "images" : [ "6825f1720b611251854603eb", "6825f1720b611251854603ec", "6825f1730b611251854603ed", "6825f1730b611251854603ee", "6825f1730b611251854603ef", "6825f1730b611251854603f0", "6825f1730b611251854603f1", "6825f1730b611251854603f2" ]
    }, {
      "title" : "Xanh dương",
      "slug" : "xanh-duong",
      "label" : "",
      "images" : [ "6825f1730b611251854603f3", "6825f1730b611251854603f4", "6825f1730b611251854603f5", "6825f1740b611251854603f6", "6825f1740b611251854603f7", "6825f1740b611251854603f8", "6825f1740b611251854603f9", "6825f1740b611251854603fa" ]
    } ]
  } ],
  "collection_id" : "6825e9498eaaa408c6aaf614",
  "display_order" : 231,
  "youtube_video" : "",
  "coming_soon" : false,
  "display_name_open" : "ExDry",
  "gender_type" : "MALE",
  "icon_thumbnail" : null,
  "compare_price" : 189000.0,
  "regular_price" : 89000.0
}