{
  "title" : "Áo Tanktop Gym Essentials I",
  "vendor" : "5c482438000c695cfa6f8d22",
  "tags" : [ ],
  "options" : [ {
    "type" : "COLOR",
    "title" : "Màu sắc",
    "values" : [ "Xanh Titan", "Xám Northern", "Đen" ]
  }, {
    "type" : "SIZE",
    "title" : "Kích thước",
    "values" : [ "S", "M", "L", "XL", "2XL", "3XL" ]
  } ],
  "images" : [ "6825f16c0b611251854603cd", "6825f16c0b611251854603ce", "6825f16c0b611251854603cf", "6825f16c0b611251854603d0", "6825f16c0b611251854603d1", "6825f16c0b611251854603d2" ],
  "discount" : null,
  "seo_alias" : "ao-tanktop-gym-essentials-vai-mesh-peach-co-gian-exdry-thoang-mat",
  "options_values" : [ {
    "title" : "Màu sắc",
    "type" : "COLOR",
    "options" : [ {
      "title" : "Xanh Titan",
      "slug" : "xanh-titan",
      "label" : "",
      "images" : [ "6825f16d0b611251854603d3", "6825f16d0b611251854603d4", "6825f16d0b611251854603d5", "6825f16d0b611251854603d6", "6825f16d0b611251854603d7", "6825f16d0b611251854603d8" ]
    }, {
      "title" : "Xám Northern",
      "slug" : "xam-northern",
      "label" : "",
      "images" : [ "6825f16d0b611251854603d9", "6825f16d0b611251854603da", "6825f16d0b611251854603db", "6825f16e0b611251854603dc", "6825f16e0b611251854603dd", "6825f16e0b611251854603de" ]
    }, {
      "title" : "Đen",
      "slug" : "den",
      "label" : "",
      "images" : [ "6825f16e0b611251854603df", "6825f16e0b611251854603e0", "6825f16e0b611251854603e1", "6825f16e0b611251854603e2", "6825f16e0b611251854603e3", "6825f16f0b611251854603e4" ]
    } ]
  } ],
  "collection_id" : "6825e9498eaaa408c6aaf614",
  "display_order" : 491,
  "youtube_video" : "",
  "coming_soon" : false,
  "display_name_open" : "ExDry - Thấm hút",
  "gender_type" : "MALE",
  "icon_thumbnail" : null,
  "compare_price" : 169000.0,
  "regular_price" : 169000.0
}