{
  "title" : "Áo sát nách Training Comfort",
  "vendor" : "",
  "tags" : [ ],
  "options" : [ {
    "type" : "COLOR",
    "title" : "Màu sắc",
    "values" : [ "Xám Shark", "Cam Sadalwood", "Xanh Bluebell", "Xanh Cypess" ]
  }, {
    "type" : "SIZE",
    "title" : "Kích thước",
    "values" : [ "S", "M", "L", "XL", "2XL", "3XL" ]
  } ],
  "images" : [ "681ddb31c47228653a981fb6", "681ddb31c47228653a981fb7", "681ddb31c47228653a981fb8", "681ddb31c47228653a981fb9", "681ddb31c47228653a981fba", "681ddb31c47228653a981fbb", "681ddb31c47228653a981fbc", "681ddb31c47228653a981fbd" ],
  "discount" : null,
  "options_values" : [ {
    "title" : "Màu sắc",
    "type" : "COLOR",
    "options" : [ {
      "title" : "Xám Shark",
      "slug" : "xam-shark",
      "label" : "",
      "images" : [ "681ddb31c47228653a981fbe", "681ddb32c47228653a981fbf", "681ddb32c47228653a981fc0", "681ddb32c47228653a981fc1", "681ddb32c47228653a981fc2", "681ddb32c47228653a981fc3", "681ddb32c47228653a981fc4", "681ddb32c47228653a981fc5" ]
    }, {
      "title" : "Cam Sadalwood",
      "slug" : "cam-sadalwood",
      "label" : "",
      "images" : [ "681ddb32c47228653a981fc6", "681ddb32c47228653a981fc7", "681ddb32c47228653a981fc8", "681ddb32c47228653a981fc9", "681ddb32c47228653a981fca", "681ddb32c47228653a981fcb", "681ddb32c47228653a981fcc", "681ddb33c47228653a981fcd" ]
    }, {
      "title" : "Xanh Bluebell",
      "slug" : "xanh-bluebell",
      "label" : "",
      "images" : [ "681ddb33c47228653a981fce", "681ddb33c47228653a981fcf", "681ddb33c47228653a981fd0", "681ddb33c47228653a981fd1", "681ddb33c47228653a981fd2", "681ddb33c47228653a981fd3", "681ddb33c47228653a981fd4", "681ddb33c47228653a981fd5" ]
    }, {
      "title" : "Xanh Cypess",
      "slug" : "xanh-cypess",
      "label" : "",
      "images" : [ "681ddb33c47228653a981fd6", "681ddb33c47228653a981fd7", "681ddb33c47228653a981fd8", "681ddb33c47228653a981fd9", "681ddb33c47228653a981fda", "681ddb34c47228653a981fdb", "681ddb34c47228653a981fdc", "681ddb34c47228653a981fdd" ]
    } ]
  } ],
  "collection_id" : "681ca18a2a59db3110ec0b87",
  "display_order" : 394,
  "youtube_video" : "",
  "coming_soon" : false,
  "display_name_open" : "ExDry - Thoáng khí",
  "gender_type" : "MALE",
  "icon_thumbnail" : null,
  "compare_price" : 249000.0,
  "regular_price" : 249000.0
}