{
  "title" : "Áo Singlet chạy bộ Advanced Vent Tech",
  "vendor" : "",
  "tags" : [ ],
  "options" : [ {
    "type" : "COLOR",
    "title" : "Màu sắc",
    "values" : [ "Tím Hồng", "Xanh Đen", "Vàng Đen" ]
  }, {
    "type" : "SIZE",
    "title" : "Kích thước",
    "values" : [ "S", "M", "L", "XL", "2XL", "3Xl" ]
  } ],
  "images" : [ "681ddb2bc47228653a981f92", "681ddb2bc47228653a981f93", "681ddb2bc47228653a981f94", "681ddb2bc47228653a981f95", "681ddb2bc47228653a981f96", "681ddb2bc47228653a981f97", "681ddb2bc47228653a981f98", "681ddb2bc47228653a981f99", "681ddb2cc47228653a981f9a" ],
  "discount" : null,
  "options_values" : [ {
    "title" : "Màu sắc",
    "type" : "COLOR",
    "options" : [ {
      "title" : "Vàng Đen",
      "slug" : "vang-den",
      "label" : "",
      "images" : [ "681ddb2cc47228653a981f9b", "681ddb2cc47228653a981f9c", "681ddb2cc47228653a981f9d", "681ddb2cc47228653a981f9e", "681ddb2cc47228653a981f9f", "681ddb2cc47228653a981fa0", "681ddb2cc47228653a981fa1", "681ddb2cc47228653a981fa2", "681ddb2cc47228653a981fa3" ]
    }, {
      "title" : "Xanh Đen",
      "slug" : "xanh-den",
      "label" : "",
      "images" : [ "681ddb2cc47228653a981fa4", "681ddb2cc47228653a981fa5", "681ddb2cc47228653a981fa6", "681ddb2cc47228653a981fa7", "681ddb2dc47228653a981fa8", "681ddb2dc47228653a981fa9", "681ddb2dc47228653a981faa", "681ddb2dc47228653a981fab", "681ddb2dc47228653a981fac" ]
    }, {
      "title" : "Tím Hồng",
      "slug" : "tim-hong",
      "label" : "",
      "images" : [ "681ddb2dc47228653a981fad", "681ddb2dc47228653a981fae", "681ddb2dc47228653a981faf", "681ddb2dc47228653a981fb0", "681ddb2dc47228653a981fb1", "681ddb2dc47228653a981fb2", "681ddb2dc47228653a981fb3", "681ddb2dc47228653a981fb4", "681ddb2dc47228653a981fb5" ]
    } ]
  } ],
  "collection_id" : "681ca18a2a59db3110ec0b87",
  "display_order" : 441,
  "youtube_video" : "",
  "coming_soon" : false,
  "display_name_open" : "ExDry - Thoáng khí/ Wicking - Thấm hút tốt",
  "gender_type" : "MALE",
  "icon_thumbnail" : null,
  "compare_price" : 199000.0,
  "regular_price" : 199000.0
}