{
  "title" : "Áo Singlet Chạy Bộ Fast & Free Run II",
  "vendor" : "5c482438000c695cfa6f8d22",
  "tags" : [ ],
  "options" : [ {
    "type" : "COLOR",
    "title" : "Màu sắc",
    "values" : [ "Xanh Mosaic", "Đỏ Barbados", "Vàng Beach Ball", "Xanh bóng đêm", "Đen", "Xám" ]
  }, {
    "type" : "SIZE",
    "title" : "Kích thước",
    "values" : [ "S", "M", "L", "XL", "2XL", "3XL" ]
  } ],
  "images" : [ "681ddb46c47228653a982032", "681ddb46c47228653a982033", "681ddb46c47228653a982034", "681ddb46c47228653a982035", "681ddb46c47228653a982036", "681ddb46c47228653a982037" ],
  "discount" : null,
  "options_values" : [ {
    "title" : "Màu sắc",
    "type" : "COLOR",
    "options" : [ {
      "title" : "Xanh Mosaic",
      "slug" : "xanh-mosaic",
      "label" : "",
      "images" : [ "681ddb46c47228653a982038", "681ddb46c47228653a982039", "681ddb46c47228653a98203a", "681ddb46c47228653a98203b", "681ddb47c47228653a98203c", "681ddb47c47228653a98203d" ]
    }, {
      "title" : "Vàng Beach Ball",
      "slug" : "vang-beach-ball",
      "label" : "",
      "images" : [ "681ddb47c47228653a98203e", "681ddb47c47228653a98203f", "681ddb47c47228653a982040", "681ddb47c47228653a982041", "681ddb47c47228653a982042", "681ddb47c47228653a982043" ]
    }, {
      "title" : "Xanh bóng đêm",
      "slug" : "xanh-bong-dem",
      "label" : "",
      "images" : [ "681ddb47c47228653a982044", "681ddb47c47228653a982045", "681ddb47c47228653a982046", "681ddb47c47228653a982047", "681ddb48c47228653a982048", "681ddb48c47228653a982049" ]
    }, {
      "title" : "Đen",
      "slug" : "den",
      "label" : "",
      "images" : [ "681ddb48c47228653a98204a", "681ddb48c47228653a98204b", "681ddb48c47228653a98204c", "681ddb48c47228653a98204d", "681ddb48c47228653a98204e", "681ddb48c47228653a98204f" ]
    }, {
      "title" : "Xám",
      "slug" : "xam",
      "label" : "",
      "images" : [ "681ddb48c47228653a982050", "681ddb48c47228653a982051", "681ddb49c47228653a982052", "681ddb49c47228653a982053", "681ddb49c47228653a982054", "681ddb49c47228653a982055" ]
    }, {
      "title" : "Đỏ Barbados",
      "slug" : "do-barbados",
      "label" : "",
      "images" : [ "681ddb49c47228653a982056", "681ddb49c47228653a982057", "681ddb49c47228653a982058", "681ddb49c47228653a982059", "681ddb49c47228653a98205a", "681ddb49c47228653a98205b" ]
    } ]
  } ],
  "collection_id" : "681ca18a2a59db3110ec0b87",
  "display_order" : 447,
  "youtube_video" : "",
  "coming_soon" : false,
  "display_name_open" : "Nhanh khô ExDry",
  "gender_type" : "MALE",
  "icon_thumbnail" : null,
  "compare_price" : 159000.0,
  "regular_price" : 139000.0
}