{
  "title" : "Áo Tanktop Gym Essentials II",
  "vendor" : "5c482438000c695cfa6f8d22",
  "tags" : [ ],
  "options" : [ {
    "type" : "COLOR",
    "title" : "Màu sắc",
    "values" : [ "Xanh Stone", "Xanh Titan", "Đen" ]
  }, {
    "type" : "SIZE",
    "title" : "Kích thước",
    "values" : [ "S", "M", "L", "XL", "2XL", "3XL" ]
  } ],
  "images" : [ "6825f14b0b61125185460346", "6825f14b0b61125185460347", "6825f14c0b61125185460348", "6825f14c0b61125185460349", "6825f14c0b6112518546034a", "6825f14c0b6112518546034b" ],
  "discount" : null,
  "seo_alias" : "ao-tanktop-gym-essentials-vai-mesh-dang-slimfit-co-gian-exdry-thoang-mat",
  "options_values" : [ {
    "title" : "Màu sắc",
    "type" : "COLOR",
    "options" : [ {
      "title" : "Xanh Stone",
      "slug" : "xanh-stone",
      "label" : "",
      "images" : [ "6825f14d0b6112518546034c", "6825f14d0b6112518546034d", "6825f14d0b6112518546034e", "6825f14d0b6112518546034f", "6825f14d0b61125185460350", "6825f14d0b61125185460351" ]
    }, {
      "title" : "Xanh Titan",
      "slug" : "xanh-titan",
      "label" : "",
      "images" : [ "6825f14d0b61125185460352", "6825f14d0b61125185460353", "6825f14d0b61125185460354", "6825f14e0b61125185460355", "6825f14e0b61125185460356", "6825f14e0b61125185460357" ]
    }, {
      "title" : "Đen",
      "slug" : "den",
      "label" : "",
      "images" : [ "6825f14e0b61125185460358", "6825f14e0b61125185460359", "6825f14e0b6112518546035a", "6825f14e0b6112518546035b", "6825f14f0b6112518546035c", "6825f14f0b6112518546035d" ]
    } ]
  } ],
  "collection_id" : "6825e9498eaaa408c6aaf614",
  "display_order" : 438,
  "youtube_video" : "",
  "coming_soon" : false,
  "display_name_open" : "ExDry - Co giãn",
  "gender_type" : "MALE",
  "icon_thumbnail" : null,
  "compare_price" : 179000.0,
  "regular_price" : 179000.0
}