{
  "title" : "Áo Tanktop Nam Thể Thao T2",
  "vendor" : "5c482438000c695cfa6f8d22",
  "tags" : [ "CLEARANCE_SALE", "OUTLET" ],
  "options" : [ {
    "type" : "COLOR",
    "title" : "Màu sắc",
    "values" : [ "Đen" ]
  }, {
    "type" : "SIZE",
    "title" : "Kích thước Áo",
    "values" : [ "S" ]
  } ],
  "images" : [ "6825f1890b61125185460447", "6825f1890b61125185460448", "6825f1890b61125185460449", "6825f1890b6112518546044a", "6825f1890b6112518546044b", "6825f1890b6112518546044c" ],
  "discount" : null,
  "seo_alias" : "ao-tank-top-the-thao-nam-thoang-khi-outlet",
  "options_values" : [ {
    "title" : "Màu sắc",
    "type" : "COLOR",
    "options" : [ {
      "title" : "Đen",
      "slug" : "den",
      "label" : "",
      "images" : [ "6825f18a0b6112518546044d", "6825f18a0b6112518546044e", "6825f18a0b6112518546044f", "6825f18a0b61125185460450", "6825f18a0b61125185460451", "6825f18a0b61125185460452" ]
    } ]
  } ],
  "collection_id" : "6825e9498eaaa408c6aaf614",
  "display_order" : 131,
  "youtube_video" : "",
  "coming_soon" : false,
  "display_name_open" : "Thoáng khí",
  "gender_type" : "MALE",
  "icon_thumbnail" : null,
  "compare_price" : 179000.0,
  "regular_price" : 63000.0
}