{
  "title" : "Áo Tanktop Nam Thể Thao Active logo",
  "vendor" : "5c482438000c695cfa6f8d22",
  "tags" : [ "CLEARANCE_SALE", "OUTLET" ],
  "options" : [ {
    "type" : "COLOR",
    "title" : "Màu sắc",
    "values" : [ "Đen", "Xám nhạt", "Xanh Navy" ]
  }, {
    "type" : "SIZE",
    "title" : "Kích thước",
    "values" : [ "S" ]
  } ],
  "images" : [ "681ddb6ac47228653a982102", "681ddb6ac47228653a982103", "681ddb6ac47228653a982104", "681ddb6ac47228653a982105", "681ddb6ac47228653a982106", "681ddb6ac47228653a982107", "681ddb6ac47228653a982108", "681ddb6ac47228653a982109" ],
  "discount" : null,
  "options_values" : [ {
    "title" : "Màu sắc",
    "type" : "COLOR",
    "options" : [ {
      "title" : "Đen",
      "slug" : "den",
      "label" : "",
      "images" : [ "681ddb6bc47228653a98210a", "681ddb6bc47228653a98210b", "681ddb6bc47228653a98210c", "681ddb6bc47228653a98210d", "681ddb6bc47228653a98210e", "681ddb6bc47228653a98210f", "681ddb6bc47228653a982110", "681ddb6bc47228653a982111" ]
    }, {
      "title" : "Xám nhạt",
      "slug" : "xam-nhat",
      "label" : "",
      "images" : [ "681ddb6cc47228653a982112", "681ddb6cc47228653a982113", "681ddb6cc47228653a982114", "681ddb6cc47228653a982115", "681ddb6cc47228653a982116", "681ddb6cc47228653a982117", "681ddb6cc47228653a982118", "681ddb6cc47228653a982119" ]
    }, {
      "title" : "Xanh Navy",
      "slug" : "xanh-navy",
      "label" : "",
      "images" : [ "681ddb6dc47228653a98211a", "681ddb6dc47228653a98211b", "681ddb6dc47228653a98211c", "681ddb6dc47228653a98211d", "681ddb6dc47228653a98211e", "681ddb6dc47228653a98211f", "681ddb6dc47228653a982120", "681ddb6dc47228653a982121" ]
    } ]
  } ],
  "collection_id" : "681ca18a2a59db3110ec0b87",
  "display_order" : 121,
  "youtube_video" : "https://mcdn.coolmate.me/uploads/videos/24_outfit7.mp4",
  "coming_soon" : false,
  "display_name_open" : "Thoáng khí",
  "gender_type" : "MALE",
  "icon_thumbnail" : null,
  "compare_price" : 169000.0,
  "regular_price" : 69000.0
}