{
  "title" : "Áo Singlet Chạy Bộ Graphic Special",
  "vendor" : "5c482438000c695cfa6f8d22",
  "tags" : [ ],
  "options" : [ {
    "type" : "COLOR",
    "title" : "Màu sắc",
    "values" : [ "Xanh dương", "Đen", "Xanh rêu" ]
  }, {
    "type" : "SIZE",
    "title" : "Kích thước",
    "values" : [ "S", "M", "L", "XL", "2XL", "3XL" ]
  } ],
  "images" : [ "681ddb51c47228653a982074", "681ddb51c47228653a982075", "681ddb52c47228653a982076", "681ddb52c47228653a982077", "681ddb52c47228653a982078", "681ddb52c47228653a982079", "681ddb52c47228653a98207a", "681ddb52c47228653a98207b", "681ddb52c47228653a98207c" ],
  "discount" : null,
  "options_values" : [ {
    "title" : "Màu sắc",
    "type" : "COLOR",
    "options" : [ {
      "title" : "Xanh dương",
      "slug" : "xanh-duong",
      "label" : "",
      "images" : [ "681ddb52c47228653a98207d", "681ddb52c47228653a98207e", "681ddb52c47228653a98207f", "681ddb52c47228653a982080", "681ddb52c47228653a982081", "681ddb53c47228653a982082", "681ddb53c47228653a982083", "681ddb53c47228653a982084", "681ddb53c47228653a982085" ]
    }, {
      "title" : "Đen",
      "slug" : "den",
      "label" : "",
      "images" : [ "681ddb53c47228653a982086", "681ddb53c47228653a982087", "681ddb53c47228653a982088", "681ddb53c47228653a982089", "681ddb53c47228653a98208a", "681ddb53c47228653a98208b", "681ddb53c47228653a98208c", "681ddb53c47228653a98208d", "681ddb53c47228653a98208e" ]
    }, {
      "title" : "Xanh rêu",
      "slug" : "xanh-reu",
      "label" : "",
      "images" : [ "681ddb53c47228653a98208f", "681ddb53c47228653a982090", "681ddb54c47228653a982091", "681ddb54c47228653a982092", "681ddb54c47228653a982093", "681ddb54c47228653a982094", "681ddb54c47228653a982095", "681ddb54c47228653a982096", "681ddb54c47228653a982097" ]
    } ]
  } ],
  "collection_id" : "681ca18a2a59db3110ec0b87",
  "display_order" : 487,
  "youtube_video" : "",
  "coming_soon" : false,
  "display_name_open" : "Mỏng nhẹ",
  "gender_type" : "MALE",
  "icon_thumbnail" : null,
  "compare_price" : 189000.0,
  "regular_price" : 159000.0
}