{
  "title" : "Áo Crop Tee Yoga Slimfit",
  "vendor" : "5c482438000c695cfa6f8d22",
  "tags" : [ "NEW" ],
  "options" : [ {
    "type" : "COLOR",
    "title" : "Màu sắc",
    "values" : [ "Be Egret", "Đen" ]
  }, {
    "type" : "SIZE",
    "title" : "Kích thước",
    "values" : [ "XS", "S", "M", "L", "XL" ]
  } ],
  "images" : [ "6825f4410b61125185460771", "6825f4410b61125185460772", "6825f4410b61125185460773", "6825f4410b61125185460774", "6825f4420b61125185460775", "6825f4420b61125185460776" ],
  "discount" : null,
  "seo_alias" : "ao-crop-tee-yoga-slimfit",
  "options_values" : [ {
    "title" : "Màu sắc",
    "type" : "COLOR",
    "options" : [ {
      "title" : "Be Egret",
      "slug" : "be-egret",
      "label" : "",
      "images" : [ "6825f4420b61125185460777", "6825f4420b61125185460778", "6825f4420b61125185460779", "6825f4420b6112518546077a", "6825f4420b6112518546077b", "6825f4420b6112518546077c", "6825f4420b6112518546077d" ]
    }, {
      "title" : "Đen",
      "slug" : "den",
      "label" : "",
      "images" : [ "6825f4430b6112518546077e", "6825f4430b6112518546077f", "6825f4430b61125185460780", "6825f4430b61125185460781", "6825f4430b61125185460782", "6825f4430b61125185460783", "6825f4430b61125185460784" ]
    } ]
  } ],
  "collection_id" : "6825e95f8eaaa408c6aaf616",
  "display_order" : 1,
  "youtube_video" : "",
  "coming_soon" : false,
  "display_name_open" : "",
  "gender_type" : "FEMALE",
  "icon_thumbnail" : null,
  "compare_price" : 299000.0,
  "regular_price" : 299000.0
}