{
  "title" : "Áo Crop Tee Yoga Slimfit",
  "vendor" : "5c482438000c695cfa6f8d22",
  "tags" : [ "NEW" ],
  "options" : [ {
    "type" : "COLOR",
    "title" : "Màu sắc",
    "values" : [ "Be Egret", "Đen" ]
  }, {
    "type" : "SIZE",
    "title" : "Kích thước",
    "values" : [ "XS", "S", "M", "L", "XL" ]
  } ],
  "images" : [ "681df27ac47228653a982cb7", "681df27ac47228653a982cb8", "681df27ac47228653a982cb9", "681df27ac47228653a982cba", "681df27bc47228653a982cbb", "681df27bc47228653a982cbc" ],
  "discount" : null,
  "options_values" : [ {
    "title" : "Màu sắc",
    "type" : "COLOR",
    "options" : [ {
      "title" : "Be Egret",
      "slug" : "be-egret",
      "label" : "",
      "images" : [ "681df27bc47228653a982cbd", "681df27bc47228653a982cbe", "681df27bc47228653a982cbf", "681df27bc47228653a982cc0", "681df27bc47228653a982cc1", "681df27bc47228653a982cc2" ]
    }, {
      "title" : "Đen",
      "slug" : "den",
      "label" : "",
      "images" : [ "681df27bc47228653a982cc3", "681df27bc47228653a982cc4", "681df27bc47228653a982cc5", "681df27bc47228653a982cc6", "681df27bc47228653a982cc7", "681df27bc47228653a982cc8" ]
    } ]
  } ],
  "collection_id" : "681ca1b32a59db3110ec0b89",
  "display_order" : 1,
  "youtube_video" : "",
  "coming_soon" : false,
  "display_name_open" : "",
  "gender_type" : "FEMALE",
  "icon_thumbnail" : null,
  "compare_price" : 299000.0,
  "regular_price" : 299000.0
}