{
  "title" : "Áo Tank Yoga Slimfit",
  "vendor" : "5c482438000c695cfa6f8d22",
  "tags" : [ "NEW" ],
  "options" : [ {
    "type" : "COLOR",
    "title" : "Màu sắc",
    "values" : [ "Đen", "Xanh Colony" ]
  }, {
    "type" : "SIZE",
    "title" : "Kích thước",
    "values" : [ "XS", "S", "M", "L", "XL" ]
  } ],
  "images" : [ "681df278c47228653a982ca5", "681df278c47228653a982ca6", "681df278c47228653a982ca7", "681df278c47228653a982ca8", "681df278c47228653a982ca9", "681df278c47228653a982caa" ],
  "discount" : null,
  "options_values" : [ {
    "title" : "Màu sắc",
    "type" : "COLOR",
    "options" : [ {
      "title" : "Đen",
      "slug" : "den",
      "label" : "",
      "images" : [ "681df278c47228653a982cab", "681df278c47228653a982cac", "681df278c47228653a982cad", "681df278c47228653a982cae", "681df278c47228653a982caf", "681df278c47228653a982cb0" ]
    }, {
      "title" : "Xanh Colony",
      "slug" : "xanh-colony",
      "label" : "",
      "images" : [ "681df279c47228653a982cb1", "681df279c47228653a982cb2", "681df279c47228653a982cb3", "681df279c47228653a982cb4", "681df279c47228653a982cb5", "681df279c47228653a982cb6" ]
    } ]
  } ],
  "collection_id" : "681ca1b32a59db3110ec0b89",
  "display_order" : 1,
  "youtube_video" : "",
  "coming_soon" : false,
  "display_name_open" : "",
  "gender_type" : "FEMALE",
  "icon_thumbnail" : null,
  "compare_price" : 299000.0,
  "regular_price" : 299000.0
}