{
  "title" : "Áo Tank Yoga Slimfit",
  "vendor" : "5c482438000c695cfa6f8d22",
  "tags" : [ "NEW" ],
  "options" : [ {
    "type" : "COLOR",
    "title" : "Màu sắc",
    "values" : [ "Đen", "Xanh Colony" ]
  }, {
    "type" : "SIZE",
    "title" : "Kích thước",
    "values" : [ "XS", "S", "M", "L", "XL" ]
  } ],
  "images" : [ "6825f43d0b6112518546075f", "6825f43d0b61125185460760", "6825f43d0b61125185460761", "6825f43e0b61125185460762", "6825f43e0b61125185460763", "6825f43e0b61125185460764" ],
  "discount" : null,
  "seo_alias" : "ao-tank-yoga-slim-fit",
  "options_values" : [ {
    "title" : "Màu sắc",
    "type" : "COLOR",
    "options" : [ {
      "title" : "Đen",
      "slug" : "den",
      "label" : "",
      "images" : [ "6825f43e0b61125185460765", "6825f43e0b61125185460766", "6825f43e0b61125185460767", "6825f43e0b61125185460768", "6825f43e0b61125185460769", "6825f43f0b6112518546076a", "6825f43f0b6112518546076b" ]
    }, {
      "title" : "Xanh Colony",
      "slug" : "xanh-colony",
      "label" : "",
      "images" : [ "6825f43f0b6112518546076c", "6825f43f0b6112518546076d", "6825f43f0b6112518546076e", "6825f43f0b6112518546076f", "6825f43f0b61125185460770" ]
    } ]
  } ],
  "collection_id" : "6825e95f8eaaa408c6aaf616",
  "display_order" : 1,
  "youtube_video" : "",
  "coming_soon" : false,
  "display_name_open" : "",
  "gender_type" : "FEMALE",
  "icon_thumbnail" : null,
  "compare_price" : 299000.0,
  "regular_price" : 299000.0
}