[{
  "_id": "68260d610b611251854637b8",
  "path": "cc8186ff-e60d-43cc-a081-18eeffd4abf2.jpg",
  "displayName": "cc8186ff-e60d-43cc-a081-18eeffd4abf2",
  "parentPath": "D:\\tai_lieu_hoc_tap\\chuyen_de_web\\fashion_e_commerce\\resources",
  "extend": "jpg",
  "fileName": "cc8186ff-e60d-43cc-a081-18eeffd4abf2.jpg",
  "is_lock": false,
  "createBy": "kiminonawa1305@gmail.com",
  "createAt": {
    "$date": "2025-05-15T15:50:57.134Z"
  },
  "updateBy": "kiminonawa1305@gmail.com",
  "updateAt": {
    "$date": "2025-05-15T15:50:57.134Z"
  },
  "_class": "com.lamnguyen.media_service.model.Media"
},
{
  "_id": "68260d620b611251854637b9",
  "path": "7d588423-06cf-4f33-bbeb-588342370c95.JPG",
  "displayName": "7d588423-06cf-4f33-bbeb-588342370c95",
  "parentPath": "D:\\tai_lieu_hoc_tap\\chuyen_de_web\\fashion_e_commerce\\resources",
  "extend": "JPG",
  "fileName": "7d588423-06cf-4f33-bbeb-588342370c95.JPG",
  "is_lock": false,
  "createBy": "kiminonawa1305@gmail.com",
  "createAt": {
    "$date": "2025-05-15T15:50:58.214Z"
  },
  "updateBy": "kiminonawa1305@gmail.com",
  "updateAt": {
    "$date": "2025-05-15T15:50:58.214Z"
  },
  "_class": "com.lamnguyen.media_service.model.Media"
},
{
  "_id": "68260d620b611251854637ba",
  "path": "dce84d2d-bdbe-4b90-832b-1c490ef0a1d7.JPG",
  "displayName": "dce84d2d-bdbe-4b90-832b-1c490ef0a1d7",
  "parentPath": "D:\\tai_lieu_hoc_tap\\chuyen_de_web\\fashion_e_commerce\\resources",
  "extend": "JPG",
  "fileName": "dce84d2d-bdbe-4b90-832b-1c490ef0a1d7.JPG",
  "is_lock": false,
  "createBy": "kiminonawa1305@gmail.com",
  "createAt": {
    "$date": "2025-05-15T15:50:58.375Z"
  },
  "updateBy": "kiminonawa1305@gmail.com",
  "updateAt": {
    "$date": "2025-05-15T15:50:58.375Z"
  },
  "_class": "com.lamnguyen.media_service.model.Media"
},
{
  "_id": "68260d620b611251854637bb",
  "path": "380c50b1-710b-4029-a0fd-08af53fc5f8f.JPG",
  "displayName": "380c50b1-710b-4029-a0fd-08af53fc5f8f",
  "parentPath": "D:\\tai_lieu_hoc_tap\\chuyen_de_web\\fashion_e_commerce\\resources",
  "extend": "JPG",
  "fileName": "380c50b1-710b-4029-a0fd-08af53fc5f8f.JPG",
  "is_lock": false,
  "createBy": "kiminonawa1305@gmail.com",
  "createAt": {
    "$date": "2025-05-15T15:50:58.539Z"
  },
  "updateBy": "kiminonawa1305@gmail.com",
  "updateAt": {
    "$date": "2025-05-15T15:50:58.539Z"
  },
  "_class": "com.lamnguyen.media_service.model.Media"
},
{
  "_id": "68260d620b611251854637bc",
  "path": "5058cd5c-c805-42e0-8055-b5880bcda1d6.JPG",
  "displayName": "5058cd5c-c805-42e0-8055-b5880bcda1d6",
  "parentPath": "D:\\tai_lieu_hoc_tap\\chuyen_de_web\\fashion_e_commerce\\resources",
  "extend": "JPG",
  "fileName": "5058cd5c-c805-42e0-8055-b5880bcda1d6.JPG",
  "is_lock": false,
  "createBy": "kiminonawa1305@gmail.com",
  "createAt": {
    "$date": "2025-05-15T15:50:58.692Z"
  },
  "updateBy": "kiminonawa1305@gmail.com",
  "updateAt": {
    "$date": "2025-05-15T15:50:58.692Z"
  },
  "_class": "com.lamnguyen.media_service.model.Media"
},
{
  "_id": "68260d620b611251854637bd",
  "path": "481187cc-f960-4421-9293-1e2ff7aca228.JPG",
  "displayName": "481187cc-f960-4421-9293-1e2ff7aca228",
  "parentPath": "D:\\tai_lieu_hoc_tap\\chuyen_de_web\\fashion_e_commerce\\resources",
  "extend": "JPG",
  "fileName": "481187cc-f960-4421-9293-1e2ff7aca228.JPG",
  "is_lock": false,
  "createBy": "kiminonawa1305@gmail.com",
  "createAt": {
    "$date": "2025-05-15T15:50:58.838Z"
  },
  "updateBy": "kiminonawa1305@gmail.com",
  "updateAt": {
    "$date": "2025-05-15T15:50:58.838Z"
  },
  "_class": "com.lamnguyen.media_service.model.Media"
},
{
  "_id": "68260d630b611251854637be",
  "path": "d6c445d4-70f7-4f7a-a527-8cfae66a7b28.jpg",
  "displayName": "d6c445d4-70f7-4f7a-a527-8cfae66a7b28",
  "parentPath": "D:\\tai_lieu_hoc_tap\\chuyen_de_web\\fashion_e_commerce\\resources",
  "extend": "jpg",
  "fileName": "d6c445d4-70f7-4f7a-a527-8cfae66a7b28.jpg",
  "is_lock": false,
  "createBy": "kiminonawa1305@gmail.com",
  "createAt": {
    "$date": "2025-05-15T15:50:59.179Z"
  },
  "updateBy": "kiminonawa1305@gmail.com",
  "updateAt": {
    "$date": "2025-05-15T15:50:59.179Z"
  },
  "_class": "com.lamnguyen.media_service.model.Media"
},
{
  "_id": "68260d630b611251854637bf",
  "path": "3168129c-b4d2-4833-8dda-2d58648d392c.jpg",
  "displayName": "3168129c-b4d2-4833-8dda-2d58648d392c",
  "parentPath": "D:\\tai_lieu_hoc_tap\\chuyen_de_web\\fashion_e_commerce\\resources",
  "extend": "jpg",
  "fileName": "3168129c-b4d2-4833-8dda-2d58648d392c.jpg",
  "is_lock": false,
  "createBy": "kiminonawa1305@gmail.com",
  "createAt": {
    "$date": "2025-05-15T15:50:59.285Z"
  },
  "updateBy": "kiminonawa1305@gmail.com",
  "updateAt": {
    "$date": "2025-05-15T15:50:59.285Z"
  },
  "_class": "com.lamnguyen.media_service.model.Media"
},
{
  "_id": "68260d630b611251854637c0",
  "path": "15bb9573-a81d-43aa-980a-13aaa5afe039.png",
  "displayName": "15bb9573-a81d-43aa-980a-13aaa5afe039",
  "parentPath": "D:\\tai_lieu_hoc_tap\\chuyen_de_web\\fashion_e_commerce\\resources",
  "extend": "png",
  "fileName": "15bb9573-a81d-43aa-980a-13aaa5afe039.png",
  "is_lock": false,
  "createBy": "kiminonawa1305@gmail.com",
  "createAt": {
    "$date": "2025-05-15T15:50:59.377Z"
  },
  "updateBy": "kiminonawa1305@gmail.com",
  "updateAt": {
    "$date": "2025-05-15T15:50:59.377Z"
  },
  "_class": "com.lamnguyen.media_service.model.Media"
},
{
  "_id": "68260d630b611251854637c1",
  "path": "fd4aad83-c1a6-4208-9a74-75c8274338a6.png",
  "displayName": "fd4aad83-c1a6-4208-9a74-75c8274338a6",
  "parentPath": "D:\\tai_lieu_hoc_tap\\chuyen_de_web\\fashion_e_commerce\\resources",
  "extend": "png",
  "fileName": "fd4aad83-c1a6-4208-9a74-75c8274338a6.png",
  "is_lock": false,
  "createBy": "kiminonawa1305@gmail.com",
  "createAt": {
    "$date": "2025-05-15T15:50:59.451Z"
  },
  "updateBy": "kiminonawa1305@gmail.com",
  "updateAt": {
    "$date": "2025-05-15T15:50:59.451Z"
  },
  "_class": "com.lamnguyen.media_service.model.Media"
},
{
  "_id": "68260d630b611251854637c2",
  "path": "3f0f3b5c-167f-4d63-b958-15f1b85657c3.jpg",
  "displayName": "3f0f3b5c-167f-4d63-b958-15f1b85657c3",
  "parentPath": "D:\\tai_lieu_hoc_tap\\chuyen_de_web\\fashion_e_commerce\\resources",
  "extend": "jpg",
  "fileName": "3f0f3b5c-167f-4d63-b958-15f1b85657c3.jpg",
  "is_lock": false,
  "createBy": "kiminonawa1305@gmail.com",
  "createAt": {
    "$date": "2025-05-15T15:50:59.704Z"
  },
  "updateBy": "kiminonawa1305@gmail.com",
  "updateAt": {
    "$date": "2025-05-15T15:50:59.704Z"
  },
  "_class": "com.lamnguyen.media_service.model.Media"
},
{
  "_id": "68260d630b611251854637c3",
  "path": "87c0f250-c3fe-4444-8205-c0422b31be23.JPG",
  "displayName": "87c0f250-c3fe-4444-8205-c0422b31be23",
  "parentPath": "D:\\tai_lieu_hoc_tap\\chuyen_de_web\\fashion_e_commerce\\resources",
  "extend": "JPG",
  "fileName": "87c0f250-c3fe-4444-8205-c0422b31be23.JPG",
  "is_lock": false,
  "createBy": "kiminonawa1305@gmail.com",
  "createAt": {
    "$date": "2025-05-15T15:50:59.817Z"
  },
  "updateBy": "kiminonawa1305@gmail.com",
  "updateAt": {
    "$date": "2025-05-15T15:50:59.817Z"
  },
  "_class": "com.lamnguyen.media_service.model.Media"
},
{
  "_id": "68260d630b611251854637c4",
  "path": "6b911486-bfd3-40ac-b6d8-c5385bec2c98.JPG",
  "displayName": "6b911486-bfd3-40ac-b6d8-c5385bec2c98",
  "parentPath": "D:\\tai_lieu_hoc_tap\\chuyen_de_web\\fashion_e_commerce\\resources",
  "extend": "JPG",
  "fileName": "6b911486-bfd3-40ac-b6d8-c5385bec2c98.JPG",
  "is_lock": false,
  "createBy": "kiminonawa1305@gmail.com",
  "createAt": {
    "$date": "2025-05-15T15:50:59.963Z"
  },
  "updateBy": "kiminonawa1305@gmail.com",
  "updateAt": {
    "$date": "2025-05-15T15:50:59.963Z"
  },
  "_class": "com.lamnguyen.media_service.model.Media"
},
{
  "_id": "68260d640b611251854637c5",
  "path": "6c82245b-4e14-4ebd-95f1-6205a586e580.JPG",
  "displayName": "6c82245b-4e14-4ebd-95f1-6205a586e580",
  "parentPath": "D:\\tai_lieu_hoc_tap\\chuyen_de_web\\fashion_e_commerce\\resources",
  "extend": "JPG",
  "fileName": "6c82245b-4e14-4ebd-95f1-6205a586e580.JPG",
  "is_lock": false,
  "createBy": "kiminonawa1305@gmail.com",
  "createAt": {
    "$date": "2025-05-15T15:51:00.098Z"
  },
  "updateBy": "kiminonawa1305@gmail.com",
  "updateAt": {
    "$date": "2025-05-15T15:51:00.098Z"
  },
  "_class": "com.lamnguyen.media_service.model.Media"
},
{
  "_id": "68260d640b611251854637c6",
  "path": "f0c3f735-99b1-417d-aeb3-24b34086eef0.JPG",
  "displayName": "f0c3f735-99b1-417d-aeb3-24b34086eef0",
  "parentPath": "D:\\tai_lieu_hoc_tap\\chuyen_de_web\\fashion_e_commerce\\resources",
  "extend": "JPG",
  "fileName": "f0c3f735-99b1-417d-aeb3-24b34086eef0.JPG",
  "is_lock": false,
  "createBy": "kiminonawa1305@gmail.com",
  "createAt": {
    "$date": "2025-05-15T15:51:00.266Z"
  },
  "updateBy": "kiminonawa1305@gmail.com",
  "updateAt": {
    "$date": "2025-05-15T15:51:00.266Z"
  },
  "_class": "com.lamnguyen.media_service.model.Media"
},
{
  "_id": "68260d640b611251854637c7",
  "path": "e3d6ce9c-64a6-4501-9685-28d5cfb08eec.JPG",
  "displayName": "e3d6ce9c-64a6-4501-9685-28d5cfb08eec",
  "parentPath": "D:\\tai_lieu_hoc_tap\\chuyen_de_web\\fashion_e_commerce\\resources",
  "extend": "JPG",
  "fileName": "e3d6ce9c-64a6-4501-9685-28d5cfb08eec.JPG",
  "is_lock": false,
  "createBy": "kiminonawa1305@gmail.com",
  "createAt": {
    "$date": "2025-05-15T15:51:00.512Z"
  },
  "updateBy": "kiminonawa1305@gmail.com",
  "updateAt": {
    "$date": "2025-05-15T15:51:00.512Z"
  },
  "_class": "com.lamnguyen.media_service.model.Media"
},
{
  "_id": "68260d640b611251854637c8",
  "path": "71140ae7-c467-424a-9be2-4af096abf0f3.JPG",
  "displayName": "71140ae7-c467-424a-9be2-4af096abf0f3",
  "parentPath": "D:\\tai_lieu_hoc_tap\\chuyen_de_web\\fashion_e_commerce\\resources",
  "extend": "JPG",
  "fileName": "71140ae7-c467-424a-9be2-4af096abf0f3.JPG",
  "is_lock": false,
  "createBy": "kiminonawa1305@gmail.com",
  "createAt": {
    "$date": "2025-05-15T15:51:00.628Z"
  },
  "updateBy": "kiminonawa1305@gmail.com",
  "updateAt": {
    "$date": "2025-05-15T15:51:00.628Z"
  },
  "_class": "com.lamnguyen.media_service.model.Media"
},
{
  "_id": "68260d640b611251854637c9",
  "path": "e526042c-9377-409c-a684-f168120721e5.jpg",
  "displayName": "e526042c-9377-409c-a684-f168120721e5",
  "parentPath": "D:\\tai_lieu_hoc_tap\\chuyen_de_web\\fashion_e_commerce\\resources",
  "extend": "jpg",
  "fileName": "e526042c-9377-409c-a684-f168120721e5.jpg",
  "is_lock": false,
  "createBy": "kiminonawa1305@gmail.com",
  "createAt": {
    "$date": "2025-05-15T15:51:00.775Z"
  },
  "updateBy": "kiminonawa1305@gmail.com",
  "updateAt": {
    "$date": "2025-05-15T15:51:00.775Z"
  },
  "_class": "com.lamnguyen.media_service.model.Media"
},
{
  "_id": "68260d640b611251854637ca",
  "path": "18f3c329-a013-45e7-b889-c767a3f527ad.jpg",
  "displayName": "18f3c329-a013-45e7-b889-c767a3f527ad",
  "parentPath": "D:\\tai_lieu_hoc_tap\\chuyen_de_web\\fashion_e_commerce\\resources",
  "extend": "jpg",
  "fileName": "18f3c329-a013-45e7-b889-c767a3f527ad.jpg",
  "is_lock": false,
  "createBy": "kiminonawa1305@gmail.com",
  "createAt": {
    "$date": "2025-05-15T15:51:00.896Z"
  },
  "updateBy": "kiminonawa1305@gmail.com",
  "updateAt": {
    "$date": "2025-05-15T15:51:00.896Z"
  },
  "_class": "com.lamnguyen.media_service.model.Media"
},
{
  "_id": "68260d650b611251854637cb",
  "path": "615ef710-57c3-4a7f-8bca-dc1d59c0adc0.JPG",
  "displayName": "615ef710-57c3-4a7f-8bca-dc1d59c0adc0",
  "parentPath": "D:\\tai_lieu_hoc_tap\\chuyen_de_web\\fashion_e_commerce\\resources",
  "extend": "JPG",
  "fileName": "615ef710-57c3-4a7f-8bca-dc1d59c0adc0.JPG",
  "is_lock": false,
  "createBy": "kiminonawa1305@gmail.com",
  "createAt": {
    "$date": "2025-05-15T15:51:01.247Z"
  },
  "updateBy": "kiminonawa1305@gmail.com",
  "updateAt": {
    "$date": "2025-05-15T15:51:01.247Z"
  },
  "_class": "com.lamnguyen.media_service.model.Media"
},
{
  "_id": "68260d650b611251854637cc",
  "path": "c5e597fe-23fb-4396-b421-2aa8c84c6dac.JPG",
  "displayName": "c5e597fe-23fb-4396-b421-2aa8c84c6dac",
  "parentPath": "D:\\tai_lieu_hoc_tap\\chuyen_de_web\\fashion_e_commerce\\resources",
  "extend": "JPG",
  "fileName": "c5e597fe-23fb-4396-b421-2aa8c84c6dac.JPG",
  "is_lock": false,
  "createBy": "kiminonawa1305@gmail.com",
  "createAt": {
    "$date": "2025-05-15T15:51:01.394Z"
  },
  "updateBy": "kiminonawa1305@gmail.com",
  "updateAt": {
    "$date": "2025-05-15T15:51:01.394Z"
  },
  "_class": "com.lamnguyen.media_service.model.Media"
},
{
  "_id": "68260d650b611251854637cd",
  "path": "b1ae6cfc-1cc7-42d5-bc03-80953bdb8d3f.JPG",
  "displayName": "b1ae6cfc-1cc7-42d5-bc03-80953bdb8d3f",
  "parentPath": "D:\\tai_lieu_hoc_tap\\chuyen_de_web\\fashion_e_commerce\\resources",
  "extend": "JPG",
  "fileName": "b1ae6cfc-1cc7-42d5-bc03-80953bdb8d3f.JPG",
  "is_lock": false,
  "createBy": "kiminonawa1305@gmail.com",
  "createAt": {
    "$date": "2025-05-15T15:51:01.528Z"
  },
  "updateBy": "kiminonawa1305@gmail.com",
  "updateAt": {
    "$date": "2025-05-15T15:51:01.528Z"
  },
  "_class": "com.lamnguyen.media_service.model.Media"
},
{
  "_id": "68260d650b611251854637ce",
  "path": "579458e3-baa6-47f1-8c7b-cd28e2e6f53f.JPG",
  "displayName": "579458e3-baa6-47f1-8c7b-cd28e2e6f53f",
  "parentPath": "D:\\tai_lieu_hoc_tap\\chuyen_de_web\\fashion_e_commerce\\resources",
  "extend": "JPG",
  "fileName": "579458e3-baa6-47f1-8c7b-cd28e2e6f53f.JPG",
  "is_lock": false,
  "createBy": "kiminonawa1305@gmail.com",
  "createAt": {
    "$date": "2025-05-15T15:51:01.642Z"
  },
  "updateBy": "kiminonawa1305@gmail.com",
  "updateAt": {
    "$date": "2025-05-15T15:51:01.642Z"
  },
  "_class": "com.lamnguyen.media_service.model.Media"
},
{
  "_id": "68260d650b611251854637cf",
  "path": "8c06b04f-dc6a-4752-8ca9-49c2846214cc.JPG",
  "displayName": "8c06b04f-dc6a-4752-8ca9-49c2846214cc",
  "parentPath": "D:\\tai_lieu_hoc_tap\\chuyen_de_web\\fashion_e_commerce\\resources",
  "extend": "JPG",
  "fileName": "8c06b04f-dc6a-4752-8ca9-49c2846214cc.JPG",
  "is_lock": false,
  "createBy": "kiminonawa1305@gmail.com",
  "createAt": {
    "$date": "2025-05-15T15:51:01.757Z"
  },
  "updateBy": "kiminonawa1305@gmail.com",
  "updateAt": {
    "$date": "2025-05-15T15:51:01.757Z"
  },
  "_class": "com.lamnguyen.media_service.model.Media"
},
{
  "_id": "68260d650b611251854637d0",
  "path": "ce302977-9596-4644-b674-a5c2bf8bdba8.JPG",
  "displayName": "ce302977-9596-4644-b674-a5c2bf8bdba8",
  "parentPath": "D:\\tai_lieu_hoc_tap\\chuyen_de_web\\fashion_e_commerce\\resources",
  "extend": "JPG",
  "fileName": "ce302977-9596-4644-b674-a5c2bf8bdba8.JPG",
  "is_lock": false,
  "createBy": "kiminonawa1305@gmail.com",
  "createAt": {
    "$date": "2025-05-15T15:51:01.853Z"
  },
  "updateBy": "kiminonawa1305@gmail.com",
  "updateAt": {
    "$date": "2025-05-15T15:51:01.853Z"
  },
  "_class": "com.lamnguyen.media_service.model.Media"
},
{
  "_id": "68260d650b611251854637d1",
  "path": "0b775597-4c37-4116-bfa7-f3bb43b00898.jpg",
  "displayName": "0b775597-4c37-4116-bfa7-f3bb43b00898",
  "parentPath": "D:\\tai_lieu_hoc_tap\\chuyen_de_web\\fashion_e_commerce\\resources",
  "extend": "jpg",
  "fileName": "0b775597-4c37-4116-bfa7-f3bb43b00898.jpg",
  "is_lock": false,
  "createBy": "kiminonawa1305@gmail.com",
  "createAt": {
    "$date": "2025-05-15T15:51:01.950Z"
  },
  "updateBy": "kiminonawa1305@gmail.com",
  "updateAt": {
    "$date": "2025-05-15T15:51:01.950Z"
  },
  "_class": "com.lamnguyen.media_service.model.Media"
},
{
  "_id": "68260d660b611251854637d2",
  "path": "4a31b63f-f44a-4a93-8c3e-7858d35b68b9.jpg",
  "displayName": "4a31b63f-f44a-4a93-8c3e-7858d35b68b9",
  "parentPath": "D:\\tai_lieu_hoc_tap\\chuyen_de_web\\fashion_e_commerce\\resources",
  "extend": "jpg",
  "fileName": "4a31b63f-f44a-4a93-8c3e-7858d35b68b9.jpg",
  "is_lock": false,
  "createBy": "kiminonawa1305@gmail.com",
  "createAt": {
    "$date": "2025-05-15T15:51:02.061Z"
  },
  "updateBy": "kiminonawa1305@gmail.com",
  "updateAt": {
    "$date": "2025-05-15T15:51:02.061Z"
  },
  "_class": "com.lamnguyen.media_service.model.Media"
},
{
  "_id": "68260d660b611251854637d3",
  "path": "a06c953d-87d4-44cf-b9a0-12c018e49a44.JPG",
  "displayName": "a06c953d-87d4-44cf-b9a0-12c018e49a44",
  "parentPath": "D:\\tai_lieu_hoc_tap\\chuyen_de_web\\fashion_e_commerce\\resources",
  "extend": "JPG",
  "fileName": "a06c953d-87d4-44cf-b9a0-12c018e49a44.JPG",
  "is_lock": false,
  "createBy": "kiminonawa1305@gmail.com",
  "createAt": {
    "$date": "2025-05-15T15:51:02.236Z"
  },
  "updateBy": "kiminonawa1305@gmail.com",
  "updateAt": {
    "$date": "2025-05-15T15:51:02.236Z"
  },
  "_class": "com.lamnguyen.media_service.model.Media"
},
{
  "_id": "68260d660b611251854637d4",
  "path": "fe9d640f-8ecd-4062-a6e9-ffa22b711b58.JPG",
  "displayName": "fe9d640f-8ecd-4062-a6e9-ffa22b711b58",
  "parentPath": "D:\\tai_lieu_hoc_tap\\chuyen_de_web\\fashion_e_commerce\\resources",
  "extend": "JPG",
  "fileName": "fe9d640f-8ecd-4062-a6e9-ffa22b711b58.JPG",
  "is_lock": false,
  "createBy": "kiminonawa1305@gmail.com",
  "createAt": {
    "$date": "2025-05-15T15:51:02.386Z"
  },
  "updateBy": "kiminonawa1305@gmail.com",
  "updateAt": {
    "$date": "2025-05-15T15:51:02.386Z"
  },
  "_class": "com.lamnguyen.media_service.model.Media"
},
{
  "_id": "68260d660b611251854637d5",
  "path": "6be5c53d-2641-4160-b2f9-2e026124177c.JPG",
  "displayName": "6be5c53d-2641-4160-b2f9-2e026124177c",
  "parentPath": "D:\\tai_lieu_hoc_tap\\chuyen_de_web\\fashion_e_commerce\\resources",
  "extend": "JPG",
  "fileName": "6be5c53d-2641-4160-b2f9-2e026124177c.JPG",
  "is_lock": false,
  "createBy": "kiminonawa1305@gmail.com",
  "createAt": {
    "$date": "2025-05-15T15:51:02.506Z"
  },
  "updateBy": "kiminonawa1305@gmail.com",
  "updateAt": {
    "$date": "2025-05-15T15:51:02.506Z"
  },
  "_class": "com.lamnguyen.media_service.model.Media"
},
{
  "_id": "68260d660b611251854637d6",
  "path": "f5e6bd13-02ee-46ff-a777-f35f7b03c594.JPG",
  "displayName": "f5e6bd13-02ee-46ff-a777-f35f7b03c594",
  "parentPath": "D:\\tai_lieu_hoc_tap\\chuyen_de_web\\fashion_e_commerce\\resources",
  "extend": "JPG",
  "fileName": "f5e6bd13-02ee-46ff-a777-f35f7b03c594.JPG",
  "is_lock": false,
  "createBy": "kiminonawa1305@gmail.com",
  "createAt": {
    "$date": "2025-05-15T15:51:02.649Z"
  },
  "updateBy": "kiminonawa1305@gmail.com",
  "updateAt": {
    "$date": "2025-05-15T15:51:02.649Z"
  },
  "_class": "com.lamnguyen.media_service.model.Media"
},
{
  "_id": "68260d660b611251854637d7",
  "path": "bfe119ee-a1e3-415a-a347-68bb44fd0152.JPG",
  "displayName": "bfe119ee-a1e3-415a-a347-68bb44fd0152",
  "parentPath": "D:\\tai_lieu_hoc_tap\\chuyen_de_web\\fashion_e_commerce\\resources",
  "extend": "JPG",
  "fileName": "bfe119ee-a1e3-415a-a347-68bb44fd0152.JPG",
  "is_lock": false,
  "createBy": "kiminonawa1305@gmail.com",
  "createAt": {
    "$date": "2025-05-15T15:51:02.787Z"
  },
  "updateBy": "kiminonawa1305@gmail.com",
  "updateAt": {
    "$date": "2025-05-15T15:51:02.787Z"
  },
  "_class": "com.lamnguyen.media_service.model.Media"
},
{
  "_id": "68260d660b611251854637d8",
  "path": "ca8f28bd-6553-431f-8498-56e266205e64.jpg",
  "displayName": "ca8f28bd-6553-431f-8498-56e266205e64",
  "parentPath": "D:\\tai_lieu_hoc_tap\\chuyen_de_web\\fashion_e_commerce\\resources",
  "extend": "jpg",
  "fileName": "ca8f28bd-6553-431f-8498-56e266205e64.jpg",
  "is_lock": false,
  "createBy": "kiminonawa1305@gmail.com",
  "createAt": {
    "$date": "2025-05-15T15:51:02.887Z"
  },
  "updateBy": "kiminonawa1305@gmail.com",
  "updateAt": {
    "$date": "2025-05-15T15:51:02.887Z"
  },
  "_class": "com.lamnguyen.media_service.model.Media"
},
{
  "_id": "68260d660b611251854637d9",
  "path": "29011aa7-1a79-4ab3-8d76-c39b9ff94e7d.jpg",
  "displayName": "29011aa7-1a79-4ab3-8d76-c39b9ff94e7d",
  "parentPath": "D:\\tai_lieu_hoc_tap\\chuyen_de_web\\fashion_e_commerce\\resources",
  "extend": "jpg",
  "fileName": "29011aa7-1a79-4ab3-8d76-c39b9ff94e7d.jpg",
  "is_lock": false,
  "createBy": "kiminonawa1305@gmail.com",
  "createAt": {
    "$date": "2025-05-15T15:51:02.971Z"
  },
  "updateBy": "kiminonawa1305@gmail.com",
  "updateAt": {
    "$date": "2025-05-15T15:51:02.971Z"
  },
  "_class": "com.lamnguyen.media_service.model.Media"
},
{
  "_id": "68260d6a0b611251854637da",
  "path": "3a011b2b-1f5d-4005-9723-b47846abfc37.jpg",
  "displayName": "3a011b2b-1f5d-4005-9723-b47846abfc37",
  "parentPath": "D:\\tai_lieu_hoc_tap\\chuyen_de_web\\fashion_e_commerce\\resources",
  "extend": "jpg",
  "fileName": "3a011b2b-1f5d-4005-9723-b47846abfc37.jpg",
  "is_lock": false,
  "createBy": "kiminonawa1305@gmail.com",
  "createAt": {
    "$date": "2025-05-15T15:51:06.688Z"
  },
  "updateBy": "kiminonawa1305@gmail.com",
  "updateAt": {
    "$date": "2025-05-15T15:51:06.688Z"
  },
  "_class": "com.lamnguyen.media_service.model.Media"
},
{
  "_id": "68260d6a0b611251854637db",
  "path": "6b65a15d-d61c-4a2b-9d8c-149947317a81.jpg",
  "displayName": "6b65a15d-d61c-4a2b-9d8c-149947317a81",
  "parentPath": "D:\\tai_lieu_hoc_tap\\chuyen_de_web\\fashion_e_commerce\\resources",
  "extend": "jpg",
  "fileName": "6b65a15d-d61c-4a2b-9d8c-149947317a81.jpg",
  "is_lock": false,
  "createBy": "kiminonawa1305@gmail.com",
  "createAt": {
    "$date": "2025-05-15T15:51:06.792Z"
  },
  "updateBy": "kiminonawa1305@gmail.com",
  "updateAt": {
    "$date": "2025-05-15T15:51:06.792Z"
  },
  "_class": "com.lamnguyen.media_service.model.Media"
},
{
  "_id": "68260d6a0b611251854637dc",
  "path": "b02fe242-ed1d-4d74-b1c6-2056b16ee13c.jpg",
  "displayName": "b02fe242-ed1d-4d74-b1c6-2056b16ee13c",
  "parentPath": "D:\\tai_lieu_hoc_tap\\chuyen_de_web\\fashion_e_commerce\\resources",
  "extend": "jpg",
  "fileName": "b02fe242-ed1d-4d74-b1c6-2056b16ee13c.jpg",
  "is_lock": false,
  "createBy": "kiminonawa1305@gmail.com",
  "createAt": {
    "$date": "2025-05-15T15:51:06.876Z"
  },
  "updateBy": "kiminonawa1305@gmail.com",
  "updateAt": {
    "$date": "2025-05-15T15:51:06.876Z"
  },
  "_class": "com.lamnguyen.media_service.model.Media"
},
{
  "_id": "68260d6a0b611251854637dd",
  "path": "7a45f597-1ed2-41ab-924e-69185e0bef93.jpg",
  "displayName": "7a45f597-1ed2-41ab-924e-69185e0bef93",
  "parentPath": "D:\\tai_lieu_hoc_tap\\chuyen_de_web\\fashion_e_commerce\\resources",
  "extend": "jpg",
  "fileName": "7a45f597-1ed2-41ab-924e-69185e0bef93.jpg",
  "is_lock": false,
  "createBy": "kiminonawa1305@gmail.com",
  "createAt": {
    "$date": "2025-05-15T15:51:06.962Z"
  },
  "updateBy": "kiminonawa1305@gmail.com",
  "updateAt": {
    "$date": "2025-05-15T15:51:06.962Z"
  },
  "_class": "com.lamnguyen.media_service.model.Media"
},
{
  "_id": "68260d6b0b611251854637de",
  "path": "c6e78556-3724-4bce-a692-736de941a8c2.jpg",
  "displayName": "c6e78556-3724-4bce-a692-736de941a8c2",
  "parentPath": "D:\\tai_lieu_hoc_tap\\chuyen_de_web\\fashion_e_commerce\\resources",
  "extend": "jpg",
  "fileName": "c6e78556-3724-4bce-a692-736de941a8c2.jpg",
  "is_lock": false,
  "createBy": "kiminonawa1305@gmail.com",
  "createAt": {
    "$date": "2025-05-15T15:51:07.049Z"
  },
  "updateBy": "kiminonawa1305@gmail.com",
  "updateAt": {
    "$date": "2025-05-15T15:51:07.049Z"
  },
  "_class": "com.lamnguyen.media_service.model.Media"
},
{
  "_id": "68260d6b0b611251854637df",
  "path": "32b0e280-bfea-46d5-9bed-3192a24fc0bd.jpg",
  "displayName": "32b0e280-bfea-46d5-9bed-3192a24fc0bd",
  "parentPath": "D:\\tai_lieu_hoc_tap\\chuyen_de_web\\fashion_e_commerce\\resources",
  "extend": "jpg",
  "fileName": "32b0e280-bfea-46d5-9bed-3192a24fc0bd.jpg",
  "is_lock": false,
  "createBy": "kiminonawa1305@gmail.com",
  "createAt": {
    "$date": "2025-05-15T15:51:07.136Z"
  },
  "updateBy": "kiminonawa1305@gmail.com",
  "updateAt": {
    "$date": "2025-05-15T15:51:07.136Z"
  },
  "_class": "com.lamnguyen.media_service.model.Media"
},
{
  "_id": "68260d6b0b611251854637e0",
  "path": "a9b006be-9270-4ae0-8e41-750ef9ad510e.jpg",
  "displayName": "a9b006be-9270-4ae0-8e41-750ef9ad510e",
  "parentPath": "D:\\tai_lieu_hoc_tap\\chuyen_de_web\\fashion_e_commerce\\resources",
  "extend": "jpg",
  "fileName": "a9b006be-9270-4ae0-8e41-750ef9ad510e.jpg",
  "is_lock": false,
  "createBy": "kiminonawa1305@gmail.com",
  "createAt": {
    "$date": "2025-05-15T15:51:07.537Z"
  },
  "updateBy": "kiminonawa1305@gmail.com",
  "updateAt": {
    "$date": "2025-05-15T15:51:07.537Z"
  },
  "_class": "com.lamnguyen.media_service.model.Media"
},
{
  "_id": "68260d6b0b611251854637e1",
  "path": "bf85da35-a4d9-4bdb-8197-a07aa3896a5e.jpg",
  "displayName": "bf85da35-a4d9-4bdb-8197-a07aa3896a5e",
  "parentPath": "D:\\tai_lieu_hoc_tap\\chuyen_de_web\\fashion_e_commerce\\resources",
  "extend": "jpg",
  "fileName": "bf85da35-a4d9-4bdb-8197-a07aa3896a5e.jpg",
  "is_lock": false,
  "createBy": "kiminonawa1305@gmail.com",
  "createAt": {
    "$date": "2025-05-15T15:51:07.625Z"
  },
  "updateBy": "kiminonawa1305@gmail.com",
  "updateAt": {
    "$date": "2025-05-15T15:51:07.625Z"
  },
  "_class": "com.lamnguyen.media_service.model.Media"
},
{
  "_id": "68260d6b0b611251854637e2",
  "path": "0288bf62-3963-49be-b56e-436d8f4cb442.jpg",
  "displayName": "0288bf62-3963-49be-b56e-436d8f4cb442",
  "parentPath": "D:\\tai_lieu_hoc_tap\\chuyen_de_web\\fashion_e_commerce\\resources",
  "extend": "jpg",
  "fileName": "0288bf62-3963-49be-b56e-436d8f4cb442.jpg",
  "is_lock": false,
  "createBy": "kiminonawa1305@gmail.com",
  "createAt": {
    "$date": "2025-05-15T15:51:07.707Z"
  },
  "updateBy": "kiminonawa1305@gmail.com",
  "updateAt": {
    "$date": "2025-05-15T15:51:07.707Z"
  },
  "_class": "com.lamnguyen.media_service.model.Media"
},
{
  "_id": "68260d6b0b611251854637e3",
  "path": "563107db-f0c2-4175-beb6-d89ef1d2185d.jpg",
  "displayName": "563107db-f0c2-4175-beb6-d89ef1d2185d",
  "parentPath": "D:\\tai_lieu_hoc_tap\\chuyen_de_web\\fashion_e_commerce\\resources",
  "extend": "jpg",
  "fileName": "563107db-f0c2-4175-beb6-d89ef1d2185d.jpg",
  "is_lock": false,
  "createBy": "kiminonawa1305@gmail.com",
  "createAt": {
    "$date": "2025-05-15T15:51:07.782Z"
  },
  "updateBy": "kiminonawa1305@gmail.com",
  "updateAt": {
    "$date": "2025-05-15T15:51:07.782Z"
  },
  "_class": "com.lamnguyen.media_service.model.Media"
},
{
  "_id": "68260d6b0b611251854637e4",
  "path": "7f822be7-aee7-4390-8e75-95bc11d360f6.jpg",
  "displayName": "7f822be7-aee7-4390-8e75-95bc11d360f6",
  "parentPath": "D:\\tai_lieu_hoc_tap\\chuyen_de_web\\fashion_e_commerce\\resources",
  "extend": "jpg",
  "fileName": "7f822be7-aee7-4390-8e75-95bc11d360f6.jpg",
  "is_lock": false,
  "createBy": "kiminonawa1305@gmail.com",
  "createAt": {
    "$date": "2025-05-15T15:51:07.867Z"
  },
  "updateBy": "kiminonawa1305@gmail.com",
  "updateAt": {
    "$date": "2025-05-15T15:51:07.867Z"
  },
  "_class": "com.lamnguyen.media_service.model.Media"
},
{
  "_id": "68260d6c0b611251854637e5",
  "path": "dae2f266-ac8d-4723-9145-97612f488bbe.jpg",
  "displayName": "dae2f266-ac8d-4723-9145-97612f488bbe",
  "parentPath": "D:\\tai_lieu_hoc_tap\\chuyen_de_web\\fashion_e_commerce\\resources",
  "extend": "jpg",
  "fileName": "dae2f266-ac8d-4723-9145-97612f488bbe.jpg",
  "is_lock": false,
  "createBy": "kiminonawa1305@gmail.com",
  "createAt": {
    "$date": "2025-05-15T15:51:08.857Z"
  },
  "updateBy": "kiminonawa1305@gmail.com",
  "updateAt": {
    "$date": "2025-05-15T15:51:08.857Z"
  },
  "_class": "com.lamnguyen.media_service.model.Media"
},
{
  "_id": "68260d6c0b611251854637e6",
  "path": "2bdd8f3b-e161-4f5c-ad58-7066faf3ec61.jpg",
  "displayName": "2bdd8f3b-e161-4f5c-ad58-7066faf3ec61",
  "parentPath": "D:\\tai_lieu_hoc_tap\\chuyen_de_web\\fashion_e_commerce\\resources",
  "extend": "jpg",
  "fileName": "2bdd8f3b-e161-4f5c-ad58-7066faf3ec61.jpg",
  "is_lock": false,
  "createBy": "kiminonawa1305@gmail.com",
  "createAt": {
    "$date": "2025-05-15T15:51:08.929Z"
  },
  "updateBy": "kiminonawa1305@gmail.com",
  "updateAt": {
    "$date": "2025-05-15T15:51:08.929Z"
  },
  "_class": "com.lamnguyen.media_service.model.Media"
},
{
  "_id": "68260d6d0b611251854637e7",
  "path": "e3c28c7c-11d0-4d58-aedf-7336bb6cfe9b.jpg",
  "displayName": "e3c28c7c-11d0-4d58-aedf-7336bb6cfe9b",
  "parentPath": "D:\\tai_lieu_hoc_tap\\chuyen_de_web\\fashion_e_commerce\\resources",
  "extend": "jpg",
  "fileName": "e3c28c7c-11d0-4d58-aedf-7336bb6cfe9b.jpg",
  "is_lock": false,
  "createBy": "kiminonawa1305@gmail.com",
  "createAt": {
    "$date": "2025-05-15T15:51:09.018Z"
  },
  "updateBy": "kiminonawa1305@gmail.com",
  "updateAt": {
    "$date": "2025-05-15T15:51:09.018Z"
  },
  "_class": "com.lamnguyen.media_service.model.Media"
},
{
  "_id": "68260d6d0b611251854637e8",
  "path": "fdab6075-c591-461b-a5d5-2cc042994422.jpg",
  "displayName": "fdab6075-c591-461b-a5d5-2cc042994422",
  "parentPath": "D:\\tai_lieu_hoc_tap\\chuyen_de_web\\fashion_e_commerce\\resources",
  "extend": "jpg",
  "fileName": "fdab6075-c591-461b-a5d5-2cc042994422.jpg",
  "is_lock": false,
  "createBy": "kiminonawa1305@gmail.com",
  "createAt": {
    "$date": "2025-05-15T15:51:09.098Z"
  },
  "updateBy": "kiminonawa1305@gmail.com",
  "updateAt": {
    "$date": "2025-05-15T15:51:09.098Z"
  },
  "_class": "com.lamnguyen.media_service.model.Media"
},
{
  "_id": "68260d6d0b611251854637e9",
  "path": "62a99870-bbdd-46dd-8e8c-249afd0e9da9.jpg",
  "displayName": "62a99870-bbdd-46dd-8e8c-249afd0e9da9",
  "parentPath": "D:\\tai_lieu_hoc_tap\\chuyen_de_web\\fashion_e_commerce\\resources",
  "extend": "jpg",
  "fileName": "62a99870-bbdd-46dd-8e8c-249afd0e9da9.jpg",
  "is_lock": false,
  "createBy": "kiminonawa1305@gmail.com",
  "createAt": {
    "$date": "2025-05-15T15:51:09.212Z"
  },
  "updateBy": "kiminonawa1305@gmail.com",
  "updateAt": {
    "$date": "2025-05-15T15:51:09.212Z"
  },
  "_class": "com.lamnguyen.media_service.model.Media"
},
{
  "_id": "68260d6d0b611251854637ea",
  "path": "be66b3d9-27cd-4709-8204-fda400d5dddc.jpg",
  "displayName": "be66b3d9-27cd-4709-8204-fda400d5dddc",
  "parentPath": "D:\\tai_lieu_hoc_tap\\chuyen_de_web\\fashion_e_commerce\\resources",
  "extend": "jpg",
  "fileName": "be66b3d9-27cd-4709-8204-fda400d5dddc.jpg",
  "is_lock": false,
  "createBy": "kiminonawa1305@gmail.com",
  "createAt": {
    "$date": "2025-05-15T15:51:09.302Z"
  },
  "updateBy": "kiminonawa1305@gmail.com",
  "updateAt": {
    "$date": "2025-05-15T15:51:09.302Z"
  },
  "_class": "com.lamnguyen.media_service.model.Media"
},
{
  "_id": "68260d6d0b611251854637eb",
  "path": "673a3c4b-7bd2-4d89-a2a3-02bc047f4222.jpg",
  "displayName": "673a3c4b-7bd2-4d89-a2a3-02bc047f4222",
  "parentPath": "D:\\tai_lieu_hoc_tap\\chuyen_de_web\\fashion_e_commerce\\resources",
  "extend": "jpg",
  "fileName": "673a3c4b-7bd2-4d89-a2a3-02bc047f4222.jpg",
  "is_lock": false,
  "createBy": "kiminonawa1305@gmail.com",
  "createAt": {
    "$date": "2025-05-15T15:51:09.379Z"
  },
  "updateBy": "kiminonawa1305@gmail.com",
  "updateAt": {
    "$date": "2025-05-15T15:51:09.379Z"
  },
  "_class": "com.lamnguyen.media_service.model.Media"
},
{
  "_id": "68260d6d0b611251854637ec",
  "path": "3b923e31-1b78-46cd-997a-8326aa899705.jpg",
  "displayName": "3b923e31-1b78-46cd-997a-8326aa899705",
  "parentPath": "D:\\tai_lieu_hoc_tap\\chuyen_de_web\\fashion_e_commerce\\resources",
  "extend": "jpg",
  "fileName": "3b923e31-1b78-46cd-997a-8326aa899705.jpg",
  "is_lock": false,
  "createBy": "kiminonawa1305@gmail.com",
  "createAt": {
    "$date": "2025-05-15T15:51:09.484Z"
  },
  "updateBy": "kiminonawa1305@gmail.com",
  "updateAt": {
    "$date": "2025-05-15T15:51:09.484Z"
  },
  "_class": "com.lamnguyen.media_service.model.Media"
},
{
  "_id": "68260d6d0b611251854637ed",
  "path": "6d413ac0-6f86-442e-9722-a361af2b59c9.jpg",
  "displayName": "6d413ac0-6f86-442e-9722-a361af2b59c9",
  "parentPath": "D:\\tai_lieu_hoc_tap\\chuyen_de_web\\fashion_e_commerce\\resources",
  "extend": "jpg",
  "fileName": "6d413ac0-6f86-442e-9722-a361af2b59c9.jpg",
  "is_lock": false,
  "createBy": "kiminonawa1305@gmail.com",
  "createAt": {
    "$date": "2025-05-15T15:51:09.581Z"
  },
  "updateBy": "kiminonawa1305@gmail.com",
  "updateAt": {
    "$date": "2025-05-15T15:51:09.581Z"
  },
  "_class": "com.lamnguyen.media_service.model.Media"
},
{
  "_id": "68260d6d0b611251854637ee",
  "path": "b9aeee4d-71ad-408a-869a-6a895d235ec4.jpg",
  "displayName": "b9aeee4d-71ad-408a-869a-6a895d235ec4",
  "parentPath": "D:\\tai_lieu_hoc_tap\\chuyen_de_web\\fashion_e_commerce\\resources",
  "extend": "jpg",
  "fileName": "b9aeee4d-71ad-408a-869a-6a895d235ec4.jpg",
  "is_lock": false,
  "createBy": "kiminonawa1305@gmail.com",
  "createAt": {
    "$date": "2025-05-15T15:51:09.664Z"
  },
  "updateBy": "kiminonawa1305@gmail.com",
  "updateAt": {
    "$date": "2025-05-15T15:51:09.664Z"
  },
  "_class": "com.lamnguyen.media_service.model.Media"
},
{
  "_id": "68260d6d0b611251854637ef",
  "path": "e658cc4b-6478-452d-b756-d90812f1a967.jpg",
  "displayName": "e658cc4b-6478-452d-b756-d90812f1a967",
  "parentPath": "D:\\tai_lieu_hoc_tap\\chuyen_de_web\\fashion_e_commerce\\resources",
  "extend": "jpg",
  "fileName": "e658cc4b-6478-452d-b756-d90812f1a967.jpg",
  "is_lock": false,
  "createBy": "kiminonawa1305@gmail.com",
  "createAt": {
    "$date": "2025-05-15T15:51:09.751Z"
  },
  "updateBy": "kiminonawa1305@gmail.com",
  "updateAt": {
    "$date": "2025-05-15T15:51:09.751Z"
  },
  "_class": "com.lamnguyen.media_service.model.Media"
},
{
  "_id": "68260d6d0b611251854637f0",
  "path": "429c4f68-4b7b-43ae-8c8a-7dc4baec1b47.jpg",
  "displayName": "429c4f68-4b7b-43ae-8c8a-7dc4baec1b47",
  "parentPath": "D:\\tai_lieu_hoc_tap\\chuyen_de_web\\fashion_e_commerce\\resources",
  "extend": "jpg",
  "fileName": "429c4f68-4b7b-43ae-8c8a-7dc4baec1b47.jpg",
  "is_lock": false,
  "createBy": "kiminonawa1305@gmail.com",
  "createAt": {
    "$date": "2025-05-15T15:51:09.854Z"
  },
  "updateBy": "kiminonawa1305@gmail.com",
  "updateAt": {
    "$date": "2025-05-15T15:51:09.854Z"
  },
  "_class": "com.lamnguyen.media_service.model.Media"
},
{
  "_id": "68260d6d0b611251854637f1",
  "path": "be2c3ec9-e1c2-48ed-91c7-b22c31c3249b.jpg",
  "displayName": "be2c3ec9-e1c2-48ed-91c7-b22c31c3249b",
  "parentPath": "D:\\tai_lieu_hoc_tap\\chuyen_de_web\\fashion_e_commerce\\resources",
  "extend": "jpg",
  "fileName": "be2c3ec9-e1c2-48ed-91c7-b22c31c3249b.jpg",
  "is_lock": false,
  "createBy": "kiminonawa1305@gmail.com",
  "createAt": {
    "$date": "2025-05-15T15:51:09.931Z"
  },
  "updateBy": "kiminonawa1305@gmail.com",
  "updateAt": {
    "$date": "2025-05-15T15:51:09.931Z"
  },
  "_class": "com.lamnguyen.media_service.model.Media"
},
{
  "_id": "68260d6e0b611251854637f2",
  "path": "80430716-b685-475a-9ef4-26df7417f6ca.jpg",
  "displayName": "80430716-b685-475a-9ef4-26df7417f6ca",
  "parentPath": "D:\\tai_lieu_hoc_tap\\chuyen_de_web\\fashion_e_commerce\\resources",
  "extend": "jpg",
  "fileName": "80430716-b685-475a-9ef4-26df7417f6ca.jpg",
  "is_lock": false,
  "createBy": "kiminonawa1305@gmail.com",
  "createAt": {
    "$date": "2025-05-15T15:51:10.020Z"
  },
  "updateBy": "kiminonawa1305@gmail.com",
  "updateAt": {
    "$date": "2025-05-15T15:51:10.020Z"
  },
  "_class": "com.lamnguyen.media_service.model.Media"
},
{
  "_id": "68260d6e0b611251854637f3",
  "path": "660b18ce-736b-45e5-8fd6-50e12d5b9c24.jpg",
  "displayName": "660b18ce-736b-45e5-8fd6-50e12d5b9c24",
  "parentPath": "D:\\tai_lieu_hoc_tap\\chuyen_de_web\\fashion_e_commerce\\resources",
  "extend": "jpg",
  "fileName": "660b18ce-736b-45e5-8fd6-50e12d5b9c24.jpg",
  "is_lock": false,
  "createBy": "kiminonawa1305@gmail.com",
  "createAt": {
    "$date": "2025-05-15T15:51:10.097Z"
  },
  "updateBy": "kiminonawa1305@gmail.com",
  "updateAt": {
    "$date": "2025-05-15T15:51:10.097Z"
  },
  "_class": "com.lamnguyen.media_service.model.Media"
},
{
  "_id": "68260d6e0b611251854637f4",
  "path": "ef4f6574-2576-4502-81fa-6e2f910f68b4.jpg",
  "displayName": "ef4f6574-2576-4502-81fa-6e2f910f68b4",
  "parentPath": "D:\\tai_lieu_hoc_tap\\chuyen_de_web\\fashion_e_commerce\\resources",
  "extend": "jpg",
  "fileName": "ef4f6574-2576-4502-81fa-6e2f910f68b4.jpg",
  "is_lock": false,
  "createBy": "kiminonawa1305@gmail.com",
  "createAt": {
    "$date": "2025-05-15T15:51:10.179Z"
  },
  "updateBy": "kiminonawa1305@gmail.com",
  "updateAt": {
    "$date": "2025-05-15T15:51:10.179Z"
  },
  "_class": "com.lamnguyen.media_service.model.Media"
},
{
  "_id": "68260d6e0b611251854637f5",
  "path": "a7a73297-1b95-49e2-8c4d-b9c79efad01e.jpg",
  "displayName": "a7a73297-1b95-49e2-8c4d-b9c79efad01e",
  "parentPath": "D:\\tai_lieu_hoc_tap\\chuyen_de_web\\fashion_e_commerce\\resources",
  "extend": "jpg",
  "fileName": "a7a73297-1b95-49e2-8c4d-b9c79efad01e.jpg",
  "is_lock": false,
  "createBy": "kiminonawa1305@gmail.com",
  "createAt": {
    "$date": "2025-05-15T15:51:10.263Z"
  },
  "updateBy": "kiminonawa1305@gmail.com",
  "updateAt": {
    "$date": "2025-05-15T15:51:10.263Z"
  },
  "_class": "com.lamnguyen.media_service.model.Media"
},
{
  "_id": "68260d6e0b611251854637f6",
  "path": "654e0f98-04c4-4d95-b611-f7e9fbf2bce2.jpg",
  "displayName": "654e0f98-04c4-4d95-b611-f7e9fbf2bce2",
  "parentPath": "D:\\tai_lieu_hoc_tap\\chuyen_de_web\\fashion_e_commerce\\resources",
  "extend": "jpg",
  "fileName": "654e0f98-04c4-4d95-b611-f7e9fbf2bce2.jpg",
  "is_lock": false,
  "createBy": "kiminonawa1305@gmail.com",
  "createAt": {
    "$date": "2025-05-15T15:51:10.354Z"
  },
  "updateBy": "kiminonawa1305@gmail.com",
  "updateAt": {
    "$date": "2025-05-15T15:51:10.354Z"
  },
  "_class": "com.lamnguyen.media_service.model.Media"
},
{
  "_id": "68260d6e0b611251854637f7",
  "path": "dc978672-c670-4016-aedf-cdfc185a2719.jpg",
  "displayName": "dc978672-c670-4016-aedf-cdfc185a2719",
  "parentPath": "D:\\tai_lieu_hoc_tap\\chuyen_de_web\\fashion_e_commerce\\resources",
  "extend": "jpg",
  "fileName": "dc978672-c670-4016-aedf-cdfc185a2719.jpg",
  "is_lock": false,
  "createBy": "kiminonawa1305@gmail.com",
  "createAt": {
    "$date": "2025-05-15T15:51:10.686Z"
  },
  "updateBy": "kiminonawa1305@gmail.com",
  "updateAt": {
    "$date": "2025-05-15T15:51:10.686Z"
  },
  "_class": "com.lamnguyen.media_service.model.Media"
},
{
  "_id": "68260d6e0b611251854637f8",
  "path": "648b96bb-6a88-4686-87ec-3fb8a1c31441.jpg",
  "displayName": "648b96bb-6a88-4686-87ec-3fb8a1c31441",
  "parentPath": "D:\\tai_lieu_hoc_tap\\chuyen_de_web\\fashion_e_commerce\\resources",
  "extend": "jpg",
  "fileName": "648b96bb-6a88-4686-87ec-3fb8a1c31441.jpg",
  "is_lock": false,
  "createBy": "kiminonawa1305@gmail.com",
  "createAt": {
    "$date": "2025-05-15T15:51:10.760Z"
  },
  "updateBy": "kiminonawa1305@gmail.com",
  "updateAt": {
    "$date": "2025-05-15T15:51:10.760Z"
  },
  "_class": "com.lamnguyen.media_service.model.Media"
},
{
  "_id": "68260d6f0b611251854637f9",
  "path": "ebbd94a4-6f31-46db-b52b-4930380ee050.jpg",
  "displayName": "ebbd94a4-6f31-46db-b52b-4930380ee050",
  "parentPath": "D:\\tai_lieu_hoc_tap\\chuyen_de_web\\fashion_e_commerce\\resources",
  "extend": "jpg",
  "fileName": "ebbd94a4-6f31-46db-b52b-4930380ee050.jpg",
  "is_lock": false,
  "createBy": "kiminonawa1305@gmail.com",
  "createAt": {
    "$date": "2025-05-15T15:51:11.059Z"
  },
  "updateBy": "kiminonawa1305@gmail.com",
  "updateAt": {
    "$date": "2025-05-15T15:51:11.059Z"
  },
  "_class": "com.lamnguyen.media_service.model.Media"
},
{
  "_id": "68260d710b611251854637fa",
  "path": "b6b4ec7c-a365-489b-bd38-d8f812a380e5.jpg",
  "displayName": "b6b4ec7c-a365-489b-bd38-d8f812a380e5",
  "parentPath": "D:\\tai_lieu_hoc_tap\\chuyen_de_web\\fashion_e_commerce\\resources",
  "extend": "jpg",
  "fileName": "b6b4ec7c-a365-489b-bd38-d8f812a380e5.jpg",
  "is_lock": false,
  "createBy": "kiminonawa1305@gmail.com",
  "createAt": {
    "$date": "2025-05-15T15:51:13.771Z"
  },
  "updateBy": "kiminonawa1305@gmail.com",
  "updateAt": {
    "$date": "2025-05-15T15:51:13.771Z"
  },
  "_class": "com.lamnguyen.media_service.model.Media"
},
{
  "_id": "68260d710b611251854637fb",
  "path": "0bb4f663-45f5-4aa5-b072-7bf079018ce7.jpg",
  "displayName": "0bb4f663-45f5-4aa5-b072-7bf079018ce7",
  "parentPath": "D:\\tai_lieu_hoc_tap\\chuyen_de_web\\fashion_e_commerce\\resources",
  "extend": "jpg",
  "fileName": "0bb4f663-45f5-4aa5-b072-7bf079018ce7.jpg",
  "is_lock": false,
  "createBy": "kiminonawa1305@gmail.com",
  "createAt": {
    "$date": "2025-05-15T15:51:13.853Z"
  },
  "updateBy": "kiminonawa1305@gmail.com",
  "updateAt": {
    "$date": "2025-05-15T15:51:13.853Z"
  },
  "_class": "com.lamnguyen.media_service.model.Media"
},
{
  "_id": "68260d720b611251854637fc",
  "path": "8ecb44da-fa86-4e0d-a1c3-63f6a4d10a0b.jpg",
  "displayName": "8ecb44da-fa86-4e0d-a1c3-63f6a4d10a0b",
  "parentPath": "D:\\tai_lieu_hoc_tap\\chuyen_de_web\\fashion_e_commerce\\resources",
  "extend": "jpg",
  "fileName": "8ecb44da-fa86-4e0d-a1c3-63f6a4d10a0b.jpg",
  "is_lock": false,
  "createBy": "kiminonawa1305@gmail.com",
  "createAt": {
    "$date": "2025-05-15T15:51:14.120Z"
  },
  "updateBy": "kiminonawa1305@gmail.com",
  "updateAt": {
    "$date": "2025-05-15T15:51:14.120Z"
  },
  "_class": "com.lamnguyen.media_service.model.Media"
},
{
  "_id": "68260d720b611251854637fd",
  "path": "35a39712-85ce-4a7f-b69c-63872ae6b0c3.jpg",
  "displayName": "35a39712-85ce-4a7f-b69c-63872ae6b0c3",
  "parentPath": "D:\\tai_lieu_hoc_tap\\chuyen_de_web\\fashion_e_commerce\\resources",
  "extend": "jpg",
  "fileName": "35a39712-85ce-4a7f-b69c-63872ae6b0c3.jpg",
  "is_lock": false,
  "createBy": "kiminonawa1305@gmail.com",
  "createAt": {
    "$date": "2025-05-15T15:51:14.210Z"
  },
  "updateBy": "kiminonawa1305@gmail.com",
  "updateAt": {
    "$date": "2025-05-15T15:51:14.210Z"
  },
  "_class": "com.lamnguyen.media_service.model.Media"
},
{
  "_id": "68260d720b611251854637fe",
  "path": "0aaa438b-4bb6-4769-b94a-a272e23dbad9.jpg",
  "displayName": "0aaa438b-4bb6-4769-b94a-a272e23dbad9",
  "parentPath": "D:\\tai_lieu_hoc_tap\\chuyen_de_web\\fashion_e_commerce\\resources",
  "extend": "jpg",
  "fileName": "0aaa438b-4bb6-4769-b94a-a272e23dbad9.jpg",
  "is_lock": false,
  "createBy": "kiminonawa1305@gmail.com",
  "createAt": {
    "$date": "2025-05-15T15:51:14.350Z"
  },
  "updateBy": "kiminonawa1305@gmail.com",
  "updateAt": {
    "$date": "2025-05-15T15:51:14.350Z"
  },
  "_class": "com.lamnguyen.media_service.model.Media"
},
{
  "_id": "68260d720b611251854637ff",
  "path": "7fada986-eab5-4e72-b4e2-44cf60b30556.jpg",
  "displayName": "7fada986-eab5-4e72-b4e2-44cf60b30556",
  "parentPath": "D:\\tai_lieu_hoc_tap\\chuyen_de_web\\fashion_e_commerce\\resources",
  "extend": "jpg",
  "fileName": "7fada986-eab5-4e72-b4e2-44cf60b30556.jpg",
  "is_lock": false,
  "createBy": "kiminonawa1305@gmail.com",
  "createAt": {
    "$date": "2025-05-15T15:51:14.431Z"
  },
  "updateBy": "kiminonawa1305@gmail.com",
  "updateAt": {
    "$date": "2025-05-15T15:51:14.431Z"
  },
  "_class": "com.lamnguyen.media_service.model.Media"
},
{
  "_id": "68260d720b61125185463800",
  "path": "c93d217b-a654-4f6b-b518-574811313e36.jpg",
  "displayName": "c93d217b-a654-4f6b-b518-574811313e36",
  "parentPath": "D:\\tai_lieu_hoc_tap\\chuyen_de_web\\fashion_e_commerce\\resources",
  "extend": "jpg",
  "fileName": "c93d217b-a654-4f6b-b518-574811313e36.jpg",
  "is_lock": false,
  "createBy": "kiminonawa1305@gmail.com",
  "createAt": {
    "$date": "2025-05-15T15:51:14.548Z"
  },
  "updateBy": "kiminonawa1305@gmail.com",
  "updateAt": {
    "$date": "2025-05-15T15:51:14.548Z"
  },
  "_class": "com.lamnguyen.media_service.model.Media"
},
{
  "_id": "68260d720b61125185463801",
  "path": "e523d980-5979-4bc2-a301-f45f4497a5db.jpg",
  "displayName": "e523d980-5979-4bc2-a301-f45f4497a5db",
  "parentPath": "D:\\tai_lieu_hoc_tap\\chuyen_de_web\\fashion_e_commerce\\resources",
  "extend": "jpg",
  "fileName": "e523d980-5979-4bc2-a301-f45f4497a5db.jpg",
  "is_lock": false,
  "createBy": "kiminonawa1305@gmail.com",
  "createAt": {
    "$date": "2025-05-15T15:51:14.623Z"
  },
  "updateBy": "kiminonawa1305@gmail.com",
  "updateAt": {
    "$date": "2025-05-15T15:51:14.623Z"
  },
  "_class": "com.lamnguyen.media_service.model.Media"
},
{
  "_id": "68260d720b61125185463802",
  "path": "82b6dafd-e472-47e4-a029-bcde4102b820.jpg",
  "displayName": "82b6dafd-e472-47e4-a029-bcde4102b820",
  "parentPath": "D:\\tai_lieu_hoc_tap\\chuyen_de_web\\fashion_e_commerce\\resources",
  "extend": "jpg",
  "fileName": "82b6dafd-e472-47e4-a029-bcde4102b820.jpg",
  "is_lock": false,
  "createBy": "kiminonawa1305@gmail.com",
  "createAt": {
    "$date": "2025-05-15T15:51:14.741Z"
  },
  "updateBy": "kiminonawa1305@gmail.com",
  "updateAt": {
    "$date": "2025-05-15T15:51:14.741Z"
  },
  "_class": "com.lamnguyen.media_service.model.Media"
},
{
  "_id": "68260d720b61125185463803",
  "path": "1ae4c89f-4d0d-41bd-8211-dca025abfd69.jpg",
  "displayName": "1ae4c89f-4d0d-41bd-8211-dca025abfd69",
  "parentPath": "D:\\tai_lieu_hoc_tap\\chuyen_de_web\\fashion_e_commerce\\resources",
  "extend": "jpg",
  "fileName": "1ae4c89f-4d0d-41bd-8211-dca025abfd69.jpg",
  "is_lock": false,
  "createBy": "kiminonawa1305@gmail.com",
  "createAt": {
    "$date": "2025-05-15T15:51:14.851Z"
  },
  "updateBy": "kiminonawa1305@gmail.com",
  "updateAt": {
    "$date": "2025-05-15T15:51:14.851Z"
  },
  "_class": "com.lamnguyen.media_service.model.Media"
},
{
  "_id": "68260d730b61125185463804",
  "path": "03bea046-d14d-44bf-aa9e-628960f97883.jpg",
  "displayName": "03bea046-d14d-44bf-aa9e-628960f97883",
  "parentPath": "D:\\tai_lieu_hoc_tap\\chuyen_de_web\\fashion_e_commerce\\resources",
  "extend": "jpg",
  "fileName": "03bea046-d14d-44bf-aa9e-628960f97883.jpg",
  "is_lock": false,
  "createBy": "kiminonawa1305@gmail.com",
  "createAt": {
    "$date": "2025-05-15T15:51:15.000Z"
  },
  "updateBy": "kiminonawa1305@gmail.com",
  "updateAt": {
    "$date": "2025-05-15T15:51:15.000Z"
  },
  "_class": "com.lamnguyen.media_service.model.Media"
},
{
  "_id": "68260d730b61125185463805",
  "path": "df67a62c-0d88-4e72-956d-1fd6e6fa7698.jpg",
  "displayName": "df67a62c-0d88-4e72-956d-1fd6e6fa7698",
  "parentPath": "D:\\tai_lieu_hoc_tap\\chuyen_de_web\\fashion_e_commerce\\resources",
  "extend": "jpg",
  "fileName": "df67a62c-0d88-4e72-956d-1fd6e6fa7698.jpg",
  "is_lock": false,
  "createBy": "kiminonawa1305@gmail.com",
  "createAt": {
    "$date": "2025-05-15T15:51:15.122Z"
  },
  "updateBy": "kiminonawa1305@gmail.com",
  "updateAt": {
    "$date": "2025-05-15T15:51:15.122Z"
  },
  "_class": "com.lamnguyen.media_service.model.Media"
},
{
  "_id": "68260d730b61125185463806",
  "path": "68768878-bf89-419d-a5a3-759cc3a5851c.jpg",
  "displayName": "68768878-bf89-419d-a5a3-759cc3a5851c",
  "parentPath": "D:\\tai_lieu_hoc_tap\\chuyen_de_web\\fashion_e_commerce\\resources",
  "extend": "jpg",
  "fileName": "68768878-bf89-419d-a5a3-759cc3a5851c.jpg",
  "is_lock": false,
  "createBy": "kiminonawa1305@gmail.com",
  "createAt": {
    "$date": "2025-05-15T15:51:15.262Z"
  },
  "updateBy": "kiminonawa1305@gmail.com",
  "updateAt": {
    "$date": "2025-05-15T15:51:15.262Z"
  },
  "_class": "com.lamnguyen.media_service.model.Media"
},
{
  "_id": "68260d730b61125185463807",
  "path": "de5bc0d8-5f15-47b9-945b-602ba4ad1380.jpg",
  "displayName": "de5bc0d8-5f15-47b9-945b-602ba4ad1380",
  "parentPath": "D:\\tai_lieu_hoc_tap\\chuyen_de_web\\fashion_e_commerce\\resources",
  "extend": "jpg",
  "fileName": "de5bc0d8-5f15-47b9-945b-602ba4ad1380.jpg",
  "is_lock": false,
  "createBy": "kiminonawa1305@gmail.com",
  "createAt": {
    "$date": "2025-05-15T15:51:15.355Z"
  },
  "updateBy": "kiminonawa1305@gmail.com",
  "updateAt": {
    "$date": "2025-05-15T15:51:15.355Z"
  },
  "_class": "com.lamnguyen.media_service.model.Media"
},
{
  "_id": "68260d730b61125185463808",
  "path": "8d3b096b-547f-4d0d-9ba5-6c7ea0ef6284.jpg",
  "displayName": "8d3b096b-547f-4d0d-9ba5-6c7ea0ef6284",
  "parentPath": "D:\\tai_lieu_hoc_tap\\chuyen_de_web\\fashion_e_commerce\\resources",
  "extend": "jpg",
  "fileName": "8d3b096b-547f-4d0d-9ba5-6c7ea0ef6284.jpg",
  "is_lock": false,
  "createBy": "kiminonawa1305@gmail.com",
  "createAt": {
    "$date": "2025-05-15T15:51:15.466Z"
  },
  "updateBy": "kiminonawa1305@gmail.com",
  "updateAt": {
    "$date": "2025-05-15T15:51:15.466Z"
  },
  "_class": "com.lamnguyen.media_service.model.Media"
},
{
  "_id": "68260d730b61125185463809",
  "path": "65054d7a-67c3-4032-9781-b2047d86e0f5.jpg",
  "displayName": "65054d7a-67c3-4032-9781-b2047d86e0f5",
  "parentPath": "D:\\tai_lieu_hoc_tap\\chuyen_de_web\\fashion_e_commerce\\resources",
  "extend": "jpg",
  "fileName": "65054d7a-67c3-4032-9781-b2047d86e0f5.jpg",
  "is_lock": false,
  "createBy": "kiminonawa1305@gmail.com",
  "createAt": {
    "$date": "2025-05-15T15:51:15.615Z"
  },
  "updateBy": "kiminonawa1305@gmail.com",
  "updateAt": {
    "$date": "2025-05-15T15:51:15.615Z"
  },
  "_class": "com.lamnguyen.media_service.model.Media"
},
{
  "_id": "68260d730b6112518546380a",
  "path": "2ca1222c-195c-4132-b847-c77c7bf4d192.jpg",
  "displayName": "2ca1222c-195c-4132-b847-c77c7bf4d192",
  "parentPath": "D:\\tai_lieu_hoc_tap\\chuyen_de_web\\fashion_e_commerce\\resources",
  "extend": "jpg",
  "fileName": "2ca1222c-195c-4132-b847-c77c7bf4d192.jpg",
  "is_lock": false,
  "createBy": "kiminonawa1305@gmail.com",
  "createAt": {
    "$date": "2025-05-15T15:51:15.710Z"
  },
  "updateBy": "kiminonawa1305@gmail.com",
  "updateAt": {
    "$date": "2025-05-15T15:51:15.710Z"
  },
  "_class": "com.lamnguyen.media_service.model.Media"
},
{
  "_id": "68260d730b6112518546380b",
  "path": "e3faf707-5a27-431c-b46f-5c0c58e2dcdb.jpg",
  "displayName": "e3faf707-5a27-431c-b46f-5c0c58e2dcdb",
  "parentPath": "D:\\tai_lieu_hoc_tap\\chuyen_de_web\\fashion_e_commerce\\resources",
  "extend": "jpg",
  "fileName": "e3faf707-5a27-431c-b46f-5c0c58e2dcdb.jpg",
  "is_lock": false,
  "createBy": "kiminonawa1305@gmail.com",
  "createAt": {
    "$date": "2025-05-15T15:51:15.817Z"
  },
  "updateBy": "kiminonawa1305@gmail.com",
  "updateAt": {
    "$date": "2025-05-15T15:51:15.817Z"
  },
  "_class": "com.lamnguyen.media_service.model.Media"
},
{
  "_id": "68260d730b6112518546380c",
  "path": "bda4936b-0fe0-49c9-a4d5-356ae1c41254.jpg",
  "displayName": "bda4936b-0fe0-49c9-a4d5-356ae1c41254",
  "parentPath": "D:\\tai_lieu_hoc_tap\\chuyen_de_web\\fashion_e_commerce\\resources",
  "extend": "jpg",
  "fileName": "bda4936b-0fe0-49c9-a4d5-356ae1c41254.jpg",
  "is_lock": false,
  "createBy": "kiminonawa1305@gmail.com",
  "createAt": {
    "$date": "2025-05-15T15:51:15.950Z"
  },
  "updateBy": "kiminonawa1305@gmail.com",
  "updateAt": {
    "$date": "2025-05-15T15:51:15.950Z"
  },
  "_class": "com.lamnguyen.media_service.model.Media"
},
{
  "_id": "68260d740b6112518546380d",
  "path": "bd65f656-a9d4-4532-966d-29a686f02e3a.jpg",
  "displayName": "bd65f656-a9d4-4532-966d-29a686f02e3a",
  "parentPath": "D:\\tai_lieu_hoc_tap\\chuyen_de_web\\fashion_e_commerce\\resources",
  "extend": "jpg",
  "fileName": "bd65f656-a9d4-4532-966d-29a686f02e3a.jpg",
  "is_lock": false,
  "createBy": "kiminonawa1305@gmail.com",
  "createAt": {
    "$date": "2025-05-15T15:51:16.044Z"
  },
  "updateBy": "kiminonawa1305@gmail.com",
  "updateAt": {
    "$date": "2025-05-15T15:51:16.044Z"
  },
  "_class": "com.lamnguyen.media_service.model.Media"
},
{
  "_id": "68260d740b6112518546380e",
  "path": "d12d8d5b-7c82-448d-929a-66cece4be321.jpg",
  "displayName": "d12d8d5b-7c82-448d-929a-66cece4be321",
  "parentPath": "D:\\tai_lieu_hoc_tap\\chuyen_de_web\\fashion_e_commerce\\resources",
  "extend": "jpg",
  "fileName": "d12d8d5b-7c82-448d-929a-66cece4be321.jpg",
  "is_lock": false,
  "createBy": "kiminonawa1305@gmail.com",
  "createAt": {
    "$date": "2025-05-15T15:51:16.170Z"
  },
  "updateBy": "kiminonawa1305@gmail.com",
  "updateAt": {
    "$date": "2025-05-15T15:51:16.170Z"
  },
  "_class": "com.lamnguyen.media_service.model.Media"
},
{
  "_id": "68260d740b6112518546380f",
  "path": "b78154ad-a31e-451a-ab16-ab53d1c71287.jpg",
  "displayName": "b78154ad-a31e-451a-ab16-ab53d1c71287",
  "parentPath": "D:\\tai_lieu_hoc_tap\\chuyen_de_web\\fashion_e_commerce\\resources",
  "extend": "jpg",
  "fileName": "b78154ad-a31e-451a-ab16-ab53d1c71287.jpg",
  "is_lock": false,
  "createBy": "kiminonawa1305@gmail.com",
  "createAt": {
    "$date": "2025-05-15T15:51:16.277Z"
  },
  "updateBy": "kiminonawa1305@gmail.com",
  "updateAt": {
    "$date": "2025-05-15T15:51:16.277Z"
  },
  "_class": "com.lamnguyen.media_service.model.Media"
},
{
  "_id": "68260d740b61125185463810",
  "path": "9a1ea2f2-b741-48cd-94b9-9c1cb38857b1.jpg",
  "displayName": "9a1ea2f2-b741-48cd-94b9-9c1cb38857b1",
  "parentPath": "D:\\tai_lieu_hoc_tap\\chuyen_de_web\\fashion_e_commerce\\resources",
  "extend": "jpg",
  "fileName": "9a1ea2f2-b741-48cd-94b9-9c1cb38857b1.jpg",
  "is_lock": false,
  "createBy": "kiminonawa1305@gmail.com",
  "createAt": {
    "$date": "2025-05-15T15:51:16.384Z"
  },
  "updateBy": "kiminonawa1305@gmail.com",
  "updateAt": {
    "$date": "2025-05-15T15:51:16.384Z"
  },
  "_class": "com.lamnguyen.media_service.model.Media"
},
{
  "_id": "68260d740b61125185463811",
  "path": "03f7c1d5-2b8e-4573-a301-bd10be61e987.jpg",
  "displayName": "03f7c1d5-2b8e-4573-a301-bd10be61e987",
  "parentPath": "D:\\tai_lieu_hoc_tap\\chuyen_de_web\\fashion_e_commerce\\resources",
  "extend": "jpg",
  "fileName": "03f7c1d5-2b8e-4573-a301-bd10be61e987.jpg",
  "is_lock": false,
  "createBy": "kiminonawa1305@gmail.com",
  "createAt": {
    "$date": "2025-05-15T15:51:16.495Z"
  },
  "updateBy": "kiminonawa1305@gmail.com",
  "updateAt": {
    "$date": "2025-05-15T15:51:16.495Z"
  },
  "_class": "com.lamnguyen.media_service.model.Media"
},
{
  "_id": "68260d770b61125185463812",
  "path": "de9fd9c9-ff02-47fe-80a1-61e0d140716b.jpg",
  "displayName": "de9fd9c9-ff02-47fe-80a1-61e0d140716b",
  "parentPath": "D:\\tai_lieu_hoc_tap\\chuyen_de_web\\fashion_e_commerce\\resources",
  "extend": "jpg",
  "fileName": "de9fd9c9-ff02-47fe-80a1-61e0d140716b.jpg",
  "is_lock": false,
  "createBy": "kiminonawa1305@gmail.com",
  "createAt": {
    "$date": "2025-05-15T15:51:19.219Z"
  },
  "updateBy": "kiminonawa1305@gmail.com",
  "updateAt": {
    "$date": "2025-05-15T15:51:19.219Z"
  },
  "_class": "com.lamnguyen.media_service.model.Media"
},
{
  "_id": "68260d770b61125185463813",
  "path": "2123b6aa-58c5-4411-9502-d33014768a0f.jpg",
  "displayName": "2123b6aa-58c5-4411-9502-d33014768a0f",
  "parentPath": "D:\\tai_lieu_hoc_tap\\chuyen_de_web\\fashion_e_commerce\\resources",
  "extend": "jpg",
  "fileName": "2123b6aa-58c5-4411-9502-d33014768a0f.jpg",
  "is_lock": false,
  "createBy": "kiminonawa1305@gmail.com",
  "createAt": {
    "$date": "2025-05-15T15:51:19.318Z"
  },
  "updateBy": "kiminonawa1305@gmail.com",
  "updateAt": {
    "$date": "2025-05-15T15:51:19.318Z"
  },
  "_class": "com.lamnguyen.media_service.model.Media"
},
{
  "_id": "68260d770b61125185463814",
  "path": "279d2209-4aa2-49e1-8630-08cbf7828ca7.jpg",
  "displayName": "279d2209-4aa2-49e1-8630-08cbf7828ca7",
  "parentPath": "D:\\tai_lieu_hoc_tap\\chuyen_de_web\\fashion_e_commerce\\resources",
  "extend": "jpg",
  "fileName": "279d2209-4aa2-49e1-8630-08cbf7828ca7.jpg",
  "is_lock": false,
  "createBy": "kiminonawa1305@gmail.com",
  "createAt": {
    "$date": "2025-05-15T15:51:19.405Z"
  },
  "updateBy": "kiminonawa1305@gmail.com",
  "updateAt": {
    "$date": "2025-05-15T15:51:19.405Z"
  },
  "_class": "com.lamnguyen.media_service.model.Media"
},
{
  "_id": "68260d770b61125185463815",
  "path": "eeca513a-0815-43d2-bb41-c65cbf92a5a7.jpg",
  "displayName": "eeca513a-0815-43d2-bb41-c65cbf92a5a7",
  "parentPath": "D:\\tai_lieu_hoc_tap\\chuyen_de_web\\fashion_e_commerce\\resources",
  "extend": "jpg",
  "fileName": "eeca513a-0815-43d2-bb41-c65cbf92a5a7.jpg",
  "is_lock": false,
  "createBy": "kiminonawa1305@gmail.com",
  "createAt": {
    "$date": "2025-05-15T15:51:19.490Z"
  },
  "updateBy": "kiminonawa1305@gmail.com",
  "updateAt": {
    "$date": "2025-05-15T15:51:19.490Z"
  },
  "_class": "com.lamnguyen.media_service.model.Media"
},
{
  "_id": "68260d770b61125185463816",
  "path": "08fef349-528f-4e15-b9f0-4e307af5b3ef.jpg",
  "displayName": "08fef349-528f-4e15-b9f0-4e307af5b3ef",
  "parentPath": "D:\\tai_lieu_hoc_tap\\chuyen_de_web\\fashion_e_commerce\\resources",
  "extend": "jpg",
  "fileName": "08fef349-528f-4e15-b9f0-4e307af5b3ef.jpg",
  "is_lock": false,
  "createBy": "kiminonawa1305@gmail.com",
  "createAt": {
    "$date": "2025-05-15T15:51:19.643Z"
  },
  "updateBy": "kiminonawa1305@gmail.com",
  "updateAt": {
    "$date": "2025-05-15T15:51:19.643Z"
  },
  "_class": "com.lamnguyen.media_service.model.Media"
},
{
  "_id": "68260d770b61125185463817",
  "path": "6f5936bd-3493-431a-9400-1d332e244c0a.jpg",
  "displayName": "6f5936bd-3493-431a-9400-1d332e244c0a",
  "parentPath": "D:\\tai_lieu_hoc_tap\\chuyen_de_web\\fashion_e_commerce\\resources",
  "extend": "jpg",
  "fileName": "6f5936bd-3493-431a-9400-1d332e244c0a.jpg",
  "is_lock": false,
  "createBy": "kiminonawa1305@gmail.com",
  "createAt": {
    "$date": "2025-05-15T15:51:19.739Z"
  },
  "updateBy": "kiminonawa1305@gmail.com",
  "updateAt": {
    "$date": "2025-05-15T15:51:19.739Z"
  },
  "_class": "com.lamnguyen.media_service.model.Media"
},
{
  "_id": "68260d770b61125185463818",
  "path": "bf0bb3b8-f3ef-45cb-8db1-7c15478c4d41.jpg",
  "displayName": "bf0bb3b8-f3ef-45cb-8db1-7c15478c4d41",
  "parentPath": "D:\\tai_lieu_hoc_tap\\chuyen_de_web\\fashion_e_commerce\\resources",
  "extend": "jpg",
  "fileName": "bf0bb3b8-f3ef-45cb-8db1-7c15478c4d41.jpg",
  "is_lock": false,
  "createBy": "kiminonawa1305@gmail.com",
  "createAt": {
    "$date": "2025-05-15T15:51:19.817Z"
  },
  "updateBy": "kiminonawa1305@gmail.com",
  "updateAt": {
    "$date": "2025-05-15T15:51:19.817Z"
  },
  "_class": "com.lamnguyen.media_service.model.Media"
},
{
  "_id": "68260d770b61125185463819",
  "path": "919b56e3-ac48-464c-a632-bd2c5339b4b2.jpg",
  "displayName": "919b56e3-ac48-464c-a632-bd2c5339b4b2",
  "parentPath": "D:\\tai_lieu_hoc_tap\\chuyen_de_web\\fashion_e_commerce\\resources",
  "extend": "jpg",
  "fileName": "919b56e3-ac48-464c-a632-bd2c5339b4b2.jpg",
  "is_lock": false,
  "createBy": "kiminonawa1305@gmail.com",
  "createAt": {
    "$date": "2025-05-15T15:51:19.897Z"
  },
  "updateBy": "kiminonawa1305@gmail.com",
  "updateAt": {
    "$date": "2025-05-15T15:51:19.897Z"
  },
  "_class": "com.lamnguyen.media_service.model.Media"
},
{
  "_id": "68260d780b6112518546381a",
  "path": "fbeba533-847f-47e5-ad39-67fd38c7c76c.jpg",
  "displayName": "fbeba533-847f-47e5-ad39-67fd38c7c76c",
  "parentPath": "D:\\tai_lieu_hoc_tap\\chuyen_de_web\\fashion_e_commerce\\resources",
  "extend": "jpg",
  "fileName": "fbeba533-847f-47e5-ad39-67fd38c7c76c.jpg",
  "is_lock": false,
  "createBy": "kiminonawa1305@gmail.com",
  "createAt": {
    "$date": "2025-05-15T15:51:20.023Z"
  },
  "updateBy": "kiminonawa1305@gmail.com",
  "updateAt": {
    "$date": "2025-05-15T15:51:20.023Z"
  },
  "_class": "com.lamnguyen.media_service.model.Media"
},
{
  "_id": "68260d780b6112518546381b",
  "path": "c3d1f758-35de-4f2a-87a2-cfab255a10a7.jpg",
  "displayName": "c3d1f758-35de-4f2a-87a2-cfab255a10a7",
  "parentPath": "D:\\tai_lieu_hoc_tap\\chuyen_de_web\\fashion_e_commerce\\resources",
  "extend": "jpg",
  "fileName": "c3d1f758-35de-4f2a-87a2-cfab255a10a7.jpg",
  "is_lock": false,
  "createBy": "kiminonawa1305@gmail.com",
  "createAt": {
    "$date": "2025-05-15T15:51:20.133Z"
  },
  "updateBy": "kiminonawa1305@gmail.com",
  "updateAt": {
    "$date": "2025-05-15T15:51:20.133Z"
  },
  "_class": "com.lamnguyen.media_service.model.Media"
},
{
  "_id": "68260d780b6112518546381c",
  "path": "ad385c41-4e27-4a4c-a3d2-398d7d776b6b.jpg",
  "displayName": "ad385c41-4e27-4a4c-a3d2-398d7d776b6b",
  "parentPath": "D:\\tai_lieu_hoc_tap\\chuyen_de_web\\fashion_e_commerce\\resources",
  "extend": "jpg",
  "fileName": "ad385c41-4e27-4a4c-a3d2-398d7d776b6b.jpg",
  "is_lock": false,
  "createBy": "kiminonawa1305@gmail.com",
  "createAt": {
    "$date": "2025-05-15T15:51:20.376Z"
  },
  "updateBy": "kiminonawa1305@gmail.com",
  "updateAt": {
    "$date": "2025-05-15T15:51:20.376Z"
  },
  "_class": "com.lamnguyen.media_service.model.Media"
},
{
  "_id": "68260d780b6112518546381d",
  "path": "46eb1a68-7ccd-43c1-9af8-0ee21a1232de.jpg",
  "displayName": "46eb1a68-7ccd-43c1-9af8-0ee21a1232de",
  "parentPath": "D:\\tai_lieu_hoc_tap\\chuyen_de_web\\fashion_e_commerce\\resources",
  "extend": "jpg",
  "fileName": "46eb1a68-7ccd-43c1-9af8-0ee21a1232de.jpg",
  "is_lock": false,
  "createBy": "kiminonawa1305@gmail.com",
  "createAt": {
    "$date": "2025-05-15T15:51:20.478Z"
  },
  "updateBy": "kiminonawa1305@gmail.com",
  "updateAt": {
    "$date": "2025-05-15T15:51:20.478Z"
  },
  "_class": "com.lamnguyen.media_service.model.Media"
},
{
  "_id": "68260d780b6112518546381e",
  "path": "24469952-b604-48da-8c0b-8af15fb04d73.jpg",
  "displayName": "24469952-b604-48da-8c0b-8af15fb04d73",
  "parentPath": "D:\\tai_lieu_hoc_tap\\chuyen_de_web\\fashion_e_commerce\\resources",
  "extend": "jpg",
  "fileName": "24469952-b604-48da-8c0b-8af15fb04d73.jpg",
  "is_lock": false,
  "createBy": "kiminonawa1305@gmail.com",
  "createAt": {
    "$date": "2025-05-15T15:51:20.613Z"
  },
  "updateBy": "kiminonawa1305@gmail.com",
  "updateAt": {
    "$date": "2025-05-15T15:51:20.613Z"
  },
  "_class": "com.lamnguyen.media_service.model.Media"
},
{
  "_id": "68260d780b6112518546381f",
  "path": "7b0f3d74-ba6e-49ee-bbad-c2ac1494c44f.jpg",
  "displayName": "7b0f3d74-ba6e-49ee-bbad-c2ac1494c44f",
  "parentPath": "D:\\tai_lieu_hoc_tap\\chuyen_de_web\\fashion_e_commerce\\resources",
  "extend": "jpg",
  "fileName": "7b0f3d74-ba6e-49ee-bbad-c2ac1494c44f.jpg",
  "is_lock": false,
  "createBy": "kiminonawa1305@gmail.com",
  "createAt": {
    "$date": "2025-05-15T15:51:20.704Z"
  },
  "updateBy": "kiminonawa1305@gmail.com",
  "updateAt": {
    "$date": "2025-05-15T15:51:20.704Z"
  },
  "_class": "com.lamnguyen.media_service.model.Media"
},
{
  "_id": "68260d780b61125185463820",
  "path": "40192b86-9429-40b2-88a8-36fa84963ad3.jpg",
  "displayName": "40192b86-9429-40b2-88a8-36fa84963ad3",
  "parentPath": "D:\\tai_lieu_hoc_tap\\chuyen_de_web\\fashion_e_commerce\\resources",
  "extend": "jpg",
  "fileName": "40192b86-9429-40b2-88a8-36fa84963ad3.jpg",
  "is_lock": false,
  "createBy": "kiminonawa1305@gmail.com",
  "createAt": {
    "$date": "2025-05-15T15:51:20.824Z"
  },
  "updateBy": "kiminonawa1305@gmail.com",
  "updateAt": {
    "$date": "2025-05-15T15:51:20.824Z"
  },
  "_class": "com.lamnguyen.media_service.model.Media"
},
{
  "_id": "68260d780b61125185463821",
  "path": "4b5d328d-a94a-4f85-a88b-f60f60081a33.jpg",
  "displayName": "4b5d328d-a94a-4f85-a88b-f60f60081a33",
  "parentPath": "D:\\tai_lieu_hoc_tap\\chuyen_de_web\\fashion_e_commerce\\resources",
  "extend": "jpg",
  "fileName": "4b5d328d-a94a-4f85-a88b-f60f60081a33.jpg",
  "is_lock": false,
  "createBy": "kiminonawa1305@gmail.com",
  "createAt": {
    "$date": "2025-05-15T15:51:20.945Z"
  },
  "updateBy": "kiminonawa1305@gmail.com",
  "updateAt": {
    "$date": "2025-05-15T15:51:20.945Z"
  },
  "_class": "com.lamnguyen.media_service.model.Media"
},
{
  "_id": "68260d790b61125185463822",
  "path": "f0ab91bd-0788-4317-8347-0ade22ea27ca.jpg",
  "displayName": "f0ab91bd-0788-4317-8347-0ade22ea27ca",
  "parentPath": "D:\\tai_lieu_hoc_tap\\chuyen_de_web\\fashion_e_commerce\\resources",
  "extend": "jpg",
  "fileName": "f0ab91bd-0788-4317-8347-0ade22ea27ca.jpg",
  "is_lock": false,
  "createBy": "kiminonawa1305@gmail.com",
  "createAt": {
    "$date": "2025-05-15T15:51:21.068Z"
  },
  "updateBy": "kiminonawa1305@gmail.com",
  "updateAt": {
    "$date": "2025-05-15T15:51:21.068Z"
  },
  "_class": "com.lamnguyen.media_service.model.Media"
},
{
  "_id": "68260d790b61125185463823",
  "path": "9ae239be-c851-4aa4-98ac-bb710f5406ae.jpg",
  "displayName": "9ae239be-c851-4aa4-98ac-bb710f5406ae",
  "parentPath": "D:\\tai_lieu_hoc_tap\\chuyen_de_web\\fashion_e_commerce\\resources",
  "extend": "jpg",
  "fileName": "9ae239be-c851-4aa4-98ac-bb710f5406ae.jpg",
  "is_lock": false,
  "createBy": "kiminonawa1305@gmail.com",
  "createAt": {
    "$date": "2025-05-15T15:51:21.183Z"
  },
  "updateBy": "kiminonawa1305@gmail.com",
  "updateAt": {
    "$date": "2025-05-15T15:51:21.183Z"
  },
  "_class": "com.lamnguyen.media_service.model.Media"
},
{
  "_id": "68260d790b61125185463824",
  "path": "e9fdef49-1b65-4d31-9bcf-5d5d2187a7ee.jpg",
  "displayName": "e9fdef49-1b65-4d31-9bcf-5d5d2187a7ee",
  "parentPath": "D:\\tai_lieu_hoc_tap\\chuyen_de_web\\fashion_e_commerce\\resources",
  "extend": "jpg",
  "fileName": "e9fdef49-1b65-4d31-9bcf-5d5d2187a7ee.jpg",
  "is_lock": false,
  "createBy": "kiminonawa1305@gmail.com",
  "createAt": {
    "$date": "2025-05-15T15:51:21.300Z"
  },
  "updateBy": "kiminonawa1305@gmail.com",
  "updateAt": {
    "$date": "2025-05-15T15:51:21.300Z"
  },
  "_class": "com.lamnguyen.media_service.model.Media"
},
{
  "_id": "68260d790b61125185463825",
  "path": "d545bbd8-ecc5-42bc-951c-9a8557c9f81e.jpg",
  "displayName": "d545bbd8-ecc5-42bc-951c-9a8557c9f81e",
  "parentPath": "D:\\tai_lieu_hoc_tap\\chuyen_de_web\\fashion_e_commerce\\resources",
  "extend": "jpg",
  "fileName": "d545bbd8-ecc5-42bc-951c-9a8557c9f81e.jpg",
  "is_lock": false,
  "createBy": "kiminonawa1305@gmail.com",
  "createAt": {
    "$date": "2025-05-15T15:51:21.410Z"
  },
  "updateBy": "kiminonawa1305@gmail.com",
  "updateAt": {
    "$date": "2025-05-15T15:51:21.410Z"
  },
  "_class": "com.lamnguyen.media_service.model.Media"
},
{
  "_id": "68260d790b61125185463826",
  "path": "008e5acf-ec63-469f-9ec8-b7f1bedf77cb.jpg",
  "displayName": "008e5acf-ec63-469f-9ec8-b7f1bedf77cb",
  "parentPath": "D:\\tai_lieu_hoc_tap\\chuyen_de_web\\fashion_e_commerce\\resources",
  "extend": "jpg",
  "fileName": "008e5acf-ec63-469f-9ec8-b7f1bedf77cb.jpg",
  "is_lock": false,
  "createBy": "kiminonawa1305@gmail.com",
  "createAt": {
    "$date": "2025-05-15T15:51:21.505Z"
  },
  "updateBy": "kiminonawa1305@gmail.com",
  "updateAt": {
    "$date": "2025-05-15T15:51:21.505Z"
  },
  "_class": "com.lamnguyen.media_service.model.Media"
},
{
  "_id": "68260d790b61125185463827",
  "path": "6a20d790-d2a5-434a-864d-675f5649ee1a.jpg",
  "displayName": "6a20d790-d2a5-434a-864d-675f5649ee1a",
  "parentPath": "D:\\tai_lieu_hoc_tap\\chuyen_de_web\\fashion_e_commerce\\resources",
  "extend": "jpg",
  "fileName": "6a20d790-d2a5-434a-864d-675f5649ee1a.jpg",
  "is_lock": false,
  "createBy": "kiminonawa1305@gmail.com",
  "createAt": {
    "$date": "2025-05-15T15:51:21.608Z"
  },
  "updateBy": "kiminonawa1305@gmail.com",
  "updateAt": {
    "$date": "2025-05-15T15:51:21.608Z"
  },
  "_class": "com.lamnguyen.media_service.model.Media"
},
{
  "_id": "68260d790b61125185463828",
  "path": "50746332-66bc-41f9-8529-570998136a06.jpg",
  "displayName": "50746332-66bc-41f9-8529-570998136a06",
  "parentPath": "D:\\tai_lieu_hoc_tap\\chuyen_de_web\\fashion_e_commerce\\resources",
  "extend": "jpg",
  "fileName": "50746332-66bc-41f9-8529-570998136a06.jpg",
  "is_lock": false,
  "createBy": "kiminonawa1305@gmail.com",
  "createAt": {
    "$date": "2025-05-15T15:51:21.720Z"
  },
  "updateBy": "kiminonawa1305@gmail.com",
  "updateAt": {
    "$date": "2025-05-15T15:51:21.720Z"
  },
  "_class": "com.lamnguyen.media_service.model.Media"
},
{
  "_id": "68260d790b61125185463829",
  "path": "bf5e9c4a-74c2-469c-b904-b21a8a331be3.jpg",
  "displayName": "bf5e9c4a-74c2-469c-b904-b21a8a331be3",
  "parentPath": "D:\\tai_lieu_hoc_tap\\chuyen_de_web\\fashion_e_commerce\\resources",
  "extend": "jpg",
  "fileName": "bf5e9c4a-74c2-469c-b904-b21a8a331be3.jpg",
  "is_lock": false,
  "createBy": "kiminonawa1305@gmail.com",
  "createAt": {
    "$date": "2025-05-15T15:51:21.859Z"
  },
  "updateBy": "kiminonawa1305@gmail.com",
  "updateAt": {
    "$date": "2025-05-15T15:51:21.859Z"
  },
  "_class": "com.lamnguyen.media_service.model.Media"
},
{
  "_id": "68260d790b6112518546382a",
  "path": "474cc01d-edbc-41d8-80ad-5d7828170e9d.jpg",
  "displayName": "474cc01d-edbc-41d8-80ad-5d7828170e9d",
  "parentPath": "D:\\tai_lieu_hoc_tap\\chuyen_de_web\\fashion_e_commerce\\resources",
  "extend": "jpg",
  "fileName": "474cc01d-edbc-41d8-80ad-5d7828170e9d.jpg",
  "is_lock": false,
  "createBy": "kiminonawa1305@gmail.com",
  "createAt": {
    "$date": "2025-05-15T15:51:21.980Z"
  },
  "updateBy": "kiminonawa1305@gmail.com",
  "updateAt": {
    "$date": "2025-05-15T15:51:21.980Z"
  },
  "_class": "com.lamnguyen.media_service.model.Media"
},
{
  "_id": "68260d7a0b6112518546382b",
  "path": "ccef57c5-2cc5-4e63-b969-2209a4694d86.jpg",
  "displayName": "ccef57c5-2cc5-4e63-b969-2209a4694d86",
  "parentPath": "D:\\tai_lieu_hoc_tap\\chuyen_de_web\\fashion_e_commerce\\resources",
  "extend": "jpg",
  "fileName": "ccef57c5-2cc5-4e63-b969-2209a4694d86.jpg",
  "is_lock": false,
  "createBy": "kiminonawa1305@gmail.com",
  "createAt": {
    "$date": "2025-05-15T15:51:22.098Z"
  },
  "updateBy": "kiminonawa1305@gmail.com",
  "updateAt": {
    "$date": "2025-05-15T15:51:22.098Z"
  },
  "_class": "com.lamnguyen.media_service.model.Media"
},
{
  "_id": "68260d7a0b6112518546382c",
  "path": "8b925be0-8e15-4a18-aabd-ac628cf01592.jpg",
  "displayName": "8b925be0-8e15-4a18-aabd-ac628cf01592",
  "parentPath": "D:\\tai_lieu_hoc_tap\\chuyen_de_web\\fashion_e_commerce\\resources",
  "extend": "jpg",
  "fileName": "8b925be0-8e15-4a18-aabd-ac628cf01592.jpg",
  "is_lock": false,
  "createBy": "kiminonawa1305@gmail.com",
  "createAt": {
    "$date": "2025-05-15T15:51:22.235Z"
  },
  "updateBy": "kiminonawa1305@gmail.com",
  "updateAt": {
    "$date": "2025-05-15T15:51:22.235Z"
  },
  "_class": "com.lamnguyen.media_service.model.Media"
},
{
  "_id": "68260d7a0b6112518546382d",
  "path": "1c8c6915-d27f-4412-bb7b-7af7fa442321.jpg",
  "displayName": "1c8c6915-d27f-4412-bb7b-7af7fa442321",
  "parentPath": "D:\\tai_lieu_hoc_tap\\chuyen_de_web\\fashion_e_commerce\\resources",
  "extend": "jpg",
  "fileName": "1c8c6915-d27f-4412-bb7b-7af7fa442321.jpg",
  "is_lock": false,
  "createBy": "kiminonawa1305@gmail.com",
  "createAt": {
    "$date": "2025-05-15T15:51:22.704Z"
  },
  "updateBy": "kiminonawa1305@gmail.com",
  "updateAt": {
    "$date": "2025-05-15T15:51:22.704Z"
  },
  "_class": "com.lamnguyen.media_service.model.Media"
},
{
  "_id": "68260d7a0b6112518546382e",
  "path": "5fde4ccb-82ed-4a94-8af4-f38981dd0437.jpg",
  "displayName": "5fde4ccb-82ed-4a94-8af4-f38981dd0437",
  "parentPath": "D:\\tai_lieu_hoc_tap\\chuyen_de_web\\fashion_e_commerce\\resources",
  "extend": "jpg",
  "fileName": "5fde4ccb-82ed-4a94-8af4-f38981dd0437.jpg",
  "is_lock": false,
  "createBy": "kiminonawa1305@gmail.com",
  "createAt": {
    "$date": "2025-05-15T15:51:22.840Z"
  },
  "updateBy": "kiminonawa1305@gmail.com",
  "updateAt": {
    "$date": "2025-05-15T15:51:22.840Z"
  },
  "_class": "com.lamnguyen.media_service.model.Media"
}]