[{
  "_id": "682604920b61125185462c5a",
  "path": "3c4bb911-4d49-4aeb-a2b0-eae15fb0256b.jpg",
  "displayName": "3c4bb911-4d49-4aeb-a2b0-eae15fb0256b",
  "parentPath": "D:\\tai_lieu_hoc_tap\\chuyen_de_web\\fashion_e_commerce\\resources",
  "extend": "jpg",
  "fileName": "3c4bb911-4d49-4aeb-a2b0-eae15fb0256b.jpg",
  "is_lock": false,
  "createBy": "kiminonawa1305@gmail.com",
  "createAt": {
    "$date": "2025-05-15T15:13:22.229Z"
  },
  "updateBy": "kiminonawa1305@gmail.com",
  "updateAt": {
    "$date": "2025-05-15T15:13:22.229Z"
  },
  "_class": "com.lamnguyen.media_service.model.Media"
},
{
  "_id": "682604920b61125185462c5b",
  "path": "39c92b81-3cbb-48aa-b6ed-dcfe98c6b8f1.jpg",
  "displayName": "39c92b81-3cbb-48aa-b6ed-dcfe98c6b8f1",
  "parentPath": "D:\\tai_lieu_hoc_tap\\chuyen_de_web\\fashion_e_commerce\\resources",
  "extend": "jpg",
  "fileName": "39c92b81-3cbb-48aa-b6ed-dcfe98c6b8f1.jpg",
  "is_lock": false,
  "createBy": "kiminonawa1305@gmail.com",
  "createAt": {
    "$date": "2025-05-15T15:13:22.377Z"
  },
  "updateBy": "kiminonawa1305@gmail.com",
  "updateAt": {
    "$date": "2025-05-15T15:13:22.377Z"
  },
  "_class": "com.lamnguyen.media_service.model.Media"
},
{
  "_id": "682604920b61125185462c5c",
  "path": "c239cd7c-5127-42ba-bb92-fcb21c8fd9a1.jpg",
  "displayName": "c239cd7c-5127-42ba-bb92-fcb21c8fd9a1",
  "parentPath": "D:\\tai_lieu_hoc_tap\\chuyen_de_web\\fashion_e_commerce\\resources",
  "extend": "jpg",
  "fileName": "c239cd7c-5127-42ba-bb92-fcb21c8fd9a1.jpg",
  "is_lock": false,
  "createBy": "kiminonawa1305@gmail.com",
  "createAt": {
    "$date": "2025-05-15T15:13:22.481Z"
  },
  "updateBy": "kiminonawa1305@gmail.com",
  "updateAt": {
    "$date": "2025-05-15T15:13:22.481Z"
  },
  "_class": "com.lamnguyen.media_service.model.Media"
},
{
  "_id": "682604920b61125185462c5d",
  "path": "440aa5bd-d6e2-4723-b342-01920a1bf6d3.jpg",
  "displayName": "440aa5bd-d6e2-4723-b342-01920a1bf6d3",
  "parentPath": "D:\\tai_lieu_hoc_tap\\chuyen_de_web\\fashion_e_commerce\\resources",
  "extend": "jpg",
  "fileName": "440aa5bd-d6e2-4723-b342-01920a1bf6d3.jpg",
  "is_lock": false,
  "createBy": "kiminonawa1305@gmail.com",
  "createAt": {
    "$date": "2025-05-15T15:13:22.576Z"
  },
  "updateBy": "kiminonawa1305@gmail.com",
  "updateAt": {
    "$date": "2025-05-15T15:13:22.576Z"
  },
  "_class": "com.lamnguyen.media_service.model.Media"
},
{
  "_id": "682604920b61125185462c5e",
  "path": "906cdf2e-1c2f-446a-83fc-4a0e72cb0c9b.jpg",
  "displayName": "906cdf2e-1c2f-446a-83fc-4a0e72cb0c9b",
  "parentPath": "D:\\tai_lieu_hoc_tap\\chuyen_de_web\\fashion_e_commerce\\resources",
  "extend": "jpg",
  "fileName": "906cdf2e-1c2f-446a-83fc-4a0e72cb0c9b.jpg",
  "is_lock": false,
  "createBy": "kiminonawa1305@gmail.com",
  "createAt": {
    "$date": "2025-05-15T15:13:22.668Z"
  },
  "updateBy": "kiminonawa1305@gmail.com",
  "updateAt": {
    "$date": "2025-05-15T15:13:22.668Z"
  },
  "_class": "com.lamnguyen.media_service.model.Media"
},
{
  "_id": "682604920b61125185462c5f",
  "path": "e1fc85df-d9fd-4e87-88cc-24e44f797943.jpg",
  "displayName": "e1fc85df-d9fd-4e87-88cc-24e44f797943",
  "parentPath": "D:\\tai_lieu_hoc_tap\\chuyen_de_web\\fashion_e_commerce\\resources",
  "extend": "jpg",
  "fileName": "e1fc85df-d9fd-4e87-88cc-24e44f797943.jpg",
  "is_lock": false,
  "createBy": "kiminonawa1305@gmail.com",
  "createAt": {
    "$date": "2025-05-15T15:13:22.763Z"
  },
  "updateBy": "kiminonawa1305@gmail.com",
  "updateAt": {
    "$date": "2025-05-15T15:13:22.763Z"
  },
  "_class": "com.lamnguyen.media_service.model.Media"
},
{
  "_id": "682604920b61125185462c60",
  "path": "ec3e4a2c-c4ca-4200-ab61-da11f847df54.jpg",
  "displayName": "ec3e4a2c-c4ca-4200-ab61-da11f847df54",
  "parentPath": "D:\\tai_lieu_hoc_tap\\chuyen_de_web\\fashion_e_commerce\\resources",
  "extend": "jpg",
  "fileName": "ec3e4a2c-c4ca-4200-ab61-da11f847df54.jpg",
  "is_lock": false,
  "createBy": "kiminonawa1305@gmail.com",
  "createAt": {
    "$date": "2025-05-15T15:13:22.843Z"
  },
  "updateBy": "kiminonawa1305@gmail.com",
  "updateAt": {
    "$date": "2025-05-15T15:13:22.843Z"
  },
  "_class": "com.lamnguyen.media_service.model.Media"
},
{
  "_id": "682604920b61125185462c61",
  "path": "5b2d4b8a-799c-47bf-ae7c-c6894fa6d6d8.jpg",
  "displayName": "5b2d4b8a-799c-47bf-ae7c-c6894fa6d6d8",
  "parentPath": "D:\\tai_lieu_hoc_tap\\chuyen_de_web\\fashion_e_commerce\\resources",
  "extend": "jpg",
  "fileName": "5b2d4b8a-799c-47bf-ae7c-c6894fa6d6d8.jpg",
  "is_lock": false,
  "createBy": "kiminonawa1305@gmail.com",
  "createAt": {
    "$date": "2025-05-15T15:13:22.956Z"
  },
  "updateBy": "kiminonawa1305@gmail.com",
  "updateAt": {
    "$date": "2025-05-15T15:13:22.956Z"
  },
  "_class": "com.lamnguyen.media_service.model.Media"
},
{
  "_id": "682604930b61125185462c62",
  "path": "c0fc4552-e2a5-4d23-b081-a01da99b5e38.jpg",
  "displayName": "c0fc4552-e2a5-4d23-b081-a01da99b5e38",
  "parentPath": "D:\\tai_lieu_hoc_tap\\chuyen_de_web\\fashion_e_commerce\\resources",
  "extend": "jpg",
  "fileName": "c0fc4552-e2a5-4d23-b081-a01da99b5e38.jpg",
  "is_lock": false,
  "createBy": "kiminonawa1305@gmail.com",
  "createAt": {
    "$date": "2025-05-15T15:13:23.055Z"
  },
  "updateBy": "kiminonawa1305@gmail.com",
  "updateAt": {
    "$date": "2025-05-15T15:13:23.055Z"
  },
  "_class": "com.lamnguyen.media_service.model.Media"
},
{
  "_id": "682604930b61125185462c63",
  "path": "af4b8a1f-b3b5-4e70-8a70-1413b62bef73.jpg",
  "displayName": "af4b8a1f-b3b5-4e70-8a70-1413b62bef73",
  "parentPath": "D:\\tai_lieu_hoc_tap\\chuyen_de_web\\fashion_e_commerce\\resources",
  "extend": "jpg",
  "fileName": "af4b8a1f-b3b5-4e70-8a70-1413b62bef73.jpg",
  "is_lock": false,
  "createBy": "kiminonawa1305@gmail.com",
  "createAt": {
    "$date": "2025-05-15T15:13:23.177Z"
  },
  "updateBy": "kiminonawa1305@gmail.com",
  "updateAt": {
    "$date": "2025-05-15T15:13:23.177Z"
  },
  "_class": "com.lamnguyen.media_service.model.Media"
},
{
  "_id": "682604930b61125185462c64",
  "path": "647a7fd1-4a53-4b91-b037-ffe3da2c03a8.jpg",
  "displayName": "647a7fd1-4a53-4b91-b037-ffe3da2c03a8",
  "parentPath": "D:\\tai_lieu_hoc_tap\\chuyen_de_web\\fashion_e_commerce\\resources",
  "extend": "jpg",
  "fileName": "647a7fd1-4a53-4b91-b037-ffe3da2c03a8.jpg",
  "is_lock": false,
  "createBy": "kiminonawa1305@gmail.com",
  "createAt": {
    "$date": "2025-05-15T15:13:23.265Z"
  },
  "updateBy": "kiminonawa1305@gmail.com",
  "updateAt": {
    "$date": "2025-05-15T15:13:23.265Z"
  },
  "_class": "com.lamnguyen.media_service.model.Media"
},
{
  "_id": "682604930b61125185462c65",
  "path": "c13c0aee-a4b3-43e6-b81b-3644d9be62a6.jpg",
  "displayName": "c13c0aee-a4b3-43e6-b81b-3644d9be62a6",
  "parentPath": "D:\\tai_lieu_hoc_tap\\chuyen_de_web\\fashion_e_commerce\\resources",
  "extend": "jpg",
  "fileName": "c13c0aee-a4b3-43e6-b81b-3644d9be62a6.jpg",
  "is_lock": false,
  "createBy": "kiminonawa1305@gmail.com",
  "createAt": {
    "$date": "2025-05-15T15:13:23.565Z"
  },
  "updateBy": "kiminonawa1305@gmail.com",
  "updateAt": {
    "$date": "2025-05-15T15:13:23.565Z"
  },
  "_class": "com.lamnguyen.media_service.model.Media"
},
{
  "_id": "682604930b61125185462c66",
  "path": "d054f5f1-f9cb-47a8-9130-518f61709d17.jpg",
  "displayName": "d054f5f1-f9cb-47a8-9130-518f61709d17",
  "parentPath": "D:\\tai_lieu_hoc_tap\\chuyen_de_web\\fashion_e_commerce\\resources",
  "extend": "jpg",
  "fileName": "d054f5f1-f9cb-47a8-9130-518f61709d17.jpg",
  "is_lock": false,
  "createBy": "kiminonawa1305@gmail.com",
  "createAt": {
    "$date": "2025-05-15T15:13:23.670Z"
  },
  "updateBy": "kiminonawa1305@gmail.com",
  "updateAt": {
    "$date": "2025-05-15T15:13:23.670Z"
  },
  "_class": "com.lamnguyen.media_service.model.Media"
},
{
  "_id": "682604930b61125185462c67",
  "path": "da70b29f-edbb-4f8f-ab76-f169bbb5c05e.jpg",
  "displayName": "da70b29f-edbb-4f8f-ab76-f169bbb5c05e",
  "parentPath": "D:\\tai_lieu_hoc_tap\\chuyen_de_web\\fashion_e_commerce\\resources",
  "extend": "jpg",
  "fileName": "da70b29f-edbb-4f8f-ab76-f169bbb5c05e.jpg",
  "is_lock": false,
  "createBy": "kiminonawa1305@gmail.com",
  "createAt": {
    "$date": "2025-05-15T15:13:23.799Z"
  },
  "updateBy": "kiminonawa1305@gmail.com",
  "updateAt": {
    "$date": "2025-05-15T15:13:23.799Z"
  },
  "_class": "com.lamnguyen.media_service.model.Media"
},
{
  "_id": "682604930b61125185462c68",
  "path": "0e8d7468-5954-4857-979a-66c5d3ed89a3.jpg",
  "displayName": "0e8d7468-5954-4857-979a-66c5d3ed89a3",
  "parentPath": "D:\\tai_lieu_hoc_tap\\chuyen_de_web\\fashion_e_commerce\\resources",
  "extend": "jpg",
  "fileName": "0e8d7468-5954-4857-979a-66c5d3ed89a3.jpg",
  "is_lock": false,
  "createBy": "kiminonawa1305@gmail.com",
  "createAt": {
    "$date": "2025-05-15T15:13:23.900Z"
  },
  "updateBy": "kiminonawa1305@gmail.com",
  "updateAt": {
    "$date": "2025-05-15T15:13:23.900Z"
  },
  "_class": "com.lamnguyen.media_service.model.Media"
},
{
  "_id": "682604940b61125185462c69",
  "path": "d5d38948-9a53-40c8-8e34-9eef906244bb.jpg",
  "displayName": "d5d38948-9a53-40c8-8e34-9eef906244bb",
  "parentPath": "D:\\tai_lieu_hoc_tap\\chuyen_de_web\\fashion_e_commerce\\resources",
  "extend": "jpg",
  "fileName": "d5d38948-9a53-40c8-8e34-9eef906244bb.jpg",
  "is_lock": false,
  "createBy": "kiminonawa1305@gmail.com",
  "createAt": {
    "$date": "2025-05-15T15:13:24.008Z"
  },
  "updateBy": "kiminonawa1305@gmail.com",
  "updateAt": {
    "$date": "2025-05-15T15:13:24.008Z"
  },
  "_class": "com.lamnguyen.media_service.model.Media"
},
{
  "_id": "682604940b61125185462c6a",
  "path": "fa5343ff-87da-40b0-8e15-bbec3175b8c1.jpg",
  "displayName": "fa5343ff-87da-40b0-8e15-bbec3175b8c1",
  "parentPath": "D:\\tai_lieu_hoc_tap\\chuyen_de_web\\fashion_e_commerce\\resources",
  "extend": "jpg",
  "fileName": "fa5343ff-87da-40b0-8e15-bbec3175b8c1.jpg",
  "is_lock": false,
  "createBy": "kiminonawa1305@gmail.com",
  "createAt": {
    "$date": "2025-05-15T15:13:24.115Z"
  },
  "updateBy": "kiminonawa1305@gmail.com",
  "updateAt": {
    "$date": "2025-05-15T15:13:24.115Z"
  },
  "_class": "com.lamnguyen.media_service.model.Media"
},
{
  "_id": "682604940b61125185462c6b",
  "path": "496a9d4a-b0e0-4838-ac4c-f872c46d9a09.jpg",
  "displayName": "496a9d4a-b0e0-4838-ac4c-f872c46d9a09",
  "parentPath": "D:\\tai_lieu_hoc_tap\\chuyen_de_web\\fashion_e_commerce\\resources",
  "extend": "jpg",
  "fileName": "496a9d4a-b0e0-4838-ac4c-f872c46d9a09.jpg",
  "is_lock": false,
  "createBy": "kiminonawa1305@gmail.com",
  "createAt": {
    "$date": "2025-05-15T15:13:24.219Z"
  },
  "updateBy": "kiminonawa1305@gmail.com",
  "updateAt": {
    "$date": "2025-05-15T15:13:24.219Z"
  },
  "_class": "com.lamnguyen.media_service.model.Media"
},
{
  "_id": "682604940b61125185462c6c",
  "path": "1d8d8086-96c5-4617-af96-3a0ad1587ddb.jpg",
  "displayName": "1d8d8086-96c5-4617-af96-3a0ad1587ddb",
  "parentPath": "D:\\tai_lieu_hoc_tap\\chuyen_de_web\\fashion_e_commerce\\resources",
  "extend": "jpg",
  "fileName": "1d8d8086-96c5-4617-af96-3a0ad1587ddb.jpg",
  "is_lock": false,
  "createBy": "kiminonawa1305@gmail.com",
  "createAt": {
    "$date": "2025-05-15T15:13:24.332Z"
  },
  "updateBy": "kiminonawa1305@gmail.com",
  "updateAt": {
    "$date": "2025-05-15T15:13:24.332Z"
  },
  "_class": "com.lamnguyen.media_service.model.Media"
},
{
  "_id": "682604940b61125185462c6d",
  "path": "ee98a30a-f31d-4cab-be6d-052e307c857b.jpg",
  "displayName": "ee98a30a-f31d-4cab-be6d-052e307c857b",
  "parentPath": "D:\\tai_lieu_hoc_tap\\chuyen_de_web\\fashion_e_commerce\\resources",
  "extend": "jpg",
  "fileName": "ee98a30a-f31d-4cab-be6d-052e307c857b.jpg",
  "is_lock": false,
  "createBy": "kiminonawa1305@gmail.com",
  "createAt": {
    "$date": "2025-05-15T15:13:24.430Z"
  },
  "updateBy": "kiminonawa1305@gmail.com",
  "updateAt": {
    "$date": "2025-05-15T15:13:24.430Z"
  },
  "_class": "com.lamnguyen.media_service.model.Media"
},
{
  "_id": "682604940b61125185462c6e",
  "path": "ec0d034d-15c5-4a22-89e2-93056c20cc75.jpg",
  "displayName": "ec0d034d-15c5-4a22-89e2-93056c20cc75",
  "parentPath": "D:\\tai_lieu_hoc_tap\\chuyen_de_web\\fashion_e_commerce\\resources",
  "extend": "jpg",
  "fileName": "ec0d034d-15c5-4a22-89e2-93056c20cc75.jpg",
  "is_lock": false,
  "createBy": "kiminonawa1305@gmail.com",
  "createAt": {
    "$date": "2025-05-15T15:13:24.613Z"
  },
  "updateBy": "kiminonawa1305@gmail.com",
  "updateAt": {
    "$date": "2025-05-15T15:13:24.613Z"
  },
  "_class": "com.lamnguyen.media_service.model.Media"
},
{
  "_id": "682604940b61125185462c6f",
  "path": "459c8e71-56fa-49d7-ba83-9ab2184f9a68.jpg",
  "displayName": "459c8e71-56fa-49d7-ba83-9ab2184f9a68",
  "parentPath": "D:\\tai_lieu_hoc_tap\\chuyen_de_web\\fashion_e_commerce\\resources",
  "extend": "jpg",
  "fileName": "459c8e71-56fa-49d7-ba83-9ab2184f9a68.jpg",
  "is_lock": false,
  "createBy": "kiminonawa1305@gmail.com",
  "createAt": {
    "$date": "2025-05-15T15:13:24.794Z"
  },
  "updateBy": "kiminonawa1305@gmail.com",
  "updateAt": {
    "$date": "2025-05-15T15:13:24.794Z"
  },
  "_class": "com.lamnguyen.media_service.model.Media"
},
{
  "_id": "682604950b61125185462c70",
  "path": "f13e774e-9b55-4d5e-9201-6176b8f3736f.jpg",
  "displayName": "f13e774e-9b55-4d5e-9201-6176b8f3736f",
  "parentPath": "D:\\tai_lieu_hoc_tap\\chuyen_de_web\\fashion_e_commerce\\resources",
  "extend": "jpg",
  "fileName": "f13e774e-9b55-4d5e-9201-6176b8f3736f.jpg",
  "is_lock": false,
  "createBy": "kiminonawa1305@gmail.com",
  "createAt": {
    "$date": "2025-05-15T15:13:25.051Z"
  },
  "updateBy": "kiminonawa1305@gmail.com",
  "updateAt": {
    "$date": "2025-05-15T15:13:25.051Z"
  },
  "_class": "com.lamnguyen.media_service.model.Media"
},
{
  "_id": "682604950b61125185462c71",
  "path": "d96061f1-e3d7-4e13-9d65-61c47ed74fc9.jpg",
  "displayName": "d96061f1-e3d7-4e13-9d65-61c47ed74fc9",
  "parentPath": "D:\\tai_lieu_hoc_tap\\chuyen_de_web\\fashion_e_commerce\\resources",
  "extend": "jpg",
  "fileName": "d96061f1-e3d7-4e13-9d65-61c47ed74fc9.jpg",
  "is_lock": false,
  "createBy": "kiminonawa1305@gmail.com",
  "createAt": {
    "$date": "2025-05-15T15:13:25.366Z"
  },
  "updateBy": "kiminonawa1305@gmail.com",
  "updateAt": {
    "$date": "2025-05-15T15:13:25.366Z"
  },
  "_class": "com.lamnguyen.media_service.model.Media"
},
{
  "_id": "682604950b61125185462c72",
  "path": "e916e152-f4fa-4e94-9f8f-27efff5f9ca7.jpg",
  "displayName": "e916e152-f4fa-4e94-9f8f-27efff5f9ca7",
  "parentPath": "D:\\tai_lieu_hoc_tap\\chuyen_de_web\\fashion_e_commerce\\resources",
  "extend": "jpg",
  "fileName": "e916e152-f4fa-4e94-9f8f-27efff5f9ca7.jpg",
  "is_lock": false,
  "createBy": "kiminonawa1305@gmail.com",
  "createAt": {
    "$date": "2025-05-15T15:13:25.483Z"
  },
  "updateBy": "kiminonawa1305@gmail.com",
  "updateAt": {
    "$date": "2025-05-15T15:13:25.483Z"
  },
  "_class": "com.lamnguyen.media_service.model.Media"
},
{
  "_id": "682604950b61125185462c73",
  "path": "093d40f1-4140-4d6a-9286-18239f799b41.jpg",
  "displayName": "093d40f1-4140-4d6a-9286-18239f799b41",
  "parentPath": "D:\\tai_lieu_hoc_tap\\chuyen_de_web\\fashion_e_commerce\\resources",
  "extend": "jpg",
  "fileName": "093d40f1-4140-4d6a-9286-18239f799b41.jpg",
  "is_lock": false,
  "createBy": "kiminonawa1305@gmail.com",
  "createAt": {
    "$date": "2025-05-15T15:13:25.638Z"
  },
  "updateBy": "kiminonawa1305@gmail.com",
  "updateAt": {
    "$date": "2025-05-15T15:13:25.638Z"
  },
  "_class": "com.lamnguyen.media_service.model.Media"
},
{
  "_id": "682604950b61125185462c74",
  "path": "fd3ac6a1-a54e-4469-892c-217f0d90b759.jpg",
  "displayName": "fd3ac6a1-a54e-4469-892c-217f0d90b759",
  "parentPath": "D:\\tai_lieu_hoc_tap\\chuyen_de_web\\fashion_e_commerce\\resources",
  "extend": "jpg",
  "fileName": "fd3ac6a1-a54e-4469-892c-217f0d90b759.jpg",
  "is_lock": false,
  "createBy": "kiminonawa1305@gmail.com",
  "createAt": {
    "$date": "2025-05-15T15:13:25.853Z"
  },
  "updateBy": "kiminonawa1305@gmail.com",
  "updateAt": {
    "$date": "2025-05-15T15:13:25.853Z"
  },
  "_class": "com.lamnguyen.media_service.model.Media"
},
{
  "_id": "682604960b61125185462c75",
  "path": "9fae8aa2-65d6-42e0-b88d-535a0329acaf.jpg",
  "displayName": "9fae8aa2-65d6-42e0-b88d-535a0329acaf",
  "parentPath": "D:\\tai_lieu_hoc_tap\\chuyen_de_web\\fashion_e_commerce\\resources",
  "extend": "jpg",
  "fileName": "9fae8aa2-65d6-42e0-b88d-535a0329acaf.jpg",
  "is_lock": false,
  "createBy": "kiminonawa1305@gmail.com",
  "createAt": {
    "$date": "2025-05-15T15:13:26.033Z"
  },
  "updateBy": "kiminonawa1305@gmail.com",
  "updateAt": {
    "$date": "2025-05-15T15:13:26.033Z"
  },
  "_class": "com.lamnguyen.media_service.model.Media"
},
{
  "_id": "682604960b61125185462c76",
  "path": "a7e60350-2cfe-4f99-a503-c9001f7c2ac9.jpg",
  "displayName": "a7e60350-2cfe-4f99-a503-c9001f7c2ac9",
  "parentPath": "D:\\tai_lieu_hoc_tap\\chuyen_de_web\\fashion_e_commerce\\resources",
  "extend": "jpg",
  "fileName": "a7e60350-2cfe-4f99-a503-c9001f7c2ac9.jpg",
  "is_lock": false,
  "createBy": "kiminonawa1305@gmail.com",
  "createAt": {
    "$date": "2025-05-15T15:13:26.113Z"
  },
  "updateBy": "kiminonawa1305@gmail.com",
  "updateAt": {
    "$date": "2025-05-15T15:13:26.113Z"
  },
  "_class": "com.lamnguyen.media_service.model.Media"
},
{
  "_id": "682604960b61125185462c77",
  "path": "b256bbbb-b328-48f8-866a-c6eb0a2ee67f.jpg",
  "displayName": "b256bbbb-b328-48f8-866a-c6eb0a2ee67f",
  "parentPath": "D:\\tai_lieu_hoc_tap\\chuyen_de_web\\fashion_e_commerce\\resources",
  "extend": "jpg",
  "fileName": "b256bbbb-b328-48f8-866a-c6eb0a2ee67f.jpg",
  "is_lock": false,
  "createBy": "kiminonawa1305@gmail.com",
  "createAt": {
    "$date": "2025-05-15T15:13:26.485Z"
  },
  "updateBy": "kiminonawa1305@gmail.com",
  "updateAt": {
    "$date": "2025-05-15T15:13:26.485Z"
  },
  "_class": "com.lamnguyen.media_service.model.Media"
},
{
  "_id": "682604960b61125185462c78",
  "path": "30d7cf24-b4d4-4a27-8fc8-55e8e82402d4.jpg",
  "displayName": "30d7cf24-b4d4-4a27-8fc8-55e8e82402d4",
  "parentPath": "D:\\tai_lieu_hoc_tap\\chuyen_de_web\\fashion_e_commerce\\resources",
  "extend": "jpg",
  "fileName": "30d7cf24-b4d4-4a27-8fc8-55e8e82402d4.jpg",
  "is_lock": false,
  "createBy": "kiminonawa1305@gmail.com",
  "createAt": {
    "$date": "2025-05-15T15:13:26.667Z"
  },
  "updateBy": "kiminonawa1305@gmail.com",
  "updateAt": {
    "$date": "2025-05-15T15:13:26.667Z"
  },
  "_class": "com.lamnguyen.media_service.model.Media"
},
{
  "_id": "682604960b61125185462c79",
  "path": "586322f6-15dc-4d17-b48c-ed152d8e1f59.jpg",
  "displayName": "586322f6-15dc-4d17-b48c-ed152d8e1f59",
  "parentPath": "D:\\tai_lieu_hoc_tap\\chuyen_de_web\\fashion_e_commerce\\resources",
  "extend": "jpg",
  "fileName": "586322f6-15dc-4d17-b48c-ed152d8e1f59.jpg",
  "is_lock": false,
  "createBy": "kiminonawa1305@gmail.com",
  "createAt": {
    "$date": "2025-05-15T15:13:26.858Z"
  },
  "updateBy": "kiminonawa1305@gmail.com",
  "updateAt": {
    "$date": "2025-05-15T15:13:26.858Z"
  },
  "_class": "com.lamnguyen.media_service.model.Media"
},
{
  "_id": "682604970b61125185462c7a",
  "path": "4d1a07dc-5dd4-4052-b9c4-e2cfa727cd7f.jpg",
  "displayName": "4d1a07dc-5dd4-4052-b9c4-e2cfa727cd7f",
  "parentPath": "D:\\tai_lieu_hoc_tap\\chuyen_de_web\\fashion_e_commerce\\resources",
  "extend": "jpg",
  "fileName": "4d1a07dc-5dd4-4052-b9c4-e2cfa727cd7f.jpg",
  "is_lock": false,
  "createBy": "kiminonawa1305@gmail.com",
  "createAt": {
    "$date": "2025-05-15T15:13:27.062Z"
  },
  "updateBy": "kiminonawa1305@gmail.com",
  "updateAt": {
    "$date": "2025-05-15T15:13:27.062Z"
  },
  "_class": "com.lamnguyen.media_service.model.Media"
},
{
  "_id": "682604970b61125185462c7b",
  "path": "a4ac3755-5297-45aa-b3bf-78336e5e8409.jpg",
  "displayName": "a4ac3755-5297-45aa-b3bf-78336e5e8409",
  "parentPath": "D:\\tai_lieu_hoc_tap\\chuyen_de_web\\fashion_e_commerce\\resources",
  "extend": "jpg",
  "fileName": "a4ac3755-5297-45aa-b3bf-78336e5e8409.jpg",
  "is_lock": false,
  "createBy": "kiminonawa1305@gmail.com",
  "createAt": {
    "$date": "2025-05-15T15:13:27.144Z"
  },
  "updateBy": "kiminonawa1305@gmail.com",
  "updateAt": {
    "$date": "2025-05-15T15:13:27.144Z"
  },
  "_class": "com.lamnguyen.media_service.model.Media"
},
{
  "_id": "6826049a0b61125185462c7c",
  "path": "c5e04a6b-baef-428b-8877-a5c67b6cdadd.jpg",
  "displayName": "c5e04a6b-baef-428b-8877-a5c67b6cdadd",
  "parentPath": "D:\\tai_lieu_hoc_tap\\chuyen_de_web\\fashion_e_commerce\\resources",
  "extend": "jpg",
  "fileName": "c5e04a6b-baef-428b-8877-a5c67b6cdadd.jpg",
  "is_lock": false,
  "createBy": "kiminonawa1305@gmail.com",
  "createAt": {
    "$date": "2025-05-15T15:13:30.630Z"
  },
  "updateBy": "kiminonawa1305@gmail.com",
  "updateAt": {
    "$date": "2025-05-15T15:13:30.630Z"
  },
  "_class": "com.lamnguyen.media_service.model.Media"
},
{
  "_id": "6826049a0b61125185462c7d",
  "path": "da5a53d3-4059-46ed-873a-e8bea5417dbc.jpg",
  "displayName": "da5a53d3-4059-46ed-873a-e8bea5417dbc",
  "parentPath": "D:\\tai_lieu_hoc_tap\\chuyen_de_web\\fashion_e_commerce\\resources",
  "extend": "jpg",
  "fileName": "da5a53d3-4059-46ed-873a-e8bea5417dbc.jpg",
  "is_lock": false,
  "createBy": "kiminonawa1305@gmail.com",
  "createAt": {
    "$date": "2025-05-15T15:13:30.715Z"
  },
  "updateBy": "kiminonawa1305@gmail.com",
  "updateAt": {
    "$date": "2025-05-15T15:13:30.715Z"
  },
  "_class": "com.lamnguyen.media_service.model.Media"
},
{
  "_id": "6826049a0b61125185462c7e",
  "path": "58fdb129-ad8b-4053-9ba6-123ae9e94349.jpg",
  "displayName": "58fdb129-ad8b-4053-9ba6-123ae9e94349",
  "parentPath": "D:\\tai_lieu_hoc_tap\\chuyen_de_web\\fashion_e_commerce\\resources",
  "extend": "jpg",
  "fileName": "58fdb129-ad8b-4053-9ba6-123ae9e94349.jpg",
  "is_lock": false,
  "createBy": "kiminonawa1305@gmail.com",
  "createAt": {
    "$date": "2025-05-15T15:13:30.803Z"
  },
  "updateBy": "kiminonawa1305@gmail.com",
  "updateAt": {
    "$date": "2025-05-15T15:13:30.803Z"
  },
  "_class": "com.lamnguyen.media_service.model.Media"
},
{
  "_id": "6826049a0b61125185462c7f",
  "path": "60edb146-a617-4f1f-8857-9bad896f9ab1.jpg",
  "displayName": "60edb146-a617-4f1f-8857-9bad896f9ab1",
  "parentPath": "D:\\tai_lieu_hoc_tap\\chuyen_de_web\\fashion_e_commerce\\resources",
  "extend": "jpg",
  "fileName": "60edb146-a617-4f1f-8857-9bad896f9ab1.jpg",
  "is_lock": false,
  "createBy": "kiminonawa1305@gmail.com",
  "createAt": {
    "$date": "2025-05-15T15:13:30.889Z"
  },
  "updateBy": "kiminonawa1305@gmail.com",
  "updateAt": {
    "$date": "2025-05-15T15:13:30.889Z"
  },
  "_class": "com.lamnguyen.media_service.model.Media"
},
{
  "_id": "6826049a0b61125185462c80",
  "path": "9df8223e-d914-4a18-aeb0-b298791cba1b.jpg",
  "displayName": "9df8223e-d914-4a18-aeb0-b298791cba1b",
  "parentPath": "D:\\tai_lieu_hoc_tap\\chuyen_de_web\\fashion_e_commerce\\resources",
  "extend": "jpg",
  "fileName": "9df8223e-d914-4a18-aeb0-b298791cba1b.jpg",
  "is_lock": false,
  "createBy": "kiminonawa1305@gmail.com",
  "createAt": {
    "$date": "2025-05-15T15:13:30.979Z"
  },
  "updateBy": "kiminonawa1305@gmail.com",
  "updateAt": {
    "$date": "2025-05-15T15:13:30.979Z"
  },
  "_class": "com.lamnguyen.media_service.model.Media"
},
{
  "_id": "6826049b0b61125185462c81",
  "path": "b233b7de-fc00-46e7-8400-02e995d08d50.jpg",
  "displayName": "b233b7de-fc00-46e7-8400-02e995d08d50",
  "parentPath": "D:\\tai_lieu_hoc_tap\\chuyen_de_web\\fashion_e_commerce\\resources",
  "extend": "jpg",
  "fileName": "b233b7de-fc00-46e7-8400-02e995d08d50.jpg",
  "is_lock": false,
  "createBy": "kiminonawa1305@gmail.com",
  "createAt": {
    "$date": "2025-05-15T15:13:31.068Z"
  },
  "updateBy": "kiminonawa1305@gmail.com",
  "updateAt": {
    "$date": "2025-05-15T15:13:31.068Z"
  },
  "_class": "com.lamnguyen.media_service.model.Media"
},
{
  "_id": "6826049b0b61125185462c82",
  "path": "5c57b979-8bb4-416e-9244-c0f1d08d5773.jpg",
  "displayName": "5c57b979-8bb4-416e-9244-c0f1d08d5773",
  "parentPath": "D:\\tai_lieu_hoc_tap\\chuyen_de_web\\fashion_e_commerce\\resources",
  "extend": "jpg",
  "fileName": "5c57b979-8bb4-416e-9244-c0f1d08d5773.jpg",
  "is_lock": false,
  "createBy": "kiminonawa1305@gmail.com",
  "createAt": {
    "$date": "2025-05-15T15:13:31.154Z"
  },
  "updateBy": "kiminonawa1305@gmail.com",
  "updateAt": {
    "$date": "2025-05-15T15:13:31.154Z"
  },
  "_class": "com.lamnguyen.media_service.model.Media"
},
{
  "_id": "6826049b0b61125185462c83",
  "path": "23e359cc-cc3c-4f65-a1b4-542f1134988a.jpg",
  "displayName": "23e359cc-cc3c-4f65-a1b4-542f1134988a",
  "parentPath": "D:\\tai_lieu_hoc_tap\\chuyen_de_web\\fashion_e_commerce\\resources",
  "extend": "jpg",
  "fileName": "23e359cc-cc3c-4f65-a1b4-542f1134988a.jpg",
  "is_lock": false,
  "createBy": "kiminonawa1305@gmail.com",
  "createAt": {
    "$date": "2025-05-15T15:13:31.254Z"
  },
  "updateBy": "kiminonawa1305@gmail.com",
  "updateAt": {
    "$date": "2025-05-15T15:13:31.254Z"
  },
  "_class": "com.lamnguyen.media_service.model.Media"
},
{
  "_id": "6826049b0b61125185462c84",
  "path": "2db4a035-eb5b-4296-8f32-e066e63975ad.jpg",
  "displayName": "2db4a035-eb5b-4296-8f32-e066e63975ad",
  "parentPath": "D:\\tai_lieu_hoc_tap\\chuyen_de_web\\fashion_e_commerce\\resources",
  "extend": "jpg",
  "fileName": "2db4a035-eb5b-4296-8f32-e066e63975ad.jpg",
  "is_lock": false,
  "createBy": "kiminonawa1305@gmail.com",
  "createAt": {
    "$date": "2025-05-15T15:13:31.352Z"
  },
  "updateBy": "kiminonawa1305@gmail.com",
  "updateAt": {
    "$date": "2025-05-15T15:13:31.352Z"
  },
  "_class": "com.lamnguyen.media_service.model.Media"
},
{
  "_id": "6826049b0b61125185462c85",
  "path": "86e79028-8f3a-4086-b8a2-c994ba5129f9.jpg",
  "displayName": "86e79028-8f3a-4086-b8a2-c994ba5129f9",
  "parentPath": "D:\\tai_lieu_hoc_tap\\chuyen_de_web\\fashion_e_commerce\\resources",
  "extend": "jpg",
  "fileName": "86e79028-8f3a-4086-b8a2-c994ba5129f9.jpg",
  "is_lock": false,
  "createBy": "kiminonawa1305@gmail.com",
  "createAt": {
    "$date": "2025-05-15T15:13:31.437Z"
  },
  "updateBy": "kiminonawa1305@gmail.com",
  "updateAt": {
    "$date": "2025-05-15T15:13:31.437Z"
  },
  "_class": "com.lamnguyen.media_service.model.Media"
},
{
  "_id": "6826049b0b61125185462c86",
  "path": "a3720c24-9144-4f7a-b291-848d1ebb365d.jpg",
  "displayName": "a3720c24-9144-4f7a-b291-848d1ebb365d",
  "parentPath": "D:\\tai_lieu_hoc_tap\\chuyen_de_web\\fashion_e_commerce\\resources",
  "extend": "jpg",
  "fileName": "a3720c24-9144-4f7a-b291-848d1ebb365d.jpg",
  "is_lock": false,
  "createBy": "kiminonawa1305@gmail.com",
  "createAt": {
    "$date": "2025-05-15T15:13:31.527Z"
  },
  "updateBy": "kiminonawa1305@gmail.com",
  "updateAt": {
    "$date": "2025-05-15T15:13:31.527Z"
  },
  "_class": "com.lamnguyen.media_service.model.Media"
},
{
  "_id": "6826049b0b61125185462c87",
  "path": "4d9c60b0-2528-43ca-9af5-f10cf67108d3.jpg",
  "displayName": "4d9c60b0-2528-43ca-9af5-f10cf67108d3",
  "parentPath": "D:\\tai_lieu_hoc_tap\\chuyen_de_web\\fashion_e_commerce\\resources",
  "extend": "jpg",
  "fileName": "4d9c60b0-2528-43ca-9af5-f10cf67108d3.jpg",
  "is_lock": false,
  "createBy": "kiminonawa1305@gmail.com",
  "createAt": {
    "$date": "2025-05-15T15:13:31.614Z"
  },
  "updateBy": "kiminonawa1305@gmail.com",
  "updateAt": {
    "$date": "2025-05-15T15:13:31.614Z"
  },
  "_class": "com.lamnguyen.media_service.model.Media"
},
{
  "_id": "6826049b0b61125185462c88",
  "path": "f636a076-a2f8-46d7-9490-7ba8f43633ff.jpg",
  "displayName": "f636a076-a2f8-46d7-9490-7ba8f43633ff",
  "parentPath": "D:\\tai_lieu_hoc_tap\\chuyen_de_web\\fashion_e_commerce\\resources",
  "extend": "jpg",
  "fileName": "f636a076-a2f8-46d7-9490-7ba8f43633ff.jpg",
  "is_lock": false,
  "createBy": "kiminonawa1305@gmail.com",
  "createAt": {
    "$date": "2025-05-15T15:13:31.710Z"
  },
  "updateBy": "kiminonawa1305@gmail.com",
  "updateAt": {
    "$date": "2025-05-15T15:13:31.710Z"
  },
  "_class": "com.lamnguyen.media_service.model.Media"
},
{
  "_id": "6826049b0b61125185462c89",
  "path": "e5c2cf54-3825-40cc-b62c-f3fe9e70d58f.jpg",
  "displayName": "e5c2cf54-3825-40cc-b62c-f3fe9e70d58f",
  "parentPath": "D:\\tai_lieu_hoc_tap\\chuyen_de_web\\fashion_e_commerce\\resources",
  "extend": "jpg",
  "fileName": "e5c2cf54-3825-40cc-b62c-f3fe9e70d58f.jpg",
  "is_lock": false,
  "createBy": "kiminonawa1305@gmail.com",
  "createAt": {
    "$date": "2025-05-15T15:13:31.803Z"
  },
  "updateBy": "kiminonawa1305@gmail.com",
  "updateAt": {
    "$date": "2025-05-15T15:13:31.803Z"
  },
  "_class": "com.lamnguyen.media_service.model.Media"
},
{
  "_id": "6826049b0b61125185462c8a",
  "path": "22fdda60-c1f0-41db-bca2-f4d23a8d742e.jpg",
  "displayName": "22fdda60-c1f0-41db-bca2-f4d23a8d742e",
  "parentPath": "D:\\tai_lieu_hoc_tap\\chuyen_de_web\\fashion_e_commerce\\resources",
  "extend": "jpg",
  "fileName": "22fdda60-c1f0-41db-bca2-f4d23a8d742e.jpg",
  "is_lock": false,
  "createBy": "kiminonawa1305@gmail.com",
  "createAt": {
    "$date": "2025-05-15T15:13:31.916Z"
  },
  "updateBy": "kiminonawa1305@gmail.com",
  "updateAt": {
    "$date": "2025-05-15T15:13:31.916Z"
  },
  "_class": "com.lamnguyen.media_service.model.Media"
},
{
  "_id": "6826049c0b61125185462c8b",
  "path": "eabb912b-e774-45c1-8714-a94a9c6406cf.jpg",
  "displayName": "eabb912b-e774-45c1-8714-a94a9c6406cf",
  "parentPath": "D:\\tai_lieu_hoc_tap\\chuyen_de_web\\fashion_e_commerce\\resources",
  "extend": "jpg",
  "fileName": "eabb912b-e774-45c1-8714-a94a9c6406cf.jpg",
  "is_lock": false,
  "createBy": "kiminonawa1305@gmail.com",
  "createAt": {
    "$date": "2025-05-15T15:13:32.013Z"
  },
  "updateBy": "kiminonawa1305@gmail.com",
  "updateAt": {
    "$date": "2025-05-15T15:13:32.013Z"
  },
  "_class": "com.lamnguyen.media_service.model.Media"
},
{
  "_id": "6826049c0b61125185462c8c",
  "path": "52921b0f-24e8-488a-b20b-b878937c5ddc.jpg",
  "displayName": "52921b0f-24e8-488a-b20b-b878937c5ddc",
  "parentPath": "D:\\tai_lieu_hoc_tap\\chuyen_de_web\\fashion_e_commerce\\resources",
  "extend": "jpg",
  "fileName": "52921b0f-24e8-488a-b20b-b878937c5ddc.jpg",
  "is_lock": false,
  "createBy": "kiminonawa1305@gmail.com",
  "createAt": {
    "$date": "2025-05-15T15:13:32.115Z"
  },
  "updateBy": "kiminonawa1305@gmail.com",
  "updateAt": {
    "$date": "2025-05-15T15:13:32.115Z"
  },
  "_class": "com.lamnguyen.media_service.model.Media"
},
{
  "_id": "6826049c0b61125185462c8d",
  "path": "d04ef441-b3f8-4eff-978e-2a4155839f60.jpg",
  "displayName": "d04ef441-b3f8-4eff-978e-2a4155839f60",
  "parentPath": "D:\\tai_lieu_hoc_tap\\chuyen_de_web\\fashion_e_commerce\\resources",
  "extend": "jpg",
  "fileName": "d04ef441-b3f8-4eff-978e-2a4155839f60.jpg",
  "is_lock": false,
  "createBy": "kiminonawa1305@gmail.com",
  "createAt": {
    "$date": "2025-05-15T15:13:32.208Z"
  },
  "updateBy": "kiminonawa1305@gmail.com",
  "updateAt": {
    "$date": "2025-05-15T15:13:32.208Z"
  },
  "_class": "com.lamnguyen.media_service.model.Media"
},
{
  "_id": "6826049c0b61125185462c8e",
  "path": "0d3bc4f4-34de-4a12-88bc-75cf52e078eb.jpg",
  "displayName": "0d3bc4f4-34de-4a12-88bc-75cf52e078eb",
  "parentPath": "D:\\tai_lieu_hoc_tap\\chuyen_de_web\\fashion_e_commerce\\resources",
  "extend": "jpg",
  "fileName": "0d3bc4f4-34de-4a12-88bc-75cf52e078eb.jpg",
  "is_lock": false,
  "createBy": "kiminonawa1305@gmail.com",
  "createAt": {
    "$date": "2025-05-15T15:13:32.382Z"
  },
  "updateBy": "kiminonawa1305@gmail.com",
  "updateAt": {
    "$date": "2025-05-15T15:13:32.382Z"
  },
  "_class": "com.lamnguyen.media_service.model.Media"
},
{
  "_id": "6826049c0b61125185462c8f",
  "path": "968d0afc-a07f-4a71-921d-ef46659c5ab6.jpg",
  "displayName": "968d0afc-a07f-4a71-921d-ef46659c5ab6",
  "parentPath": "D:\\tai_lieu_hoc_tap\\chuyen_de_web\\fashion_e_commerce\\resources",
  "extend": "jpg",
  "fileName": "968d0afc-a07f-4a71-921d-ef46659c5ab6.jpg",
  "is_lock": false,
  "createBy": "kiminonawa1305@gmail.com",
  "createAt": {
    "$date": "2025-05-15T15:13:32.462Z"
  },
  "updateBy": "kiminonawa1305@gmail.com",
  "updateAt": {
    "$date": "2025-05-15T15:13:32.462Z"
  },
  "_class": "com.lamnguyen.media_service.model.Media"
},
{
  "_id": "6826049d0b61125185462c90",
  "path": "63538ad0-b6ad-4976-a791-aa7aa342121c.jpg",
  "displayName": "63538ad0-b6ad-4976-a791-aa7aa342121c",
  "parentPath": "D:\\tai_lieu_hoc_tap\\chuyen_de_web\\fashion_e_commerce\\resources",
  "extend": "jpg",
  "fileName": "63538ad0-b6ad-4976-a791-aa7aa342121c.jpg",
  "is_lock": false,
  "createBy": "kiminonawa1305@gmail.com",
  "createAt": {
    "$date": "2025-05-15T15:13:33.008Z"
  },
  "updateBy": "kiminonawa1305@gmail.com",
  "updateAt": {
    "$date": "2025-05-15T15:13:33.008Z"
  },
  "_class": "com.lamnguyen.media_service.model.Media"
},
{
  "_id": "6826049d0b61125185462c91",
  "path": "7b0ce17e-2e8b-4869-a225-4da7ded62716.jpg",
  "displayName": "7b0ce17e-2e8b-4869-a225-4da7ded62716",
  "parentPath": "D:\\tai_lieu_hoc_tap\\chuyen_de_web\\fashion_e_commerce\\resources",
  "extend": "jpg",
  "fileName": "7b0ce17e-2e8b-4869-a225-4da7ded62716.jpg",
  "is_lock": false,
  "createBy": "kiminonawa1305@gmail.com",
  "createAt": {
    "$date": "2025-05-15T15:13:33.088Z"
  },
  "updateBy": "kiminonawa1305@gmail.com",
  "updateAt": {
    "$date": "2025-05-15T15:13:33.088Z"
  },
  "_class": "com.lamnguyen.media_service.model.Media"
},
{
  "_id": "6826049d0b61125185462c92",
  "path": "390d7310-5aa7-4fe5-8fb7-3940dacdd0b8.jpg",
  "displayName": "390d7310-5aa7-4fe5-8fb7-3940dacdd0b8",
  "parentPath": "D:\\tai_lieu_hoc_tap\\chuyen_de_web\\fashion_e_commerce\\resources",
  "extend": "jpg",
  "fileName": "390d7310-5aa7-4fe5-8fb7-3940dacdd0b8.jpg",
  "is_lock": false,
  "createBy": "kiminonawa1305@gmail.com",
  "createAt": {
    "$date": "2025-05-15T15:13:33.192Z"
  },
  "updateBy": "kiminonawa1305@gmail.com",
  "updateAt": {
    "$date": "2025-05-15T15:13:33.192Z"
  },
  "_class": "com.lamnguyen.media_service.model.Media"
},
{
  "_id": "6826049d0b61125185462c93",
  "path": "950b4064-5f0c-4c47-9d63-0582140efff7.jpg",
  "displayName": "950b4064-5f0c-4c47-9d63-0582140efff7",
  "parentPath": "D:\\tai_lieu_hoc_tap\\chuyen_de_web\\fashion_e_commerce\\resources",
  "extend": "jpg",
  "fileName": "950b4064-5f0c-4c47-9d63-0582140efff7.jpg",
  "is_lock": false,
  "createBy": "kiminonawa1305@gmail.com",
  "createAt": {
    "$date": "2025-05-15T15:13:33.283Z"
  },
  "updateBy": "kiminonawa1305@gmail.com",
  "updateAt": {
    "$date": "2025-05-15T15:13:33.283Z"
  },
  "_class": "com.lamnguyen.media_service.model.Media"
},
{
  "_id": "6826049d0b61125185462c94",
  "path": "a25f87a3-7f3a-4ea6-9bc2-877cedbc3d59.jpg",
  "displayName": "a25f87a3-7f3a-4ea6-9bc2-877cedbc3d59",
  "parentPath": "D:\\tai_lieu_hoc_tap\\chuyen_de_web\\fashion_e_commerce\\resources",
  "extend": "jpg",
  "fileName": "a25f87a3-7f3a-4ea6-9bc2-877cedbc3d59.jpg",
  "is_lock": false,
  "createBy": "kiminonawa1305@gmail.com",
  "createAt": {
    "$date": "2025-05-15T15:13:33.376Z"
  },
  "updateBy": "kiminonawa1305@gmail.com",
  "updateAt": {
    "$date": "2025-05-15T15:13:33.376Z"
  },
  "_class": "com.lamnguyen.media_service.model.Media"
},
{
  "_id": "6826049d0b61125185462c95",
  "path": "a2c87428-9bf8-48d8-8db2-344b1f123e8c.jpg",
  "displayName": "a2c87428-9bf8-48d8-8db2-344b1f123e8c",
  "parentPath": "D:\\tai_lieu_hoc_tap\\chuyen_de_web\\fashion_e_commerce\\resources",
  "extend": "jpg",
  "fileName": "a2c87428-9bf8-48d8-8db2-344b1f123e8c.jpg",
  "is_lock": false,
  "createBy": "kiminonawa1305@gmail.com",
  "createAt": {
    "$date": "2025-05-15T15:13:33.468Z"
  },
  "updateBy": "kiminonawa1305@gmail.com",
  "updateAt": {
    "$date": "2025-05-15T15:13:33.468Z"
  },
  "_class": "com.lamnguyen.media_service.model.Media"
},
{
  "_id": "6826049d0b61125185462c96",
  "path": "a79e8a76-c942-4aee-972b-7daa6bc9f1f0.jpg",
  "displayName": "a79e8a76-c942-4aee-972b-7daa6bc9f1f0",
  "parentPath": "D:\\tai_lieu_hoc_tap\\chuyen_de_web\\fashion_e_commerce\\resources",
  "extend": "jpg",
  "fileName": "a79e8a76-c942-4aee-972b-7daa6bc9f1f0.jpg",
  "is_lock": false,
  "createBy": "kiminonawa1305@gmail.com",
  "createAt": {
    "$date": "2025-05-15T15:13:33.560Z"
  },
  "updateBy": "kiminonawa1305@gmail.com",
  "updateAt": {
    "$date": "2025-05-15T15:13:33.560Z"
  },
  "_class": "com.lamnguyen.media_service.model.Media"
},
{
  "_id": "6826049d0b61125185462c97",
  "path": "e0705dd6-93dc-4758-a1dc-4ff44ce36258.jpg",
  "displayName": "e0705dd6-93dc-4758-a1dc-4ff44ce36258",
  "parentPath": "D:\\tai_lieu_hoc_tap\\chuyen_de_web\\fashion_e_commerce\\resources",
  "extend": "jpg",
  "fileName": "e0705dd6-93dc-4758-a1dc-4ff44ce36258.jpg",
  "is_lock": false,
  "createBy": "kiminonawa1305@gmail.com",
  "createAt": {
    "$date": "2025-05-15T15:13:33.658Z"
  },
  "updateBy": "kiminonawa1305@gmail.com",
  "updateAt": {
    "$date": "2025-05-15T15:13:33.658Z"
  },
  "_class": "com.lamnguyen.media_service.model.Media"
},
{
  "_id": "6826049d0b61125185462c98",
  "path": "43abbeaf-cb4b-4400-b713-0da2e4ac02f6.jpg",
  "displayName": "43abbeaf-cb4b-4400-b713-0da2e4ac02f6",
  "parentPath": "D:\\tai_lieu_hoc_tap\\chuyen_de_web\\fashion_e_commerce\\resources",
  "extend": "jpg",
  "fileName": "43abbeaf-cb4b-4400-b713-0da2e4ac02f6.jpg",
  "is_lock": false,
  "createBy": "kiminonawa1305@gmail.com",
  "createAt": {
    "$date": "2025-05-15T15:13:33.749Z"
  },
  "updateBy": "kiminonawa1305@gmail.com",
  "updateAt": {
    "$date": "2025-05-15T15:13:33.749Z"
  },
  "_class": "com.lamnguyen.media_service.model.Media"
},
{
  "_id": "6826049d0b61125185462c99",
  "path": "dbf5b26e-baee-4cf9-ac89-087e92f1544d.jpg",
  "displayName": "dbf5b26e-baee-4cf9-ac89-087e92f1544d",
  "parentPath": "D:\\tai_lieu_hoc_tap\\chuyen_de_web\\fashion_e_commerce\\resources",
  "extend": "jpg",
  "fileName": "dbf5b26e-baee-4cf9-ac89-087e92f1544d.jpg",
  "is_lock": false,
  "createBy": "kiminonawa1305@gmail.com",
  "createAt": {
    "$date": "2025-05-15T15:13:33.842Z"
  },
  "updateBy": "kiminonawa1305@gmail.com",
  "updateAt": {
    "$date": "2025-05-15T15:13:33.842Z"
  },
  "_class": "com.lamnguyen.media_service.model.Media"
}]