[{
  "_id": "6826128d1bd0a01c950ad84a",
  "product_id": "6826128d213ef202c0fd20d8",
  "title": "XS-Be Egret",
  "regular_price": 349000,
  "compare_price": 349000,
  "sku": "SKU-6826128D213EF202C0FD20D8-SIZE-XS-COLOR-BE EGRET",
  "quantity": 0,
  "options": {
    "SIZE": "XS",
    "COLOR": "Be Egret"
  },
  "product_allow_buy_when_clocked": false,
  "product_exclude_discount": false,
  "product_apply_allowance_inventory": false,
  "pending": 0,
  "product_visibility": true,
  "is_delete": false,
  "is_lock": false,
  "createAt": {
    "$date": "2025-05-15T16:13:01.894Z"
  },
  "updateAt": {
    "$date": "2025-05-15T16:13:01.894Z"
  },
  "_class": "com.lamnguyen.inventory_service.model.VariantProduct"
},
{
  "_id": "6826128d1bd0a01c950ad84b",
  "product_id": "6826128d213ef202c0fd20d8",
  "title": "S-Be Egret",
  "regular_price": 349000,
  "compare_price": 349000,
  "sku": "SKU-6826128D213EF202C0FD20D8-SIZE-S-COLOR-BE EGRET",
  "quantity": 0,
  "options": {
    "SIZE": "S",
    "COLOR": "Be Egret"
  },
  "product_allow_buy_when_clocked": false,
  "product_exclude_discount": false,
  "product_apply_allowance_inventory": false,
  "pending": 0,
  "product_visibility": true,
  "is_delete": false,
  "is_lock": false,
  "createAt": {
    "$date": "2025-05-15T16:13:01.998Z"
  },
  "updateAt": {
    "$date": "2025-05-15T16:13:01.998Z"
  },
  "_class": "com.lamnguyen.inventory_service.model.VariantProduct"
},
{
  "_id": "6826128e1bd0a01c950ad84c",
  "product_id": "6826128d213ef202c0fd20d8",
  "title": "M-Be Egret",
  "regular_price": 349000,
  "compare_price": 349000,
  "sku": "SKU-6826128D213EF202C0FD20D8-SIZE-M-COLOR-BE EGRET",
  "quantity": 0,
  "options": {
    "SIZE": "M",
    "COLOR": "Be Egret"
  },
  "product_allow_buy_when_clocked": false,
  "product_exclude_discount": false,
  "product_apply_allowance_inventory": false,
  "pending": 0,
  "product_visibility": true,
  "is_delete": false,
  "is_lock": false,
  "createAt": {
    "$date": "2025-05-15T16:13:02.083Z"
  },
  "updateAt": {
    "$date": "2025-05-15T16:13:02.083Z"
  },
  "_class": "com.lamnguyen.inventory_service.model.VariantProduct"
},
{
  "_id": "6826128e1bd0a01c950ad84d",
  "product_id": "6826128d213ef202c0fd20d8",
  "title": "L-Be Egret",
  "regular_price": 349000,
  "compare_price": 349000,
  "sku": "SKU-6826128D213EF202C0FD20D8-SIZE-L-COLOR-BE EGRET",
  "quantity": 0,
  "options": {
    "SIZE": "L",
    "COLOR": "Be Egret"
  },
  "product_allow_buy_when_clocked": false,
  "product_exclude_discount": false,
  "product_apply_allowance_inventory": false,
  "pending": 0,
  "product_visibility": true,
  "is_delete": false,
  "is_lock": false,
  "createAt": {
    "$date": "2025-05-15T16:13:02.151Z"
  },
  "updateAt": {
    "$date": "2025-05-15T16:13:02.151Z"
  },
  "_class": "com.lamnguyen.inventory_service.model.VariantProduct"
},
{
  "_id": "6826128e1bd0a01c950ad84e",
  "product_id": "6826128d213ef202c0fd20d8",
  "title": "XL-Be Egret",
  "regular_price": 349000,
  "compare_price": 349000,
  "sku": "SKU-6826128D213EF202C0FD20D8-SIZE-XL-COLOR-BE EGRET",
  "quantity": 0,
  "options": {
    "SIZE": "XL",
    "COLOR": "Be Egret"
  },
  "product_allow_buy_when_clocked": false,
  "product_exclude_discount": false,
  "product_apply_allowance_inventory": false,
  "pending": 0,
  "product_visibility": true,
  "is_delete": false,
  "is_lock": false,
  "createAt": {
    "$date": "2025-05-15T16:13:02.215Z"
  },
  "updateAt": {
    "$date": "2025-05-15T16:13:02.215Z"
  },
  "_class": "com.lamnguyen.inventory_service.model.VariantProduct"
},
{
  "_id": "6826128e1bd0a01c950ad84f",
  "product_id": "6826128d213ef202c0fd20d8",
  "title": "XS-Nâu Mocha",
  "regular_price": 349000,
  "compare_price": 349000,
  "sku": "SKU-6826128D213EF202C0FD20D8-SIZE-XS-COLOR-NÂU MOCHA",
  "quantity": 0,
  "options": {
    "SIZE": "XS",
    "COLOR": "Nâu Mocha"
  },
  "product_allow_buy_when_clocked": false,
  "product_exclude_discount": false,
  "product_apply_allowance_inventory": false,
  "pending": 0,
  "product_visibility": true,
  "is_delete": false,
  "is_lock": false,
  "createAt": {
    "$date": "2025-05-15T16:13:02.363Z"
  },
  "updateAt": {
    "$date": "2025-05-15T16:13:02.363Z"
  },
  "_class": "com.lamnguyen.inventory_service.model.VariantProduct"
},
{
  "_id": "6826128e1bd0a01c950ad850",
  "product_id": "6826128d213ef202c0fd20d8",
  "title": "S-Nâu Mocha",
  "regular_price": 349000,
  "compare_price": 349000,
  "sku": "SKU-6826128D213EF202C0FD20D8-SIZE-S-COLOR-NÂU MOCHA",
  "quantity": 0,
  "options": {
    "SIZE": "S",
    "COLOR": "Nâu Mocha"
  },
  "product_allow_buy_when_clocked": false,
  "product_exclude_discount": false,
  "product_apply_allowance_inventory": false,
  "pending": 0,
  "product_visibility": true,
  "is_delete": false,
  "is_lock": false,
  "createAt": {
    "$date": "2025-05-15T16:13:02.420Z"
  },
  "updateAt": {
    "$date": "2025-05-15T16:13:02.420Z"
  },
  "_class": "com.lamnguyen.inventory_service.model.VariantProduct"
},
{
  "_id": "6826128e1bd0a01c950ad851",
  "product_id": "6826128d213ef202c0fd20d8",
  "title": "M-Nâu Mocha",
  "regular_price": 349000,
  "compare_price": 349000,
  "sku": "SKU-6826128D213EF202C0FD20D8-SIZE-M-COLOR-NÂU MOCHA",
  "quantity": 0,
  "options": {
    "SIZE": "M",
    "COLOR": "Nâu Mocha"
  },
  "product_allow_buy_when_clocked": false,
  "product_exclude_discount": false,
  "product_apply_allowance_inventory": false,
  "pending": 0,
  "product_visibility": true,
  "is_delete": false,
  "is_lock": false,
  "createAt": {
    "$date": "2025-05-15T16:13:02.495Z"
  },
  "updateAt": {
    "$date": "2025-05-15T16:13:02.495Z"
  },
  "_class": "com.lamnguyen.inventory_service.model.VariantProduct"
},
{
  "_id": "6826128e1bd0a01c950ad852",
  "product_id": "6826128d213ef202c0fd20d8",
  "title": "L-Nâu Mocha",
  "regular_price": 349000,
  "compare_price": 349000,
  "sku": "SKU-6826128D213EF202C0FD20D8-SIZE-L-COLOR-NÂU MOCHA",
  "quantity": 0,
  "options": {
    "SIZE": "L",
    "COLOR": "Nâu Mocha"
  },
  "product_allow_buy_when_clocked": false,
  "product_exclude_discount": false,
  "product_apply_allowance_inventory": false,
  "pending": 0,
  "product_visibility": true,
  "is_delete": false,
  "is_lock": false,
  "createAt": {
    "$date": "2025-05-15T16:13:02.584Z"
  },
  "updateAt": {
    "$date": "2025-05-15T16:13:02.584Z"
  },
  "_class": "com.lamnguyen.inventory_service.model.VariantProduct"
},
{
  "_id": "6826128f1bd0a01c950ad853",
  "product_id": "6826128d213ef202c0fd20d8",
  "title": "XL-Nâu Mocha",
  "regular_price": 349000,
  "compare_price": 349000,
  "sku": "SKU-6826128D213EF202C0FD20D8-SIZE-XL-COLOR-NÂU MOCHA",
  "quantity": 0,
  "options": {
    "SIZE": "XL",
    "COLOR": "Nâu Mocha"
  },
  "product_allow_buy_when_clocked": false,
  "product_exclude_discount": false,
  "product_apply_allowance_inventory": false,
  "pending": 0,
  "product_visibility": true,
  "is_delete": false,
  "is_lock": false,
  "createAt": {
    "$date": "2025-05-15T16:13:03.032Z"
  },
  "updateAt": {
    "$date": "2025-05-15T16:13:03.032Z"
  },
  "_class": "com.lamnguyen.inventory_service.model.VariantProduct"
},
{
  "_id": "6826128f1bd0a01c950ad854",
  "product_id": "6826128d213ef202c0fd20d8",
  "title": "XS-Đen",
  "regular_price": 349000,
  "compare_price": 349000,
  "sku": "SKU-6826128D213EF202C0FD20D8-SIZE-XS-COLOR-ĐEN",
  "quantity": 0,
  "options": {
    "SIZE": "XS",
    "COLOR": "Đen"
  },
  "product_allow_buy_when_clocked": false,
  "product_exclude_discount": false,
  "product_apply_allowance_inventory": false,
  "pending": 0,
  "product_visibility": true,
  "is_delete": false,
  "is_lock": false,
  "createAt": {
    "$date": "2025-05-15T16:13:03.341Z"
  },
  "updateAt": {
    "$date": "2025-05-15T16:13:03.341Z"
  },
  "_class": "com.lamnguyen.inventory_service.model.VariantProduct"
},
{
  "_id": "6826128f1bd0a01c950ad855",
  "product_id": "6826128d213ef202c0fd20d8",
  "title": "S-Đen",
  "regular_price": 349000,
  "compare_price": 349000,
  "sku": "SKU-6826128D213EF202C0FD20D8-SIZE-S-COLOR-ĐEN",
  "quantity": 0,
  "options": {
    "SIZE": "S",
    "COLOR": "Đen"
  },
  "product_allow_buy_when_clocked": false,
  "product_exclude_discount": false,
  "product_apply_allowance_inventory": false,
  "pending": 0,
  "product_visibility": true,
  "is_delete": false,
  "is_lock": false,
  "createAt": {
    "$date": "2025-05-15T16:13:03.471Z"
  },
  "updateAt": {
    "$date": "2025-05-15T16:13:03.471Z"
  },
  "_class": "com.lamnguyen.inventory_service.model.VariantProduct"
},
{
  "_id": "6826128f1bd0a01c950ad856",
  "product_id": "6826128d213ef202c0fd20d8",
  "title": "M-Đen",
  "regular_price": 349000,
  "compare_price": 349000,
  "sku": "SKU-6826128D213EF202C0FD20D8-SIZE-M-COLOR-ĐEN",
  "quantity": 0,
  "options": {
    "SIZE": "M",
    "COLOR": "Đen"
  },
  "product_allow_buy_when_clocked": false,
  "product_exclude_discount": false,
  "product_apply_allowance_inventory": false,
  "pending": 0,
  "product_visibility": true,
  "is_delete": false,
  "is_lock": false,
  "createAt": {
    "$date": "2025-05-15T16:13:03.896Z"
  },
  "updateAt": {
    "$date": "2025-05-15T16:13:03.896Z"
  },
  "_class": "com.lamnguyen.inventory_service.model.VariantProduct"
},
{
  "_id": "6826128f1bd0a01c950ad857",
  "product_id": "6826128d213ef202c0fd20d8",
  "title": "L-Đen",
  "regular_price": 349000,
  "compare_price": 349000,
  "sku": "SKU-6826128D213EF202C0FD20D8-SIZE-L-COLOR-ĐEN",
  "quantity": 0,
  "options": {
    "SIZE": "L",
    "COLOR": "Đen"
  },
  "product_allow_buy_when_clocked": false,
  "product_exclude_discount": false,
  "product_apply_allowance_inventory": false,
  "pending": 0,
  "product_visibility": true,
  "is_delete": false,
  "is_lock": false,
  "createAt": {
    "$date": "2025-05-15T16:13:03.956Z"
  },
  "updateAt": {
    "$date": "2025-05-15T16:13:03.956Z"
  },
  "_class": "com.lamnguyen.inventory_service.model.VariantProduct"
},
{
  "_id": "682612901bd0a01c950ad858",
  "product_id": "6826128d213ef202c0fd20d8",
  "title": "XL-Đen",
  "regular_price": 349000,
  "compare_price": 349000,
  "sku": "SKU-6826128D213EF202C0FD20D8-SIZE-XL-COLOR-ĐEN",
  "quantity": 0,
  "options": {
    "SIZE": "XL",
    "COLOR": "Đen"
  },
  "product_allow_buy_when_clocked": false,
  "product_exclude_discount": false,
  "product_apply_allowance_inventory": false,
  "pending": 0,
  "product_visibility": true,
  "is_delete": false,
  "is_lock": false,
  "createAt": {
    "$date": "2025-05-15T16:13:04.094Z"
  },
  "updateAt": {
    "$date": "2025-05-15T16:13:04.094Z"
  },
  "_class": "com.lamnguyen.inventory_service.model.VariantProduct"
},
{
  "_id": "682612951bd0a01c950ad859",
  "product_id": "68261295213ef202c0fd20d9",
  "title": "XS-Đen",
  "regular_price": 279000,
  "compare_price": 279000,
  "sku": "SKU-68261295213EF202C0FD20D9-SIZE-XS-COLOR-ĐEN",
  "quantity": 0,
  "options": {
    "SIZE": "XS",
    "COLOR": "Đen"
  },
  "product_allow_buy_when_clocked": false,
  "product_exclude_discount": false,
  "product_apply_allowance_inventory": false,
  "pending": 0,
  "product_visibility": true,
  "is_delete": false,
  "is_lock": false,
  "createAt": {
    "$date": "2025-05-15T16:13:09.510Z"
  },
  "updateAt": {
    "$date": "2025-05-15T16:13:09.510Z"
  },
  "_class": "com.lamnguyen.inventory_service.model.VariantProduct"
},
{
  "_id": "682612951bd0a01c950ad85a",
  "product_id": "68261295213ef202c0fd20d9",
  "title": "S-Đen",
  "regular_price": 279000,
  "compare_price": 279000,
  "sku": "SKU-68261295213EF202C0FD20D9-SIZE-S-COLOR-ĐEN",
  "quantity": 0,
  "options": {
    "SIZE": "S",
    "COLOR": "Đen"
  },
  "product_allow_buy_when_clocked": false,
  "product_exclude_discount": false,
  "product_apply_allowance_inventory": false,
  "pending": 0,
  "product_visibility": true,
  "is_delete": false,
  "is_lock": false,
  "createAt": {
    "$date": "2025-05-15T16:13:09.619Z"
  },
  "updateAt": {
    "$date": "2025-05-15T16:13:09.619Z"
  },
  "_class": "com.lamnguyen.inventory_service.model.VariantProduct"
},
{
  "_id": "682612951bd0a01c950ad85b",
  "product_id": "68261295213ef202c0fd20d9",
  "title": "M-Đen",
  "regular_price": 279000,
  "compare_price": 279000,
  "sku": "SKU-68261295213EF202C0FD20D9-SIZE-M-COLOR-ĐEN",
  "quantity": 0,
  "options": {
    "SIZE": "M",
    "COLOR": "Đen"
  },
  "product_allow_buy_when_clocked": false,
  "product_exclude_discount": false,
  "product_apply_allowance_inventory": false,
  "pending": 0,
  "product_visibility": true,
  "is_delete": false,
  "is_lock": false,
  "createAt": {
    "$date": "2025-05-15T16:13:09.696Z"
  },
  "updateAt": {
    "$date": "2025-05-15T16:13:09.696Z"
  },
  "_class": "com.lamnguyen.inventory_service.model.VariantProduct"
},
{
  "_id": "682612951bd0a01c950ad85c",
  "product_id": "68261295213ef202c0fd20d9",
  "title": "L-Đen",
  "regular_price": 279000,
  "compare_price": 279000,
  "sku": "SKU-68261295213EF202C0FD20D9-SIZE-L-COLOR-ĐEN",
  "quantity": 0,
  "options": {
    "SIZE": "L",
    "COLOR": "Đen"
  },
  "product_allow_buy_when_clocked": false,
  "product_exclude_discount": false,
  "product_apply_allowance_inventory": false,
  "pending": 0,
  "product_visibility": true,
  "is_delete": false,
  "is_lock": false,
  "createAt": {
    "$date": "2025-05-15T16:13:09.781Z"
  },
  "updateAt": {
    "$date": "2025-05-15T16:13:09.781Z"
  },
  "_class": "com.lamnguyen.inventory_service.model.VariantProduct"
},
{
  "_id": "682612951bd0a01c950ad85d",
  "product_id": "68261295213ef202c0fd20d9",
  "title": "XL-Đen",
  "regular_price": 279000,
  "compare_price": 279000,
  "sku": "SKU-68261295213EF202C0FD20D9-SIZE-XL-COLOR-ĐEN",
  "quantity": 0,
  "options": {
    "SIZE": "XL",
    "COLOR": "Đen"
  },
  "product_allow_buy_when_clocked": false,
  "product_exclude_discount": false,
  "product_apply_allowance_inventory": false,
  "pending": 0,
  "product_visibility": true,
  "is_delete": false,
  "is_lock": false,
  "createAt": {
    "$date": "2025-05-15T16:13:09.837Z"
  },
  "updateAt": {
    "$date": "2025-05-15T16:13:09.837Z"
  },
  "_class": "com.lamnguyen.inventory_service.model.VariantProduct"
},
{
  "_id": "682612951bd0a01c950ad85e",
  "product_id": "68261295213ef202c0fd20d9",
  "title": "XS-Trắng",
  "regular_price": 279000,
  "compare_price": 279000,
  "sku": "SKU-68261295213EF202C0FD20D9-SIZE-XS-COLOR-TRẮNG",
  "quantity": 0,
  "options": {
    "SIZE": "XS",
    "COLOR": "Trắng"
  },
  "product_allow_buy_when_clocked": false,
  "product_exclude_discount": false,
  "product_apply_allowance_inventory": false,
  "pending": 0,
  "product_visibility": true,
  "is_delete": false,
  "is_lock": false,
  "createAt": {
    "$date": "2025-05-15T16:13:09.900Z"
  },
  "updateAt": {
    "$date": "2025-05-15T16:13:09.900Z"
  },
  "_class": "com.lamnguyen.inventory_service.model.VariantProduct"
},
{
  "_id": "682612951bd0a01c950ad85f",
  "product_id": "68261295213ef202c0fd20d9",
  "title": "S-Trắng",
  "regular_price": 279000,
  "compare_price": 279000,
  "sku": "SKU-68261295213EF202C0FD20D9-SIZE-S-COLOR-TRẮNG",
  "quantity": 0,
  "options": {
    "SIZE": "S",
    "COLOR": "Trắng"
  },
  "product_allow_buy_when_clocked": false,
  "product_exclude_discount": false,
  "product_apply_allowance_inventory": false,
  "pending": 0,
  "product_visibility": true,
  "is_delete": false,
  "is_lock": false,
  "createAt": {
    "$date": "2025-05-15T16:13:09.961Z"
  },
  "updateAt": {
    "$date": "2025-05-15T16:13:09.961Z"
  },
  "_class": "com.lamnguyen.inventory_service.model.VariantProduct"
},
{
  "_id": "682612961bd0a01c950ad860",
  "product_id": "68261295213ef202c0fd20d9",
  "title": "M-Trắng",
  "regular_price": 279000,
  "compare_price": 279000,
  "sku": "SKU-68261295213EF202C0FD20D9-SIZE-M-COLOR-TRẮNG",
  "quantity": 0,
  "options": {
    "SIZE": "M",
    "COLOR": "Trắng"
  },
  "product_allow_buy_when_clocked": false,
  "product_exclude_discount": false,
  "product_apply_allowance_inventory": false,
  "pending": 0,
  "product_visibility": true,
  "is_delete": false,
  "is_lock": false,
  "createAt": {
    "$date": "2025-05-15T16:13:10.024Z"
  },
  "updateAt": {
    "$date": "2025-05-15T16:13:10.024Z"
  },
  "_class": "com.lamnguyen.inventory_service.model.VariantProduct"
},
{
  "_id": "682612961bd0a01c950ad861",
  "product_id": "68261295213ef202c0fd20d9",
  "title": "L-Trắng",
  "regular_price": 279000,
  "compare_price": 279000,
  "sku": "SKU-68261295213EF202C0FD20D9-SIZE-L-COLOR-TRẮNG",
  "quantity": 0,
  "options": {
    "SIZE": "L",
    "COLOR": "Trắng"
  },
  "product_allow_buy_when_clocked": false,
  "product_exclude_discount": false,
  "product_apply_allowance_inventory": false,
  "pending": 0,
  "product_visibility": true,
  "is_delete": false,
  "is_lock": false,
  "createAt": {
    "$date": "2025-05-15T16:13:10.085Z"
  },
  "updateAt": {
    "$date": "2025-05-15T16:13:10.085Z"
  },
  "_class": "com.lamnguyen.inventory_service.model.VariantProduct"
},
{
  "_id": "682612961bd0a01c950ad862",
  "product_id": "68261295213ef202c0fd20d9",
  "title": "XL-Trắng",
  "regular_price": 279000,
  "compare_price": 279000,
  "sku": "SKU-68261295213EF202C0FD20D9-SIZE-XL-COLOR-TRẮNG",
  "quantity": 0,
  "options": {
    "SIZE": "XL",
    "COLOR": "Trắng"
  },
  "product_allow_buy_when_clocked": false,
  "product_exclude_discount": false,
  "product_apply_allowance_inventory": false,
  "pending": 0,
  "product_visibility": true,
  "is_delete": false,
  "is_lock": false,
  "createAt": {
    "$date": "2025-05-15T16:13:10.151Z"
  },
  "updateAt": {
    "$date": "2025-05-15T16:13:10.151Z"
  },
  "_class": "com.lamnguyen.inventory_service.model.VariantProduct"
},
{
  "_id": "682612961bd0a01c950ad863",
  "product_id": "68261295213ef202c0fd20d9",
  "title": "XS-Xám",
  "regular_price": 279000,
  "compare_price": 279000,
  "sku": "SKU-68261295213EF202C0FD20D9-SIZE-XS-COLOR-XÁM",
  "quantity": 0,
  "options": {
    "SIZE": "XS",
    "COLOR": "Xám"
  },
  "product_allow_buy_when_clocked": false,
  "product_exclude_discount": false,
  "product_apply_allowance_inventory": false,
  "pending": 0,
  "product_visibility": true,
  "is_delete": false,
  "is_lock": false,
  "createAt": {
    "$date": "2025-05-15T16:13:10.222Z"
  },
  "updateAt": {
    "$date": "2025-05-15T16:13:10.222Z"
  },
  "_class": "com.lamnguyen.inventory_service.model.VariantProduct"
},
{
  "_id": "682612961bd0a01c950ad864",
  "product_id": "68261295213ef202c0fd20d9",
  "title": "S-Xám",
  "regular_price": 279000,
  "compare_price": 279000,
  "sku": "SKU-68261295213EF202C0FD20D9-SIZE-S-COLOR-XÁM",
  "quantity": 0,
  "options": {
    "SIZE": "S",
    "COLOR": "Xám"
  },
  "product_allow_buy_when_clocked": false,
  "product_exclude_discount": false,
  "product_apply_allowance_inventory": false,
  "pending": 0,
  "product_visibility": true,
  "is_delete": false,
  "is_lock": false,
  "createAt": {
    "$date": "2025-05-15T16:13:10.293Z"
  },
  "updateAt": {
    "$date": "2025-05-15T16:13:10.293Z"
  },
  "_class": "com.lamnguyen.inventory_service.model.VariantProduct"
},
{
  "_id": "682612961bd0a01c950ad865",
  "product_id": "68261295213ef202c0fd20d9",
  "title": "M-Xám",
  "regular_price": 279000,
  "compare_price": 279000,
  "sku": "SKU-68261295213EF202C0FD20D9-SIZE-M-COLOR-XÁM",
  "quantity": 0,
  "options": {
    "SIZE": "M",
    "COLOR": "Xám"
  },
  "product_allow_buy_when_clocked": false,
  "product_exclude_discount": false,
  "product_apply_allowance_inventory": false,
  "pending": 0,
  "product_visibility": true,
  "is_delete": false,
  "is_lock": false,
  "createAt": {
    "$date": "2025-05-15T16:13:10.359Z"
  },
  "updateAt": {
    "$date": "2025-05-15T16:13:10.359Z"
  },
  "_class": "com.lamnguyen.inventory_service.model.VariantProduct"
},
{
  "_id": "682612961bd0a01c950ad866",
  "product_id": "68261295213ef202c0fd20d9",
  "title": "L-Xám",
  "regular_price": 279000,
  "compare_price": 279000,
  "sku": "SKU-68261295213EF202C0FD20D9-SIZE-L-COLOR-XÁM",
  "quantity": 0,
  "options": {
    "SIZE": "L",
    "COLOR": "Xám"
  },
  "product_allow_buy_when_clocked": false,
  "product_exclude_discount": false,
  "product_apply_allowance_inventory": false,
  "pending": 0,
  "product_visibility": true,
  "is_delete": false,
  "is_lock": false,
  "createAt": {
    "$date": "2025-05-15T16:13:10.427Z"
  },
  "updateAt": {
    "$date": "2025-05-15T16:13:10.427Z"
  },
  "_class": "com.lamnguyen.inventory_service.model.VariantProduct"
},
{
  "_id": "682612961bd0a01c950ad867",
  "product_id": "68261295213ef202c0fd20d9",
  "title": "XL-Xám",
  "regular_price": 279000,
  "compare_price": 279000,
  "sku": "SKU-68261295213EF202C0FD20D9-SIZE-XL-COLOR-XÁM",
  "quantity": 0,
  "options": {
    "SIZE": "XL",
    "COLOR": "Xám"
  },
  "product_allow_buy_when_clocked": false,
  "product_exclude_discount": false,
  "product_apply_allowance_inventory": false,
  "pending": 0,
  "product_visibility": true,
  "is_delete": false,
  "is_lock": false,
  "createAt": {
    "$date": "2025-05-15T16:13:10.485Z"
  },
  "updateAt": {
    "$date": "2025-05-15T16:13:10.485Z"
  },
  "_class": "com.lamnguyen.inventory_service.model.VariantProduct"
},
{
  "_id": "682612961bd0a01c950ad868",
  "product_id": "68261295213ef202c0fd20d9",
  "title": "XS-Cam hồng",
  "regular_price": 279000,
  "compare_price": 279000,
  "sku": "SKU-68261295213EF202C0FD20D9-SIZE-XS-COLOR-CAM HỒNG",
  "quantity": 0,
  "options": {
    "SIZE": "XS",
    "COLOR": "Cam hồng"
  },
  "product_allow_buy_when_clocked": false,
  "product_exclude_discount": false,
  "product_apply_allowance_inventory": false,
  "pending": 0,
  "product_visibility": true,
  "is_delete": false,
  "is_lock": false,
  "createAt": {
    "$date": "2025-05-15T16:13:10.558Z"
  },
  "updateAt": {
    "$date": "2025-05-15T16:13:10.558Z"
  },
  "_class": "com.lamnguyen.inventory_service.model.VariantProduct"
},
{
  "_id": "682612961bd0a01c950ad869",
  "product_id": "68261295213ef202c0fd20d9",
  "title": "S-Cam hồng",
  "regular_price": 279000,
  "compare_price": 279000,
  "sku": "SKU-68261295213EF202C0FD20D9-SIZE-S-COLOR-CAM HỒNG",
  "quantity": 0,
  "options": {
    "SIZE": "S",
    "COLOR": "Cam hồng"
  },
  "product_allow_buy_when_clocked": false,
  "product_exclude_discount": false,
  "product_apply_allowance_inventory": false,
  "pending": 0,
  "product_visibility": true,
  "is_delete": false,
  "is_lock": false,
  "createAt": {
    "$date": "2025-05-15T16:13:10.625Z"
  },
  "updateAt": {
    "$date": "2025-05-15T16:13:10.625Z"
  },
  "_class": "com.lamnguyen.inventory_service.model.VariantProduct"
},
{
  "_id": "682612961bd0a01c950ad86a",
  "product_id": "68261295213ef202c0fd20d9",
  "title": "M-Cam hồng",
  "regular_price": 279000,
  "compare_price": 279000,
  "sku": "SKU-68261295213EF202C0FD20D9-SIZE-M-COLOR-CAM HỒNG",
  "quantity": 0,
  "options": {
    "SIZE": "M",
    "COLOR": "Cam hồng"
  },
  "product_allow_buy_when_clocked": false,
  "product_exclude_discount": false,
  "product_apply_allowance_inventory": false,
  "pending": 0,
  "product_visibility": true,
  "is_delete": false,
  "is_lock": false,
  "createAt": {
    "$date": "2025-05-15T16:13:10.697Z"
  },
  "updateAt": {
    "$date": "2025-05-15T16:13:10.697Z"
  },
  "_class": "com.lamnguyen.inventory_service.model.VariantProduct"
},
{
  "_id": "682612961bd0a01c950ad86b",
  "product_id": "68261295213ef202c0fd20d9",
  "title": "L-Cam hồng",
  "regular_price": 279000,
  "compare_price": 279000,
  "sku": "SKU-68261295213EF202C0FD20D9-SIZE-L-COLOR-CAM HỒNG",
  "quantity": 0,
  "options": {
    "SIZE": "L",
    "COLOR": "Cam hồng"
  },
  "product_allow_buy_when_clocked": false,
  "product_exclude_discount": false,
  "product_apply_allowance_inventory": false,
  "pending": 0,
  "product_visibility": true,
  "is_delete": false,
  "is_lock": false,
  "createAt": {
    "$date": "2025-05-15T16:13:10.756Z"
  },
  "updateAt": {
    "$date": "2025-05-15T16:13:10.756Z"
  },
  "_class": "com.lamnguyen.inventory_service.model.VariantProduct"
},
{
  "_id": "682612961bd0a01c950ad86c",
  "product_id": "68261295213ef202c0fd20d9",
  "title": "XL-Cam hồng",
  "regular_price": 279000,
  "compare_price": 279000,
  "sku": "SKU-68261295213EF202C0FD20D9-SIZE-XL-COLOR-CAM HỒNG",
  "quantity": 0,
  "options": {
    "SIZE": "XL",
    "COLOR": "Cam hồng"
  },
  "product_allow_buy_when_clocked": false,
  "product_exclude_discount": false,
  "product_apply_allowance_inventory": false,
  "pending": 0,
  "product_visibility": true,
  "is_delete": false,
  "is_lock": false,
  "createAt": {
    "$date": "2025-05-15T16:13:10.844Z"
  },
  "updateAt": {
    "$date": "2025-05-15T16:13:10.844Z"
  },
  "_class": "com.lamnguyen.inventory_service.model.VariantProduct"
},
{
  "_id": "6826129a1bd0a01c950ad86d",
  "product_id": "6826129a213ef202c0fd20da",
  "title": "XS-Hồng",
  "regular_price": 449000,
  "compare_price": 499000,
  "sku": "SKU-6826129A213EF202C0FD20DA-SIZE-XS-COLOR-HỒNG",
  "quantity": 0,
  "options": {
    "SIZE": "XS",
    "COLOR": "Hồng"
  },
  "product_allow_buy_when_clocked": false,
  "product_exclude_discount": false,
  "product_apply_allowance_inventory": false,
  "pending": 0,
  "product_visibility": true,
  "is_delete": false,
  "is_lock": false,
  "createAt": {
    "$date": "2025-05-15T16:13:14.551Z"
  },
  "updateAt": {
    "$date": "2025-05-15T16:13:14.551Z"
  },
  "_class": "com.lamnguyen.inventory_service.model.VariantProduct"
},
{
  "_id": "6826129a1bd0a01c950ad86e",
  "product_id": "6826129a213ef202c0fd20da",
  "title": "S-Hồng",
  "regular_price": 449000,
  "compare_price": 499000,
  "sku": "SKU-6826129A213EF202C0FD20DA-SIZE-S-COLOR-HỒNG",
  "quantity": 0,
  "options": {
    "SIZE": "S",
    "COLOR": "Hồng"
  },
  "product_allow_buy_when_clocked": false,
  "product_exclude_discount": false,
  "product_apply_allowance_inventory": false,
  "pending": 0,
  "product_visibility": true,
  "is_delete": false,
  "is_lock": false,
  "createAt": {
    "$date": "2025-05-15T16:13:14.614Z"
  },
  "updateAt": {
    "$date": "2025-05-15T16:13:14.614Z"
  },
  "_class": "com.lamnguyen.inventory_service.model.VariantProduct"
},
{
  "_id": "6826129a1bd0a01c950ad86f",
  "product_id": "6826129a213ef202c0fd20da",
  "title": "M-Hồng",
  "regular_price": 449000,
  "compare_price": 499000,
  "sku": "SKU-6826129A213EF202C0FD20DA-SIZE-M-COLOR-HỒNG",
  "quantity": 0,
  "options": {
    "SIZE": "M",
    "COLOR": "Hồng"
  },
  "product_allow_buy_when_clocked": false,
  "product_exclude_discount": false,
  "product_apply_allowance_inventory": false,
  "pending": 0,
  "product_visibility": true,
  "is_delete": false,
  "is_lock": false,
  "createAt": {
    "$date": "2025-05-15T16:13:14.671Z"
  },
  "updateAt": {
    "$date": "2025-05-15T16:13:14.671Z"
  },
  "_class": "com.lamnguyen.inventory_service.model.VariantProduct"
},
{
  "_id": "6826129a1bd0a01c950ad870",
  "product_id": "6826129a213ef202c0fd20da",
  "title": "L-Hồng",
  "regular_price": 449000,
  "compare_price": 499000,
  "sku": "SKU-6826129A213EF202C0FD20DA-SIZE-L-COLOR-HỒNG",
  "quantity": 0,
  "options": {
    "SIZE": "L",
    "COLOR": "Hồng"
  },
  "product_allow_buy_when_clocked": false,
  "product_exclude_discount": false,
  "product_apply_allowance_inventory": false,
  "pending": 0,
  "product_visibility": true,
  "is_delete": false,
  "is_lock": false,
  "createAt": {
    "$date": "2025-05-15T16:13:14.796Z"
  },
  "updateAt": {
    "$date": "2025-05-15T16:13:14.796Z"
  },
  "_class": "com.lamnguyen.inventory_service.model.VariantProduct"
},
{
  "_id": "6826129a1bd0a01c950ad871",
  "product_id": "6826129a213ef202c0fd20da",
  "title": "XL-Hồng",
  "regular_price": 449000,
  "compare_price": 499000,
  "sku": "SKU-6826129A213EF202C0FD20DA-SIZE-XL-COLOR-HỒNG",
  "quantity": 0,
  "options": {
    "SIZE": "XL",
    "COLOR": "Hồng"
  },
  "product_allow_buy_when_clocked": false,
  "product_exclude_discount": false,
  "product_apply_allowance_inventory": false,
  "pending": 0,
  "product_visibility": true,
  "is_delete": false,
  "is_lock": false,
  "createAt": {
    "$date": "2025-05-15T16:13:14.882Z"
  },
  "updateAt": {
    "$date": "2025-05-15T16:13:14.882Z"
  },
  "_class": "com.lamnguyen.inventory_service.model.VariantProduct"
},
{
  "_id": "6826129a1bd0a01c950ad872",
  "product_id": "6826129a213ef202c0fd20da",
  "title": "XS-Đen",
  "regular_price": 449000,
  "compare_price": 499000,
  "sku": "SKU-6826129A213EF202C0FD20DA-SIZE-XS-COLOR-ĐEN",
  "quantity": 0,
  "options": {
    "SIZE": "XS",
    "COLOR": "Đen"
  },
  "product_allow_buy_when_clocked": false,
  "product_exclude_discount": false,
  "product_apply_allowance_inventory": false,
  "pending": 0,
  "product_visibility": true,
  "is_delete": false,
  "is_lock": false,
  "createAt": {
    "$date": "2025-05-15T16:13:14.939Z"
  },
  "updateAt": {
    "$date": "2025-05-15T16:13:14.939Z"
  },
  "_class": "com.lamnguyen.inventory_service.model.VariantProduct"
},
{
  "_id": "6826129b1bd0a01c950ad873",
  "product_id": "6826129a213ef202c0fd20da",
  "title": "S-Đen",
  "regular_price": 449000,
  "compare_price": 499000,
  "sku": "SKU-6826129A213EF202C0FD20DA-SIZE-S-COLOR-ĐEN",
  "quantity": 0,
  "options": {
    "SIZE": "S",
    "COLOR": "Đen"
  },
  "product_allow_buy_when_clocked": false,
  "product_exclude_discount": false,
  "product_apply_allowance_inventory": false,
  "pending": 0,
  "product_visibility": true,
  "is_delete": false,
  "is_lock": false,
  "createAt": {
    "$date": "2025-05-15T16:13:15.052Z"
  },
  "updateAt": {
    "$date": "2025-05-15T16:13:15.052Z"
  },
  "_class": "com.lamnguyen.inventory_service.model.VariantProduct"
},
{
  "_id": "6826129b1bd0a01c950ad874",
  "product_id": "6826129a213ef202c0fd20da",
  "title": "M-Đen",
  "regular_price": 449000,
  "compare_price": 499000,
  "sku": "SKU-6826129A213EF202C0FD20DA-SIZE-M-COLOR-ĐEN",
  "quantity": 0,
  "options": {
    "SIZE": "M",
    "COLOR": "Đen"
  },
  "product_allow_buy_when_clocked": false,
  "product_exclude_discount": false,
  "product_apply_allowance_inventory": false,
  "pending": 0,
  "product_visibility": true,
  "is_delete": false,
  "is_lock": false,
  "createAt": {
    "$date": "2025-05-15T16:13:15.116Z"
  },
  "updateAt": {
    "$date": "2025-05-15T16:13:15.116Z"
  },
  "_class": "com.lamnguyen.inventory_service.model.VariantProduct"
},
{
  "_id": "6826129b1bd0a01c950ad875",
  "product_id": "6826129a213ef202c0fd20da",
  "title": "L-Đen",
  "regular_price": 449000,
  "compare_price": 499000,
  "sku": "SKU-6826129A213EF202C0FD20DA-SIZE-L-COLOR-ĐEN",
  "quantity": 0,
  "options": {
    "SIZE": "L",
    "COLOR": "Đen"
  },
  "product_allow_buy_when_clocked": false,
  "product_exclude_discount": false,
  "product_apply_allowance_inventory": false,
  "pending": 0,
  "product_visibility": true,
  "is_delete": false,
  "is_lock": false,
  "createAt": {
    "$date": "2025-05-15T16:13:15.194Z"
  },
  "updateAt": {
    "$date": "2025-05-15T16:13:15.194Z"
  },
  "_class": "com.lamnguyen.inventory_service.model.VariantProduct"
},
{
  "_id": "6826129b1bd0a01c950ad876",
  "product_id": "6826129a213ef202c0fd20da",
  "title": "XL-Đen",
  "regular_price": 449000,
  "compare_price": 499000,
  "sku": "SKU-6826129A213EF202C0FD20DA-SIZE-XL-COLOR-ĐEN",
  "quantity": 0,
  "options": {
    "SIZE": "XL",
    "COLOR": "Đen"
  },
  "product_allow_buy_when_clocked": false,
  "product_exclude_discount": false,
  "product_apply_allowance_inventory": false,
  "pending": 0,
  "product_visibility": true,
  "is_delete": false,
  "is_lock": false,
  "createAt": {
    "$date": "2025-05-15T16:13:15.259Z"
  },
  "updateAt": {
    "$date": "2025-05-15T16:13:15.259Z"
  },
  "_class": "com.lamnguyen.inventory_service.model.VariantProduct"
},
{
  "_id": "682612a21bd0a01c950ad877",
  "product_id": "682612a2213ef202c0fd20db",
  "title": "XS-Be",
  "regular_price": 399000,
  "compare_price": 399000,
  "sku": "SKU-682612A2213EF202C0FD20DB-SIZE-XS-COLOR-BE",
  "quantity": 0,
  "options": {
    "SIZE": "XS",
    "COLOR": "Be"
  },
  "product_allow_buy_when_clocked": false,
  "product_exclude_discount": false,
  "product_apply_allowance_inventory": false,
  "pending": 0,
  "product_visibility": true,
  "is_delete": false,
  "is_lock": false,
  "createAt": {
    "$date": "2025-05-15T16:13:22.611Z"
  },
  "updateAt": {
    "$date": "2025-05-15T16:13:22.611Z"
  },
  "_class": "com.lamnguyen.inventory_service.model.VariantProduct"
},
{
  "_id": "682612a21bd0a01c950ad878",
  "product_id": "682612a2213ef202c0fd20db",
  "title": "S-Be",
  "regular_price": 399000,
  "compare_price": 399000,
  "sku": "SKU-682612A2213EF202C0FD20DB-SIZE-S-COLOR-BE",
  "quantity": 0,
  "options": {
    "SIZE": "S",
    "COLOR": "Be"
  },
  "product_allow_buy_when_clocked": false,
  "product_exclude_discount": false,
  "product_apply_allowance_inventory": false,
  "pending": 0,
  "product_visibility": true,
  "is_delete": false,
  "is_lock": false,
  "createAt": {
    "$date": "2025-05-15T16:13:22.667Z"
  },
  "updateAt": {
    "$date": "2025-05-15T16:13:22.667Z"
  },
  "_class": "com.lamnguyen.inventory_service.model.VariantProduct"
},
{
  "_id": "682612a21bd0a01c950ad879",
  "product_id": "682612a2213ef202c0fd20db",
  "title": "M-Be",
  "regular_price": 399000,
  "compare_price": 399000,
  "sku": "SKU-682612A2213EF202C0FD20DB-SIZE-M-COLOR-BE",
  "quantity": 0,
  "options": {
    "SIZE": "M",
    "COLOR": "Be"
  },
  "product_allow_buy_when_clocked": false,
  "product_exclude_discount": false,
  "product_apply_allowance_inventory": false,
  "pending": 0,
  "product_visibility": true,
  "is_delete": false,
  "is_lock": false,
  "createAt": {
    "$date": "2025-05-15T16:13:22.733Z"
  },
  "updateAt": {
    "$date": "2025-05-15T16:13:22.733Z"
  },
  "_class": "com.lamnguyen.inventory_service.model.VariantProduct"
},
{
  "_id": "682612a21bd0a01c950ad87a",
  "product_id": "682612a2213ef202c0fd20db",
  "title": "L-Be",
  "regular_price": 399000,
  "compare_price": 399000,
  "sku": "SKU-682612A2213EF202C0FD20DB-SIZE-L-COLOR-BE",
  "quantity": 0,
  "options": {
    "SIZE": "L",
    "COLOR": "Be"
  },
  "product_allow_buy_when_clocked": false,
  "product_exclude_discount": false,
  "product_apply_allowance_inventory": false,
  "pending": 0,
  "product_visibility": true,
  "is_delete": false,
  "is_lock": false,
  "createAt": {
    "$date": "2025-05-15T16:13:22.811Z"
  },
  "updateAt": {
    "$date": "2025-05-15T16:13:22.811Z"
  },
  "_class": "com.lamnguyen.inventory_service.model.VariantProduct"
},
{
  "_id": "682612a21bd0a01c950ad87b",
  "product_id": "682612a2213ef202c0fd20db",
  "title": "XL-Be",
  "regular_price": 399000,
  "compare_price": 399000,
  "sku": "SKU-682612A2213EF202C0FD20DB-SIZE-XL-COLOR-BE",
  "quantity": 0,
  "options": {
    "SIZE": "XL",
    "COLOR": "Be"
  },
  "product_allow_buy_when_clocked": false,
  "product_exclude_discount": false,
  "product_apply_allowance_inventory": false,
  "pending": 0,
  "product_visibility": true,
  "is_delete": false,
  "is_lock": false,
  "createAt": {
    "$date": "2025-05-15T16:13:22.877Z"
  },
  "updateAt": {
    "$date": "2025-05-15T16:13:22.877Z"
  },
  "_class": "com.lamnguyen.inventory_service.model.VariantProduct"
},
{
  "_id": "682612a21bd0a01c950ad87c",
  "product_id": "682612a2213ef202c0fd20db",
  "title": "XS-Đen",
  "regular_price": 399000,
  "compare_price": 399000,
  "sku": "SKU-682612A2213EF202C0FD20DB-SIZE-XS-COLOR-ĐEN",
  "quantity": 0,
  "options": {
    "SIZE": "XS",
    "COLOR": "Đen"
  },
  "product_allow_buy_when_clocked": false,
  "product_exclude_discount": false,
  "product_apply_allowance_inventory": false,
  "pending": 0,
  "product_visibility": true,
  "is_delete": false,
  "is_lock": false,
  "createAt": {
    "$date": "2025-05-15T16:13:22.938Z"
  },
  "updateAt": {
    "$date": "2025-05-15T16:13:22.938Z"
  },
  "_class": "com.lamnguyen.inventory_service.model.VariantProduct"
},
{
  "_id": "682612a31bd0a01c950ad87d",
  "product_id": "682612a2213ef202c0fd20db",
  "title": "S-Đen",
  "regular_price": 399000,
  "compare_price": 399000,
  "sku": "SKU-682612A2213EF202C0FD20DB-SIZE-S-COLOR-ĐEN",
  "quantity": 0,
  "options": {
    "SIZE": "S",
    "COLOR": "Đen"
  },
  "product_allow_buy_when_clocked": false,
  "product_exclude_discount": false,
  "product_apply_allowance_inventory": false,
  "pending": 0,
  "product_visibility": true,
  "is_delete": false,
  "is_lock": false,
  "createAt": {
    "$date": "2025-05-15T16:13:23.003Z"
  },
  "updateAt": {
    "$date": "2025-05-15T16:13:23.003Z"
  },
  "_class": "com.lamnguyen.inventory_service.model.VariantProduct"
},
{
  "_id": "682612a31bd0a01c950ad87e",
  "product_id": "682612a2213ef202c0fd20db",
  "title": "M-Đen",
  "regular_price": 399000,
  "compare_price": 399000,
  "sku": "SKU-682612A2213EF202C0FD20DB-SIZE-M-COLOR-ĐEN",
  "quantity": 0,
  "options": {
    "SIZE": "M",
    "COLOR": "Đen"
  },
  "product_allow_buy_when_clocked": false,
  "product_exclude_discount": false,
  "product_apply_allowance_inventory": false,
  "pending": 0,
  "product_visibility": true,
  "is_delete": false,
  "is_lock": false,
  "createAt": {
    "$date": "2025-05-15T16:13:23.098Z"
  },
  "updateAt": {
    "$date": "2025-05-15T16:13:23.098Z"
  },
  "_class": "com.lamnguyen.inventory_service.model.VariantProduct"
},
{
  "_id": "682612a31bd0a01c950ad87f",
  "product_id": "682612a2213ef202c0fd20db",
  "title": "L-Đen",
  "regular_price": 399000,
  "compare_price": 399000,
  "sku": "SKU-682612A2213EF202C0FD20DB-SIZE-L-COLOR-ĐEN",
  "quantity": 0,
  "options": {
    "SIZE": "L",
    "COLOR": "Đen"
  },
  "product_allow_buy_when_clocked": false,
  "product_exclude_discount": false,
  "product_apply_allowance_inventory": false,
  "pending": 0,
  "product_visibility": true,
  "is_delete": false,
  "is_lock": false,
  "createAt": {
    "$date": "2025-05-15T16:13:23.186Z"
  },
  "updateAt": {
    "$date": "2025-05-15T16:13:23.186Z"
  },
  "_class": "com.lamnguyen.inventory_service.model.VariantProduct"
},
{
  "_id": "682612a31bd0a01c950ad880",
  "product_id": "682612a2213ef202c0fd20db",
  "title": "XL-Đen",
  "regular_price": 399000,
  "compare_price": 399000,
  "sku": "SKU-682612A2213EF202C0FD20DB-SIZE-XL-COLOR-ĐEN",
  "quantity": 0,
  "options": {
    "SIZE": "XL",
    "COLOR": "Đen"
  },
  "product_allow_buy_when_clocked": false,
  "product_exclude_discount": false,
  "product_apply_allowance_inventory": false,
  "pending": 0,
  "product_visibility": true,
  "is_delete": false,
  "is_lock": false,
  "createAt": {
    "$date": "2025-05-15T16:13:23.312Z"
  },
  "updateAt": {
    "$date": "2025-05-15T16:13:23.312Z"
  },
  "_class": "com.lamnguyen.inventory_service.model.VariantProduct"
},
{
  "_id": "682612a31bd0a01c950ad881",
  "product_id": "682612a2213ef202c0fd20db",
  "title": "XS-Nâu",
  "regular_price": 399000,
  "compare_price": 399000,
  "sku": "SKU-682612A2213EF202C0FD20DB-SIZE-XS-COLOR-NÂU",
  "quantity": 0,
  "options": {
    "SIZE": "XS",
    "COLOR": "Nâu"
  },
  "product_allow_buy_when_clocked": false,
  "product_exclude_discount": false,
  "product_apply_allowance_inventory": false,
  "pending": 0,
  "product_visibility": true,
  "is_delete": false,
  "is_lock": false,
  "createAt": {
    "$date": "2025-05-15T16:13:23.380Z"
  },
  "updateAt": {
    "$date": "2025-05-15T16:13:23.380Z"
  },
  "_class": "com.lamnguyen.inventory_service.model.VariantProduct"
},
{
  "_id": "682612a31bd0a01c950ad882",
  "product_id": "682612a2213ef202c0fd20db",
  "title": "S-Nâu",
  "regular_price": 399000,
  "compare_price": 399000,
  "sku": "SKU-682612A2213EF202C0FD20DB-SIZE-S-COLOR-NÂU",
  "quantity": 0,
  "options": {
    "SIZE": "S",
    "COLOR": "Nâu"
  },
  "product_allow_buy_when_clocked": false,
  "product_exclude_discount": false,
  "product_apply_allowance_inventory": false,
  "pending": 0,
  "product_visibility": true,
  "is_delete": false,
  "is_lock": false,
  "createAt": {
    "$date": "2025-05-15T16:13:23.708Z"
  },
  "updateAt": {
    "$date": "2025-05-15T16:13:23.708Z"
  },
  "_class": "com.lamnguyen.inventory_service.model.VariantProduct"
},
{
  "_id": "682612a31bd0a01c950ad883",
  "product_id": "682612a2213ef202c0fd20db",
  "title": "M-Nâu",
  "regular_price": 399000,
  "compare_price": 399000,
  "sku": "SKU-682612A2213EF202C0FD20DB-SIZE-M-COLOR-NÂU",
  "quantity": 0,
  "options": {
    "SIZE": "M",
    "COLOR": "Nâu"
  },
  "product_allow_buy_when_clocked": false,
  "product_exclude_discount": false,
  "product_apply_allowance_inventory": false,
  "pending": 0,
  "product_visibility": true,
  "is_delete": false,
  "is_lock": false,
  "createAt": {
    "$date": "2025-05-15T16:13:23.889Z"
  },
  "updateAt": {
    "$date": "2025-05-15T16:13:23.889Z"
  },
  "_class": "com.lamnguyen.inventory_service.model.VariantProduct"
},
{
  "_id": "682612a31bd0a01c950ad884",
  "product_id": "682612a2213ef202c0fd20db",
  "title": "L-Nâu",
  "regular_price": 399000,
  "compare_price": 399000,
  "sku": "SKU-682612A2213EF202C0FD20DB-SIZE-L-COLOR-NÂU",
  "quantity": 0,
  "options": {
    "SIZE": "L",
    "COLOR": "Nâu"
  },
  "product_allow_buy_when_clocked": false,
  "product_exclude_discount": false,
  "product_apply_allowance_inventory": false,
  "pending": 0,
  "product_visibility": true,
  "is_delete": false,
  "is_lock": false,
  "createAt": {
    "$date": "2025-05-15T16:13:23.967Z"
  },
  "updateAt": {
    "$date": "2025-05-15T16:13:23.967Z"
  },
  "_class": "com.lamnguyen.inventory_service.model.VariantProduct"
},
{
  "_id": "682612a41bd0a01c950ad885",
  "product_id": "682612a2213ef202c0fd20db",
  "title": "XL-Nâu",
  "regular_price": 399000,
  "compare_price": 399000,
  "sku": "SKU-682612A2213EF202C0FD20DB-SIZE-XL-COLOR-NÂU",
  "quantity": 0,
  "options": {
    "SIZE": "XL",
    "COLOR": "Nâu"
  },
  "product_allow_buy_when_clocked": false,
  "product_exclude_discount": false,
  "product_apply_allowance_inventory": false,
  "pending": 0,
  "product_visibility": true,
  "is_delete": false,
  "is_lock": false,
  "createAt": {
    "$date": "2025-05-15T16:13:24.157Z"
  },
  "updateAt": {
    "$date": "2025-05-15T16:13:24.157Z"
  },
  "_class": "com.lamnguyen.inventory_service.model.VariantProduct"
},
{
  "_id": "682612a91bd0a01c950ad886",
  "product_id": "682612a9213ef202c0fd20dc",
  "title": "XS-Đen",
  "regular_price": 399000,
  "compare_price": 399000,
  "sku": "SKU-682612A9213EF202C0FD20DC-SIZE-XS-COLOR-ĐEN",
  "quantity": 0,
  "options": {
    "SIZE": "XS",
    "COLOR": "Đen"
  },
  "product_allow_buy_when_clocked": false,
  "product_exclude_discount": false,
  "product_apply_allowance_inventory": false,
  "pending": 0,
  "product_visibility": true,
  "is_delete": false,
  "is_lock": false,
  "createAt": {
    "$date": "2025-05-15T16:13:29.309Z"
  },
  "updateAt": {
    "$date": "2025-05-15T16:13:29.309Z"
  },
  "_class": "com.lamnguyen.inventory_service.model.VariantProduct"
},
{
  "_id": "682612a91bd0a01c950ad887",
  "product_id": "682612a9213ef202c0fd20dc",
  "title": "S-Đen",
  "regular_price": 399000,
  "compare_price": 399000,
  "sku": "SKU-682612A9213EF202C0FD20DC-SIZE-S-COLOR-ĐEN",
  "quantity": 0,
  "options": {
    "SIZE": "S",
    "COLOR": "Đen"
  },
  "product_allow_buy_when_clocked": false,
  "product_exclude_discount": false,
  "product_apply_allowance_inventory": false,
  "pending": 0,
  "product_visibility": true,
  "is_delete": false,
  "is_lock": false,
  "createAt": {
    "$date": "2025-05-15T16:13:29.364Z"
  },
  "updateAt": {
    "$date": "2025-05-15T16:13:29.364Z"
  },
  "_class": "com.lamnguyen.inventory_service.model.VariantProduct"
},
{
  "_id": "682612a91bd0a01c950ad888",
  "product_id": "682612a9213ef202c0fd20dc",
  "title": "M-Đen",
  "regular_price": 399000,
  "compare_price": 399000,
  "sku": "SKU-682612A9213EF202C0FD20DC-SIZE-M-COLOR-ĐEN",
  "quantity": 0,
  "options": {
    "SIZE": "M",
    "COLOR": "Đen"
  },
  "product_allow_buy_when_clocked": false,
  "product_exclude_discount": false,
  "product_apply_allowance_inventory": false,
  "pending": 0,
  "product_visibility": true,
  "is_delete": false,
  "is_lock": false,
  "createAt": {
    "$date": "2025-05-15T16:13:29.424Z"
  },
  "updateAt": {
    "$date": "2025-05-15T16:13:29.424Z"
  },
  "_class": "com.lamnguyen.inventory_service.model.VariantProduct"
},
{
  "_id": "682612a91bd0a01c950ad889",
  "product_id": "682612a9213ef202c0fd20dc",
  "title": "L-Đen",
  "regular_price": 399000,
  "compare_price": 399000,
  "sku": "SKU-682612A9213EF202C0FD20DC-SIZE-L-COLOR-ĐEN",
  "quantity": 0,
  "options": {
    "SIZE": "L",
    "COLOR": "Đen"
  },
  "product_allow_buy_when_clocked": false,
  "product_exclude_discount": false,
  "product_apply_allowance_inventory": false,
  "pending": 0,
  "product_visibility": true,
  "is_delete": false,
  "is_lock": false,
  "createAt": {
    "$date": "2025-05-15T16:13:29.487Z"
  },
  "updateAt": {
    "$date": "2025-05-15T16:13:29.487Z"
  },
  "_class": "com.lamnguyen.inventory_service.model.VariantProduct"
},
{
  "_id": "682612a91bd0a01c950ad88a",
  "product_id": "682612a9213ef202c0fd20dc",
  "title": "XL-Đen",
  "regular_price": 399000,
  "compare_price": 399000,
  "sku": "SKU-682612A9213EF202C0FD20DC-SIZE-XL-COLOR-ĐEN",
  "quantity": 0,
  "options": {
    "SIZE": "XL",
    "COLOR": "Đen"
  },
  "product_allow_buy_when_clocked": false,
  "product_exclude_discount": false,
  "product_apply_allowance_inventory": false,
  "pending": 0,
  "product_visibility": true,
  "is_delete": false,
  "is_lock": false,
  "createAt": {
    "$date": "2025-05-15T16:13:29.566Z"
  },
  "updateAt": {
    "$date": "2025-05-15T16:13:29.566Z"
  },
  "_class": "com.lamnguyen.inventory_service.model.VariantProduct"
},
{
  "_id": "682612a91bd0a01c950ad88b",
  "product_id": "682612a9213ef202c0fd20dc",
  "title": "XS-Be xám",
  "regular_price": 399000,
  "compare_price": 399000,
  "sku": "SKU-682612A9213EF202C0FD20DC-SIZE-XS-COLOR-BE XÁM",
  "quantity": 0,
  "options": {
    "SIZE": "XS",
    "COLOR": "Be xám"
  },
  "product_allow_buy_when_clocked": false,
  "product_exclude_discount": false,
  "product_apply_allowance_inventory": false,
  "pending": 0,
  "product_visibility": true,
  "is_delete": false,
  "is_lock": false,
  "createAt": {
    "$date": "2025-05-15T16:13:29.656Z"
  },
  "updateAt": {
    "$date": "2025-05-15T16:13:29.656Z"
  },
  "_class": "com.lamnguyen.inventory_service.model.VariantProduct"
},
{
  "_id": "682612a91bd0a01c950ad88c",
  "product_id": "682612a9213ef202c0fd20dc",
  "title": "S-Be xám",
  "regular_price": 399000,
  "compare_price": 399000,
  "sku": "SKU-682612A9213EF202C0FD20DC-SIZE-S-COLOR-BE XÁM",
  "quantity": 0,
  "options": {
    "SIZE": "S",
    "COLOR": "Be xám"
  },
  "product_allow_buy_when_clocked": false,
  "product_exclude_discount": false,
  "product_apply_allowance_inventory": false,
  "pending": 0,
  "product_visibility": true,
  "is_delete": false,
  "is_lock": false,
  "createAt": {
    "$date": "2025-05-15T16:13:29.722Z"
  },
  "updateAt": {
    "$date": "2025-05-15T16:13:29.722Z"
  },
  "_class": "com.lamnguyen.inventory_service.model.VariantProduct"
},
{
  "_id": "682612a91bd0a01c950ad88d",
  "product_id": "682612a9213ef202c0fd20dc",
  "title": "M-Be xám",
  "regular_price": 399000,
  "compare_price": 399000,
  "sku": "SKU-682612A9213EF202C0FD20DC-SIZE-M-COLOR-BE XÁM",
  "quantity": 0,
  "options": {
    "SIZE": "M",
    "COLOR": "Be xám"
  },
  "product_allow_buy_when_clocked": false,
  "product_exclude_discount": false,
  "product_apply_allowance_inventory": false,
  "pending": 0,
  "product_visibility": true,
  "is_delete": false,
  "is_lock": false,
  "createAt": {
    "$date": "2025-05-15T16:13:29.783Z"
  },
  "updateAt": {
    "$date": "2025-05-15T16:13:29.783Z"
  },
  "_class": "com.lamnguyen.inventory_service.model.VariantProduct"
},
{
  "_id": "682612a91bd0a01c950ad88e",
  "product_id": "682612a9213ef202c0fd20dc",
  "title": "L-Be xám",
  "regular_price": 399000,
  "compare_price": 399000,
  "sku": "SKU-682612A9213EF202C0FD20DC-SIZE-L-COLOR-BE XÁM",
  "quantity": 0,
  "options": {
    "SIZE": "L",
    "COLOR": "Be xám"
  },
  "product_allow_buy_when_clocked": false,
  "product_exclude_discount": false,
  "product_apply_allowance_inventory": false,
  "pending": 0,
  "product_visibility": true,
  "is_delete": false,
  "is_lock": false,
  "createAt": {
    "$date": "2025-05-15T16:13:29.837Z"
  },
  "updateAt": {
    "$date": "2025-05-15T16:13:29.837Z"
  },
  "_class": "com.lamnguyen.inventory_service.model.VariantProduct"
},
{
  "_id": "682612a91bd0a01c950ad88f",
  "product_id": "682612a9213ef202c0fd20dc",
  "title": "XL-Be xám",
  "regular_price": 399000,
  "compare_price": 399000,
  "sku": "SKU-682612A9213EF202C0FD20DC-SIZE-XL-COLOR-BE XÁM",
  "quantity": 0,
  "options": {
    "SIZE": "XL",
    "COLOR": "Be xám"
  },
  "product_allow_buy_when_clocked": false,
  "product_exclude_discount": false,
  "product_apply_allowance_inventory": false,
  "pending": 0,
  "product_visibility": true,
  "is_delete": false,
  "is_lock": false,
  "createAt": {
    "$date": "2025-05-15T16:13:29.905Z"
  },
  "updateAt": {
    "$date": "2025-05-15T16:13:29.905Z"
  },
  "_class": "com.lamnguyen.inventory_service.model.VariantProduct"
},
{
  "_id": "682612a91bd0a01c950ad890",
  "product_id": "682612a9213ef202c0fd20dc",
  "title": "XS-Xanh Navy",
  "regular_price": 399000,
  "compare_price": 399000,
  "sku": "SKU-682612A9213EF202C0FD20DC-SIZE-XS-COLOR-XANH NAVY",
  "quantity": 0,
  "options": {
    "SIZE": "XS",
    "COLOR": "Xanh Navy"
  },
  "product_allow_buy_when_clocked": false,
  "product_exclude_discount": false,
  "product_apply_allowance_inventory": false,
  "pending": 0,
  "product_visibility": true,
  "is_delete": false,
  "is_lock": false,
  "createAt": {
    "$date": "2025-05-15T16:13:29.963Z"
  },
  "updateAt": {
    "$date": "2025-05-15T16:13:29.963Z"
  },
  "_class": "com.lamnguyen.inventory_service.model.VariantProduct"
},
{
  "_id": "682612aa1bd0a01c950ad891",
  "product_id": "682612a9213ef202c0fd20dc",
  "title": "S-Xanh Navy",
  "regular_price": 399000,
  "compare_price": 399000,
  "sku": "SKU-682612A9213EF202C0FD20DC-SIZE-S-COLOR-XANH NAVY",
  "quantity": 0,
  "options": {
    "SIZE": "S",
    "COLOR": "Xanh Navy"
  },
  "product_allow_buy_when_clocked": false,
  "product_exclude_discount": false,
  "product_apply_allowance_inventory": false,
  "pending": 0,
  "product_visibility": true,
  "is_delete": false,
  "is_lock": false,
  "createAt": {
    "$date": "2025-05-15T16:13:30.022Z"
  },
  "updateAt": {
    "$date": "2025-05-15T16:13:30.022Z"
  },
  "_class": "com.lamnguyen.inventory_service.model.VariantProduct"
},
{
  "_id": "682612aa1bd0a01c950ad892",
  "product_id": "682612a9213ef202c0fd20dc",
  "title": "M-Xanh Navy",
  "regular_price": 399000,
  "compare_price": 399000,
  "sku": "SKU-682612A9213EF202C0FD20DC-SIZE-M-COLOR-XANH NAVY",
  "quantity": 0,
  "options": {
    "SIZE": "M",
    "COLOR": "Xanh Navy"
  },
  "product_allow_buy_when_clocked": false,
  "product_exclude_discount": false,
  "product_apply_allowance_inventory": false,
  "pending": 0,
  "product_visibility": true,
  "is_delete": false,
  "is_lock": false,
  "createAt": {
    "$date": "2025-05-15T16:13:30.084Z"
  },
  "updateAt": {
    "$date": "2025-05-15T16:13:30.084Z"
  },
  "_class": "com.lamnguyen.inventory_service.model.VariantProduct"
},
{
  "_id": "682612aa1bd0a01c950ad893",
  "product_id": "682612a9213ef202c0fd20dc",
  "title": "L-Xanh Navy",
  "regular_price": 399000,
  "compare_price": 399000,
  "sku": "SKU-682612A9213EF202C0FD20DC-SIZE-L-COLOR-XANH NAVY",
  "quantity": 0,
  "options": {
    "SIZE": "L",
    "COLOR": "Xanh Navy"
  },
  "product_allow_buy_when_clocked": false,
  "product_exclude_discount": false,
  "product_apply_allowance_inventory": false,
  "pending": 0,
  "product_visibility": true,
  "is_delete": false,
  "is_lock": false,
  "createAt": {
    "$date": "2025-05-15T16:13:30.137Z"
  },
  "updateAt": {
    "$date": "2025-05-15T16:13:30.137Z"
  },
  "_class": "com.lamnguyen.inventory_service.model.VariantProduct"
},
{
  "_id": "682612aa1bd0a01c950ad894",
  "product_id": "682612a9213ef202c0fd20dc",
  "title": "XL-Xanh Navy",
  "regular_price": 399000,
  "compare_price": 399000,
  "sku": "SKU-682612A9213EF202C0FD20DC-SIZE-XL-COLOR-XANH NAVY",
  "quantity": 0,
  "options": {
    "SIZE": "XL",
    "COLOR": "Xanh Navy"
  },
  "product_allow_buy_when_clocked": false,
  "product_exclude_discount": false,
  "product_apply_allowance_inventory": false,
  "pending": 0,
  "product_visibility": true,
  "is_delete": false,
  "is_lock": false,
  "createAt": {
    "$date": "2025-05-15T16:13:30.216Z"
  },
  "updateAt": {
    "$date": "2025-05-15T16:13:30.216Z"
  },
  "_class": "com.lamnguyen.inventory_service.model.VariantProduct"
}]