[{
  "_id": "6826069c1bd0a01c950ace91",
  "product_id": "68260699213ef202c0fd2058",
  "title": "M-Rêu",
  "regular_price": 590000,
  "compare_price": 590000,
  "sku": "SKU-68260699213EF202C0FD2058-SIZE-M-COLOR-RÊU",
  "quantity": 0,
  "options": {
    "SIZE": "M",
    "COLOR": "Rêu"
  },
  "product_allow_buy_when_clocked": false,
  "product_exclude_discount": false,
  "product_apply_allowance_inventory": false,
  "pending": 0,
  "product_visibility": true,
  "is_delete": false,
  "is_lock": false,
  "createAt": {
    "$date": "2025-05-15T15:22:04.541Z"
  },
  "updateAt": {
    "$date": "2025-05-15T15:22:04.541Z"
  },
  "_class": "com.lamnguyen.inventory_service.model.VariantProduct"
},
{
  "_id": "6826069c1bd0a01c950ace92",
  "product_id": "68260699213ef202c0fd2058",
  "title": "L-Rêu",
  "regular_price": 590000,
  "compare_price": 590000,
  "sku": "SKU-68260699213EF202C0FD2058-SIZE-L-COLOR-RÊU",
  "quantity": 0,
  "options": {
    "SIZE": "L",
    "COLOR": "Rêu"
  },
  "product_allow_buy_when_clocked": false,
  "product_exclude_discount": false,
  "product_apply_allowance_inventory": false,
  "pending": 0,
  "product_visibility": true,
  "is_delete": false,
  "is_lock": false,
  "createAt": {
    "$date": "2025-05-15T15:22:04.647Z"
  },
  "updateAt": {
    "$date": "2025-05-15T15:22:04.647Z"
  },
  "_class": "com.lamnguyen.inventory_service.model.VariantProduct"
},
{
  "_id": "6826069c1bd0a01c950ace93",
  "product_id": "68260699213ef202c0fd2058",
  "title": "XL-Rêu",
  "regular_price": 590000,
  "compare_price": 590000,
  "sku": "SKU-68260699213EF202C0FD2058-SIZE-XL-COLOR-RÊU",
  "quantity": 0,
  "options": {
    "SIZE": "XL",
    "COLOR": "Rêu"
  },
  "product_allow_buy_when_clocked": false,
  "product_exclude_discount": false,
  "product_apply_allowance_inventory": false,
  "pending": 0,
  "product_visibility": true,
  "is_delete": false,
  "is_lock": false,
  "createAt": {
    "$date": "2025-05-15T15:22:04.755Z"
  },
  "updateAt": {
    "$date": "2025-05-15T15:22:04.755Z"
  },
  "_class": "com.lamnguyen.inventory_service.model.VariantProduct"
},
{
  "_id": "6826069c1bd0a01c950ace94",
  "product_id": "68260699213ef202c0fd2058",
  "title": "2XL-Rêu",
  "regular_price": 590000,
  "compare_price": 590000,
  "sku": "SKU-68260699213EF202C0FD2058-SIZE-2XL-COLOR-RÊU",
  "quantity": 0,
  "options": {
    "SIZE": "2XL",
    "COLOR": "Rêu"
  },
  "product_allow_buy_when_clocked": false,
  "product_exclude_discount": false,
  "product_apply_allowance_inventory": false,
  "pending": 0,
  "product_visibility": true,
  "is_delete": false,
  "is_lock": false,
  "createAt": {
    "$date": "2025-05-15T15:22:04.844Z"
  },
  "updateAt": {
    "$date": "2025-05-15T15:22:04.844Z"
  },
  "_class": "com.lamnguyen.inventory_service.model.VariantProduct"
},
{
  "_id": "6826069c1bd0a01c950ace95",
  "product_id": "68260699213ef202c0fd2058",
  "title": "3XL-Rêu",
  "regular_price": 590000,
  "compare_price": 590000,
  "sku": "SKU-68260699213EF202C0FD2058-SIZE-3XL-COLOR-RÊU",
  "quantity": 0,
  "options": {
    "SIZE": "3XL",
    "COLOR": "Rêu"
  },
  "product_allow_buy_when_clocked": false,
  "product_exclude_discount": false,
  "product_apply_allowance_inventory": false,
  "pending": 0,
  "product_visibility": true,
  "is_delete": false,
  "is_lock": false,
  "createAt": {
    "$date": "2025-05-15T15:22:04.925Z"
  },
  "updateAt": {
    "$date": "2025-05-15T15:22:04.925Z"
  },
  "_class": "com.lamnguyen.inventory_service.model.VariantProduct"
},
{
  "_id": "6826069d1bd0a01c950ace96",
  "product_id": "68260699213ef202c0fd2058",
  "title": "M-Đen",
  "regular_price": 590000,
  "compare_price": 590000,
  "sku": "SKU-68260699213EF202C0FD2058-SIZE-M-COLOR-ĐEN",
  "quantity": 0,
  "options": {
    "SIZE": "M",
    "COLOR": "Đen"
  },
  "product_allow_buy_when_clocked": false,
  "product_exclude_discount": false,
  "product_apply_allowance_inventory": false,
  "pending": 0,
  "product_visibility": true,
  "is_delete": false,
  "is_lock": false,
  "createAt": {
    "$date": "2025-05-15T15:22:05.010Z"
  },
  "updateAt": {
    "$date": "2025-05-15T15:22:05.010Z"
  },
  "_class": "com.lamnguyen.inventory_service.model.VariantProduct"
},
{
  "_id": "6826069d1bd0a01c950ace97",
  "product_id": "68260699213ef202c0fd2058",
  "title": "L-Đen",
  "regular_price": 590000,
  "compare_price": 590000,
  "sku": "SKU-68260699213EF202C0FD2058-SIZE-L-COLOR-ĐEN",
  "quantity": 0,
  "options": {
    "SIZE": "L",
    "COLOR": "Đen"
  },
  "product_allow_buy_when_clocked": false,
  "product_exclude_discount": false,
  "product_apply_allowance_inventory": false,
  "pending": 0,
  "product_visibility": true,
  "is_delete": false,
  "is_lock": false,
  "createAt": {
    "$date": "2025-05-15T15:22:05.098Z"
  },
  "updateAt": {
    "$date": "2025-05-15T15:22:05.098Z"
  },
  "_class": "com.lamnguyen.inventory_service.model.VariantProduct"
},
{
  "_id": "6826069d1bd0a01c950ace98",
  "product_id": "68260699213ef202c0fd2058",
  "title": "XL-Đen",
  "regular_price": 590000,
  "compare_price": 590000,
  "sku": "SKU-68260699213EF202C0FD2058-SIZE-XL-COLOR-ĐEN",
  "quantity": 0,
  "options": {
    "SIZE": "XL",
    "COLOR": "Đen"
  },
  "product_allow_buy_when_clocked": false,
  "product_exclude_discount": false,
  "product_apply_allowance_inventory": false,
  "pending": 0,
  "product_visibility": true,
  "is_delete": false,
  "is_lock": false,
  "createAt": {
    "$date": "2025-05-15T15:22:05.190Z"
  },
  "updateAt": {
    "$date": "2025-05-15T15:22:05.190Z"
  },
  "_class": "com.lamnguyen.inventory_service.model.VariantProduct"
},
{
  "_id": "6826069d1bd0a01c950ace99",
  "product_id": "68260699213ef202c0fd2058",
  "title": "2XL-Đen",
  "regular_price": 590000,
  "compare_price": 590000,
  "sku": "SKU-68260699213EF202C0FD2058-SIZE-2XL-COLOR-ĐEN",
  "quantity": 0,
  "options": {
    "SIZE": "2XL",
    "COLOR": "Đen"
  },
  "product_allow_buy_when_clocked": false,
  "product_exclude_discount": false,
  "product_apply_allowance_inventory": false,
  "pending": 0,
  "product_visibility": true,
  "is_delete": false,
  "is_lock": false,
  "createAt": {
    "$date": "2025-05-15T15:22:05.270Z"
  },
  "updateAt": {
    "$date": "2025-05-15T15:22:05.270Z"
  },
  "_class": "com.lamnguyen.inventory_service.model.VariantProduct"
},
{
  "_id": "6826069d1bd0a01c950ace9a",
  "product_id": "68260699213ef202c0fd2058",
  "title": "3XL-Đen",
  "regular_price": 590000,
  "compare_price": 590000,
  "sku": "SKU-68260699213EF202C0FD2058-SIZE-3XL-COLOR-ĐEN",
  "quantity": 0,
  "options": {
    "SIZE": "3XL",
    "COLOR": "Đen"
  },
  "product_allow_buy_when_clocked": false,
  "product_exclude_discount": false,
  "product_apply_allowance_inventory": false,
  "pending": 0,
  "product_visibility": true,
  "is_delete": false,
  "is_lock": false,
  "createAt": {
    "$date": "2025-05-15T15:22:05.351Z"
  },
  "updateAt": {
    "$date": "2025-05-15T15:22:05.351Z"
  },
  "_class": "com.lamnguyen.inventory_service.model.VariantProduct"
},
{
  "_id": "6826069d1bd0a01c950ace9b",
  "product_id": "68260699213ef202c0fd2058",
  "title": "M-Xám đậm",
  "regular_price": 590000,
  "compare_price": 590000,
  "sku": "SKU-68260699213EF202C0FD2058-SIZE-M-COLOR-XÁM ĐẬM",
  "quantity": 0,
  "options": {
    "SIZE": "M",
    "COLOR": "Xám đậm"
  },
  "product_allow_buy_when_clocked": false,
  "product_exclude_discount": false,
  "product_apply_allowance_inventory": false,
  "pending": 0,
  "product_visibility": true,
  "is_delete": false,
  "is_lock": false,
  "createAt": {
    "$date": "2025-05-15T15:22:05.434Z"
  },
  "updateAt": {
    "$date": "2025-05-15T15:22:05.434Z"
  },
  "_class": "com.lamnguyen.inventory_service.model.VariantProduct"
},
{
  "_id": "6826069d1bd0a01c950ace9c",
  "product_id": "68260699213ef202c0fd2058",
  "title": "L-Xám đậm",
  "regular_price": 590000,
  "compare_price": 590000,
  "sku": "SKU-68260699213EF202C0FD2058-SIZE-L-COLOR-XÁM ĐẬM",
  "quantity": 0,
  "options": {
    "SIZE": "L",
    "COLOR": "Xám đậm"
  },
  "product_allow_buy_when_clocked": false,
  "product_exclude_discount": false,
  "product_apply_allowance_inventory": false,
  "pending": 0,
  "product_visibility": true,
  "is_delete": false,
  "is_lock": false,
  "createAt": {
    "$date": "2025-05-15T15:22:05.593Z"
  },
  "updateAt": {
    "$date": "2025-05-15T15:22:05.593Z"
  },
  "_class": "com.lamnguyen.inventory_service.model.VariantProduct"
},
{
  "_id": "6826069d1bd0a01c950ace9d",
  "product_id": "68260699213ef202c0fd2058",
  "title": "XL-Xám đậm",
  "regular_price": 590000,
  "compare_price": 590000,
  "sku": "SKU-68260699213EF202C0FD2058-SIZE-XL-COLOR-XÁM ĐẬM",
  "quantity": 0,
  "options": {
    "SIZE": "XL",
    "COLOR": "Xám đậm"
  },
  "product_allow_buy_when_clocked": false,
  "product_exclude_discount": false,
  "product_apply_allowance_inventory": false,
  "pending": 0,
  "product_visibility": true,
  "is_delete": false,
  "is_lock": false,
  "createAt": {
    "$date": "2025-05-15T15:22:05.672Z"
  },
  "updateAt": {
    "$date": "2025-05-15T15:22:05.672Z"
  },
  "_class": "com.lamnguyen.inventory_service.model.VariantProduct"
},
{
  "_id": "6826069d1bd0a01c950ace9e",
  "product_id": "68260699213ef202c0fd2058",
  "title": "2XL-Xám đậm",
  "regular_price": 590000,
  "compare_price": 590000,
  "sku": "SKU-68260699213EF202C0FD2058-SIZE-2XL-COLOR-XÁM ĐẬM",
  "quantity": 0,
  "options": {
    "SIZE": "2XL",
    "COLOR": "Xám đậm"
  },
  "product_allow_buy_when_clocked": false,
  "product_exclude_discount": false,
  "product_apply_allowance_inventory": false,
  "pending": 0,
  "product_visibility": true,
  "is_delete": false,
  "is_lock": false,
  "createAt": {
    "$date": "2025-05-15T15:22:05.757Z"
  },
  "updateAt": {
    "$date": "2025-05-15T15:22:05.757Z"
  },
  "_class": "com.lamnguyen.inventory_service.model.VariantProduct"
},
{
  "_id": "6826069d1bd0a01c950ace9f",
  "product_id": "68260699213ef202c0fd2058",
  "title": "3XL-Xám đậm",
  "regular_price": 590000,
  "compare_price": 590000,
  "sku": "SKU-68260699213EF202C0FD2058-SIZE-3XL-COLOR-XÁM ĐẬM",
  "quantity": 0,
  "options": {
    "SIZE": "3XL",
    "COLOR": "Xám đậm"
  },
  "product_allow_buy_when_clocked": false,
  "product_exclude_discount": false,
  "product_apply_allowance_inventory": false,
  "pending": 0,
  "product_visibility": true,
  "is_delete": false,
  "is_lock": false,
  "createAt": {
    "$date": "2025-05-15T15:22:05.831Z"
  },
  "updateAt": {
    "$date": "2025-05-15T15:22:05.831Z"
  },
  "_class": "com.lamnguyen.inventory_service.model.VariantProduct"
},
{
  "_id": "6826069d1bd0a01c950acea0",
  "product_id": "68260699213ef202c0fd2058",
  "title": "M-Xanh Navy",
  "regular_price": 590000,
  "compare_price": 590000,
  "sku": "SKU-68260699213EF202C0FD2058-SIZE-M-COLOR-XANH NAVY",
  "quantity": 0,
  "options": {
    "SIZE": "M",
    "COLOR": "Xanh Navy"
  },
  "product_allow_buy_when_clocked": false,
  "product_exclude_discount": false,
  "product_apply_allowance_inventory": false,
  "pending": 0,
  "product_visibility": true,
  "is_delete": false,
  "is_lock": false,
  "createAt": {
    "$date": "2025-05-15T15:22:05.910Z"
  },
  "updateAt": {
    "$date": "2025-05-15T15:22:05.910Z"
  },
  "_class": "com.lamnguyen.inventory_service.model.VariantProduct"
},
{
  "_id": "6826069d1bd0a01c950acea1",
  "product_id": "68260699213ef202c0fd2058",
  "title": "L-Xanh Navy",
  "regular_price": 590000,
  "compare_price": 590000,
  "sku": "SKU-68260699213EF202C0FD2058-SIZE-L-COLOR-XANH NAVY",
  "quantity": 0,
  "options": {
    "SIZE": "L",
    "COLOR": "Xanh Navy"
  },
  "product_allow_buy_when_clocked": false,
  "product_exclude_discount": false,
  "product_apply_allowance_inventory": false,
  "pending": 0,
  "product_visibility": true,
  "is_delete": false,
  "is_lock": false,
  "createAt": {
    "$date": "2025-05-15T15:22:05.982Z"
  },
  "updateAt": {
    "$date": "2025-05-15T15:22:05.982Z"
  },
  "_class": "com.lamnguyen.inventory_service.model.VariantProduct"
},
{
  "_id": "6826069e1bd0a01c950acea2",
  "product_id": "68260699213ef202c0fd2058",
  "title": "XL-Xanh Navy",
  "regular_price": 590000,
  "compare_price": 590000,
  "sku": "SKU-68260699213EF202C0FD2058-SIZE-XL-COLOR-XANH NAVY",
  "quantity": 0,
  "options": {
    "SIZE": "XL",
    "COLOR": "Xanh Navy"
  },
  "product_allow_buy_when_clocked": false,
  "product_exclude_discount": false,
  "product_apply_allowance_inventory": false,
  "pending": 0,
  "product_visibility": true,
  "is_delete": false,
  "is_lock": false,
  "createAt": {
    "$date": "2025-05-15T15:22:06.101Z"
  },
  "updateAt": {
    "$date": "2025-05-15T15:22:06.101Z"
  },
  "_class": "com.lamnguyen.inventory_service.model.VariantProduct"
},
{
  "_id": "6826069e1bd0a01c950acea3",
  "product_id": "68260699213ef202c0fd2058",
  "title": "2XL-Xanh Navy",
  "regular_price": 590000,
  "compare_price": 590000,
  "sku": "SKU-68260699213EF202C0FD2058-SIZE-2XL-COLOR-XANH NAVY",
  "quantity": 0,
  "options": {
    "SIZE": "2XL",
    "COLOR": "Xanh Navy"
  },
  "product_allow_buy_when_clocked": false,
  "product_exclude_discount": false,
  "product_apply_allowance_inventory": false,
  "pending": 0,
  "product_visibility": true,
  "is_delete": false,
  "is_lock": false,
  "createAt": {
    "$date": "2025-05-15T15:22:06.186Z"
  },
  "updateAt": {
    "$date": "2025-05-15T15:22:06.186Z"
  },
  "_class": "com.lamnguyen.inventory_service.model.VariantProduct"
},
{
  "_id": "6826069e1bd0a01c950acea4",
  "product_id": "68260699213ef202c0fd2058",
  "title": "3XL-Xanh Navy",
  "regular_price": 590000,
  "compare_price": 590000,
  "sku": "SKU-68260699213EF202C0FD2058-SIZE-3XL-COLOR-XANH NAVY",
  "quantity": 0,
  "options": {
    "SIZE": "3XL",
    "COLOR": "Xanh Navy"
  },
  "product_allow_buy_when_clocked": false,
  "product_exclude_discount": false,
  "product_apply_allowance_inventory": false,
  "pending": 0,
  "product_visibility": true,
  "is_delete": false,
  "is_lock": false,
  "createAt": {
    "$date": "2025-05-15T15:22:06.308Z"
  },
  "updateAt": {
    "$date": "2025-05-15T15:22:06.308Z"
  },
  "_class": "com.lamnguyen.inventory_service.model.VariantProduct"
},
{
  "_id": "682606a81bd0a01c950acea5",
  "product_id": "682606a8213ef202c0fd2059",
  "title": "M-Be Kaki",
  "regular_price": 599000,
  "compare_price": 599000,
  "sku": "SKU-682606A8213EF202C0FD2059-SIZE-M-COLOR-BE KAKI",
  "quantity": 0,
  "options": {
    "SIZE": "M",
    "COLOR": "Be Kaki"
  },
  "product_allow_buy_when_clocked": false,
  "product_exclude_discount": false,
  "product_apply_allowance_inventory": false,
  "pending": 0,
  "product_visibility": true,
  "is_delete": false,
  "is_lock": false,
  "createAt": {
    "$date": "2025-05-15T15:22:16.399Z"
  },
  "updateAt": {
    "$date": "2025-05-15T15:22:16.399Z"
  },
  "_class": "com.lamnguyen.inventory_service.model.VariantProduct"
},
{
  "_id": "682606a81bd0a01c950acea6",
  "product_id": "682606a8213ef202c0fd2059",
  "title": "L-Be Kaki",
  "regular_price": 599000,
  "compare_price": 599000,
  "sku": "SKU-682606A8213EF202C0FD2059-SIZE-L-COLOR-BE KAKI",
  "quantity": 0,
  "options": {
    "SIZE": "L",
    "COLOR": "Be Kaki"
  },
  "product_allow_buy_when_clocked": false,
  "product_exclude_discount": false,
  "product_apply_allowance_inventory": false,
  "pending": 0,
  "product_visibility": true,
  "is_delete": false,
  "is_lock": false,
  "createAt": {
    "$date": "2025-05-15T15:22:16.472Z"
  },
  "updateAt": {
    "$date": "2025-05-15T15:22:16.472Z"
  },
  "_class": "com.lamnguyen.inventory_service.model.VariantProduct"
},
{
  "_id": "682606a81bd0a01c950acea7",
  "product_id": "682606a8213ef202c0fd2059",
  "title": "XL-Be Kaki",
  "regular_price": 599000,
  "compare_price": 599000,
  "sku": "SKU-682606A8213EF202C0FD2059-SIZE-XL-COLOR-BE KAKI",
  "quantity": 0,
  "options": {
    "SIZE": "XL",
    "COLOR": "Be Kaki"
  },
  "product_allow_buy_when_clocked": false,
  "product_exclude_discount": false,
  "product_apply_allowance_inventory": false,
  "pending": 0,
  "product_visibility": true,
  "is_delete": false,
  "is_lock": false,
  "createAt": {
    "$date": "2025-05-15T15:22:16.551Z"
  },
  "updateAt": {
    "$date": "2025-05-15T15:22:16.551Z"
  },
  "_class": "com.lamnguyen.inventory_service.model.VariantProduct"
},
{
  "_id": "682606a81bd0a01c950acea8",
  "product_id": "682606a8213ef202c0fd2059",
  "title": "2XL-Be Kaki",
  "regular_price": 599000,
  "compare_price": 599000,
  "sku": "SKU-682606A8213EF202C0FD2059-SIZE-2XL-COLOR-BE KAKI",
  "quantity": 0,
  "options": {
    "SIZE": "2XL",
    "COLOR": "Be Kaki"
  },
  "product_allow_buy_when_clocked": false,
  "product_exclude_discount": false,
  "product_apply_allowance_inventory": false,
  "pending": 0,
  "product_visibility": true,
  "is_delete": false,
  "is_lock": false,
  "createAt": {
    "$date": "2025-05-15T15:22:16.626Z"
  },
  "updateAt": {
    "$date": "2025-05-15T15:22:16.626Z"
  },
  "_class": "com.lamnguyen.inventory_service.model.VariantProduct"
},
{
  "_id": "682606a81bd0a01c950acea9",
  "product_id": "682606a8213ef202c0fd2059",
  "title": "3XL-Be Kaki",
  "regular_price": 599000,
  "compare_price": 599000,
  "sku": "SKU-682606A8213EF202C0FD2059-SIZE-3XL-COLOR-BE KAKI",
  "quantity": 0,
  "options": {
    "SIZE": "3XL",
    "COLOR": "Be Kaki"
  },
  "product_allow_buy_when_clocked": false,
  "product_exclude_discount": false,
  "product_apply_allowance_inventory": false,
  "pending": 0,
  "product_visibility": true,
  "is_delete": false,
  "is_lock": false,
  "createAt": {
    "$date": "2025-05-15T15:22:16.701Z"
  },
  "updateAt": {
    "$date": "2025-05-15T15:22:16.701Z"
  },
  "_class": "com.lamnguyen.inventory_service.model.VariantProduct"
},
{
  "_id": "682606a81bd0a01c950aceaa",
  "product_id": "682606a8213ef202c0fd2059",
  "title": "M-Đen",
  "regular_price": 599000,
  "compare_price": 599000,
  "sku": "SKU-682606A8213EF202C0FD2059-SIZE-M-COLOR-ĐEN",
  "quantity": 0,
  "options": {
    "SIZE": "M",
    "COLOR": "Đen"
  },
  "product_allow_buy_when_clocked": false,
  "product_exclude_discount": false,
  "product_apply_allowance_inventory": false,
  "pending": 0,
  "product_visibility": true,
  "is_delete": false,
  "is_lock": false,
  "createAt": {
    "$date": "2025-05-15T15:22:16.773Z"
  },
  "updateAt": {
    "$date": "2025-05-15T15:22:16.773Z"
  },
  "_class": "com.lamnguyen.inventory_service.model.VariantProduct"
},
{
  "_id": "682606a81bd0a01c950aceab",
  "product_id": "682606a8213ef202c0fd2059",
  "title": "L-Đen",
  "regular_price": 599000,
  "compare_price": 599000,
  "sku": "SKU-682606A8213EF202C0FD2059-SIZE-L-COLOR-ĐEN",
  "quantity": 0,
  "options": {
    "SIZE": "L",
    "COLOR": "Đen"
  },
  "product_allow_buy_when_clocked": false,
  "product_exclude_discount": false,
  "product_apply_allowance_inventory": false,
  "pending": 0,
  "product_visibility": true,
  "is_delete": false,
  "is_lock": false,
  "createAt": {
    "$date": "2025-05-15T15:22:16.846Z"
  },
  "updateAt": {
    "$date": "2025-05-15T15:22:16.846Z"
  },
  "_class": "com.lamnguyen.inventory_service.model.VariantProduct"
},
{
  "_id": "682606a81bd0a01c950aceac",
  "product_id": "682606a8213ef202c0fd2059",
  "title": "XL-Đen",
  "regular_price": 599000,
  "compare_price": 599000,
  "sku": "SKU-682606A8213EF202C0FD2059-SIZE-XL-COLOR-ĐEN",
  "quantity": 0,
  "options": {
    "SIZE": "XL",
    "COLOR": "Đen"
  },
  "product_allow_buy_when_clocked": false,
  "product_exclude_discount": false,
  "product_apply_allowance_inventory": false,
  "pending": 0,
  "product_visibility": true,
  "is_delete": false,
  "is_lock": false,
  "createAt": {
    "$date": "2025-05-15T15:22:16.918Z"
  },
  "updateAt": {
    "$date": "2025-05-15T15:22:16.918Z"
  },
  "_class": "com.lamnguyen.inventory_service.model.VariantProduct"
},
{
  "_id": "682606a81bd0a01c950acead",
  "product_id": "682606a8213ef202c0fd2059",
  "title": "2XL-Đen",
  "regular_price": 599000,
  "compare_price": 599000,
  "sku": "SKU-682606A8213EF202C0FD2059-SIZE-2XL-COLOR-ĐEN",
  "quantity": 0,
  "options": {
    "SIZE": "2XL",
    "COLOR": "Đen"
  },
  "product_allow_buy_when_clocked": false,
  "product_exclude_discount": false,
  "product_apply_allowance_inventory": false,
  "pending": 0,
  "product_visibility": true,
  "is_delete": false,
  "is_lock": false,
  "createAt": {
    "$date": "2025-05-15T15:22:16.989Z"
  },
  "updateAt": {
    "$date": "2025-05-15T15:22:16.989Z"
  },
  "_class": "com.lamnguyen.inventory_service.model.VariantProduct"
},
{
  "_id": "682606a91bd0a01c950aceae",
  "product_id": "682606a8213ef202c0fd2059",
  "title": "3XL-Đen",
  "regular_price": 599000,
  "compare_price": 599000,
  "sku": "SKU-682606A8213EF202C0FD2059-SIZE-3XL-COLOR-ĐEN",
  "quantity": 0,
  "options": {
    "SIZE": "3XL",
    "COLOR": "Đen"
  },
  "product_allow_buy_when_clocked": false,
  "product_exclude_discount": false,
  "product_apply_allowance_inventory": false,
  "pending": 0,
  "product_visibility": true,
  "is_delete": false,
  "is_lock": false,
  "createAt": {
    "$date": "2025-05-15T15:22:17.062Z"
  },
  "updateAt": {
    "$date": "2025-05-15T15:22:17.062Z"
  },
  "_class": "com.lamnguyen.inventory_service.model.VariantProduct"
},
{
  "_id": "682606a91bd0a01c950aceaf",
  "product_id": "682606a8213ef202c0fd2059",
  "title": "M-Navy",
  "regular_price": 599000,
  "compare_price": 599000,
  "sku": "SKU-682606A8213EF202C0FD2059-SIZE-M-COLOR-NAVY",
  "quantity": 0,
  "options": {
    "SIZE": "M",
    "COLOR": "Navy"
  },
  "product_allow_buy_when_clocked": false,
  "product_exclude_discount": false,
  "product_apply_allowance_inventory": false,
  "pending": 0,
  "product_visibility": true,
  "is_delete": false,
  "is_lock": false,
  "createAt": {
    "$date": "2025-05-15T15:22:17.136Z"
  },
  "updateAt": {
    "$date": "2025-05-15T15:22:17.136Z"
  },
  "_class": "com.lamnguyen.inventory_service.model.VariantProduct"
},
{
  "_id": "682606a91bd0a01c950aceb0",
  "product_id": "682606a8213ef202c0fd2059",
  "title": "L-Navy",
  "regular_price": 599000,
  "compare_price": 599000,
  "sku": "SKU-682606A8213EF202C0FD2059-SIZE-L-COLOR-NAVY",
  "quantity": 0,
  "options": {
    "SIZE": "L",
    "COLOR": "Navy"
  },
  "product_allow_buy_when_clocked": false,
  "product_exclude_discount": false,
  "product_apply_allowance_inventory": false,
  "pending": 0,
  "product_visibility": true,
  "is_delete": false,
  "is_lock": false,
  "createAt": {
    "$date": "2025-05-15T15:22:17.208Z"
  },
  "updateAt": {
    "$date": "2025-05-15T15:22:17.208Z"
  },
  "_class": "com.lamnguyen.inventory_service.model.VariantProduct"
},
{
  "_id": "682606a91bd0a01c950aceb1",
  "product_id": "682606a8213ef202c0fd2059",
  "title": "XL-Navy",
  "regular_price": 599000,
  "compare_price": 599000,
  "sku": "SKU-682606A8213EF202C0FD2059-SIZE-XL-COLOR-NAVY",
  "quantity": 0,
  "options": {
    "SIZE": "XL",
    "COLOR": "Navy"
  },
  "product_allow_buy_when_clocked": false,
  "product_exclude_discount": false,
  "product_apply_allowance_inventory": false,
  "pending": 0,
  "product_visibility": true,
  "is_delete": false,
  "is_lock": false,
  "createAt": {
    "$date": "2025-05-15T15:22:17.279Z"
  },
  "updateAt": {
    "$date": "2025-05-15T15:22:17.279Z"
  },
  "_class": "com.lamnguyen.inventory_service.model.VariantProduct"
},
{
  "_id": "682606a91bd0a01c950aceb2",
  "product_id": "682606a8213ef202c0fd2059",
  "title": "2XL-Navy",
  "regular_price": 599000,
  "compare_price": 599000,
  "sku": "SKU-682606A8213EF202C0FD2059-SIZE-2XL-COLOR-NAVY",
  "quantity": 0,
  "options": {
    "SIZE": "2XL",
    "COLOR": "Navy"
  },
  "product_allow_buy_when_clocked": false,
  "product_exclude_discount": false,
  "product_apply_allowance_inventory": false,
  "pending": 0,
  "product_visibility": true,
  "is_delete": false,
  "is_lock": false,
  "createAt": {
    "$date": "2025-05-15T15:22:17.350Z"
  },
  "updateAt": {
    "$date": "2025-05-15T15:22:17.350Z"
  },
  "_class": "com.lamnguyen.inventory_service.model.VariantProduct"
},
{
  "_id": "682606a91bd0a01c950aceb3",
  "product_id": "682606a8213ef202c0fd2059",
  "title": "3XL-Navy",
  "regular_price": 599000,
  "compare_price": 599000,
  "sku": "SKU-682606A8213EF202C0FD2059-SIZE-3XL-COLOR-NAVY",
  "quantity": 0,
  "options": {
    "SIZE": "3XL",
    "COLOR": "Navy"
  },
  "product_allow_buy_when_clocked": false,
  "product_exclude_discount": false,
  "product_apply_allowance_inventory": false,
  "pending": 0,
  "product_visibility": true,
  "is_delete": false,
  "is_lock": false,
  "createAt": {
    "$date": "2025-05-15T15:22:17.421Z"
  },
  "updateAt": {
    "$date": "2025-05-15T15:22:17.421Z"
  },
  "_class": "com.lamnguyen.inventory_service.model.VariantProduct"
},
{
  "_id": "682606ae1bd0a01c950aceb4",
  "product_id": "682606ae213ef202c0fd205a",
  "title": "M-Rêu Buluga",
  "regular_price": 399000,
  "compare_price": 399000,
  "sku": "SKU-682606AE213EF202C0FD205A-SIZE-M-COLOR-RÊU BULUGA",
  "quantity": 0,
  "options": {
    "SIZE": "M",
    "COLOR": "Rêu Buluga"
  },
  "product_allow_buy_when_clocked": false,
  "product_exclude_discount": false,
  "product_apply_allowance_inventory": false,
  "pending": 0,
  "product_visibility": true,
  "is_delete": false,
  "is_lock": false,
  "createAt": {
    "$date": "2025-05-15T15:22:22.422Z"
  },
  "updateAt": {
    "$date": "2025-05-15T15:22:22.422Z"
  },
  "_class": "com.lamnguyen.inventory_service.model.VariantProduct"
},
{
  "_id": "682606ae1bd0a01c950aceb5",
  "product_id": "682606ae213ef202c0fd205a",
  "title": "L-Rêu Buluga",
  "regular_price": 399000,
  "compare_price": 399000,
  "sku": "SKU-682606AE213EF202C0FD205A-SIZE-L-COLOR-RÊU BULUGA",
  "quantity": 0,
  "options": {
    "SIZE": "L",
    "COLOR": "Rêu Buluga"
  },
  "product_allow_buy_when_clocked": false,
  "product_exclude_discount": false,
  "product_apply_allowance_inventory": false,
  "pending": 0,
  "product_visibility": true,
  "is_delete": false,
  "is_lock": false,
  "createAt": {
    "$date": "2025-05-15T15:22:22.509Z"
  },
  "updateAt": {
    "$date": "2025-05-15T15:22:22.509Z"
  },
  "_class": "com.lamnguyen.inventory_service.model.VariantProduct"
},
{
  "_id": "682606ae1bd0a01c950aceb6",
  "product_id": "682606ae213ef202c0fd205a",
  "title": "XL-Rêu Buluga",
  "regular_price": 399000,
  "compare_price": 399000,
  "sku": "SKU-682606AE213EF202C0FD205A-SIZE-XL-COLOR-RÊU BULUGA",
  "quantity": 0,
  "options": {
    "SIZE": "XL",
    "COLOR": "Rêu Buluga"
  },
  "product_allow_buy_when_clocked": false,
  "product_exclude_discount": false,
  "product_apply_allowance_inventory": false,
  "pending": 0,
  "product_visibility": true,
  "is_delete": false,
  "is_lock": false,
  "createAt": {
    "$date": "2025-05-15T15:22:22.586Z"
  },
  "updateAt": {
    "$date": "2025-05-15T15:22:22.586Z"
  },
  "_class": "com.lamnguyen.inventory_service.model.VariantProduct"
},
{
  "_id": "682606ae1bd0a01c950aceb7",
  "product_id": "682606ae213ef202c0fd205a",
  "title": "2XL-Rêu Buluga",
  "regular_price": 399000,
  "compare_price": 399000,
  "sku": "SKU-682606AE213EF202C0FD205A-SIZE-2XL-COLOR-RÊU BULUGA",
  "quantity": 0,
  "options": {
    "SIZE": "2XL",
    "COLOR": "Rêu Buluga"
  },
  "product_allow_buy_when_clocked": false,
  "product_exclude_discount": false,
  "product_apply_allowance_inventory": false,
  "pending": 0,
  "product_visibility": true,
  "is_delete": false,
  "is_lock": false,
  "createAt": {
    "$date": "2025-05-15T15:22:22.668Z"
  },
  "updateAt": {
    "$date": "2025-05-15T15:22:22.668Z"
  },
  "_class": "com.lamnguyen.inventory_service.model.VariantProduct"
},
{
  "_id": "682606ae1bd0a01c950aceb8",
  "product_id": "682606ae213ef202c0fd205a",
  "title": "3XL-Rêu Buluga",
  "regular_price": 399000,
  "compare_price": 399000,
  "sku": "SKU-682606AE213EF202C0FD205A-SIZE-3XL-COLOR-RÊU BULUGA",
  "quantity": 0,
  "options": {
    "SIZE": "3XL",
    "COLOR": "Rêu Buluga"
  },
  "product_allow_buy_when_clocked": false,
  "product_exclude_discount": false,
  "product_apply_allowance_inventory": false,
  "pending": 0,
  "product_visibility": true,
  "is_delete": false,
  "is_lock": false,
  "createAt": {
    "$date": "2025-05-15T15:22:22.742Z"
  },
  "updateAt": {
    "$date": "2025-05-15T15:22:22.742Z"
  },
  "_class": "com.lamnguyen.inventory_service.model.VariantProduct"
},
{
  "_id": "682606ae1bd0a01c950aceb9",
  "product_id": "682606ae213ef202c0fd205a",
  "title": "M-Đen",
  "regular_price": 399000,
  "compare_price": 399000,
  "sku": "SKU-682606AE213EF202C0FD205A-SIZE-M-COLOR-ĐEN",
  "quantity": 0,
  "options": {
    "SIZE": "M",
    "COLOR": "Đen"
  },
  "product_allow_buy_when_clocked": false,
  "product_exclude_discount": false,
  "product_apply_allowance_inventory": false,
  "pending": 0,
  "product_visibility": true,
  "is_delete": false,
  "is_lock": false,
  "createAt": {
    "$date": "2025-05-15T15:22:22.820Z"
  },
  "updateAt": {
    "$date": "2025-05-15T15:22:22.820Z"
  },
  "_class": "com.lamnguyen.inventory_service.model.VariantProduct"
},
{
  "_id": "682606ae1bd0a01c950aceba",
  "product_id": "682606ae213ef202c0fd205a",
  "title": "L-Đen",
  "regular_price": 399000,
  "compare_price": 399000,
  "sku": "SKU-682606AE213EF202C0FD205A-SIZE-L-COLOR-ĐEN",
  "quantity": 0,
  "options": {
    "SIZE": "L",
    "COLOR": "Đen"
  },
  "product_allow_buy_when_clocked": false,
  "product_exclude_discount": false,
  "product_apply_allowance_inventory": false,
  "pending": 0,
  "product_visibility": true,
  "is_delete": false,
  "is_lock": false,
  "createAt": {
    "$date": "2025-05-15T15:22:22.906Z"
  },
  "updateAt": {
    "$date": "2025-05-15T15:22:22.906Z"
  },
  "_class": "com.lamnguyen.inventory_service.model.VariantProduct"
},
{
  "_id": "682606ae1bd0a01c950acebb",
  "product_id": "682606ae213ef202c0fd205a",
  "title": "XL-Đen",
  "regular_price": 399000,
  "compare_price": 399000,
  "sku": "SKU-682606AE213EF202C0FD205A-SIZE-XL-COLOR-ĐEN",
  "quantity": 0,
  "options": {
    "SIZE": "XL",
    "COLOR": "Đen"
  },
  "product_allow_buy_when_clocked": false,
  "product_exclude_discount": false,
  "product_apply_allowance_inventory": false,
  "pending": 0,
  "product_visibility": true,
  "is_delete": false,
  "is_lock": false,
  "createAt": {
    "$date": "2025-05-15T15:22:22.986Z"
  },
  "updateAt": {
    "$date": "2025-05-15T15:22:22.986Z"
  },
  "_class": "com.lamnguyen.inventory_service.model.VariantProduct"
},
{
  "_id": "682606af1bd0a01c950acebc",
  "product_id": "682606ae213ef202c0fd205a",
  "title": "2XL-Đen",
  "regular_price": 399000,
  "compare_price": 399000,
  "sku": "SKU-682606AE213EF202C0FD205A-SIZE-2XL-COLOR-ĐEN",
  "quantity": 0,
  "options": {
    "SIZE": "2XL",
    "COLOR": "Đen"
  },
  "product_allow_buy_when_clocked": false,
  "product_exclude_discount": false,
  "product_apply_allowance_inventory": false,
  "pending": 0,
  "product_visibility": true,
  "is_delete": false,
  "is_lock": false,
  "createAt": {
    "$date": "2025-05-15T15:22:23.062Z"
  },
  "updateAt": {
    "$date": "2025-05-15T15:22:23.062Z"
  },
  "_class": "com.lamnguyen.inventory_service.model.VariantProduct"
},
{
  "_id": "682606af1bd0a01c950acebd",
  "product_id": "682606ae213ef202c0fd205a",
  "title": "3XL-Đen",
  "regular_price": 399000,
  "compare_price": 399000,
  "sku": "SKU-682606AE213EF202C0FD205A-SIZE-3XL-COLOR-ĐEN",
  "quantity": 0,
  "options": {
    "SIZE": "3XL",
    "COLOR": "Đen"
  },
  "product_allow_buy_when_clocked": false,
  "product_exclude_discount": false,
  "product_apply_allowance_inventory": false,
  "pending": 0,
  "product_visibility": true,
  "is_delete": false,
  "is_lock": false,
  "createAt": {
    "$date": "2025-05-15T15:22:23.150Z"
  },
  "updateAt": {
    "$date": "2025-05-15T15:22:23.150Z"
  },
  "_class": "com.lamnguyen.inventory_service.model.VariantProduct"
},
{
  "_id": "682606b81bd0a01c950acebe",
  "product_id": "682606b8213ef202c0fd205b",
  "title": "M-Ombre",
  "regular_price": 379000,
  "compare_price": 379000,
  "sku": "SKU-682606B8213EF202C0FD205B-SIZE-M-COLOR-OMBRE",
  "quantity": 0,
  "options": {
    "SIZE": "M",
    "COLOR": "Ombre"
  },
  "product_allow_buy_when_clocked": false,
  "product_exclude_discount": false,
  "product_apply_allowance_inventory": false,
  "pending": 0,
  "product_visibility": true,
  "is_delete": false,
  "is_lock": false,
  "createAt": {
    "$date": "2025-05-15T15:22:32.500Z"
  },
  "updateAt": {
    "$date": "2025-05-15T15:22:32.500Z"
  },
  "_class": "com.lamnguyen.inventory_service.model.VariantProduct"
},
{
  "_id": "682606b81bd0a01c950acebf",
  "product_id": "682606b8213ef202c0fd205b",
  "title": "L-Ombre",
  "regular_price": 379000,
  "compare_price": 379000,
  "sku": "SKU-682606B8213EF202C0FD205B-SIZE-L-COLOR-OMBRE",
  "quantity": 0,
  "options": {
    "SIZE": "L",
    "COLOR": "Ombre"
  },
  "product_allow_buy_when_clocked": false,
  "product_exclude_discount": false,
  "product_apply_allowance_inventory": false,
  "pending": 0,
  "product_visibility": true,
  "is_delete": false,
  "is_lock": false,
  "createAt": {
    "$date": "2025-05-15T15:22:32.585Z"
  },
  "updateAt": {
    "$date": "2025-05-15T15:22:32.585Z"
  },
  "_class": "com.lamnguyen.inventory_service.model.VariantProduct"
},
{
  "_id": "682606b81bd0a01c950acec0",
  "product_id": "682606b8213ef202c0fd205b",
  "title": "XL-Ombre",
  "regular_price": 379000,
  "compare_price": 379000,
  "sku": "SKU-682606B8213EF202C0FD205B-SIZE-XL-COLOR-OMBRE",
  "quantity": 0,
  "options": {
    "SIZE": "XL",
    "COLOR": "Ombre"
  },
  "product_allow_buy_when_clocked": false,
  "product_exclude_discount": false,
  "product_apply_allowance_inventory": false,
  "pending": 0,
  "product_visibility": true,
  "is_delete": false,
  "is_lock": false,
  "createAt": {
    "$date": "2025-05-15T15:22:32.657Z"
  },
  "updateAt": {
    "$date": "2025-05-15T15:22:32.657Z"
  },
  "_class": "com.lamnguyen.inventory_service.model.VariantProduct"
},
{
  "_id": "682606b81bd0a01c950acec1",
  "product_id": "682606b8213ef202c0fd205b",
  "title": "2XL-Ombre",
  "regular_price": 379000,
  "compare_price": 379000,
  "sku": "SKU-682606B8213EF202C0FD205B-SIZE-2XL-COLOR-OMBRE",
  "quantity": 0,
  "options": {
    "SIZE": "2XL",
    "COLOR": "Ombre"
  },
  "product_allow_buy_when_clocked": false,
  "product_exclude_discount": false,
  "product_apply_allowance_inventory": false,
  "pending": 0,
  "product_visibility": true,
  "is_delete": false,
  "is_lock": false,
  "createAt": {
    "$date": "2025-05-15T15:22:32.731Z"
  },
  "updateAt": {
    "$date": "2025-05-15T15:22:32.731Z"
  },
  "_class": "com.lamnguyen.inventory_service.model.VariantProduct"
},
{
  "_id": "682606b81bd0a01c950acec2",
  "product_id": "682606b8213ef202c0fd205b",
  "title": "3XL-Ombre",
  "regular_price": 379000,
  "compare_price": 379000,
  "sku": "SKU-682606B8213EF202C0FD205B-SIZE-3XL-COLOR-OMBRE",
  "quantity": 0,
  "options": {
    "SIZE": "3XL",
    "COLOR": "Ombre"
  },
  "product_allow_buy_when_clocked": false,
  "product_exclude_discount": false,
  "product_apply_allowance_inventory": false,
  "pending": 0,
  "product_visibility": true,
  "is_delete": false,
  "is_lock": false,
  "createAt": {
    "$date": "2025-05-15T15:22:32.804Z"
  },
  "updateAt": {
    "$date": "2025-05-15T15:22:32.804Z"
  },
  "_class": "com.lamnguyen.inventory_service.model.VariantProduct"
},
{
  "_id": "682606b81bd0a01c950acec3",
  "product_id": "682606b8213ef202c0fd205b",
  "title": "M-Đen",
  "regular_price": 379000,
  "compare_price": 379000,
  "sku": "SKU-682606B8213EF202C0FD205B-SIZE-M-COLOR-ĐEN",
  "quantity": 0,
  "options": {
    "SIZE": "M",
    "COLOR": "Đen"
  },
  "product_allow_buy_when_clocked": false,
  "product_exclude_discount": false,
  "product_apply_allowance_inventory": false,
  "pending": 0,
  "product_visibility": true,
  "is_delete": false,
  "is_lock": false,
  "createAt": {
    "$date": "2025-05-15T15:22:32.879Z"
  },
  "updateAt": {
    "$date": "2025-05-15T15:22:32.879Z"
  },
  "_class": "com.lamnguyen.inventory_service.model.VariantProduct"
},
{
  "_id": "682606b81bd0a01c950acec4",
  "product_id": "682606b8213ef202c0fd205b",
  "title": "L-Đen",
  "regular_price": 379000,
  "compare_price": 379000,
  "sku": "SKU-682606B8213EF202C0FD205B-SIZE-L-COLOR-ĐEN",
  "quantity": 0,
  "options": {
    "SIZE": "L",
    "COLOR": "Đen"
  },
  "product_allow_buy_when_clocked": false,
  "product_exclude_discount": false,
  "product_apply_allowance_inventory": false,
  "pending": 0,
  "product_visibility": true,
  "is_delete": false,
  "is_lock": false,
  "createAt": {
    "$date": "2025-05-15T15:22:32.953Z"
  },
  "updateAt": {
    "$date": "2025-05-15T15:22:32.953Z"
  },
  "_class": "com.lamnguyen.inventory_service.model.VariantProduct"
},
{
  "_id": "682606b91bd0a01c950acec5",
  "product_id": "682606b8213ef202c0fd205b",
  "title": "XL-Đen",
  "regular_price": 379000,
  "compare_price": 379000,
  "sku": "SKU-682606B8213EF202C0FD205B-SIZE-XL-COLOR-ĐEN",
  "quantity": 0,
  "options": {
    "SIZE": "XL",
    "COLOR": "Đen"
  },
  "product_allow_buy_when_clocked": false,
  "product_exclude_discount": false,
  "product_apply_allowance_inventory": false,
  "pending": 0,
  "product_visibility": true,
  "is_delete": false,
  "is_lock": false,
  "createAt": {
    "$date": "2025-05-15T15:22:33.067Z"
  },
  "updateAt": {
    "$date": "2025-05-15T15:22:33.067Z"
  },
  "_class": "com.lamnguyen.inventory_service.model.VariantProduct"
},
{
  "_id": "682606b91bd0a01c950acec6",
  "product_id": "682606b8213ef202c0fd205b",
  "title": "2XL-Đen",
  "regular_price": 379000,
  "compare_price": 379000,
  "sku": "SKU-682606B8213EF202C0FD205B-SIZE-2XL-COLOR-ĐEN",
  "quantity": 0,
  "options": {
    "SIZE": "2XL",
    "COLOR": "Đen"
  },
  "product_allow_buy_when_clocked": false,
  "product_exclude_discount": false,
  "product_apply_allowance_inventory": false,
  "pending": 0,
  "product_visibility": true,
  "is_delete": false,
  "is_lock": false,
  "createAt": {
    "$date": "2025-05-15T15:22:33.145Z"
  },
  "updateAt": {
    "$date": "2025-05-15T15:22:33.145Z"
  },
  "_class": "com.lamnguyen.inventory_service.model.VariantProduct"
},
{
  "_id": "682606b91bd0a01c950acec7",
  "product_id": "682606b8213ef202c0fd205b",
  "title": "3XL-Đen",
  "regular_price": 379000,
  "compare_price": 379000,
  "sku": "SKU-682606B8213EF202C0FD205B-SIZE-3XL-COLOR-ĐEN",
  "quantity": 0,
  "options": {
    "SIZE": "3XL",
    "COLOR": "Đen"
  },
  "product_allow_buy_when_clocked": false,
  "product_exclude_discount": false,
  "product_apply_allowance_inventory": false,
  "pending": 0,
  "product_visibility": true,
  "is_delete": false,
  "is_lock": false,
  "createAt": {
    "$date": "2025-05-15T15:22:33.217Z"
  },
  "updateAt": {
    "$date": "2025-05-15T15:22:33.217Z"
  },
  "_class": "com.lamnguyen.inventory_service.model.VariantProduct"
},
{
  "_id": "682606b91bd0a01c950acec8",
  "product_id": "682606b8213ef202c0fd205b",
  "title": "M-Rêu Buluga",
  "regular_price": 379000,
  "compare_price": 379000,
  "sku": "SKU-682606B8213EF202C0FD205B-SIZE-M-COLOR-RÊU BULUGA",
  "quantity": 0,
  "options": {
    "SIZE": "M",
    "COLOR": "Rêu Buluga"
  },
  "product_allow_buy_when_clocked": false,
  "product_exclude_discount": false,
  "product_apply_allowance_inventory": false,
  "pending": 0,
  "product_visibility": true,
  "is_delete": false,
  "is_lock": false,
  "createAt": {
    "$date": "2025-05-15T15:22:33.287Z"
  },
  "updateAt": {
    "$date": "2025-05-15T15:22:33.287Z"
  },
  "_class": "com.lamnguyen.inventory_service.model.VariantProduct"
},
{
  "_id": "682606b91bd0a01c950acec9",
  "product_id": "682606b8213ef202c0fd205b",
  "title": "L-Rêu Buluga",
  "regular_price": 379000,
  "compare_price": 379000,
  "sku": "SKU-682606B8213EF202C0FD205B-SIZE-L-COLOR-RÊU BULUGA",
  "quantity": 0,
  "options": {
    "SIZE": "L",
    "COLOR": "Rêu Buluga"
  },
  "product_allow_buy_when_clocked": false,
  "product_exclude_discount": false,
  "product_apply_allowance_inventory": false,
  "pending": 0,
  "product_visibility": true,
  "is_delete": false,
  "is_lock": false,
  "createAt": {
    "$date": "2025-05-15T15:22:33.361Z"
  },
  "updateAt": {
    "$date": "2025-05-15T15:22:33.361Z"
  },
  "_class": "com.lamnguyen.inventory_service.model.VariantProduct"
},
{
  "_id": "682606b91bd0a01c950aceca",
  "product_id": "682606b8213ef202c0fd205b",
  "title": "XL-Rêu Buluga",
  "regular_price": 379000,
  "compare_price": 379000,
  "sku": "SKU-682606B8213EF202C0FD205B-SIZE-XL-COLOR-RÊU BULUGA",
  "quantity": 0,
  "options": {
    "SIZE": "XL",
    "COLOR": "Rêu Buluga"
  },
  "product_allow_buy_when_clocked": false,
  "product_exclude_discount": false,
  "product_apply_allowance_inventory": false,
  "pending": 0,
  "product_visibility": true,
  "is_delete": false,
  "is_lock": false,
  "createAt": {
    "$date": "2025-05-15T15:22:33.432Z"
  },
  "updateAt": {
    "$date": "2025-05-15T15:22:33.432Z"
  },
  "_class": "com.lamnguyen.inventory_service.model.VariantProduct"
},
{
  "_id": "682606b91bd0a01c950acecb",
  "product_id": "682606b8213ef202c0fd205b",
  "title": "2XL-Rêu Buluga",
  "regular_price": 379000,
  "compare_price": 379000,
  "sku": "SKU-682606B8213EF202C0FD205B-SIZE-2XL-COLOR-RÊU BULUGA",
  "quantity": 0,
  "options": {
    "SIZE": "2XL",
    "COLOR": "Rêu Buluga"
  },
  "product_allow_buy_when_clocked": false,
  "product_exclude_discount": false,
  "product_apply_allowance_inventory": false,
  "pending": 0,
  "product_visibility": true,
  "is_delete": false,
  "is_lock": false,
  "createAt": {
    "$date": "2025-05-15T15:22:33.507Z"
  },
  "updateAt": {
    "$date": "2025-05-15T15:22:33.507Z"
  },
  "_class": "com.lamnguyen.inventory_service.model.VariantProduct"
},
{
  "_id": "682606b91bd0a01c950acecc",
  "product_id": "682606b8213ef202c0fd205b",
  "title": "3XL-Rêu Buluga",
  "regular_price": 379000,
  "compare_price": 379000,
  "sku": "SKU-682606B8213EF202C0FD205B-SIZE-3XL-COLOR-RÊU BULUGA",
  "quantity": 0,
  "options": {
    "SIZE": "3XL",
    "COLOR": "Rêu Buluga"
  },
  "product_allow_buy_when_clocked": false,
  "product_exclude_discount": false,
  "product_apply_allowance_inventory": false,
  "pending": 0,
  "product_visibility": true,
  "is_delete": false,
  "is_lock": false,
  "createAt": {
    "$date": "2025-05-15T15:22:33.593Z"
  },
  "updateAt": {
    "$date": "2025-05-15T15:22:33.593Z"
  },
  "_class": "com.lamnguyen.inventory_service.model.VariantProduct"
},
{
  "_id": "682606ba1bd0a01c950acecd",
  "product_id": "682606ba213ef202c0fd205c",
  "title": "M-Đen",
  "regular_price": 249000,
  "compare_price": 299000,
  "sku": "SKU-682606BA213EF202C0FD205C-SIZE-M-COLOR-ĐEN",
  "quantity": 0,
  "options": {
    "SIZE": "M",
    "COLOR": "Đen"
  },
  "product_allow_buy_when_clocked": false,
  "product_exclude_discount": false,
  "product_apply_allowance_inventory": false,
  "pending": 0,
  "product_visibility": true,
  "is_delete": false,
  "is_lock": false,
  "createAt": {
    "$date": "2025-05-15T15:22:34.593Z"
  },
  "updateAt": {
    "$date": "2025-05-15T15:22:34.593Z"
  },
  "_class": "com.lamnguyen.inventory_service.model.VariantProduct"
},
{
  "_id": "682606ba1bd0a01c950acece",
  "product_id": "682606ba213ef202c0fd205c",
  "title": "L-Đen",
  "regular_price": 249000,
  "compare_price": 299000,
  "sku": "SKU-682606BA213EF202C0FD205C-SIZE-L-COLOR-ĐEN",
  "quantity": 0,
  "options": {
    "SIZE": "L",
    "COLOR": "Đen"
  },
  "product_allow_buy_when_clocked": false,
  "product_exclude_discount": false,
  "product_apply_allowance_inventory": false,
  "pending": 0,
  "product_visibility": true,
  "is_delete": false,
  "is_lock": false,
  "createAt": {
    "$date": "2025-05-15T15:22:34.672Z"
  },
  "updateAt": {
    "$date": "2025-05-15T15:22:34.672Z"
  },
  "_class": "com.lamnguyen.inventory_service.model.VariantProduct"
},
{
  "_id": "682606ba1bd0a01c950acecf",
  "product_id": "682606ba213ef202c0fd205c",
  "title": "XL-Đen",
  "regular_price": 249000,
  "compare_price": 299000,
  "sku": "SKU-682606BA213EF202C0FD205C-SIZE-XL-COLOR-ĐEN",
  "quantity": 0,
  "options": {
    "SIZE": "XL",
    "COLOR": "Đen"
  },
  "product_allow_buy_when_clocked": false,
  "product_exclude_discount": false,
  "product_apply_allowance_inventory": false,
  "pending": 0,
  "product_visibility": true,
  "is_delete": false,
  "is_lock": false,
  "createAt": {
    "$date": "2025-05-15T15:22:34.746Z"
  },
  "updateAt": {
    "$date": "2025-05-15T15:22:34.746Z"
  },
  "_class": "com.lamnguyen.inventory_service.model.VariantProduct"
},
{
  "_id": "682606ba1bd0a01c950aced0",
  "product_id": "682606ba213ef202c0fd205c",
  "title": "2XL-Đen",
  "regular_price": 249000,
  "compare_price": 299000,
  "sku": "SKU-682606BA213EF202C0FD205C-SIZE-2XL-COLOR-ĐEN",
  "quantity": 0,
  "options": {
    "SIZE": "2XL",
    "COLOR": "Đen"
  },
  "product_allow_buy_when_clocked": false,
  "product_exclude_discount": false,
  "product_apply_allowance_inventory": false,
  "pending": 0,
  "product_visibility": true,
  "is_delete": false,
  "is_lock": false,
  "createAt": {
    "$date": "2025-05-15T15:22:34.823Z"
  },
  "updateAt": {
    "$date": "2025-05-15T15:22:34.823Z"
  },
  "_class": "com.lamnguyen.inventory_service.model.VariantProduct"
},
{
  "_id": "682606ba1bd0a01c950aced1",
  "product_id": "682606ba213ef202c0fd205c",
  "title": "3XL-Đen",
  "regular_price": 249000,
  "compare_price": 299000,
  "sku": "SKU-682606BA213EF202C0FD205C-SIZE-3XL-COLOR-ĐEN",
  "quantity": 0,
  "options": {
    "SIZE": "3XL",
    "COLOR": "Đen"
  },
  "product_allow_buy_when_clocked": false,
  "product_exclude_discount": false,
  "product_apply_allowance_inventory": false,
  "pending": 0,
  "product_visibility": true,
  "is_delete": false,
  "is_lock": false,
  "createAt": {
    "$date": "2025-05-15T15:22:34.894Z"
  },
  "updateAt": {
    "$date": "2025-05-15T15:22:34.894Z"
  },
  "_class": "com.lamnguyen.inventory_service.model.VariantProduct"
},
{
  "_id": "682606c11bd0a01c950aced2",
  "product_id": "682606c1213ef202c0fd205d",
  "title": "M-Xám sáng",
  "regular_price": 379000,
  "compare_price": 379000,
  "sku": "SKU-682606C1213EF202C0FD205D-SIZE-M-COLOR-XÁM SÁNG",
  "quantity": 0,
  "options": {
    "SIZE": "M",
    "COLOR": "Xám sáng"
  },
  "product_allow_buy_when_clocked": false,
  "product_exclude_discount": false,
  "product_apply_allowance_inventory": false,
  "pending": 0,
  "product_visibility": true,
  "is_delete": false,
  "is_lock": false,
  "createAt": {
    "$date": "2025-05-15T15:22:41.435Z"
  },
  "updateAt": {
    "$date": "2025-05-15T15:22:41.435Z"
  },
  "_class": "com.lamnguyen.inventory_service.model.VariantProduct"
},
{
  "_id": "682606c11bd0a01c950aced3",
  "product_id": "682606c1213ef202c0fd205d",
  "title": "L-Xám sáng",
  "regular_price": 379000,
  "compare_price": 379000,
  "sku": "SKU-682606C1213EF202C0FD205D-SIZE-L-COLOR-XÁM SÁNG",
  "quantity": 0,
  "options": {
    "SIZE": "L",
    "COLOR": "Xám sáng"
  },
  "product_allow_buy_when_clocked": false,
  "product_exclude_discount": false,
  "product_apply_allowance_inventory": false,
  "pending": 0,
  "product_visibility": true,
  "is_delete": false,
  "is_lock": false,
  "createAt": {
    "$date": "2025-05-15T15:22:41.496Z"
  },
  "updateAt": {
    "$date": "2025-05-15T15:22:41.496Z"
  },
  "_class": "com.lamnguyen.inventory_service.model.VariantProduct"
},
{
  "_id": "682606c11bd0a01c950aced4",
  "product_id": "682606c1213ef202c0fd205d",
  "title": "XL-Xám sáng",
  "regular_price": 379000,
  "compare_price": 379000,
  "sku": "SKU-682606C1213EF202C0FD205D-SIZE-XL-COLOR-XÁM SÁNG",
  "quantity": 0,
  "options": {
    "SIZE": "XL",
    "COLOR": "Xám sáng"
  },
  "product_allow_buy_when_clocked": false,
  "product_exclude_discount": false,
  "product_apply_allowance_inventory": false,
  "pending": 0,
  "product_visibility": true,
  "is_delete": false,
  "is_lock": false,
  "createAt": {
    "$date": "2025-05-15T15:22:41.577Z"
  },
  "updateAt": {
    "$date": "2025-05-15T15:22:41.577Z"
  },
  "_class": "com.lamnguyen.inventory_service.model.VariantProduct"
},
{
  "_id": "682606c11bd0a01c950aced5",
  "product_id": "682606c1213ef202c0fd205d",
  "title": "2XL-Xám sáng",
  "regular_price": 379000,
  "compare_price": 379000,
  "sku": "SKU-682606C1213EF202C0FD205D-SIZE-2XL-COLOR-XÁM SÁNG",
  "quantity": 0,
  "options": {
    "SIZE": "2XL",
    "COLOR": "Xám sáng"
  },
  "product_allow_buy_when_clocked": false,
  "product_exclude_discount": false,
  "product_apply_allowance_inventory": false,
  "pending": 0,
  "product_visibility": true,
  "is_delete": false,
  "is_lock": false,
  "createAt": {
    "$date": "2025-05-15T15:22:41.646Z"
  },
  "updateAt": {
    "$date": "2025-05-15T15:22:41.646Z"
  },
  "_class": "com.lamnguyen.inventory_service.model.VariantProduct"
},
{
  "_id": "682606c11bd0a01c950aced6",
  "product_id": "682606c1213ef202c0fd205d",
  "title": "3XL-Xám sáng",
  "regular_price": 379000,
  "compare_price": 379000,
  "sku": "SKU-682606C1213EF202C0FD205D-SIZE-3XL-COLOR-XÁM SÁNG",
  "quantity": 0,
  "options": {
    "SIZE": "3XL",
    "COLOR": "Xám sáng"
  },
  "product_allow_buy_when_clocked": false,
  "product_exclude_discount": false,
  "product_apply_allowance_inventory": false,
  "pending": 0,
  "product_visibility": true,
  "is_delete": false,
  "is_lock": false,
  "createAt": {
    "$date": "2025-05-15T15:22:41.717Z"
  },
  "updateAt": {
    "$date": "2025-05-15T15:22:41.717Z"
  },
  "_class": "com.lamnguyen.inventory_service.model.VariantProduct"
},
{
  "_id": "682606c11bd0a01c950aced7",
  "product_id": "682606c1213ef202c0fd205d",
  "title": "M-Xanh Navy",
  "regular_price": 379000,
  "compare_price": 379000,
  "sku": "SKU-682606C1213EF202C0FD205D-SIZE-M-COLOR-XANH NAVY",
  "quantity": 0,
  "options": {
    "SIZE": "M",
    "COLOR": "Xanh Navy"
  },
  "product_allow_buy_when_clocked": false,
  "product_exclude_discount": false,
  "product_apply_allowance_inventory": false,
  "pending": 0,
  "product_visibility": true,
  "is_delete": false,
  "is_lock": false,
  "createAt": {
    "$date": "2025-05-15T15:22:41.786Z"
  },
  "updateAt": {
    "$date": "2025-05-15T15:22:41.786Z"
  },
  "_class": "com.lamnguyen.inventory_service.model.VariantProduct"
},
{
  "_id": "682606c11bd0a01c950aced8",
  "product_id": "682606c1213ef202c0fd205d",
  "title": "L-Xanh Navy",
  "regular_price": 379000,
  "compare_price": 379000,
  "sku": "SKU-682606C1213EF202C0FD205D-SIZE-L-COLOR-XANH NAVY",
  "quantity": 0,
  "options": {
    "SIZE": "L",
    "COLOR": "Xanh Navy"
  },
  "product_allow_buy_when_clocked": false,
  "product_exclude_discount": false,
  "product_apply_allowance_inventory": false,
  "pending": 0,
  "product_visibility": true,
  "is_delete": false,
  "is_lock": false,
  "createAt": {
    "$date": "2025-05-15T15:22:41.855Z"
  },
  "updateAt": {
    "$date": "2025-05-15T15:22:41.855Z"
  },
  "_class": "com.lamnguyen.inventory_service.model.VariantProduct"
},
{
  "_id": "682606c11bd0a01c950aced9",
  "product_id": "682606c1213ef202c0fd205d",
  "title": "XL-Xanh Navy",
  "regular_price": 379000,
  "compare_price": 379000,
  "sku": "SKU-682606C1213EF202C0FD205D-SIZE-XL-COLOR-XANH NAVY",
  "quantity": 0,
  "options": {
    "SIZE": "XL",
    "COLOR": "Xanh Navy"
  },
  "product_allow_buy_when_clocked": false,
  "product_exclude_discount": false,
  "product_apply_allowance_inventory": false,
  "pending": 0,
  "product_visibility": true,
  "is_delete": false,
  "is_lock": false,
  "createAt": {
    "$date": "2025-05-15T15:22:41.925Z"
  },
  "updateAt": {
    "$date": "2025-05-15T15:22:41.925Z"
  },
  "_class": "com.lamnguyen.inventory_service.model.VariantProduct"
},
{
  "_id": "682606c11bd0a01c950aceda",
  "product_id": "682606c1213ef202c0fd205d",
  "title": "2XL-Xanh Navy",
  "regular_price": 379000,
  "compare_price": 379000,
  "sku": "SKU-682606C1213EF202C0FD205D-SIZE-2XL-COLOR-XANH NAVY",
  "quantity": 0,
  "options": {
    "SIZE": "2XL",
    "COLOR": "Xanh Navy"
  },
  "product_allow_buy_when_clocked": false,
  "product_exclude_discount": false,
  "product_apply_allowance_inventory": false,
  "pending": 0,
  "product_visibility": true,
  "is_delete": false,
  "is_lock": false,
  "createAt": {
    "$date": "2025-05-15T15:22:41.995Z"
  },
  "updateAt": {
    "$date": "2025-05-15T15:22:41.995Z"
  },
  "_class": "com.lamnguyen.inventory_service.model.VariantProduct"
},
{
  "_id": "682606c21bd0a01c950acedb",
  "product_id": "682606c1213ef202c0fd205d",
  "title": "3XL-Xanh Navy",
  "regular_price": 379000,
  "compare_price": 379000,
  "sku": "SKU-682606C1213EF202C0FD205D-SIZE-3XL-COLOR-XANH NAVY",
  "quantity": 0,
  "options": {
    "SIZE": "3XL",
    "COLOR": "Xanh Navy"
  },
  "product_allow_buy_when_clocked": false,
  "product_exclude_discount": false,
  "product_apply_allowance_inventory": false,
  "pending": 0,
  "product_visibility": true,
  "is_delete": false,
  "is_lock": false,
  "createAt": {
    "$date": "2025-05-15T15:22:42.069Z"
  },
  "updateAt": {
    "$date": "2025-05-15T15:22:42.069Z"
  },
  "_class": "com.lamnguyen.inventory_service.model.VariantProduct"
},
{
  "_id": "682606c21bd0a01c950acedc",
  "product_id": "682606c1213ef202c0fd205d",
  "title": "M-Đen",
  "regular_price": 379000,
  "compare_price": 379000,
  "sku": "SKU-682606C1213EF202C0FD205D-SIZE-M-COLOR-ĐEN",
  "quantity": 0,
  "options": {
    "SIZE": "M",
    "COLOR": "Đen"
  },
  "product_allow_buy_when_clocked": false,
  "product_exclude_discount": false,
  "product_apply_allowance_inventory": false,
  "pending": 0,
  "product_visibility": true,
  "is_delete": false,
  "is_lock": false,
  "createAt": {
    "$date": "2025-05-15T15:22:42.140Z"
  },
  "updateAt": {
    "$date": "2025-05-15T15:22:42.140Z"
  },
  "_class": "com.lamnguyen.inventory_service.model.VariantProduct"
},
{
  "_id": "682606c21bd0a01c950acedd",
  "product_id": "682606c1213ef202c0fd205d",
  "title": "L-Đen",
  "regular_price": 379000,
  "compare_price": 379000,
  "sku": "SKU-682606C1213EF202C0FD205D-SIZE-L-COLOR-ĐEN",
  "quantity": 0,
  "options": {
    "SIZE": "L",
    "COLOR": "Đen"
  },
  "product_allow_buy_when_clocked": false,
  "product_exclude_discount": false,
  "product_apply_allowance_inventory": false,
  "pending": 0,
  "product_visibility": true,
  "is_delete": false,
  "is_lock": false,
  "createAt": {
    "$date": "2025-05-15T15:22:42.211Z"
  },
  "updateAt": {
    "$date": "2025-05-15T15:22:42.211Z"
  },
  "_class": "com.lamnguyen.inventory_service.model.VariantProduct"
},
{
  "_id": "682606c21bd0a01c950acede",
  "product_id": "682606c1213ef202c0fd205d",
  "title": "XL-Đen",
  "regular_price": 379000,
  "compare_price": 379000,
  "sku": "SKU-682606C1213EF202C0FD205D-SIZE-XL-COLOR-ĐEN",
  "quantity": 0,
  "options": {
    "SIZE": "XL",
    "COLOR": "Đen"
  },
  "product_allow_buy_when_clocked": false,
  "product_exclude_discount": false,
  "product_apply_allowance_inventory": false,
  "pending": 0,
  "product_visibility": true,
  "is_delete": false,
  "is_lock": false,
  "createAt": {
    "$date": "2025-05-15T15:22:42.284Z"
  },
  "updateAt": {
    "$date": "2025-05-15T15:22:42.284Z"
  },
  "_class": "com.lamnguyen.inventory_service.model.VariantProduct"
},
{
  "_id": "682606c21bd0a01c950acedf",
  "product_id": "682606c1213ef202c0fd205d",
  "title": "2XL-Đen",
  "regular_price": 379000,
  "compare_price": 379000,
  "sku": "SKU-682606C1213EF202C0FD205D-SIZE-2XL-COLOR-ĐEN",
  "quantity": 0,
  "options": {
    "SIZE": "2XL",
    "COLOR": "Đen"
  },
  "product_allow_buy_when_clocked": false,
  "product_exclude_discount": false,
  "product_apply_allowance_inventory": false,
  "pending": 0,
  "product_visibility": true,
  "is_delete": false,
  "is_lock": false,
  "createAt": {
    "$date": "2025-05-15T15:22:42.356Z"
  },
  "updateAt": {
    "$date": "2025-05-15T15:22:42.356Z"
  },
  "_class": "com.lamnguyen.inventory_service.model.VariantProduct"
},
{
  "_id": "682606c21bd0a01c950acee0",
  "product_id": "682606c1213ef202c0fd205d",
  "title": "3XL-Đen",
  "regular_price": 379000,
  "compare_price": 379000,
  "sku": "SKU-682606C1213EF202C0FD205D-SIZE-3XL-COLOR-ĐEN",
  "quantity": 0,
  "options": {
    "SIZE": "3XL",
    "COLOR": "Đen"
  },
  "product_allow_buy_when_clocked": false,
  "product_exclude_discount": false,
  "product_apply_allowance_inventory": false,
  "pending": 0,
  "product_visibility": true,
  "is_delete": false,
  "is_lock": false,
  "createAt": {
    "$date": "2025-05-15T15:22:42.428Z"
  },
  "updateAt": {
    "$date": "2025-05-15T15:22:42.428Z"
  },
  "_class": "com.lamnguyen.inventory_service.model.VariantProduct"
},
{
  "_id": "682606c91bd0a01c950acee1",
  "product_id": "682606c9213ef202c0fd205e",
  "title": "M-Xanh rêu",
  "regular_price": 439000,
  "compare_price": 499000,
  "sku": "SKU-682606C9213EF202C0FD205E-SIZE-M-COLOR-XANH RÊU",
  "quantity": 0,
  "options": {
    "SIZE": "M",
    "COLOR": "Xanh rêu"
  },
  "product_allow_buy_when_clocked": false,
  "product_exclude_discount": false,
  "product_apply_allowance_inventory": false,
  "pending": 0,
  "product_visibility": true,
  "is_delete": false,
  "is_lock": false,
  "createAt": {
    "$date": "2025-05-15T15:22:49.315Z"
  },
  "updateAt": {
    "$date": "2025-05-15T15:22:49.315Z"
  },
  "_class": "com.lamnguyen.inventory_service.model.VariantProduct"
},
{
  "_id": "682606c91bd0a01c950acee2",
  "product_id": "682606c9213ef202c0fd205e",
  "title": "L-Xanh rêu",
  "regular_price": 439000,
  "compare_price": 499000,
  "sku": "SKU-682606C9213EF202C0FD205E-SIZE-L-COLOR-XANH RÊU",
  "quantity": 0,
  "options": {
    "SIZE": "L",
    "COLOR": "Xanh rêu"
  },
  "product_allow_buy_when_clocked": false,
  "product_exclude_discount": false,
  "product_apply_allowance_inventory": false,
  "pending": 0,
  "product_visibility": true,
  "is_delete": false,
  "is_lock": false,
  "createAt": {
    "$date": "2025-05-15T15:22:49.397Z"
  },
  "updateAt": {
    "$date": "2025-05-15T15:22:49.397Z"
  },
  "_class": "com.lamnguyen.inventory_service.model.VariantProduct"
},
{
  "_id": "682606c91bd0a01c950acee3",
  "product_id": "682606c9213ef202c0fd205e",
  "title": "XL-Xanh rêu",
  "regular_price": 439000,
  "compare_price": 499000,
  "sku": "SKU-682606C9213EF202C0FD205E-SIZE-XL-COLOR-XANH RÊU",
  "quantity": 0,
  "options": {
    "SIZE": "XL",
    "COLOR": "Xanh rêu"
  },
  "product_allow_buy_when_clocked": false,
  "product_exclude_discount": false,
  "product_apply_allowance_inventory": false,
  "pending": 0,
  "product_visibility": true,
  "is_delete": false,
  "is_lock": false,
  "createAt": {
    "$date": "2025-05-15T15:22:49.533Z"
  },
  "updateAt": {
    "$date": "2025-05-15T15:22:49.533Z"
  },
  "_class": "com.lamnguyen.inventory_service.model.VariantProduct"
},
{
  "_id": "682606c91bd0a01c950acee4",
  "product_id": "682606c9213ef202c0fd205e",
  "title": "2XL-Xanh rêu",
  "regular_price": 439000,
  "compare_price": 499000,
  "sku": "SKU-682606C9213EF202C0FD205E-SIZE-2XL-COLOR-XANH RÊU",
  "quantity": 0,
  "options": {
    "SIZE": "2XL",
    "COLOR": "Xanh rêu"
  },
  "product_allow_buy_when_clocked": false,
  "product_exclude_discount": false,
  "product_apply_allowance_inventory": false,
  "pending": 0,
  "product_visibility": true,
  "is_delete": false,
  "is_lock": false,
  "createAt": {
    "$date": "2025-05-15T15:22:49.625Z"
  },
  "updateAt": {
    "$date": "2025-05-15T15:22:49.625Z"
  },
  "_class": "com.lamnguyen.inventory_service.model.VariantProduct"
},
{
  "_id": "682606c91bd0a01c950acee5",
  "product_id": "682606c9213ef202c0fd205e",
  "title": "3XL-Xanh rêu",
  "regular_price": 439000,
  "compare_price": 499000,
  "sku": "SKU-682606C9213EF202C0FD205E-SIZE-3XL-COLOR-XANH RÊU",
  "quantity": 0,
  "options": {
    "SIZE": "3XL",
    "COLOR": "Xanh rêu"
  },
  "product_allow_buy_when_clocked": false,
  "product_exclude_discount": false,
  "product_apply_allowance_inventory": false,
  "pending": 0,
  "product_visibility": true,
  "is_delete": false,
  "is_lock": false,
  "createAt": {
    "$date": "2025-05-15T15:22:49.717Z"
  },
  "updateAt": {
    "$date": "2025-05-15T15:22:49.717Z"
  },
  "_class": "com.lamnguyen.inventory_service.model.VariantProduct"
},
{
  "_id": "682606c91bd0a01c950acee6",
  "product_id": "682606c9213ef202c0fd205e",
  "title": "M-Xanh Navy",
  "regular_price": 439000,
  "compare_price": 499000,
  "sku": "SKU-682606C9213EF202C0FD205E-SIZE-M-COLOR-XANH NAVY",
  "quantity": 0,
  "options": {
    "SIZE": "M",
    "COLOR": "Xanh Navy"
  },
  "product_allow_buy_when_clocked": false,
  "product_exclude_discount": false,
  "product_apply_allowance_inventory": false,
  "pending": 0,
  "product_visibility": true,
  "is_delete": false,
  "is_lock": false,
  "createAt": {
    "$date": "2025-05-15T15:22:49.794Z"
  },
  "updateAt": {
    "$date": "2025-05-15T15:22:49.794Z"
  },
  "_class": "com.lamnguyen.inventory_service.model.VariantProduct"
},
{
  "_id": "682606c91bd0a01c950acee7",
  "product_id": "682606c9213ef202c0fd205e",
  "title": "L-Xanh Navy",
  "regular_price": 439000,
  "compare_price": 499000,
  "sku": "SKU-682606C9213EF202C0FD205E-SIZE-L-COLOR-XANH NAVY",
  "quantity": 0,
  "options": {
    "SIZE": "L",
    "COLOR": "Xanh Navy"
  },
  "product_allow_buy_when_clocked": false,
  "product_exclude_discount": false,
  "product_apply_allowance_inventory": false,
  "pending": 0,
  "product_visibility": true,
  "is_delete": false,
  "is_lock": false,
  "createAt": {
    "$date": "2025-05-15T15:22:49.881Z"
  },
  "updateAt": {
    "$date": "2025-05-15T15:22:49.881Z"
  },
  "_class": "com.lamnguyen.inventory_service.model.VariantProduct"
},
{
  "_id": "682606c91bd0a01c950acee8",
  "product_id": "682606c9213ef202c0fd205e",
  "title": "XL-Xanh Navy",
  "regular_price": 439000,
  "compare_price": 499000,
  "sku": "SKU-682606C9213EF202C0FD205E-SIZE-XL-COLOR-XANH NAVY",
  "quantity": 0,
  "options": {
    "SIZE": "XL",
    "COLOR": "Xanh Navy"
  },
  "product_allow_buy_when_clocked": false,
  "product_exclude_discount": false,
  "product_apply_allowance_inventory": false,
  "pending": 0,
  "product_visibility": true,
  "is_delete": false,
  "is_lock": false,
  "createAt": {
    "$date": "2025-05-15T15:22:49.959Z"
  },
  "updateAt": {
    "$date": "2025-05-15T15:22:49.959Z"
  },
  "_class": "com.lamnguyen.inventory_service.model.VariantProduct"
},
{
  "_id": "682606ca1bd0a01c950acee9",
  "product_id": "682606c9213ef202c0fd205e",
  "title": "2XL-Xanh Navy",
  "regular_price": 439000,
  "compare_price": 499000,
  "sku": "SKU-682606C9213EF202C0FD205E-SIZE-2XL-COLOR-XANH NAVY",
  "quantity": 0,
  "options": {
    "SIZE": "2XL",
    "COLOR": "Xanh Navy"
  },
  "product_allow_buy_when_clocked": false,
  "product_exclude_discount": false,
  "product_apply_allowance_inventory": false,
  "pending": 0,
  "product_visibility": true,
  "is_delete": false,
  "is_lock": false,
  "createAt": {
    "$date": "2025-05-15T15:22:50.056Z"
  },
  "updateAt": {
    "$date": "2025-05-15T15:22:50.056Z"
  },
  "_class": "com.lamnguyen.inventory_service.model.VariantProduct"
},
{
  "_id": "682606ca1bd0a01c950aceea",
  "product_id": "682606c9213ef202c0fd205e",
  "title": "3XL-Xanh Navy",
  "regular_price": 439000,
  "compare_price": 499000,
  "sku": "SKU-682606C9213EF202C0FD205E-SIZE-3XL-COLOR-XANH NAVY",
  "quantity": 0,
  "options": {
    "SIZE": "3XL",
    "COLOR": "Xanh Navy"
  },
  "product_allow_buy_when_clocked": false,
  "product_exclude_discount": false,
  "product_apply_allowance_inventory": false,
  "pending": 0,
  "product_visibility": true,
  "is_delete": false,
  "is_lock": false,
  "createAt": {
    "$date": "2025-05-15T15:22:50.159Z"
  },
  "updateAt": {
    "$date": "2025-05-15T15:22:50.159Z"
  },
  "_class": "com.lamnguyen.inventory_service.model.VariantProduct"
},
{
  "_id": "682606ca1bd0a01c950aceeb",
  "product_id": "682606c9213ef202c0fd205e",
  "title": "M-Đen",
  "regular_price": 439000,
  "compare_price": 499000,
  "sku": "SKU-682606C9213EF202C0FD205E-SIZE-M-COLOR-ĐEN",
  "quantity": 0,
  "options": {
    "SIZE": "M",
    "COLOR": "Đen"
  },
  "product_allow_buy_when_clocked": false,
  "product_exclude_discount": false,
  "product_apply_allowance_inventory": false,
  "pending": 0,
  "product_visibility": true,
  "is_delete": false,
  "is_lock": false,
  "createAt": {
    "$date": "2025-05-15T15:22:50.236Z"
  },
  "updateAt": {
    "$date": "2025-05-15T15:22:50.236Z"
  },
  "_class": "com.lamnguyen.inventory_service.model.VariantProduct"
},
{
  "_id": "682606ca1bd0a01c950aceec",
  "product_id": "682606c9213ef202c0fd205e",
  "title": "L-Đen",
  "regular_price": 439000,
  "compare_price": 499000,
  "sku": "SKU-682606C9213EF202C0FD205E-SIZE-L-COLOR-ĐEN",
  "quantity": 0,
  "options": {
    "SIZE": "L",
    "COLOR": "Đen"
  },
  "product_allow_buy_when_clocked": false,
  "product_exclude_discount": false,
  "product_apply_allowance_inventory": false,
  "pending": 0,
  "product_visibility": true,
  "is_delete": false,
  "is_lock": false,
  "createAt": {
    "$date": "2025-05-15T15:22:50.314Z"
  },
  "updateAt": {
    "$date": "2025-05-15T15:22:50.314Z"
  },
  "_class": "com.lamnguyen.inventory_service.model.VariantProduct"
},
{
  "_id": "682606ca1bd0a01c950aceed",
  "product_id": "682606c9213ef202c0fd205e",
  "title": "XL-Đen",
  "regular_price": 439000,
  "compare_price": 499000,
  "sku": "SKU-682606C9213EF202C0FD205E-SIZE-XL-COLOR-ĐEN",
  "quantity": 0,
  "options": {
    "SIZE": "XL",
    "COLOR": "Đen"
  },
  "product_allow_buy_when_clocked": false,
  "product_exclude_discount": false,
  "product_apply_allowance_inventory": false,
  "pending": 0,
  "product_visibility": true,
  "is_delete": false,
  "is_lock": false,
  "createAt": {
    "$date": "2025-05-15T15:22:50.402Z"
  },
  "updateAt": {
    "$date": "2025-05-15T15:22:50.402Z"
  },
  "_class": "com.lamnguyen.inventory_service.model.VariantProduct"
},
{
  "_id": "682606ca1bd0a01c950aceee",
  "product_id": "682606c9213ef202c0fd205e",
  "title": "2XL-Đen",
  "regular_price": 439000,
  "compare_price": 499000,
  "sku": "SKU-682606C9213EF202C0FD205E-SIZE-2XL-COLOR-ĐEN",
  "quantity": 0,
  "options": {
    "SIZE": "2XL",
    "COLOR": "Đen"
  },
  "product_allow_buy_when_clocked": false,
  "product_exclude_discount": false,
  "product_apply_allowance_inventory": false,
  "pending": 0,
  "product_visibility": true,
  "is_delete": false,
  "is_lock": false,
  "createAt": {
    "$date": "2025-05-15T15:22:50.474Z"
  },
  "updateAt": {
    "$date": "2025-05-15T15:22:50.474Z"
  },
  "_class": "com.lamnguyen.inventory_service.model.VariantProduct"
},
{
  "_id": "682606ca1bd0a01c950aceef",
  "product_id": "682606c9213ef202c0fd205e",
  "title": "3XL-Đen",
  "regular_price": 439000,
  "compare_price": 499000,
  "sku": "SKU-682606C9213EF202C0FD205E-SIZE-3XL-COLOR-ĐEN",
  "quantity": 0,
  "options": {
    "SIZE": "3XL",
    "COLOR": "Đen"
  },
  "product_allow_buy_when_clocked": false,
  "product_exclude_discount": false,
  "product_apply_allowance_inventory": false,
  "pending": 0,
  "product_visibility": true,
  "is_delete": false,
  "is_lock": false,
  "createAt": {
    "$date": "2025-05-15T15:22:50.555Z"
  },
  "updateAt": {
    "$date": "2025-05-15T15:22:50.555Z"
  },
  "_class": "com.lamnguyen.inventory_service.model.VariantProduct"
},
{
  "_id": "682606cf1bd0a01c950acef0",
  "product_id": "682606ce213ef202c0fd205f",
  "title": "M-Đen",
  "regular_price": 329000,
  "compare_price": 329000,
  "sku": "SKU-682606CE213EF202C0FD205F-SIZE-M-COLOR-ĐEN",
  "quantity": 0,
  "options": {
    "SIZE": "M",
    "COLOR": "Đen"
  },
  "product_allow_buy_when_clocked": false,
  "product_exclude_discount": false,
  "product_apply_allowance_inventory": false,
  "pending": 0,
  "product_visibility": true,
  "is_delete": false,
  "is_lock": false,
  "createAt": {
    "$date": "2025-05-15T15:22:55.067Z"
  },
  "updateAt": {
    "$date": "2025-05-15T15:22:55.067Z"
  },
  "_class": "com.lamnguyen.inventory_service.model.VariantProduct"
},
{
  "_id": "682606cf1bd0a01c950acef1",
  "product_id": "682606ce213ef202c0fd205f",
  "title": "L-Đen",
  "regular_price": 329000,
  "compare_price": 329000,
  "sku": "SKU-682606CE213EF202C0FD205F-SIZE-L-COLOR-ĐEN",
  "quantity": 0,
  "options": {
    "SIZE": "L",
    "COLOR": "Đen"
  },
  "product_allow_buy_when_clocked": false,
  "product_exclude_discount": false,
  "product_apply_allowance_inventory": false,
  "pending": 0,
  "product_visibility": true,
  "is_delete": false,
  "is_lock": false,
  "createAt": {
    "$date": "2025-05-15T15:22:55.156Z"
  },
  "updateAt": {
    "$date": "2025-05-15T15:22:55.156Z"
  },
  "_class": "com.lamnguyen.inventory_service.model.VariantProduct"
},
{
  "_id": "682606cf1bd0a01c950acef2",
  "product_id": "682606ce213ef202c0fd205f",
  "title": "XL-Đen",
  "regular_price": 329000,
  "compare_price": 329000,
  "sku": "SKU-682606CE213EF202C0FD205F-SIZE-XL-COLOR-ĐEN",
  "quantity": 0,
  "options": {
    "SIZE": "XL",
    "COLOR": "Đen"
  },
  "product_allow_buy_when_clocked": false,
  "product_exclude_discount": false,
  "product_apply_allowance_inventory": false,
  "pending": 0,
  "product_visibility": true,
  "is_delete": false,
  "is_lock": false,
  "createAt": {
    "$date": "2025-05-15T15:22:55.236Z"
  },
  "updateAt": {
    "$date": "2025-05-15T15:22:55.236Z"
  },
  "_class": "com.lamnguyen.inventory_service.model.VariantProduct"
},
{
  "_id": "682606cf1bd0a01c950acef3",
  "product_id": "682606ce213ef202c0fd205f",
  "title": "2XL-Đen",
  "regular_price": 329000,
  "compare_price": 329000,
  "sku": "SKU-682606CE213EF202C0FD205F-SIZE-2XL-COLOR-ĐEN",
  "quantity": 0,
  "options": {
    "SIZE": "2XL",
    "COLOR": "Đen"
  },
  "product_allow_buy_when_clocked": false,
  "product_exclude_discount": false,
  "product_apply_allowance_inventory": false,
  "pending": 0,
  "product_visibility": true,
  "is_delete": false,
  "is_lock": false,
  "createAt": {
    "$date": "2025-05-15T15:22:55.314Z"
  },
  "updateAt": {
    "$date": "2025-05-15T15:22:55.314Z"
  },
  "_class": "com.lamnguyen.inventory_service.model.VariantProduct"
},
{
  "_id": "682606cf1bd0a01c950acef4",
  "product_id": "682606ce213ef202c0fd205f",
  "title": "3XL-Đen",
  "regular_price": 329000,
  "compare_price": 329000,
  "sku": "SKU-682606CE213EF202C0FD205F-SIZE-3XL-COLOR-ĐEN",
  "quantity": 0,
  "options": {
    "SIZE": "3XL",
    "COLOR": "Đen"
  },
  "product_allow_buy_when_clocked": false,
  "product_exclude_discount": false,
  "product_apply_allowance_inventory": false,
  "pending": 0,
  "product_visibility": true,
  "is_delete": false,
  "is_lock": false,
  "createAt": {
    "$date": "2025-05-15T15:22:55.395Z"
  },
  "updateAt": {
    "$date": "2025-05-15T15:22:55.395Z"
  },
  "_class": "com.lamnguyen.inventory_service.model.VariantProduct"
},
{
  "_id": "682606cf1bd0a01c950acef5",
  "product_id": "682606ce213ef202c0fd205f",
  "title": "M-Xám đậm",
  "regular_price": 329000,
  "compare_price": 329000,
  "sku": "SKU-682606CE213EF202C0FD205F-SIZE-M-COLOR-XÁM ĐẬM",
  "quantity": 0,
  "options": {
    "SIZE": "M",
    "COLOR": "Xám đậm"
  },
  "product_allow_buy_when_clocked": false,
  "product_exclude_discount": false,
  "product_apply_allowance_inventory": false,
  "pending": 0,
  "product_visibility": true,
  "is_delete": false,
  "is_lock": false,
  "createAt": {
    "$date": "2025-05-15T15:22:55.473Z"
  },
  "updateAt": {
    "$date": "2025-05-15T15:22:55.473Z"
  },
  "_class": "com.lamnguyen.inventory_service.model.VariantProduct"
},
{
  "_id": "682606cf1bd0a01c950acef6",
  "product_id": "682606ce213ef202c0fd205f",
  "title": "L-Xám đậm",
  "regular_price": 329000,
  "compare_price": 329000,
  "sku": "SKU-682606CE213EF202C0FD205F-SIZE-L-COLOR-XÁM ĐẬM",
  "quantity": 0,
  "options": {
    "SIZE": "L",
    "COLOR": "Xám đậm"
  },
  "product_allow_buy_when_clocked": false,
  "product_exclude_discount": false,
  "product_apply_allowance_inventory": false,
  "pending": 0,
  "product_visibility": true,
  "is_delete": false,
  "is_lock": false,
  "createAt": {
    "$date": "2025-05-15T15:22:55.563Z"
  },
  "updateAt": {
    "$date": "2025-05-15T15:22:55.563Z"
  },
  "_class": "com.lamnguyen.inventory_service.model.VariantProduct"
},
{
  "_id": "682606cf1bd0a01c950acef7",
  "product_id": "682606ce213ef202c0fd205f",
  "title": "XL-Xám đậm",
  "regular_price": 329000,
  "compare_price": 329000,
  "sku": "SKU-682606CE213EF202C0FD205F-SIZE-XL-COLOR-XÁM ĐẬM",
  "quantity": 0,
  "options": {
    "SIZE": "XL",
    "COLOR": "Xám đậm"
  },
  "product_allow_buy_when_clocked": false,
  "product_exclude_discount": false,
  "product_apply_allowance_inventory": false,
  "pending": 0,
  "product_visibility": true,
  "is_delete": false,
  "is_lock": false,
  "createAt": {
    "$date": "2025-05-15T15:22:55.639Z"
  },
  "updateAt": {
    "$date": "2025-05-15T15:22:55.639Z"
  },
  "_class": "com.lamnguyen.inventory_service.model.VariantProduct"
},
{
  "_id": "682606cf1bd0a01c950acef8",
  "product_id": "682606ce213ef202c0fd205f",
  "title": "2XL-Xám đậm",
  "regular_price": 329000,
  "compare_price": 329000,
  "sku": "SKU-682606CE213EF202C0FD205F-SIZE-2XL-COLOR-XÁM ĐẬM",
  "quantity": 0,
  "options": {
    "SIZE": "2XL",
    "COLOR": "Xám đậm"
  },
  "product_allow_buy_when_clocked": false,
  "product_exclude_discount": false,
  "product_apply_allowance_inventory": false,
  "pending": 0,
  "product_visibility": true,
  "is_delete": false,
  "is_lock": false,
  "createAt": {
    "$date": "2025-05-15T15:22:55.725Z"
  },
  "updateAt": {
    "$date": "2025-05-15T15:22:55.725Z"
  },
  "_class": "com.lamnguyen.inventory_service.model.VariantProduct"
},
{
  "_id": "682606cf1bd0a01c950acef9",
  "product_id": "682606ce213ef202c0fd205f",
  "title": "3XL-Xám đậm",
  "regular_price": 329000,
  "compare_price": 329000,
  "sku": "SKU-682606CE213EF202C0FD205F-SIZE-3XL-COLOR-XÁM ĐẬM",
  "quantity": 0,
  "options": {
    "SIZE": "3XL",
    "COLOR": "Xám đậm"
  },
  "product_allow_buy_when_clocked": false,
  "product_exclude_discount": false,
  "product_apply_allowance_inventory": false,
  "pending": 0,
  "product_visibility": true,
  "is_delete": false,
  "is_lock": false,
  "createAt": {
    "$date": "2025-05-15T15:22:55.803Z"
  },
  "updateAt": {
    "$date": "2025-05-15T15:22:55.803Z"
  },
  "_class": "com.lamnguyen.inventory_service.model.VariantProduct"
},
{
  "_id": "682606cf1bd0a01c950acefa",
  "product_id": "682606ce213ef202c0fd205f",
  "title": "M-Xanh Nephrite",
  "regular_price": 329000,
  "compare_price": 329000,
  "sku": "SKU-682606CE213EF202C0FD205F-SIZE-M-COLOR-XANH NEPHRITE",
  "quantity": 0,
  "options": {
    "SIZE": "M",
    "COLOR": "Xanh Nephrite"
  },
  "product_allow_buy_when_clocked": false,
  "product_exclude_discount": false,
  "product_apply_allowance_inventory": false,
  "pending": 0,
  "product_visibility": true,
  "is_delete": false,
  "is_lock": false,
  "createAt": {
    "$date": "2025-05-15T15:22:55.880Z"
  },
  "updateAt": {
    "$date": "2025-05-15T15:22:55.880Z"
  },
  "_class": "com.lamnguyen.inventory_service.model.VariantProduct"
},
{
  "_id": "682606cf1bd0a01c950acefb",
  "product_id": "682606ce213ef202c0fd205f",
  "title": "L-Xanh Nephrite",
  "regular_price": 329000,
  "compare_price": 329000,
  "sku": "SKU-682606CE213EF202C0FD205F-SIZE-L-COLOR-XANH NEPHRITE",
  "quantity": 0,
  "options": {
    "SIZE": "L",
    "COLOR": "Xanh Nephrite"
  },
  "product_allow_buy_when_clocked": false,
  "product_exclude_discount": false,
  "product_apply_allowance_inventory": false,
  "pending": 0,
  "product_visibility": true,
  "is_delete": false,
  "is_lock": false,
  "createAt": {
    "$date": "2025-05-15T15:22:55.950Z"
  },
  "updateAt": {
    "$date": "2025-05-15T15:22:55.950Z"
  },
  "_class": "com.lamnguyen.inventory_service.model.VariantProduct"
},
{
  "_id": "682606d01bd0a01c950acefc",
  "product_id": "682606ce213ef202c0fd205f",
  "title": "XL-Xanh Nephrite",
  "regular_price": 329000,
  "compare_price": 329000,
  "sku": "SKU-682606CE213EF202C0FD205F-SIZE-XL-COLOR-XANH NEPHRITE",
  "quantity": 0,
  "options": {
    "SIZE": "XL",
    "COLOR": "Xanh Nephrite"
  },
  "product_allow_buy_when_clocked": false,
  "product_exclude_discount": false,
  "product_apply_allowance_inventory": false,
  "pending": 0,
  "product_visibility": true,
  "is_delete": false,
  "is_lock": false,
  "createAt": {
    "$date": "2025-05-15T15:22:56.025Z"
  },
  "updateAt": {
    "$date": "2025-05-15T15:22:56.025Z"
  },
  "_class": "com.lamnguyen.inventory_service.model.VariantProduct"
},
{
  "_id": "682606d01bd0a01c950acefd",
  "product_id": "682606ce213ef202c0fd205f",
  "title": "2XL-Xanh Nephrite",
  "regular_price": 329000,
  "compare_price": 329000,
  "sku": "SKU-682606CE213EF202C0FD205F-SIZE-2XL-COLOR-XANH NEPHRITE",
  "quantity": 0,
  "options": {
    "SIZE": "2XL",
    "COLOR": "Xanh Nephrite"
  },
  "product_allow_buy_when_clocked": false,
  "product_exclude_discount": false,
  "product_apply_allowance_inventory": false,
  "pending": 0,
  "product_visibility": true,
  "is_delete": false,
  "is_lock": false,
  "createAt": {
    "$date": "2025-05-15T15:22:56.110Z"
  },
  "updateAt": {
    "$date": "2025-05-15T15:22:56.110Z"
  },
  "_class": "com.lamnguyen.inventory_service.model.VariantProduct"
},
{
  "_id": "682606d01bd0a01c950acefe",
  "product_id": "682606ce213ef202c0fd205f",
  "title": "3XL-Xanh Nephrite",
  "regular_price": 329000,
  "compare_price": 329000,
  "sku": "SKU-682606CE213EF202C0FD205F-SIZE-3XL-COLOR-XANH NEPHRITE",
  "quantity": 0,
  "options": {
    "SIZE": "3XL",
    "COLOR": "Xanh Nephrite"
  },
  "product_allow_buy_when_clocked": false,
  "product_exclude_discount": false,
  "product_apply_allowance_inventory": false,
  "pending": 0,
  "product_visibility": true,
  "is_delete": false,
  "is_lock": false,
  "createAt": {
    "$date": "2025-05-15T15:22:56.178Z"
  },
  "updateAt": {
    "$date": "2025-05-15T15:22:56.178Z"
  },
  "_class": "com.lamnguyen.inventory_service.model.VariantProduct"
},
{
  "_id": "682606d71bd0a01c950aceff",
  "product_id": "682606d7213ef202c0fd2060",
  "title": "M-Đen",
  "regular_price": 379000,
  "compare_price": 379000,
  "sku": "SKU-682606D7213EF202C0FD2060-SIZE-M-COLOR-ĐEN",
  "quantity": 0,
  "options": {
    "SIZE": "M",
    "COLOR": "Đen"
  },
  "product_allow_buy_when_clocked": false,
  "product_exclude_discount": false,
  "product_apply_allowance_inventory": false,
  "pending": 0,
  "product_visibility": true,
  "is_delete": false,
  "is_lock": false,
  "createAt": {
    "$date": "2025-05-15T15:23:03.959Z"
  },
  "updateAt": {
    "$date": "2025-05-15T15:23:03.959Z"
  },
  "_class": "com.lamnguyen.inventory_service.model.VariantProduct"
},
{
  "_id": "682606d81bd0a01c950acf00",
  "product_id": "682606d7213ef202c0fd2060",
  "title": "L-Đen",
  "regular_price": 379000,
  "compare_price": 379000,
  "sku": "SKU-682606D7213EF202C0FD2060-SIZE-L-COLOR-ĐEN",
  "quantity": 0,
  "options": {
    "SIZE": "L",
    "COLOR": "Đen"
  },
  "product_allow_buy_when_clocked": false,
  "product_exclude_discount": false,
  "product_apply_allowance_inventory": false,
  "pending": 0,
  "product_visibility": true,
  "is_delete": false,
  "is_lock": false,
  "createAt": {
    "$date": "2025-05-15T15:23:04.027Z"
  },
  "updateAt": {
    "$date": "2025-05-15T15:23:04.027Z"
  },
  "_class": "com.lamnguyen.inventory_service.model.VariantProduct"
},
{
  "_id": "682606d81bd0a01c950acf01",
  "product_id": "682606d7213ef202c0fd2060",
  "title": "XL-Đen",
  "regular_price": 379000,
  "compare_price": 379000,
  "sku": "SKU-682606D7213EF202C0FD2060-SIZE-XL-COLOR-ĐEN",
  "quantity": 0,
  "options": {
    "SIZE": "XL",
    "COLOR": "Đen"
  },
  "product_allow_buy_when_clocked": false,
  "product_exclude_discount": false,
  "product_apply_allowance_inventory": false,
  "pending": 0,
  "product_visibility": true,
  "is_delete": false,
  "is_lock": false,
  "createAt": {
    "$date": "2025-05-15T15:23:04.098Z"
  },
  "updateAt": {
    "$date": "2025-05-15T15:23:04.098Z"
  },
  "_class": "com.lamnguyen.inventory_service.model.VariantProduct"
},
{
  "_id": "682606d81bd0a01c950acf02",
  "product_id": "682606d7213ef202c0fd2060",
  "title": "2XL-Đen",
  "regular_price": 379000,
  "compare_price": 379000,
  "sku": "SKU-682606D7213EF202C0FD2060-SIZE-2XL-COLOR-ĐEN",
  "quantity": 0,
  "options": {
    "SIZE": "2XL",
    "COLOR": "Đen"
  },
  "product_allow_buy_when_clocked": false,
  "product_exclude_discount": false,
  "product_apply_allowance_inventory": false,
  "pending": 0,
  "product_visibility": true,
  "is_delete": false,
  "is_lock": false,
  "createAt": {
    "$date": "2025-05-15T15:23:04.174Z"
  },
  "updateAt": {
    "$date": "2025-05-15T15:23:04.174Z"
  },
  "_class": "com.lamnguyen.inventory_service.model.VariantProduct"
},
{
  "_id": "682606d81bd0a01c950acf03",
  "product_id": "682606d7213ef202c0fd2060",
  "title": "3XL-Đen",
  "regular_price": 379000,
  "compare_price": 379000,
  "sku": "SKU-682606D7213EF202C0FD2060-SIZE-3XL-COLOR-ĐEN",
  "quantity": 0,
  "options": {
    "SIZE": "3XL",
    "COLOR": "Đen"
  },
  "product_allow_buy_when_clocked": false,
  "product_exclude_discount": false,
  "product_apply_allowance_inventory": false,
  "pending": 0,
  "product_visibility": true,
  "is_delete": false,
  "is_lock": false,
  "createAt": {
    "$date": "2025-05-15T15:23:04.243Z"
  },
  "updateAt": {
    "$date": "2025-05-15T15:23:04.243Z"
  },
  "_class": "com.lamnguyen.inventory_service.model.VariantProduct"
},
{
  "_id": "682606d81bd0a01c950acf04",
  "product_id": "682606d7213ef202c0fd2060",
  "title": "M-Navy",
  "regular_price": 379000,
  "compare_price": 379000,
  "sku": "SKU-682606D7213EF202C0FD2060-SIZE-M-COLOR-NAVY",
  "quantity": 0,
  "options": {
    "SIZE": "M",
    "COLOR": "Navy"
  },
  "product_allow_buy_when_clocked": false,
  "product_exclude_discount": false,
  "product_apply_allowance_inventory": false,
  "pending": 0,
  "product_visibility": true,
  "is_delete": false,
  "is_lock": false,
  "createAt": {
    "$date": "2025-05-15T15:23:04.311Z"
  },
  "updateAt": {
    "$date": "2025-05-15T15:23:04.311Z"
  },
  "_class": "com.lamnguyen.inventory_service.model.VariantProduct"
},
{
  "_id": "682606d81bd0a01c950acf05",
  "product_id": "682606d7213ef202c0fd2060",
  "title": "L-Navy",
  "regular_price": 379000,
  "compare_price": 379000,
  "sku": "SKU-682606D7213EF202C0FD2060-SIZE-L-COLOR-NAVY",
  "quantity": 0,
  "options": {
    "SIZE": "L",
    "COLOR": "Navy"
  },
  "product_allow_buy_when_clocked": false,
  "product_exclude_discount": false,
  "product_apply_allowance_inventory": false,
  "pending": 0,
  "product_visibility": true,
  "is_delete": false,
  "is_lock": false,
  "createAt": {
    "$date": "2025-05-15T15:23:04.385Z"
  },
  "updateAt": {
    "$date": "2025-05-15T15:23:04.385Z"
  },
  "_class": "com.lamnguyen.inventory_service.model.VariantProduct"
},
{
  "_id": "682606d81bd0a01c950acf06",
  "product_id": "682606d7213ef202c0fd2060",
  "title": "XL-Navy",
  "regular_price": 379000,
  "compare_price": 379000,
  "sku": "SKU-682606D7213EF202C0FD2060-SIZE-XL-COLOR-NAVY",
  "quantity": 0,
  "options": {
    "SIZE": "XL",
    "COLOR": "Navy"
  },
  "product_allow_buy_when_clocked": false,
  "product_exclude_discount": false,
  "product_apply_allowance_inventory": false,
  "pending": 0,
  "product_visibility": true,
  "is_delete": false,
  "is_lock": false,
  "createAt": {
    "$date": "2025-05-15T15:23:04.460Z"
  },
  "updateAt": {
    "$date": "2025-05-15T15:23:04.460Z"
  },
  "_class": "com.lamnguyen.inventory_service.model.VariantProduct"
},
{
  "_id": "682606d81bd0a01c950acf07",
  "product_id": "682606d7213ef202c0fd2060",
  "title": "2XL-Navy",
  "regular_price": 379000,
  "compare_price": 379000,
  "sku": "SKU-682606D7213EF202C0FD2060-SIZE-2XL-COLOR-NAVY",
  "quantity": 0,
  "options": {
    "SIZE": "2XL",
    "COLOR": "Navy"
  },
  "product_allow_buy_when_clocked": false,
  "product_exclude_discount": false,
  "product_apply_allowance_inventory": false,
  "pending": 0,
  "product_visibility": true,
  "is_delete": false,
  "is_lock": false,
  "createAt": {
    "$date": "2025-05-15T15:23:04.538Z"
  },
  "updateAt": {
    "$date": "2025-05-15T15:23:04.538Z"
  },
  "_class": "com.lamnguyen.inventory_service.model.VariantProduct"
},
{
  "_id": "682606d81bd0a01c950acf08",
  "product_id": "682606d7213ef202c0fd2060",
  "title": "3XL-Navy",
  "regular_price": 379000,
  "compare_price": 379000,
  "sku": "SKU-682606D7213EF202C0FD2060-SIZE-3XL-COLOR-NAVY",
  "quantity": 0,
  "options": {
    "SIZE": "3XL",
    "COLOR": "Navy"
  },
  "product_allow_buy_when_clocked": false,
  "product_exclude_discount": false,
  "product_apply_allowance_inventory": false,
  "pending": 0,
  "product_visibility": true,
  "is_delete": false,
  "is_lock": false,
  "createAt": {
    "$date": "2025-05-15T15:23:04.607Z"
  },
  "updateAt": {
    "$date": "2025-05-15T15:23:04.607Z"
  },
  "_class": "com.lamnguyen.inventory_service.model.VariantProduct"
},
{
  "_id": "682606d81bd0a01c950acf09",
  "product_id": "682606d7213ef202c0fd2060",
  "title": "M-Xám Bird Grey",
  "regular_price": 379000,
  "compare_price": 379000,
  "sku": "SKU-682606D7213EF202C0FD2060-SIZE-M-COLOR-XÁM BIRD GREY",
  "quantity": 0,
  "options": {
    "SIZE": "M",
    "COLOR": "Xám Bird Grey"
  },
  "product_allow_buy_when_clocked": false,
  "product_exclude_discount": false,
  "product_apply_allowance_inventory": false,
  "pending": 0,
  "product_visibility": true,
  "is_delete": false,
  "is_lock": false,
  "createAt": {
    "$date": "2025-05-15T15:23:04.676Z"
  },
  "updateAt": {
    "$date": "2025-05-15T15:23:04.676Z"
  },
  "_class": "com.lamnguyen.inventory_service.model.VariantProduct"
},
{
  "_id": "682606d81bd0a01c950acf0a",
  "product_id": "682606d7213ef202c0fd2060",
  "title": "L-Xám Bird Grey",
  "regular_price": 379000,
  "compare_price": 379000,
  "sku": "SKU-682606D7213EF202C0FD2060-SIZE-L-COLOR-XÁM BIRD GREY",
  "quantity": 0,
  "options": {
    "SIZE": "L",
    "COLOR": "Xám Bird Grey"
  },
  "product_allow_buy_when_clocked": false,
  "product_exclude_discount": false,
  "product_apply_allowance_inventory": false,
  "pending": 0,
  "product_visibility": true,
  "is_delete": false,
  "is_lock": false,
  "createAt": {
    "$date": "2025-05-15T15:23:04.744Z"
  },
  "updateAt": {
    "$date": "2025-05-15T15:23:04.744Z"
  },
  "_class": "com.lamnguyen.inventory_service.model.VariantProduct"
},
{
  "_id": "682606d81bd0a01c950acf0b",
  "product_id": "682606d7213ef202c0fd2060",
  "title": "XL-Xám Bird Grey",
  "regular_price": 379000,
  "compare_price": 379000,
  "sku": "SKU-682606D7213EF202C0FD2060-SIZE-XL-COLOR-XÁM BIRD GREY",
  "quantity": 0,
  "options": {
    "SIZE": "XL",
    "COLOR": "Xám Bird Grey"
  },
  "product_allow_buy_when_clocked": false,
  "product_exclude_discount": false,
  "product_apply_allowance_inventory": false,
  "pending": 0,
  "product_visibility": true,
  "is_delete": false,
  "is_lock": false,
  "createAt": {
    "$date": "2025-05-15T15:23:04.816Z"
  },
  "updateAt": {
    "$date": "2025-05-15T15:23:04.816Z"
  },
  "_class": "com.lamnguyen.inventory_service.model.VariantProduct"
},
{
  "_id": "682606d81bd0a01c950acf0c",
  "product_id": "682606d7213ef202c0fd2060",
  "title": "2XL-Xám Bird Grey",
  "regular_price": 379000,
  "compare_price": 379000,
  "sku": "SKU-682606D7213EF202C0FD2060-SIZE-2XL-COLOR-XÁM BIRD GREY",
  "quantity": 0,
  "options": {
    "SIZE": "2XL",
    "COLOR": "Xám Bird Grey"
  },
  "product_allow_buy_when_clocked": false,
  "product_exclude_discount": false,
  "product_apply_allowance_inventory": false,
  "pending": 0,
  "product_visibility": true,
  "is_delete": false,
  "is_lock": false,
  "createAt": {
    "$date": "2025-05-15T15:23:04.889Z"
  },
  "updateAt": {
    "$date": "2025-05-15T15:23:04.889Z"
  },
  "_class": "com.lamnguyen.inventory_service.model.VariantProduct"
},
{
  "_id": "682606d81bd0a01c950acf0d",
  "product_id": "682606d7213ef202c0fd2060",
  "title": "3XL-Xám Bird Grey",
  "regular_price": 379000,
  "compare_price": 379000,
  "sku": "SKU-682606D7213EF202C0FD2060-SIZE-3XL-COLOR-XÁM BIRD GREY",
  "quantity": 0,
  "options": {
    "SIZE": "3XL",
    "COLOR": "Xám Bird Grey"
  },
  "product_allow_buy_when_clocked": false,
  "product_exclude_discount": false,
  "product_apply_allowance_inventory": false,
  "pending": 0,
  "product_visibility": true,
  "is_delete": false,
  "is_lock": false,
  "createAt": {
    "$date": "2025-05-15T15:23:04.965Z"
  },
  "updateAt": {
    "$date": "2025-05-15T15:23:04.965Z"
  },
  "_class": "com.lamnguyen.inventory_service.model.VariantProduct"
},
{
  "_id": "682606d91bd0a01c950acf0e",
  "product_id": "682606d7213ef202c0fd2060",
  "title": "M-Xanh Deep Jungle",
  "regular_price": 379000,
  "compare_price": 379000,
  "sku": "SKU-682606D7213EF202C0FD2060-SIZE-M-COLOR-XANH DEEP JUNGLE",
  "quantity": 0,
  "options": {
    "SIZE": "M",
    "COLOR": "Xanh Deep Jungle"
  },
  "product_allow_buy_when_clocked": false,
  "product_exclude_discount": false,
  "product_apply_allowance_inventory": false,
  "pending": 0,
  "product_visibility": true,
  "is_delete": false,
  "is_lock": false,
  "createAt": {
    "$date": "2025-05-15T15:23:05.036Z"
  },
  "updateAt": {
    "$date": "2025-05-15T15:23:05.036Z"
  },
  "_class": "com.lamnguyen.inventory_service.model.VariantProduct"
},
{
  "_id": "682606d91bd0a01c950acf0f",
  "product_id": "682606d7213ef202c0fd2060",
  "title": "L-Xanh Deep Jungle",
  "regular_price": 379000,
  "compare_price": 379000,
  "sku": "SKU-682606D7213EF202C0FD2060-SIZE-L-COLOR-XANH DEEP JUNGLE",
  "quantity": 0,
  "options": {
    "SIZE": "L",
    "COLOR": "Xanh Deep Jungle"
  },
  "product_allow_buy_when_clocked": false,
  "product_exclude_discount": false,
  "product_apply_allowance_inventory": false,
  "pending": 0,
  "product_visibility": true,
  "is_delete": false,
  "is_lock": false,
  "createAt": {
    "$date": "2025-05-15T15:23:05.164Z"
  },
  "updateAt": {
    "$date": "2025-05-15T15:23:05.164Z"
  },
  "_class": "com.lamnguyen.inventory_service.model.VariantProduct"
},
{
  "_id": "682606d91bd0a01c950acf10",
  "product_id": "682606d7213ef202c0fd2060",
  "title": "XL-Xanh Deep Jungle",
  "regular_price": 379000,
  "compare_price": 379000,
  "sku": "SKU-682606D7213EF202C0FD2060-SIZE-XL-COLOR-XANH DEEP JUNGLE",
  "quantity": 0,
  "options": {
    "SIZE": "XL",
    "COLOR": "Xanh Deep Jungle"
  },
  "product_allow_buy_when_clocked": false,
  "product_exclude_discount": false,
  "product_apply_allowance_inventory": false,
  "pending": 0,
  "product_visibility": true,
  "is_delete": false,
  "is_lock": false,
  "createAt": {
    "$date": "2025-05-15T15:23:05.304Z"
  },
  "updateAt": {
    "$date": "2025-05-15T15:23:05.304Z"
  },
  "_class": "com.lamnguyen.inventory_service.model.VariantProduct"
},
{
  "_id": "682606d91bd0a01c950acf11",
  "product_id": "682606d7213ef202c0fd2060",
  "title": "2XL-Xanh Deep Jungle",
  "regular_price": 379000,
  "compare_price": 379000,
  "sku": "SKU-682606D7213EF202C0FD2060-SIZE-2XL-COLOR-XANH DEEP JUNGLE",
  "quantity": 0,
  "options": {
    "SIZE": "2XL",
    "COLOR": "Xanh Deep Jungle"
  },
  "product_allow_buy_when_clocked": false,
  "product_exclude_discount": false,
  "product_apply_allowance_inventory": false,
  "pending": 0,
  "product_visibility": true,
  "is_delete": false,
  "is_lock": false,
  "createAt": {
    "$date": "2025-05-15T15:23:05.376Z"
  },
  "updateAt": {
    "$date": "2025-05-15T15:23:05.376Z"
  },
  "_class": "com.lamnguyen.inventory_service.model.VariantProduct"
},
{
  "_id": "682606d91bd0a01c950acf12",
  "product_id": "682606d7213ef202c0fd2060",
  "title": "3XL-Xanh Deep Jungle",
  "regular_price": 379000,
  "compare_price": 379000,
  "sku": "SKU-682606D7213EF202C0FD2060-SIZE-3XL-COLOR-XANH DEEP JUNGLE",
  "quantity": 0,
  "options": {
    "SIZE": "3XL",
    "COLOR": "Xanh Deep Jungle"
  },
  "product_allow_buy_when_clocked": false,
  "product_exclude_discount": false,
  "product_apply_allowance_inventory": false,
  "pending": 0,
  "product_visibility": true,
  "is_delete": false,
  "is_lock": false,
  "createAt": {
    "$date": "2025-05-15T15:23:05.446Z"
  },
  "updateAt": {
    "$date": "2025-05-15T15:23:05.446Z"
  },
  "_class": "com.lamnguyen.inventory_service.model.VariantProduct"
}]