[{
  "_id": "682612201bd0a01c950ad7ff",
  "product_id": "68261220213ef202c0fd20d6",
  "title": "M-Mix màu 2",
  "regular_price": 249000,
  "compare_price": 249000,
  "sku": "SKU-68261220213EF202C0FD20D6-SIZE-M-COLOR-MIX MÀU 2",
  "quantity": 0,
  "options": {
    "SIZE": "M",
    "COLOR": "Mix màu 2"
  },
  "product_allow_buy_when_clocked": false,
  "product_exclude_discount": false,
  "product_apply_allowance_inventory": false,
  "pending": 0,
  "product_visibility": true,
  "is_delete": false,
  "is_lock": false,
  "createAt": {
    "$date": "2025-05-15T16:11:12.895Z"
  },
  "updateAt": {
    "$date": "2025-05-15T16:11:12.895Z"
  },
  "_class": "com.lamnguyen.inventory_service.model.VariantProduct"
},
{
  "_id": "682612211bd0a01c950ad800",
  "product_id": "68261220213ef202c0fd20d6",
  "title": "L-Mix màu 2",
  "regular_price": 249000,
  "compare_price": 249000,
  "sku": "SKU-68261220213EF202C0FD20D6-SIZE-L-COLOR-MIX MÀU 2",
  "quantity": 0,
  "options": {
    "SIZE": "L",
    "COLOR": "Mix màu 2"
  },
  "product_allow_buy_when_clocked": false,
  "product_exclude_discount": false,
  "product_apply_allowance_inventory": false,
  "pending": 0,
  "product_visibility": true,
  "is_delete": false,
  "is_lock": false,
  "createAt": {
    "$date": "2025-05-15T16:11:13.000Z"
  },
  "updateAt": {
    "$date": "2025-05-15T16:11:13.000Z"
  },
  "_class": "com.lamnguyen.inventory_service.model.VariantProduct"
},
{
  "_id": "682612211bd0a01c950ad801",
  "product_id": "68261220213ef202c0fd20d6",
  "title": "XL-Mix màu 2",
  "regular_price": 249000,
  "compare_price": 249000,
  "sku": "SKU-68261220213EF202C0FD20D6-SIZE-XL-COLOR-MIX MÀU 2",
  "quantity": 0,
  "options": {
    "SIZE": "XL",
    "COLOR": "Mix màu 2"
  },
  "product_allow_buy_when_clocked": false,
  "product_exclude_discount": false,
  "product_apply_allowance_inventory": false,
  "pending": 0,
  "product_visibility": true,
  "is_delete": false,
  "is_lock": false,
  "createAt": {
    "$date": "2025-05-15T16:11:13.061Z"
  },
  "updateAt": {
    "$date": "2025-05-15T16:11:13.061Z"
  },
  "_class": "com.lamnguyen.inventory_service.model.VariantProduct"
},
{
  "_id": "682612211bd0a01c950ad802",
  "product_id": "68261220213ef202c0fd20d6",
  "title": "2XL-Mix màu 2",
  "regular_price": 249000,
  "compare_price": 249000,
  "sku": "SKU-68261220213EF202C0FD20D6-SIZE-2XL-COLOR-MIX MÀU 2",
  "quantity": 0,
  "options": {
    "SIZE": "2XL",
    "COLOR": "Mix màu 2"
  },
  "product_allow_buy_when_clocked": false,
  "product_exclude_discount": false,
  "product_apply_allowance_inventory": false,
  "pending": 0,
  "product_visibility": true,
  "is_delete": false,
  "is_lock": false,
  "createAt": {
    "$date": "2025-05-15T16:11:13.134Z"
  },
  "updateAt": {
    "$date": "2025-05-15T16:11:13.134Z"
  },
  "_class": "com.lamnguyen.inventory_service.model.VariantProduct"
},
{
  "_id": "682612211bd0a01c950ad803",
  "product_id": "68261220213ef202c0fd20d6",
  "title": "3XL-Mix màu 2",
  "regular_price": 249000,
  "compare_price": 249000,
  "sku": "SKU-68261220213EF202C0FD20D6-SIZE-3XL-COLOR-MIX MÀU 2",
  "quantity": 0,
  "options": {
    "SIZE": "3XL",
    "COLOR": "Mix màu 2"
  },
  "product_allow_buy_when_clocked": false,
  "product_exclude_discount": false,
  "product_apply_allowance_inventory": false,
  "pending": 0,
  "product_visibility": true,
  "is_delete": false,
  "is_lock": false,
  "createAt": {
    "$date": "2025-05-15T16:11:13.242Z"
  },
  "updateAt": {
    "$date": "2025-05-15T16:11:13.242Z"
  },
  "_class": "com.lamnguyen.inventory_service.model.VariantProduct"
},
{
  "_id": "682612211bd0a01c950ad804",
  "product_id": "68261220213ef202c0fd20d6",
  "title": "M-Mix màu 4",
  "regular_price": 249000,
  "compare_price": 249000,
  "sku": "SKU-68261220213EF202C0FD20D6-SIZE-M-COLOR-MIX MÀU 4",
  "quantity": 0,
  "options": {
    "SIZE": "M",
    "COLOR": "Mix màu 4"
  },
  "product_allow_buy_when_clocked": false,
  "product_exclude_discount": false,
  "product_apply_allowance_inventory": false,
  "pending": 0,
  "product_visibility": true,
  "is_delete": false,
  "is_lock": false,
  "createAt": {
    "$date": "2025-05-15T16:11:13.315Z"
  },
  "updateAt": {
    "$date": "2025-05-15T16:11:13.315Z"
  },
  "_class": "com.lamnguyen.inventory_service.model.VariantProduct"
},
{
  "_id": "682612211bd0a01c950ad805",
  "product_id": "68261220213ef202c0fd20d6",
  "title": "L-Mix màu 4",
  "regular_price": 249000,
  "compare_price": 249000,
  "sku": "SKU-68261220213EF202C0FD20D6-SIZE-L-COLOR-MIX MÀU 4",
  "quantity": 0,
  "options": {
    "SIZE": "L",
    "COLOR": "Mix màu 4"
  },
  "product_allow_buy_when_clocked": false,
  "product_exclude_discount": false,
  "product_apply_allowance_inventory": false,
  "pending": 0,
  "product_visibility": true,
  "is_delete": false,
  "is_lock": false,
  "createAt": {
    "$date": "2025-05-15T16:11:13.376Z"
  },
  "updateAt": {
    "$date": "2025-05-15T16:11:13.376Z"
  },
  "_class": "com.lamnguyen.inventory_service.model.VariantProduct"
},
{
  "_id": "682612211bd0a01c950ad806",
  "product_id": "68261220213ef202c0fd20d6",
  "title": "XL-Mix màu 4",
  "regular_price": 249000,
  "compare_price": 249000,
  "sku": "SKU-68261220213EF202C0FD20D6-SIZE-XL-COLOR-MIX MÀU 4",
  "quantity": 0,
  "options": {
    "SIZE": "XL",
    "COLOR": "Mix màu 4"
  },
  "product_allow_buy_when_clocked": false,
  "product_exclude_discount": false,
  "product_apply_allowance_inventory": false,
  "pending": 0,
  "product_visibility": true,
  "is_delete": false,
  "is_lock": false,
  "createAt": {
    "$date": "2025-05-15T16:11:13.432Z"
  },
  "updateAt": {
    "$date": "2025-05-15T16:11:13.432Z"
  },
  "_class": "com.lamnguyen.inventory_service.model.VariantProduct"
},
{
  "_id": "682612211bd0a01c950ad807",
  "product_id": "68261220213ef202c0fd20d6",
  "title": "2XL-Mix màu 4",
  "regular_price": 249000,
  "compare_price": 249000,
  "sku": "SKU-68261220213EF202C0FD20D6-SIZE-2XL-COLOR-MIX MÀU 4",
  "quantity": 0,
  "options": {
    "SIZE": "2XL",
    "COLOR": "Mix màu 4"
  },
  "product_allow_buy_when_clocked": false,
  "product_exclude_discount": false,
  "product_apply_allowance_inventory": false,
  "pending": 0,
  "product_visibility": true,
  "is_delete": false,
  "is_lock": false,
  "createAt": {
    "$date": "2025-05-15T16:11:13.814Z"
  },
  "updateAt": {
    "$date": "2025-05-15T16:11:13.814Z"
  },
  "_class": "com.lamnguyen.inventory_service.model.VariantProduct"
},
{
  "_id": "682612221bd0a01c950ad808",
  "product_id": "68261220213ef202c0fd20d6",
  "title": "3XL-Mix màu 4",
  "regular_price": 249000,
  "compare_price": 249000,
  "sku": "SKU-68261220213EF202C0FD20D6-SIZE-3XL-COLOR-MIX MÀU 4",
  "quantity": 0,
  "options": {
    "SIZE": "3XL",
    "COLOR": "Mix màu 4"
  },
  "product_allow_buy_when_clocked": false,
  "product_exclude_discount": false,
  "product_apply_allowance_inventory": false,
  "pending": 0,
  "product_visibility": true,
  "is_delete": false,
  "is_lock": false,
  "createAt": {
    "$date": "2025-05-15T16:11:14.045Z"
  },
  "updateAt": {
    "$date": "2025-05-15T16:11:14.045Z"
  },
  "_class": "com.lamnguyen.inventory_service.model.VariantProduct"
},
{
  "_id": "682612221bd0a01c950ad809",
  "product_id": "68261220213ef202c0fd20d6",
  "title": "M-Mix màu 5",
  "regular_price": 249000,
  "compare_price": 249000,
  "sku": "SKU-68261220213EF202C0FD20D6-SIZE-M-COLOR-MIX MÀU 5",
  "quantity": 0,
  "options": {
    "SIZE": "M",
    "COLOR": "Mix màu 5"
  },
  "product_allow_buy_when_clocked": false,
  "product_exclude_discount": false,
  "product_apply_allowance_inventory": false,
  "pending": 0,
  "product_visibility": true,
  "is_delete": false,
  "is_lock": false,
  "createAt": {
    "$date": "2025-05-15T16:11:14.418Z"
  },
  "updateAt": {
    "$date": "2025-05-15T16:11:14.418Z"
  },
  "_class": "com.lamnguyen.inventory_service.model.VariantProduct"
},
{
  "_id": "682612221bd0a01c950ad80a",
  "product_id": "68261220213ef202c0fd20d6",
  "title": "L-Mix màu 5",
  "regular_price": 249000,
  "compare_price": 249000,
  "sku": "SKU-68261220213EF202C0FD20D6-SIZE-L-COLOR-MIX MÀU 5",
  "quantity": 0,
  "options": {
    "SIZE": "L",
    "COLOR": "Mix màu 5"
  },
  "product_allow_buy_when_clocked": false,
  "product_exclude_discount": false,
  "product_apply_allowance_inventory": false,
  "pending": 0,
  "product_visibility": true,
  "is_delete": false,
  "is_lock": false,
  "createAt": {
    "$date": "2025-05-15T16:11:14.804Z"
  },
  "updateAt": {
    "$date": "2025-05-15T16:11:14.804Z"
  },
  "_class": "com.lamnguyen.inventory_service.model.VariantProduct"
},
{
  "_id": "682612221bd0a01c950ad80b",
  "product_id": "68261220213ef202c0fd20d6",
  "title": "XL-Mix màu 5",
  "regular_price": 249000,
  "compare_price": 249000,
  "sku": "SKU-68261220213EF202C0FD20D6-SIZE-XL-COLOR-MIX MÀU 5",
  "quantity": 0,
  "options": {
    "SIZE": "XL",
    "COLOR": "Mix màu 5"
  },
  "product_allow_buy_when_clocked": false,
  "product_exclude_discount": false,
  "product_apply_allowance_inventory": false,
  "pending": 0,
  "product_visibility": true,
  "is_delete": false,
  "is_lock": false,
  "createAt": {
    "$date": "2025-05-15T16:11:14.868Z"
  },
  "updateAt": {
    "$date": "2025-05-15T16:11:14.868Z"
  },
  "_class": "com.lamnguyen.inventory_service.model.VariantProduct"
},
{
  "_id": "682612231bd0a01c950ad80c",
  "product_id": "68261220213ef202c0fd20d6",
  "title": "2XL-Mix màu 5",
  "regular_price": 249000,
  "compare_price": 249000,
  "sku": "SKU-68261220213EF202C0FD20D6-SIZE-2XL-COLOR-MIX MÀU 5",
  "quantity": 0,
  "options": {
    "SIZE": "2XL",
    "COLOR": "Mix màu 5"
  },
  "product_allow_buy_when_clocked": false,
  "product_exclude_discount": false,
  "product_apply_allowance_inventory": false,
  "pending": 0,
  "product_visibility": true,
  "is_delete": false,
  "is_lock": false,
  "createAt": {
    "$date": "2025-05-15T16:11:15.114Z"
  },
  "updateAt": {
    "$date": "2025-05-15T16:11:15.114Z"
  },
  "_class": "com.lamnguyen.inventory_service.model.VariantProduct"
},
{
  "_id": "682612231bd0a01c950ad80d",
  "product_id": "68261220213ef202c0fd20d6",
  "title": "3XL-Mix màu 5",
  "regular_price": 249000,
  "compare_price": 249000,
  "sku": "SKU-68261220213EF202C0FD20D6-SIZE-3XL-COLOR-MIX MÀU 5",
  "quantity": 0,
  "options": {
    "SIZE": "3XL",
    "COLOR": "Mix màu 5"
  },
  "product_allow_buy_when_clocked": false,
  "product_exclude_discount": false,
  "product_apply_allowance_inventory": false,
  "pending": 0,
  "product_visibility": true,
  "is_delete": false,
  "is_lock": false,
  "createAt": {
    "$date": "2025-05-15T16:11:15.413Z"
  },
  "updateAt": {
    "$date": "2025-05-15T16:11:15.413Z"
  },
  "_class": "com.lamnguyen.inventory_service.model.VariantProduct"
},
{
  "_id": "682612231bd0a01c950ad80e",
  "product_id": "68261220213ef202c0fd20d6",
  "title": "M-Mix màu 6",
  "regular_price": 249000,
  "compare_price": 249000,
  "sku": "SKU-68261220213EF202C0FD20D6-SIZE-M-COLOR-MIX MÀU 6",
  "quantity": 0,
  "options": {
    "SIZE": "M",
    "COLOR": "Mix màu 6"
  },
  "product_allow_buy_when_clocked": false,
  "product_exclude_discount": false,
  "product_apply_allowance_inventory": false,
  "pending": 0,
  "product_visibility": true,
  "is_delete": false,
  "is_lock": false,
  "createAt": {
    "$date": "2025-05-15T16:11:15.506Z"
  },
  "updateAt": {
    "$date": "2025-05-15T16:11:15.506Z"
  },
  "_class": "com.lamnguyen.inventory_service.model.VariantProduct"
},
{
  "_id": "682612231bd0a01c950ad80f",
  "product_id": "68261220213ef202c0fd20d6",
  "title": "L-Mix màu 6",
  "regular_price": 249000,
  "compare_price": 249000,
  "sku": "SKU-68261220213EF202C0FD20D6-SIZE-L-COLOR-MIX MÀU 6",
  "quantity": 0,
  "options": {
    "SIZE": "L",
    "COLOR": "Mix màu 6"
  },
  "product_allow_buy_when_clocked": false,
  "product_exclude_discount": false,
  "product_apply_allowance_inventory": false,
  "pending": 0,
  "product_visibility": true,
  "is_delete": false,
  "is_lock": false,
  "createAt": {
    "$date": "2025-05-15T16:11:15.588Z"
  },
  "updateAt": {
    "$date": "2025-05-15T16:11:15.588Z"
  },
  "_class": "com.lamnguyen.inventory_service.model.VariantProduct"
},
{
  "_id": "682612231bd0a01c950ad810",
  "product_id": "68261220213ef202c0fd20d6",
  "title": "XL-Mix màu 6",
  "regular_price": 249000,
  "compare_price": 249000,
  "sku": "SKU-68261220213EF202C0FD20D6-SIZE-XL-COLOR-MIX MÀU 6",
  "quantity": 0,
  "options": {
    "SIZE": "XL",
    "COLOR": "Mix màu 6"
  },
  "product_allow_buy_when_clocked": false,
  "product_exclude_discount": false,
  "product_apply_allowance_inventory": false,
  "pending": 0,
  "product_visibility": true,
  "is_delete": false,
  "is_lock": false,
  "createAt": {
    "$date": "2025-05-15T16:11:15.861Z"
  },
  "updateAt": {
    "$date": "2025-05-15T16:11:15.861Z"
  },
  "_class": "com.lamnguyen.inventory_service.model.VariantProduct"
},
{
  "_id": "682612231bd0a01c950ad811",
  "product_id": "68261220213ef202c0fd20d6",
  "title": "2XL-Mix màu 6",
  "regular_price": 249000,
  "compare_price": 249000,
  "sku": "SKU-68261220213EF202C0FD20D6-SIZE-2XL-COLOR-MIX MÀU 6",
  "quantity": 0,
  "options": {
    "SIZE": "2XL",
    "COLOR": "Mix màu 6"
  },
  "product_allow_buy_when_clocked": false,
  "product_exclude_discount": false,
  "product_apply_allowance_inventory": false,
  "pending": 0,
  "product_visibility": true,
  "is_delete": false,
  "is_lock": false,
  "createAt": {
    "$date": "2025-05-15T16:11:15.949Z"
  },
  "updateAt": {
    "$date": "2025-05-15T16:11:15.949Z"
  },
  "_class": "com.lamnguyen.inventory_service.model.VariantProduct"
},
{
  "_id": "682612251bd0a01c950ad812",
  "product_id": "68261220213ef202c0fd20d6",
  "title": "3XL-Mix màu 6",
  "regular_price": 249000,
  "compare_price": 249000,
  "sku": "SKU-68261220213EF202C0FD20D6-SIZE-3XL-COLOR-MIX MÀU 6",
  "quantity": 0,
  "options": {
    "SIZE": "3XL",
    "COLOR": "Mix màu 6"
  },
  "product_allow_buy_when_clocked": false,
  "product_exclude_discount": false,
  "product_apply_allowance_inventory": false,
  "pending": 0,
  "product_visibility": true,
  "is_delete": false,
  "is_lock": false,
  "createAt": {
    "$date": "2025-05-15T16:11:17.033Z"
  },
  "updateAt": {
    "$date": "2025-05-15T16:11:17.033Z"
  },
  "_class": "com.lamnguyen.inventory_service.model.VariantProduct"
},
{
  "_id": "682612251bd0a01c950ad813",
  "product_id": "68261220213ef202c0fd20d6",
  "title": "M-Mix màu 11",
  "regular_price": 249000,
  "compare_price": 249000,
  "sku": "SKU-68261220213EF202C0FD20D6-SIZE-M-COLOR-MIX MÀU 11",
  "quantity": 0,
  "options": {
    "SIZE": "M",
    "COLOR": "Mix màu 11"
  },
  "product_allow_buy_when_clocked": false,
  "product_exclude_discount": false,
  "product_apply_allowance_inventory": false,
  "pending": 0,
  "product_visibility": true,
  "is_delete": false,
  "is_lock": false,
  "createAt": {
    "$date": "2025-05-15T16:11:17.129Z"
  },
  "updateAt": {
    "$date": "2025-05-15T16:11:17.129Z"
  },
  "_class": "com.lamnguyen.inventory_service.model.VariantProduct"
},
{
  "_id": "682612251bd0a01c950ad814",
  "product_id": "68261220213ef202c0fd20d6",
  "title": "L-Mix màu 11",
  "regular_price": 249000,
  "compare_price": 249000,
  "sku": "SKU-68261220213EF202C0FD20D6-SIZE-L-COLOR-MIX MÀU 11",
  "quantity": 0,
  "options": {
    "SIZE": "L",
    "COLOR": "Mix màu 11"
  },
  "product_allow_buy_when_clocked": false,
  "product_exclude_discount": false,
  "product_apply_allowance_inventory": false,
  "pending": 0,
  "product_visibility": true,
  "is_delete": false,
  "is_lock": false,
  "createAt": {
    "$date": "2025-05-15T16:11:17.543Z"
  },
  "updateAt": {
    "$date": "2025-05-15T16:11:17.543Z"
  },
  "_class": "com.lamnguyen.inventory_service.model.VariantProduct"
},
{
  "_id": "682612251bd0a01c950ad815",
  "product_id": "68261220213ef202c0fd20d6",
  "title": "XL-Mix màu 11",
  "regular_price": 249000,
  "compare_price": 249000,
  "sku": "SKU-68261220213EF202C0FD20D6-SIZE-XL-COLOR-MIX MÀU 11",
  "quantity": 0,
  "options": {
    "SIZE": "XL",
    "COLOR": "Mix màu 11"
  },
  "product_allow_buy_when_clocked": false,
  "product_exclude_discount": false,
  "product_apply_allowance_inventory": false,
  "pending": 0,
  "product_visibility": true,
  "is_delete": false,
  "is_lock": false,
  "createAt": {
    "$date": "2025-05-15T16:11:17.703Z"
  },
  "updateAt": {
    "$date": "2025-05-15T16:11:17.703Z"
  },
  "_class": "com.lamnguyen.inventory_service.model.VariantProduct"
},
{
  "_id": "682612261bd0a01c950ad816",
  "product_id": "68261220213ef202c0fd20d6",
  "title": "2XL-Mix màu 11",
  "regular_price": 249000,
  "compare_price": 249000,
  "sku": "SKU-68261220213EF202C0FD20D6-SIZE-2XL-COLOR-MIX MÀU 11",
  "quantity": 0,
  "options": {
    "SIZE": "2XL",
    "COLOR": "Mix màu 11"
  },
  "product_allow_buy_when_clocked": false,
  "product_exclude_discount": false,
  "product_apply_allowance_inventory": false,
  "pending": 0,
  "product_visibility": true,
  "is_delete": false,
  "is_lock": false,
  "createAt": {
    "$date": "2025-05-15T16:11:18.269Z"
  },
  "updateAt": {
    "$date": "2025-05-15T16:11:18.269Z"
  },
  "_class": "com.lamnguyen.inventory_service.model.VariantProduct"
},
{
  "_id": "682612261bd0a01c950ad817",
  "product_id": "68261220213ef202c0fd20d6",
  "title": "3XL-Mix màu 11",
  "regular_price": 249000,
  "compare_price": 249000,
  "sku": "SKU-68261220213EF202C0FD20D6-SIZE-3XL-COLOR-MIX MÀU 11",
  "quantity": 0,
  "options": {
    "SIZE": "3XL",
    "COLOR": "Mix màu 11"
  },
  "product_allow_buy_when_clocked": false,
  "product_exclude_discount": false,
  "product_apply_allowance_inventory": false,
  "pending": 0,
  "product_visibility": true,
  "is_delete": false,
  "is_lock": false,
  "createAt": {
    "$date": "2025-05-15T16:11:18.782Z"
  },
  "updateAt": {
    "$date": "2025-05-15T16:11:18.782Z"
  },
  "_class": "com.lamnguyen.inventory_service.model.VariantProduct"
},
{
  "_id": "682612271bd0a01c950ad818",
  "product_id": "68261220213ef202c0fd20d6",
  "title": "M-Mix màu 12",
  "regular_price": 249000,
  "compare_price": 249000,
  "sku": "SKU-68261220213EF202C0FD20D6-SIZE-M-COLOR-MIX MÀU 12",
  "quantity": 0,
  "options": {
    "SIZE": "M",
    "COLOR": "Mix màu 12"
  },
  "product_allow_buy_when_clocked": false,
  "product_exclude_discount": false,
  "product_apply_allowance_inventory": false,
  "pending": 0,
  "product_visibility": true,
  "is_delete": false,
  "is_lock": false,
  "createAt": {
    "$date": "2025-05-15T16:11:19.105Z"
  },
  "updateAt": {
    "$date": "2025-05-15T16:11:19.105Z"
  },
  "_class": "com.lamnguyen.inventory_service.model.VariantProduct"
},
{
  "_id": "682612271bd0a01c950ad819",
  "product_id": "68261220213ef202c0fd20d6",
  "title": "L-Mix màu 12",
  "regular_price": 249000,
  "compare_price": 249000,
  "sku": "SKU-68261220213EF202C0FD20D6-SIZE-L-COLOR-MIX MÀU 12",
  "quantity": 0,
  "options": {
    "SIZE": "L",
    "COLOR": "Mix màu 12"
  },
  "product_allow_buy_when_clocked": false,
  "product_exclude_discount": false,
  "product_apply_allowance_inventory": false,
  "pending": 0,
  "product_visibility": true,
  "is_delete": false,
  "is_lock": false,
  "createAt": {
    "$date": "2025-05-15T16:11:19.324Z"
  },
  "updateAt": {
    "$date": "2025-05-15T16:11:19.324Z"
  },
  "_class": "com.lamnguyen.inventory_service.model.VariantProduct"
},
{
  "_id": "682612271bd0a01c950ad81a",
  "product_id": "68261220213ef202c0fd20d6",
  "title": "XL-Mix màu 12",
  "regular_price": 249000,
  "compare_price": 249000,
  "sku": "SKU-68261220213EF202C0FD20D6-SIZE-XL-COLOR-MIX MÀU 12",
  "quantity": 0,
  "options": {
    "SIZE": "XL",
    "COLOR": "Mix màu 12"
  },
  "product_allow_buy_when_clocked": false,
  "product_exclude_discount": false,
  "product_apply_allowance_inventory": false,
  "pending": 0,
  "product_visibility": true,
  "is_delete": false,
  "is_lock": false,
  "createAt": {
    "$date": "2025-05-15T16:11:19.415Z"
  },
  "updateAt": {
    "$date": "2025-05-15T16:11:19.415Z"
  },
  "_class": "com.lamnguyen.inventory_service.model.VariantProduct"
},
{
  "_id": "682612281bd0a01c950ad81b",
  "product_id": "68261220213ef202c0fd20d6",
  "title": "2XL-Mix màu 12",
  "regular_price": 249000,
  "compare_price": 249000,
  "sku": "SKU-68261220213EF202C0FD20D6-SIZE-2XL-COLOR-MIX MÀU 12",
  "quantity": 0,
  "options": {
    "SIZE": "2XL",
    "COLOR": "Mix màu 12"
  },
  "product_allow_buy_when_clocked": false,
  "product_exclude_discount": false,
  "product_apply_allowance_inventory": false,
  "pending": 0,
  "product_visibility": true,
  "is_delete": false,
  "is_lock": false,
  "createAt": {
    "$date": "2025-05-15T16:11:20.153Z"
  },
  "updateAt": {
    "$date": "2025-05-15T16:11:20.153Z"
  },
  "_class": "com.lamnguyen.inventory_service.model.VariantProduct"
},
{
  "_id": "682612281bd0a01c950ad81c",
  "product_id": "68261220213ef202c0fd20d6",
  "title": "3XL-Mix màu 12",
  "regular_price": 249000,
  "compare_price": 249000,
  "sku": "SKU-68261220213EF202C0FD20D6-SIZE-3XL-COLOR-MIX MÀU 12",
  "quantity": 0,
  "options": {
    "SIZE": "3XL",
    "COLOR": "Mix màu 12"
  },
  "product_allow_buy_when_clocked": false,
  "product_exclude_discount": false,
  "product_apply_allowance_inventory": false,
  "pending": 0,
  "product_visibility": true,
  "is_delete": false,
  "is_lock": false,
  "createAt": {
    "$date": "2025-05-15T16:11:20.213Z"
  },
  "updateAt": {
    "$date": "2025-05-15T16:11:20.213Z"
  },
  "_class": "com.lamnguyen.inventory_service.model.VariantProduct"
},
{
  "_id": "682612411bd0a01c950ad81d",
  "product_id": "68261241213ef202c0fd20d7",
  "title": "M-Hồng",
  "regular_price": 79000,
  "compare_price": 99000,
  "sku": "SKU-68261241213EF202C0FD20D7-SIZE-M-COLOR-HỒNG",
  "quantity": 0,
  "options": {
    "SIZE": "M",
    "COLOR": "Hồng"
  },
  "product_allow_buy_when_clocked": false,
  "product_exclude_discount": false,
  "product_apply_allowance_inventory": false,
  "pending": 0,
  "product_visibility": true,
  "is_delete": false,
  "is_lock": false,
  "createAt": {
    "$date": "2025-05-15T16:11:45.585Z"
  },
  "updateAt": {
    "$date": "2025-05-15T16:11:45.585Z"
  },
  "_class": "com.lamnguyen.inventory_service.model.VariantProduct"
},
{
  "_id": "682612411bd0a01c950ad81e",
  "product_id": "68261241213ef202c0fd20d7",
  "title": "L-Hồng",
  "regular_price": 79000,
  "compare_price": 99000,
  "sku": "SKU-68261241213EF202C0FD20D7-SIZE-L-COLOR-HỒNG",
  "quantity": 0,
  "options": {
    "SIZE": "L",
    "COLOR": "Hồng"
  },
  "product_allow_buy_when_clocked": false,
  "product_exclude_discount": false,
  "product_apply_allowance_inventory": false,
  "pending": 0,
  "product_visibility": true,
  "is_delete": false,
  "is_lock": false,
  "createAt": {
    "$date": "2025-05-15T16:11:45.645Z"
  },
  "updateAt": {
    "$date": "2025-05-15T16:11:45.645Z"
  },
  "_class": "com.lamnguyen.inventory_service.model.VariantProduct"
},
{
  "_id": "682612411bd0a01c950ad81f",
  "product_id": "68261241213ef202c0fd20d7",
  "title": "XL-Hồng",
  "regular_price": 79000,
  "compare_price": 99000,
  "sku": "SKU-68261241213EF202C0FD20D7-SIZE-XL-COLOR-HỒNG",
  "quantity": 0,
  "options": {
    "SIZE": "XL",
    "COLOR": "Hồng"
  },
  "product_allow_buy_when_clocked": false,
  "product_exclude_discount": false,
  "product_apply_allowance_inventory": false,
  "pending": 0,
  "product_visibility": true,
  "is_delete": false,
  "is_lock": false,
  "createAt": {
    "$date": "2025-05-15T16:11:45.742Z"
  },
  "updateAt": {
    "$date": "2025-05-15T16:11:45.742Z"
  },
  "_class": "com.lamnguyen.inventory_service.model.VariantProduct"
},
{
  "_id": "682612411bd0a01c950ad820",
  "product_id": "68261241213ef202c0fd20d7",
  "title": "2XL-Hồng",
  "regular_price": 79000,
  "compare_price": 99000,
  "sku": "SKU-68261241213EF202C0FD20D7-SIZE-2XL-COLOR-HỒNG",
  "quantity": 0,
  "options": {
    "SIZE": "2XL",
    "COLOR": "Hồng"
  },
  "product_allow_buy_when_clocked": false,
  "product_exclude_discount": false,
  "product_apply_allowance_inventory": false,
  "pending": 0,
  "product_visibility": true,
  "is_delete": false,
  "is_lock": false,
  "createAt": {
    "$date": "2025-05-15T16:11:45.811Z"
  },
  "updateAt": {
    "$date": "2025-05-15T16:11:45.811Z"
  },
  "_class": "com.lamnguyen.inventory_service.model.VariantProduct"
},
{
  "_id": "682612411bd0a01c950ad821",
  "product_id": "68261241213ef202c0fd20d7",
  "title": "3XL-Hồng",
  "regular_price": 79000,
  "compare_price": 99000,
  "sku": "SKU-68261241213EF202C0FD20D7-SIZE-3XL-COLOR-HỒNG",
  "quantity": 0,
  "options": {
    "SIZE": "3XL",
    "COLOR": "Hồng"
  },
  "product_allow_buy_when_clocked": false,
  "product_exclude_discount": false,
  "product_apply_allowance_inventory": false,
  "pending": 0,
  "product_visibility": true,
  "is_delete": false,
  "is_lock": false,
  "createAt": {
    "$date": "2025-05-15T16:11:45.918Z"
  },
  "updateAt": {
    "$date": "2025-05-15T16:11:45.918Z"
  },
  "_class": "com.lamnguyen.inventory_service.model.VariantProduct"
},
{
  "_id": "682612411bd0a01c950ad822",
  "product_id": "68261241213ef202c0fd20d7",
  "title": "M-Rêu",
  "regular_price": 79000,
  "compare_price": 99000,
  "sku": "SKU-68261241213EF202C0FD20D7-SIZE-M-COLOR-RÊU",
  "quantity": 0,
  "options": {
    "SIZE": "M",
    "COLOR": "Rêu"
  },
  "product_allow_buy_when_clocked": false,
  "product_exclude_discount": false,
  "product_apply_allowance_inventory": false,
  "pending": 0,
  "product_visibility": true,
  "is_delete": false,
  "is_lock": false,
  "createAt": {
    "$date": "2025-05-15T16:11:45.998Z"
  },
  "updateAt": {
    "$date": "2025-05-15T16:11:45.998Z"
  },
  "_class": "com.lamnguyen.inventory_service.model.VariantProduct"
},
{
  "_id": "682612421bd0a01c950ad823",
  "product_id": "68261241213ef202c0fd20d7",
  "title": "L-Rêu",
  "regular_price": 79000,
  "compare_price": 99000,
  "sku": "SKU-68261241213EF202C0FD20D7-SIZE-L-COLOR-RÊU",
  "quantity": 0,
  "options": {
    "SIZE": "L",
    "COLOR": "Rêu"
  },
  "product_allow_buy_when_clocked": false,
  "product_exclude_discount": false,
  "product_apply_allowance_inventory": false,
  "pending": 0,
  "product_visibility": true,
  "is_delete": false,
  "is_lock": false,
  "createAt": {
    "$date": "2025-05-15T16:11:46.107Z"
  },
  "updateAt": {
    "$date": "2025-05-15T16:11:46.107Z"
  },
  "_class": "com.lamnguyen.inventory_service.model.VariantProduct"
},
{
  "_id": "682612421bd0a01c950ad824",
  "product_id": "68261241213ef202c0fd20d7",
  "title": "XL-Rêu",
  "regular_price": 79000,
  "compare_price": 99000,
  "sku": "SKU-68261241213EF202C0FD20D7-SIZE-XL-COLOR-RÊU",
  "quantity": 0,
  "options": {
    "SIZE": "XL",
    "COLOR": "Rêu"
  },
  "product_allow_buy_when_clocked": false,
  "product_exclude_discount": false,
  "product_apply_allowance_inventory": false,
  "pending": 0,
  "product_visibility": true,
  "is_delete": false,
  "is_lock": false,
  "createAt": {
    "$date": "2025-05-15T16:11:46.198Z"
  },
  "updateAt": {
    "$date": "2025-05-15T16:11:46.198Z"
  },
  "_class": "com.lamnguyen.inventory_service.model.VariantProduct"
},
{
  "_id": "682612421bd0a01c950ad825",
  "product_id": "68261241213ef202c0fd20d7",
  "title": "2XL-Rêu",
  "regular_price": 79000,
  "compare_price": 99000,
  "sku": "SKU-68261241213EF202C0FD20D7-SIZE-2XL-COLOR-RÊU",
  "quantity": 0,
  "options": {
    "SIZE": "2XL",
    "COLOR": "Rêu"
  },
  "product_allow_buy_when_clocked": false,
  "product_exclude_discount": false,
  "product_apply_allowance_inventory": false,
  "pending": 0,
  "product_visibility": true,
  "is_delete": false,
  "is_lock": false,
  "createAt": {
    "$date": "2025-05-15T16:11:46.275Z"
  },
  "updateAt": {
    "$date": "2025-05-15T16:11:46.275Z"
  },
  "_class": "com.lamnguyen.inventory_service.model.VariantProduct"
},
{
  "_id": "682612421bd0a01c950ad826",
  "product_id": "68261241213ef202c0fd20d7",
  "title": "3XL-Rêu",
  "regular_price": 79000,
  "compare_price": 99000,
  "sku": "SKU-68261241213EF202C0FD20D7-SIZE-3XL-COLOR-RÊU",
  "quantity": 0,
  "options": {
    "SIZE": "3XL",
    "COLOR": "Rêu"
  },
  "product_allow_buy_when_clocked": false,
  "product_exclude_discount": false,
  "product_apply_allowance_inventory": false,
  "pending": 0,
  "product_visibility": true,
  "is_delete": false,
  "is_lock": false,
  "createAt": {
    "$date": "2025-05-15T16:11:46.337Z"
  },
  "updateAt": {
    "$date": "2025-05-15T16:11:46.337Z"
  },
  "_class": "com.lamnguyen.inventory_service.model.VariantProduct"
},
{
  "_id": "682612421bd0a01c950ad827",
  "product_id": "68261241213ef202c0fd20d7",
  "title": "M-Xanh dương 1",
  "regular_price": 79000,
  "compare_price": 99000,
  "sku": "SKU-68261241213EF202C0FD20D7-SIZE-M-COLOR-XANH DƯƠNG 1",
  "quantity": 0,
  "options": {
    "SIZE": "M",
    "COLOR": "Xanh dương 1"
  },
  "product_allow_buy_when_clocked": false,
  "product_exclude_discount": false,
  "product_apply_allowance_inventory": false,
  "pending": 0,
  "product_visibility": true,
  "is_delete": false,
  "is_lock": false,
  "createAt": {
    "$date": "2025-05-15T16:11:46.402Z"
  },
  "updateAt": {
    "$date": "2025-05-15T16:11:46.402Z"
  },
  "_class": "com.lamnguyen.inventory_service.model.VariantProduct"
},
{
  "_id": "682612421bd0a01c950ad828",
  "product_id": "68261241213ef202c0fd20d7",
  "title": "L-Xanh dương 1",
  "regular_price": 79000,
  "compare_price": 99000,
  "sku": "SKU-68261241213EF202C0FD20D7-SIZE-L-COLOR-XANH DƯƠNG 1",
  "quantity": 0,
  "options": {
    "SIZE": "L",
    "COLOR": "Xanh dương 1"
  },
  "product_allow_buy_when_clocked": false,
  "product_exclude_discount": false,
  "product_apply_allowance_inventory": false,
  "pending": 0,
  "product_visibility": true,
  "is_delete": false,
  "is_lock": false,
  "createAt": {
    "$date": "2025-05-15T16:11:46.481Z"
  },
  "updateAt": {
    "$date": "2025-05-15T16:11:46.481Z"
  },
  "_class": "com.lamnguyen.inventory_service.model.VariantProduct"
},
{
  "_id": "682612421bd0a01c950ad829",
  "product_id": "68261241213ef202c0fd20d7",
  "title": "XL-Xanh dương 1",
  "regular_price": 79000,
  "compare_price": 99000,
  "sku": "SKU-68261241213EF202C0FD20D7-SIZE-XL-COLOR-XANH DƯƠNG 1",
  "quantity": 0,
  "options": {
    "SIZE": "XL",
    "COLOR": "Xanh dương 1"
  },
  "product_allow_buy_when_clocked": false,
  "product_exclude_discount": false,
  "product_apply_allowance_inventory": false,
  "pending": 0,
  "product_visibility": true,
  "is_delete": false,
  "is_lock": false,
  "createAt": {
    "$date": "2025-05-15T16:11:46.671Z"
  },
  "updateAt": {
    "$date": "2025-05-15T16:11:46.671Z"
  },
  "_class": "com.lamnguyen.inventory_service.model.VariantProduct"
},
{
  "_id": "682612421bd0a01c950ad82a",
  "product_id": "68261241213ef202c0fd20d7",
  "title": "2XL-Xanh dương 1",
  "regular_price": 79000,
  "compare_price": 99000,
  "sku": "SKU-68261241213EF202C0FD20D7-SIZE-2XL-COLOR-XANH DƯƠNG 1",
  "quantity": 0,
  "options": {
    "SIZE": "2XL",
    "COLOR": "Xanh dương 1"
  },
  "product_allow_buy_when_clocked": false,
  "product_exclude_discount": false,
  "product_apply_allowance_inventory": false,
  "pending": 0,
  "product_visibility": true,
  "is_delete": false,
  "is_lock": false,
  "createAt": {
    "$date": "2025-05-15T16:11:46.756Z"
  },
  "updateAt": {
    "$date": "2025-05-15T16:11:46.756Z"
  },
  "_class": "com.lamnguyen.inventory_service.model.VariantProduct"
},
{
  "_id": "682612421bd0a01c950ad82b",
  "product_id": "68261241213ef202c0fd20d7",
  "title": "3XL-Xanh dương 1",
  "regular_price": 79000,
  "compare_price": 99000,
  "sku": "SKU-68261241213EF202C0FD20D7-SIZE-3XL-COLOR-XANH DƯƠNG 1",
  "quantity": 0,
  "options": {
    "SIZE": "3XL",
    "COLOR": "Xanh dương 1"
  },
  "product_allow_buy_when_clocked": false,
  "product_exclude_discount": false,
  "product_apply_allowance_inventory": false,
  "pending": 0,
  "product_visibility": true,
  "is_delete": false,
  "is_lock": false,
  "createAt": {
    "$date": "2025-05-15T16:11:46.844Z"
  },
  "updateAt": {
    "$date": "2025-05-15T16:11:46.844Z"
  },
  "_class": "com.lamnguyen.inventory_service.model.VariantProduct"
},
{
  "_id": "682612421bd0a01c950ad82c",
  "product_id": "68261241213ef202c0fd20d7",
  "title": "M-Xanh dương 2",
  "regular_price": 79000,
  "compare_price": 99000,
  "sku": "SKU-68261241213EF202C0FD20D7-SIZE-M-COLOR-XANH DƯƠNG 2",
  "quantity": 0,
  "options": {
    "SIZE": "M",
    "COLOR": "Xanh dương 2"
  },
  "product_allow_buy_when_clocked": false,
  "product_exclude_discount": false,
  "product_apply_allowance_inventory": false,
  "pending": 0,
  "product_visibility": true,
  "is_delete": false,
  "is_lock": false,
  "createAt": {
    "$date": "2025-05-15T16:11:46.903Z"
  },
  "updateAt": {
    "$date": "2025-05-15T16:11:46.903Z"
  },
  "_class": "com.lamnguyen.inventory_service.model.VariantProduct"
},
{
  "_id": "682612421bd0a01c950ad82d",
  "product_id": "68261241213ef202c0fd20d7",
  "title": "L-Xanh dương 2",
  "regular_price": 79000,
  "compare_price": 99000,
  "sku": "SKU-68261241213EF202C0FD20D7-SIZE-L-COLOR-XANH DƯƠNG 2",
  "quantity": 0,
  "options": {
    "SIZE": "L",
    "COLOR": "Xanh dương 2"
  },
  "product_allow_buy_when_clocked": false,
  "product_exclude_discount": false,
  "product_apply_allowance_inventory": false,
  "pending": 0,
  "product_visibility": true,
  "is_delete": false,
  "is_lock": false,
  "createAt": {
    "$date": "2025-05-15T16:11:46.963Z"
  },
  "updateAt": {
    "$date": "2025-05-15T16:11:46.963Z"
  },
  "_class": "com.lamnguyen.inventory_service.model.VariantProduct"
},
{
  "_id": "682612431bd0a01c950ad82e",
  "product_id": "68261241213ef202c0fd20d7",
  "title": "XL-Xanh dương 2",
  "regular_price": 79000,
  "compare_price": 99000,
  "sku": "SKU-68261241213EF202C0FD20D7-SIZE-XL-COLOR-XANH DƯƠNG 2",
  "quantity": 0,
  "options": {
    "SIZE": "XL",
    "COLOR": "Xanh dương 2"
  },
  "product_allow_buy_when_clocked": false,
  "product_exclude_discount": false,
  "product_apply_allowance_inventory": false,
  "pending": 0,
  "product_visibility": true,
  "is_delete": false,
  "is_lock": false,
  "createAt": {
    "$date": "2025-05-15T16:11:47.065Z"
  },
  "updateAt": {
    "$date": "2025-05-15T16:11:47.065Z"
  },
  "_class": "com.lamnguyen.inventory_service.model.VariantProduct"
},
{
  "_id": "682612431bd0a01c950ad82f",
  "product_id": "68261241213ef202c0fd20d7",
  "title": "2XL-Xanh dương 2",
  "regular_price": 79000,
  "compare_price": 99000,
  "sku": "SKU-68261241213EF202C0FD20D7-SIZE-2XL-COLOR-XANH DƯƠNG 2",
  "quantity": 0,
  "options": {
    "SIZE": "2XL",
    "COLOR": "Xanh dương 2"
  },
  "product_allow_buy_when_clocked": false,
  "product_exclude_discount": false,
  "product_apply_allowance_inventory": false,
  "pending": 0,
  "product_visibility": true,
  "is_delete": false,
  "is_lock": false,
  "createAt": {
    "$date": "2025-05-15T16:11:47.136Z"
  },
  "updateAt": {
    "$date": "2025-05-15T16:11:47.136Z"
  },
  "_class": "com.lamnguyen.inventory_service.model.VariantProduct"
},
{
  "_id": "682612431bd0a01c950ad830",
  "product_id": "68261241213ef202c0fd20d7",
  "title": "3XL-Xanh dương 2",
  "regular_price": 79000,
  "compare_price": 99000,
  "sku": "SKU-68261241213EF202C0FD20D7-SIZE-3XL-COLOR-XANH DƯƠNG 2",
  "quantity": 0,
  "options": {
    "SIZE": "3XL",
    "COLOR": "Xanh dương 2"
  },
  "product_allow_buy_when_clocked": false,
  "product_exclude_discount": false,
  "product_apply_allowance_inventory": false,
  "pending": 0,
  "product_visibility": true,
  "is_delete": false,
  "is_lock": false,
  "createAt": {
    "$date": "2025-05-15T16:11:47.226Z"
  },
  "updateAt": {
    "$date": "2025-05-15T16:11:47.226Z"
  },
  "_class": "com.lamnguyen.inventory_service.model.VariantProduct"
},
{
  "_id": "682612431bd0a01c950ad831",
  "product_id": "68261241213ef202c0fd20d7",
  "title": "M-Xanh xám",
  "regular_price": 79000,
  "compare_price": 99000,
  "sku": "SKU-68261241213EF202C0FD20D7-SIZE-M-COLOR-XANH XÁM",
  "quantity": 0,
  "options": {
    "SIZE": "M",
    "COLOR": "Xanh xám"
  },
  "product_allow_buy_when_clocked": false,
  "product_exclude_discount": false,
  "product_apply_allowance_inventory": false,
  "pending": 0,
  "product_visibility": true,
  "is_delete": false,
  "is_lock": false,
  "createAt": {
    "$date": "2025-05-15T16:11:47.313Z"
  },
  "updateAt": {
    "$date": "2025-05-15T16:11:47.313Z"
  },
  "_class": "com.lamnguyen.inventory_service.model.VariantProduct"
},
{
  "_id": "682612431bd0a01c950ad832",
  "product_id": "68261241213ef202c0fd20d7",
  "title": "L-Xanh xám",
  "regular_price": 79000,
  "compare_price": 99000,
  "sku": "SKU-68261241213EF202C0FD20D7-SIZE-L-COLOR-XANH XÁM",
  "quantity": 0,
  "options": {
    "SIZE": "L",
    "COLOR": "Xanh xám"
  },
  "product_allow_buy_when_clocked": false,
  "product_exclude_discount": false,
  "product_apply_allowance_inventory": false,
  "pending": 0,
  "product_visibility": true,
  "is_delete": false,
  "is_lock": false,
  "createAt": {
    "$date": "2025-05-15T16:11:47.406Z"
  },
  "updateAt": {
    "$date": "2025-05-15T16:11:47.406Z"
  },
  "_class": "com.lamnguyen.inventory_service.model.VariantProduct"
},
{
  "_id": "682612431bd0a01c950ad833",
  "product_id": "68261241213ef202c0fd20d7",
  "title": "XL-Xanh xám",
  "regular_price": 79000,
  "compare_price": 99000,
  "sku": "SKU-68261241213EF202C0FD20D7-SIZE-XL-COLOR-XANH XÁM",
  "quantity": 0,
  "options": {
    "SIZE": "XL",
    "COLOR": "Xanh xám"
  },
  "product_allow_buy_when_clocked": false,
  "product_exclude_discount": false,
  "product_apply_allowance_inventory": false,
  "pending": 0,
  "product_visibility": true,
  "is_delete": false,
  "is_lock": false,
  "createAt": {
    "$date": "2025-05-15T16:11:47.493Z"
  },
  "updateAt": {
    "$date": "2025-05-15T16:11:47.493Z"
  },
  "_class": "com.lamnguyen.inventory_service.model.VariantProduct"
},
{
  "_id": "682612431bd0a01c950ad834",
  "product_id": "68261241213ef202c0fd20d7",
  "title": "2XL-Xanh xám",
  "regular_price": 79000,
  "compare_price": 99000,
  "sku": "SKU-68261241213EF202C0FD20D7-SIZE-2XL-COLOR-XANH XÁM",
  "quantity": 0,
  "options": {
    "SIZE": "2XL",
    "COLOR": "Xanh xám"
  },
  "product_allow_buy_when_clocked": false,
  "product_exclude_discount": false,
  "product_apply_allowance_inventory": false,
  "pending": 0,
  "product_visibility": true,
  "is_delete": false,
  "is_lock": false,
  "createAt": {
    "$date": "2025-05-15T16:11:47.586Z"
  },
  "updateAt": {
    "$date": "2025-05-15T16:11:47.586Z"
  },
  "_class": "com.lamnguyen.inventory_service.model.VariantProduct"
},
{
  "_id": "682612431bd0a01c950ad835",
  "product_id": "68261241213ef202c0fd20d7",
  "title": "3XL-Xanh xám",
  "regular_price": 79000,
  "compare_price": 99000,
  "sku": "SKU-68261241213EF202C0FD20D7-SIZE-3XL-COLOR-XANH XÁM",
  "quantity": 0,
  "options": {
    "SIZE": "3XL",
    "COLOR": "Xanh xám"
  },
  "product_allow_buy_when_clocked": false,
  "product_exclude_discount": false,
  "product_apply_allowance_inventory": false,
  "pending": 0,
  "product_visibility": true,
  "is_delete": false,
  "is_lock": false,
  "createAt": {
    "$date": "2025-05-15T16:11:47.675Z"
  },
  "updateAt": {
    "$date": "2025-05-15T16:11:47.675Z"
  },
  "_class": "com.lamnguyen.inventory_service.model.VariantProduct"
},
{
  "_id": "682612431bd0a01c950ad836",
  "product_id": "68261241213ef202c0fd20d7",
  "title": "M-Xám đen 2",
  "regular_price": 79000,
  "compare_price": 99000,
  "sku": "SKU-68261241213EF202C0FD20D7-SIZE-M-COLOR-XÁM ĐEN 2",
  "quantity": 0,
  "options": {
    "SIZE": "M",
    "COLOR": "Xám đen 2"
  },
  "product_allow_buy_when_clocked": false,
  "product_exclude_discount": false,
  "product_apply_allowance_inventory": false,
  "pending": 0,
  "product_visibility": true,
  "is_delete": false,
  "is_lock": false,
  "createAt": {
    "$date": "2025-05-15T16:11:47.753Z"
  },
  "updateAt": {
    "$date": "2025-05-15T16:11:47.753Z"
  },
  "_class": "com.lamnguyen.inventory_service.model.VariantProduct"
},
{
  "_id": "682612431bd0a01c950ad837",
  "product_id": "68261241213ef202c0fd20d7",
  "title": "L-Xám đen 2",
  "regular_price": 79000,
  "compare_price": 99000,
  "sku": "SKU-68261241213EF202C0FD20D7-SIZE-L-COLOR-XÁM ĐEN 2",
  "quantity": 0,
  "options": {
    "SIZE": "L",
    "COLOR": "Xám đen 2"
  },
  "product_allow_buy_when_clocked": false,
  "product_exclude_discount": false,
  "product_apply_allowance_inventory": false,
  "pending": 0,
  "product_visibility": true,
  "is_delete": false,
  "is_lock": false,
  "createAt": {
    "$date": "2025-05-15T16:11:47.848Z"
  },
  "updateAt": {
    "$date": "2025-05-15T16:11:47.848Z"
  },
  "_class": "com.lamnguyen.inventory_service.model.VariantProduct"
},
{
  "_id": "682612431bd0a01c950ad838",
  "product_id": "68261241213ef202c0fd20d7",
  "title": "XL-Xám đen 2",
  "regular_price": 79000,
  "compare_price": 99000,
  "sku": "SKU-68261241213EF202C0FD20D7-SIZE-XL-COLOR-XÁM ĐEN 2",
  "quantity": 0,
  "options": {
    "SIZE": "XL",
    "COLOR": "Xám đen 2"
  },
  "product_allow_buy_when_clocked": false,
  "product_exclude_discount": false,
  "product_apply_allowance_inventory": false,
  "pending": 0,
  "product_visibility": true,
  "is_delete": false,
  "is_lock": false,
  "createAt": {
    "$date": "2025-05-15T16:11:47.940Z"
  },
  "updateAt": {
    "$date": "2025-05-15T16:11:47.940Z"
  },
  "_class": "com.lamnguyen.inventory_service.model.VariantProduct"
},
{
  "_id": "682612441bd0a01c950ad839",
  "product_id": "68261241213ef202c0fd20d7",
  "title": "2XL-Xám đen 2",
  "regular_price": 79000,
  "compare_price": 99000,
  "sku": "SKU-68261241213EF202C0FD20D7-SIZE-2XL-COLOR-XÁM ĐEN 2",
  "quantity": 0,
  "options": {
    "SIZE": "2XL",
    "COLOR": "Xám đen 2"
  },
  "product_allow_buy_when_clocked": false,
  "product_exclude_discount": false,
  "product_apply_allowance_inventory": false,
  "pending": 0,
  "product_visibility": true,
  "is_delete": false,
  "is_lock": false,
  "createAt": {
    "$date": "2025-05-15T16:11:48.015Z"
  },
  "updateAt": {
    "$date": "2025-05-15T16:11:48.015Z"
  },
  "_class": "com.lamnguyen.inventory_service.model.VariantProduct"
},
{
  "_id": "682612441bd0a01c950ad83a",
  "product_id": "68261241213ef202c0fd20d7",
  "title": "3XL-Xám đen 2",
  "regular_price": 79000,
  "compare_price": 99000,
  "sku": "SKU-68261241213EF202C0FD20D7-SIZE-3XL-COLOR-XÁM ĐEN 2",
  "quantity": 0,
  "options": {
    "SIZE": "3XL",
    "COLOR": "Xám đen 2"
  },
  "product_allow_buy_when_clocked": false,
  "product_exclude_discount": false,
  "product_apply_allowance_inventory": false,
  "pending": 0,
  "product_visibility": true,
  "is_delete": false,
  "is_lock": false,
  "createAt": {
    "$date": "2025-05-15T16:11:48.120Z"
  },
  "updateAt": {
    "$date": "2025-05-15T16:11:48.120Z"
  },
  "_class": "com.lamnguyen.inventory_service.model.VariantProduct"
},
{
  "_id": "682612441bd0a01c950ad83b",
  "product_id": "68261241213ef202c0fd20d7",
  "title": "M-Xanh dương 3",
  "regular_price": 79000,
  "compare_price": 99000,
  "sku": "SKU-68261241213EF202C0FD20D7-SIZE-M-COLOR-XANH DƯƠNG 3",
  "quantity": 0,
  "options": {
    "SIZE": "M",
    "COLOR": "Xanh dương 3"
  },
  "product_allow_buy_when_clocked": false,
  "product_exclude_discount": false,
  "product_apply_allowance_inventory": false,
  "pending": 0,
  "product_visibility": true,
  "is_delete": false,
  "is_lock": false,
  "createAt": {
    "$date": "2025-05-15T16:11:48.182Z"
  },
  "updateAt": {
    "$date": "2025-05-15T16:11:48.182Z"
  },
  "_class": "com.lamnguyen.inventory_service.model.VariantProduct"
},
{
  "_id": "682612441bd0a01c950ad83c",
  "product_id": "68261241213ef202c0fd20d7",
  "title": "L-Xanh dương 3",
  "regular_price": 79000,
  "compare_price": 99000,
  "sku": "SKU-68261241213EF202C0FD20D7-SIZE-L-COLOR-XANH DƯƠNG 3",
  "quantity": 0,
  "options": {
    "SIZE": "L",
    "COLOR": "Xanh dương 3"
  },
  "product_allow_buy_when_clocked": false,
  "product_exclude_discount": false,
  "product_apply_allowance_inventory": false,
  "pending": 0,
  "product_visibility": true,
  "is_delete": false,
  "is_lock": false,
  "createAt": {
    "$date": "2025-05-15T16:11:48.242Z"
  },
  "updateAt": {
    "$date": "2025-05-15T16:11:48.242Z"
  },
  "_class": "com.lamnguyen.inventory_service.model.VariantProduct"
},
{
  "_id": "682612441bd0a01c950ad83d",
  "product_id": "68261241213ef202c0fd20d7",
  "title": "XL-Xanh dương 3",
  "regular_price": 79000,
  "compare_price": 99000,
  "sku": "SKU-68261241213EF202C0FD20D7-SIZE-XL-COLOR-XANH DƯƠNG 3",
  "quantity": 0,
  "options": {
    "SIZE": "XL",
    "COLOR": "Xanh dương 3"
  },
  "product_allow_buy_when_clocked": false,
  "product_exclude_discount": false,
  "product_apply_allowance_inventory": false,
  "pending": 0,
  "product_visibility": true,
  "is_delete": false,
  "is_lock": false,
  "createAt": {
    "$date": "2025-05-15T16:11:48.354Z"
  },
  "updateAt": {
    "$date": "2025-05-15T16:11:48.354Z"
  },
  "_class": "com.lamnguyen.inventory_service.model.VariantProduct"
},
{
  "_id": "682612441bd0a01c950ad83e",
  "product_id": "68261241213ef202c0fd20d7",
  "title": "2XL-Xanh dương 3",
  "regular_price": 79000,
  "compare_price": 99000,
  "sku": "SKU-68261241213EF202C0FD20D7-SIZE-2XL-COLOR-XANH DƯƠNG 3",
  "quantity": 0,
  "options": {
    "SIZE": "2XL",
    "COLOR": "Xanh dương 3"
  },
  "product_allow_buy_when_clocked": false,
  "product_exclude_discount": false,
  "product_apply_allowance_inventory": false,
  "pending": 0,
  "product_visibility": true,
  "is_delete": false,
  "is_lock": false,
  "createAt": {
    "$date": "2025-05-15T16:11:48.434Z"
  },
  "updateAt": {
    "$date": "2025-05-15T16:11:48.434Z"
  },
  "_class": "com.lamnguyen.inventory_service.model.VariantProduct"
},
{
  "_id": "682612441bd0a01c950ad83f",
  "product_id": "68261241213ef202c0fd20d7",
  "title": "3XL-Xanh dương 3",
  "regular_price": 79000,
  "compare_price": 99000,
  "sku": "SKU-68261241213EF202C0FD20D7-SIZE-3XL-COLOR-XANH DƯƠNG 3",
  "quantity": 0,
  "options": {
    "SIZE": "3XL",
    "COLOR": "Xanh dương 3"
  },
  "product_allow_buy_when_clocked": false,
  "product_exclude_discount": false,
  "product_apply_allowance_inventory": false,
  "pending": 0,
  "product_visibility": true,
  "is_delete": false,
  "is_lock": false,
  "createAt": {
    "$date": "2025-05-15T16:11:48.542Z"
  },
  "updateAt": {
    "$date": "2025-05-15T16:11:48.542Z"
  },
  "_class": "com.lamnguyen.inventory_service.model.VariantProduct"
},
{
  "_id": "682612441bd0a01c950ad840",
  "product_id": "68261241213ef202c0fd20d7",
  "title": "M-Đỏ xanh",
  "regular_price": 79000,
  "compare_price": 99000,
  "sku": "SKU-68261241213EF202C0FD20D7-SIZE-M-COLOR-ĐỎ XANH",
  "quantity": 0,
  "options": {
    "SIZE": "M",
    "COLOR": "Đỏ xanh"
  },
  "product_allow_buy_when_clocked": false,
  "product_exclude_discount": false,
  "product_apply_allowance_inventory": false,
  "pending": 0,
  "product_visibility": true,
  "is_delete": false,
  "is_lock": false,
  "createAt": {
    "$date": "2025-05-15T16:11:48.621Z"
  },
  "updateAt": {
    "$date": "2025-05-15T16:11:48.621Z"
  },
  "_class": "com.lamnguyen.inventory_service.model.VariantProduct"
},
{
  "_id": "682612441bd0a01c950ad841",
  "product_id": "68261241213ef202c0fd20d7",
  "title": "L-Đỏ xanh",
  "regular_price": 79000,
  "compare_price": 99000,
  "sku": "SKU-68261241213EF202C0FD20D7-SIZE-L-COLOR-ĐỎ XANH",
  "quantity": 0,
  "options": {
    "SIZE": "L",
    "COLOR": "Đỏ xanh"
  },
  "product_allow_buy_when_clocked": false,
  "product_exclude_discount": false,
  "product_apply_allowance_inventory": false,
  "pending": 0,
  "product_visibility": true,
  "is_delete": false,
  "is_lock": false,
  "createAt": {
    "$date": "2025-05-15T16:11:48.694Z"
  },
  "updateAt": {
    "$date": "2025-05-15T16:11:48.694Z"
  },
  "_class": "com.lamnguyen.inventory_service.model.VariantProduct"
},
{
  "_id": "682612441bd0a01c950ad842",
  "product_id": "68261241213ef202c0fd20d7",
  "title": "XL-Đỏ xanh",
  "regular_price": 79000,
  "compare_price": 99000,
  "sku": "SKU-68261241213EF202C0FD20D7-SIZE-XL-COLOR-ĐỎ XANH",
  "quantity": 0,
  "options": {
    "SIZE": "XL",
    "COLOR": "Đỏ xanh"
  },
  "product_allow_buy_when_clocked": false,
  "product_exclude_discount": false,
  "product_apply_allowance_inventory": false,
  "pending": 0,
  "product_visibility": true,
  "is_delete": false,
  "is_lock": false,
  "createAt": {
    "$date": "2025-05-15T16:11:48.746Z"
  },
  "updateAt": {
    "$date": "2025-05-15T16:11:48.746Z"
  },
  "_class": "com.lamnguyen.inventory_service.model.VariantProduct"
},
{
  "_id": "682612441bd0a01c950ad843",
  "product_id": "68261241213ef202c0fd20d7",
  "title": "2XL-Đỏ xanh",
  "regular_price": 79000,
  "compare_price": 99000,
  "sku": "SKU-68261241213EF202C0FD20D7-SIZE-2XL-COLOR-ĐỎ XANH",
  "quantity": 0,
  "options": {
    "SIZE": "2XL",
    "COLOR": "Đỏ xanh"
  },
  "product_allow_buy_when_clocked": false,
  "product_exclude_discount": false,
  "product_apply_allowance_inventory": false,
  "pending": 0,
  "product_visibility": true,
  "is_delete": false,
  "is_lock": false,
  "createAt": {
    "$date": "2025-05-15T16:11:48.817Z"
  },
  "updateAt": {
    "$date": "2025-05-15T16:11:48.817Z"
  },
  "_class": "com.lamnguyen.inventory_service.model.VariantProduct"
},
{
  "_id": "682612441bd0a01c950ad844",
  "product_id": "68261241213ef202c0fd20d7",
  "title": "3XL-Đỏ xanh",
  "regular_price": 79000,
  "compare_price": 99000,
  "sku": "SKU-68261241213EF202C0FD20D7-SIZE-3XL-COLOR-ĐỎ XANH",
  "quantity": 0,
  "options": {
    "SIZE": "3XL",
    "COLOR": "Đỏ xanh"
  },
  "product_allow_buy_when_clocked": false,
  "product_exclude_discount": false,
  "product_apply_allowance_inventory": false,
  "pending": 0,
  "product_visibility": true,
  "is_delete": false,
  "is_lock": false,
  "createAt": {
    "$date": "2025-05-15T16:11:48.873Z"
  },
  "updateAt": {
    "$date": "2025-05-15T16:11:48.873Z"
  },
  "_class": "com.lamnguyen.inventory_service.model.VariantProduct"
},
{
  "_id": "682612441bd0a01c950ad845",
  "product_id": "68261241213ef202c0fd20d7",
  "title": "M-Xanh lá 1",
  "regular_price": 79000,
  "compare_price": 99000,
  "sku": "SKU-68261241213EF202C0FD20D7-SIZE-M-COLOR-XANH LÁ 1",
  "quantity": 0,
  "options": {
    "SIZE": "M",
    "COLOR": "Xanh lá 1"
  },
  "product_allow_buy_when_clocked": false,
  "product_exclude_discount": false,
  "product_apply_allowance_inventory": false,
  "pending": 0,
  "product_visibility": true,
  "is_delete": false,
  "is_lock": false,
  "createAt": {
    "$date": "2025-05-15T16:11:48.921Z"
  },
  "updateAt": {
    "$date": "2025-05-15T16:11:48.921Z"
  },
  "_class": "com.lamnguyen.inventory_service.model.VariantProduct"
},
{
  "_id": "682612441bd0a01c950ad846",
  "product_id": "68261241213ef202c0fd20d7",
  "title": "L-Xanh lá 1",
  "regular_price": 79000,
  "compare_price": 99000,
  "sku": "SKU-68261241213EF202C0FD20D7-SIZE-L-COLOR-XANH LÁ 1",
  "quantity": 0,
  "options": {
    "SIZE": "L",
    "COLOR": "Xanh lá 1"
  },
  "product_allow_buy_when_clocked": false,
  "product_exclude_discount": false,
  "product_apply_allowance_inventory": false,
  "pending": 0,
  "product_visibility": true,
  "is_delete": false,
  "is_lock": false,
  "createAt": {
    "$date": "2025-05-15T16:11:48.984Z"
  },
  "updateAt": {
    "$date": "2025-05-15T16:11:48.984Z"
  },
  "_class": "com.lamnguyen.inventory_service.model.VariantProduct"
},
{
  "_id": "682612451bd0a01c950ad847",
  "product_id": "68261241213ef202c0fd20d7",
  "title": "XL-Xanh lá 1",
  "regular_price": 79000,
  "compare_price": 99000,
  "sku": "SKU-68261241213EF202C0FD20D7-SIZE-XL-COLOR-XANH LÁ 1",
  "quantity": 0,
  "options": {
    "SIZE": "XL",
    "COLOR": "Xanh lá 1"
  },
  "product_allow_buy_when_clocked": false,
  "product_exclude_discount": false,
  "product_apply_allowance_inventory": false,
  "pending": 0,
  "product_visibility": true,
  "is_delete": false,
  "is_lock": false,
  "createAt": {
    "$date": "2025-05-15T16:11:49.048Z"
  },
  "updateAt": {
    "$date": "2025-05-15T16:11:49.048Z"
  },
  "_class": "com.lamnguyen.inventory_service.model.VariantProduct"
},
{
  "_id": "682612451bd0a01c950ad848",
  "product_id": "68261241213ef202c0fd20d7",
  "title": "2XL-Xanh lá 1",
  "regular_price": 79000,
  "compare_price": 99000,
  "sku": "SKU-68261241213EF202C0FD20D7-SIZE-2XL-COLOR-XANH LÁ 1",
  "quantity": 0,
  "options": {
    "SIZE": "2XL",
    "COLOR": "Xanh lá 1"
  },
  "product_allow_buy_when_clocked": false,
  "product_exclude_discount": false,
  "product_apply_allowance_inventory": false,
  "pending": 0,
  "product_visibility": true,
  "is_delete": false,
  "is_lock": false,
  "createAt": {
    "$date": "2025-05-15T16:11:49.144Z"
  },
  "updateAt": {
    "$date": "2025-05-15T16:11:49.144Z"
  },
  "_class": "com.lamnguyen.inventory_service.model.VariantProduct"
},
{
  "_id": "682612451bd0a01c950ad849",
  "product_id": "68261241213ef202c0fd20d7",
  "title": "3XL-Xanh lá 1",
  "regular_price": 79000,
  "compare_price": 99000,
  "sku": "SKU-68261241213EF202C0FD20D7-SIZE-3XL-COLOR-XANH LÁ 1",
  "quantity": 0,
  "options": {
    "SIZE": "3XL",
    "COLOR": "Xanh lá 1"
  },
  "product_allow_buy_when_clocked": false,
  "product_exclude_discount": false,
  "product_apply_allowance_inventory": false,
  "pending": 0,
  "product_visibility": true,
  "is_delete": false,
  "is_lock": false,
  "createAt": {
    "$date": "2025-05-15T16:11:49.226Z"
  },
  "updateAt": {
    "$date": "2025-05-15T16:11:49.226Z"
  },
  "_class": "com.lamnguyen.inventory_service.model.VariantProduct"
}]