[{
  "_id": "682613181bd0a01c950ad895",
  "product_id": "68261318213ef202c0fd20dd",
  "title": "S-Đen",
  "regular_price": 199000,
  "compare_price": 199000,
  "sku": "SKU-68261318213EF202C0FD20DD-SIZE-S-COLOR-ĐEN",
  "quantity": 0,
  "options": {
    "SIZE": "S",
    "COLOR": "Đen"
  },
  "product_allow_buy_when_clocked": false,
  "product_exclude_discount": false,
  "product_apply_allowance_inventory": false,
  "pending": 0,
  "product_visibility": true,
  "is_delete": false,
  "is_lock": false,
  "createAt": {
    "$date": "2025-05-15T16:15:20.230Z"
  },
  "updateAt": {
    "$date": "2025-05-15T16:15:20.230Z"
  },
  "_class": "com.lamnguyen.inventory_service.model.VariantProduct"
},
{
  "_id": "682613181bd0a01c950ad896",
  "product_id": "68261318213ef202c0fd20dd",
  "title": "M-Đen",
  "regular_price": 199000,
  "compare_price": 199000,
  "sku": "SKU-68261318213EF202C0FD20DD-SIZE-M-COLOR-ĐEN",
  "quantity": 0,
  "options": {
    "SIZE": "M",
    "COLOR": "Đen"
  },
  "product_allow_buy_when_clocked": false,
  "product_exclude_discount": false,
  "product_apply_allowance_inventory": false,
  "pending": 0,
  "product_visibility": true,
  "is_delete": false,
  "is_lock": false,
  "createAt": {
    "$date": "2025-05-15T16:15:20.307Z"
  },
  "updateAt": {
    "$date": "2025-05-15T16:15:20.307Z"
  },
  "_class": "com.lamnguyen.inventory_service.model.VariantProduct"
},
{
  "_id": "682613181bd0a01c950ad897",
  "product_id": "68261318213ef202c0fd20dd",
  "title": "L-Đen",
  "regular_price": 199000,
  "compare_price": 199000,
  "sku": "SKU-68261318213EF202C0FD20DD-SIZE-L-COLOR-ĐEN",
  "quantity": 0,
  "options": {
    "SIZE": "L",
    "COLOR": "Đen"
  },
  "product_allow_buy_when_clocked": false,
  "product_exclude_discount": false,
  "product_apply_allowance_inventory": false,
  "pending": 0,
  "product_visibility": true,
  "is_delete": false,
  "is_lock": false,
  "createAt": {
    "$date": "2025-05-15T16:15:20.375Z"
  },
  "updateAt": {
    "$date": "2025-05-15T16:15:20.375Z"
  },
  "_class": "com.lamnguyen.inventory_service.model.VariantProduct"
},
{
  "_id": "682613181bd0a01c950ad898",
  "product_id": "68261318213ef202c0fd20dd",
  "title": "XL-Đen",
  "regular_price": 199000,
  "compare_price": 199000,
  "sku": "SKU-68261318213EF202C0FD20DD-SIZE-XL-COLOR-ĐEN",
  "quantity": 0,
  "options": {
    "SIZE": "XL",
    "COLOR": "Đen"
  },
  "product_allow_buy_when_clocked": false,
  "product_exclude_discount": false,
  "product_apply_allowance_inventory": false,
  "pending": 0,
  "product_visibility": true,
  "is_delete": false,
  "is_lock": false,
  "createAt": {
    "$date": "2025-05-15T16:15:20.442Z"
  },
  "updateAt": {
    "$date": "2025-05-15T16:15:20.442Z"
  },
  "_class": "com.lamnguyen.inventory_service.model.VariantProduct"
},
{
  "_id": "682613181bd0a01c950ad899",
  "product_id": "68261318213ef202c0fd20dd",
  "title": "2XL-Đen",
  "regular_price": 199000,
  "compare_price": 199000,
  "sku": "SKU-68261318213EF202C0FD20DD-SIZE-2XL-COLOR-ĐEN",
  "quantity": 0,
  "options": {
    "SIZE": "2XL",
    "COLOR": "Đen"
  },
  "product_allow_buy_when_clocked": false,
  "product_exclude_discount": false,
  "product_apply_allowance_inventory": false,
  "pending": 0,
  "product_visibility": true,
  "is_delete": false,
  "is_lock": false,
  "createAt": {
    "$date": "2025-05-15T16:15:20.514Z"
  },
  "updateAt": {
    "$date": "2025-05-15T16:15:20.514Z"
  },
  "_class": "com.lamnguyen.inventory_service.model.VariantProduct"
},
{
  "_id": "682613181bd0a01c950ad89a",
  "product_id": "68261318213ef202c0fd20dd",
  "title": "3XL-Đen",
  "regular_price": 199000,
  "compare_price": 199000,
  "sku": "SKU-68261318213EF202C0FD20DD-SIZE-3XL-COLOR-ĐEN",
  "quantity": 0,
  "options": {
    "SIZE": "3XL",
    "COLOR": "Đen"
  },
  "product_allow_buy_when_clocked": false,
  "product_exclude_discount": false,
  "product_apply_allowance_inventory": false,
  "pending": 0,
  "product_visibility": true,
  "is_delete": false,
  "is_lock": false,
  "createAt": {
    "$date": "2025-05-15T16:15:20.577Z"
  },
  "updateAt": {
    "$date": "2025-05-15T16:15:20.577Z"
  },
  "_class": "com.lamnguyen.inventory_service.model.VariantProduct"
},
{
  "_id": "682613181bd0a01c950ad89b",
  "product_id": "68261318213ef202c0fd20dd",
  "title": "S-Navy",
  "regular_price": 199000,
  "compare_price": 199000,
  "sku": "SKU-68261318213EF202C0FD20DD-SIZE-S-COLOR-NAVY",
  "quantity": 0,
  "options": {
    "SIZE": "S",
    "COLOR": "Navy"
  },
  "product_allow_buy_when_clocked": false,
  "product_exclude_discount": false,
  "product_apply_allowance_inventory": false,
  "pending": 0,
  "product_visibility": true,
  "is_delete": false,
  "is_lock": false,
  "createAt": {
    "$date": "2025-05-15T16:15:20.674Z"
  },
  "updateAt": {
    "$date": "2025-05-15T16:15:20.674Z"
  },
  "_class": "com.lamnguyen.inventory_service.model.VariantProduct"
},
{
  "_id": "682613181bd0a01c950ad89c",
  "product_id": "68261318213ef202c0fd20dd",
  "title": "M-Navy",
  "regular_price": 199000,
  "compare_price": 199000,
  "sku": "SKU-68261318213EF202C0FD20DD-SIZE-M-COLOR-NAVY",
  "quantity": 0,
  "options": {
    "SIZE": "M",
    "COLOR": "Navy"
  },
  "product_allow_buy_when_clocked": false,
  "product_exclude_discount": false,
  "product_apply_allowance_inventory": false,
  "pending": 0,
  "product_visibility": true,
  "is_delete": false,
  "is_lock": false,
  "createAt": {
    "$date": "2025-05-15T16:15:20.764Z"
  },
  "updateAt": {
    "$date": "2025-05-15T16:15:20.764Z"
  },
  "_class": "com.lamnguyen.inventory_service.model.VariantProduct"
},
{
  "_id": "682613181bd0a01c950ad89d",
  "product_id": "68261318213ef202c0fd20dd",
  "title": "L-Navy",
  "regular_price": 199000,
  "compare_price": 199000,
  "sku": "SKU-68261318213EF202C0FD20DD-SIZE-L-COLOR-NAVY",
  "quantity": 0,
  "options": {
    "SIZE": "L",
    "COLOR": "Navy"
  },
  "product_allow_buy_when_clocked": false,
  "product_exclude_discount": false,
  "product_apply_allowance_inventory": false,
  "pending": 0,
  "product_visibility": true,
  "is_delete": false,
  "is_lock": false,
  "createAt": {
    "$date": "2025-05-15T16:15:20.853Z"
  },
  "updateAt": {
    "$date": "2025-05-15T16:15:20.853Z"
  },
  "_class": "com.lamnguyen.inventory_service.model.VariantProduct"
},
{
  "_id": "682613181bd0a01c950ad89e",
  "product_id": "68261318213ef202c0fd20dd",
  "title": "XL-Navy",
  "regular_price": 199000,
  "compare_price": 199000,
  "sku": "SKU-68261318213EF202C0FD20DD-SIZE-XL-COLOR-NAVY",
  "quantity": 0,
  "options": {
    "SIZE": "XL",
    "COLOR": "Navy"
  },
  "product_allow_buy_when_clocked": false,
  "product_exclude_discount": false,
  "product_apply_allowance_inventory": false,
  "pending": 0,
  "product_visibility": true,
  "is_delete": false,
  "is_lock": false,
  "createAt": {
    "$date": "2025-05-15T16:15:20.935Z"
  },
  "updateAt": {
    "$date": "2025-05-15T16:15:20.935Z"
  },
  "_class": "com.lamnguyen.inventory_service.model.VariantProduct"
},
{
  "_id": "682613191bd0a01c950ad89f",
  "product_id": "68261318213ef202c0fd20dd",
  "title": "2XL-Navy",
  "regular_price": 199000,
  "compare_price": 199000,
  "sku": "SKU-68261318213EF202C0FD20DD-SIZE-2XL-COLOR-NAVY",
  "quantity": 0,
  "options": {
    "SIZE": "2XL",
    "COLOR": "Navy"
  },
  "product_allow_buy_when_clocked": false,
  "product_exclude_discount": false,
  "product_apply_allowance_inventory": false,
  "pending": 0,
  "product_visibility": true,
  "is_delete": false,
  "is_lock": false,
  "createAt": {
    "$date": "2025-05-15T16:15:21.024Z"
  },
  "updateAt": {
    "$date": "2025-05-15T16:15:21.024Z"
  },
  "_class": "com.lamnguyen.inventory_service.model.VariantProduct"
},
{
  "_id": "682613191bd0a01c950ad8a0",
  "product_id": "68261318213ef202c0fd20dd",
  "title": "3XL-Navy",
  "regular_price": 199000,
  "compare_price": 199000,
  "sku": "SKU-68261318213EF202C0FD20DD-SIZE-3XL-COLOR-NAVY",
  "quantity": 0,
  "options": {
    "SIZE": "3XL",
    "COLOR": "Navy"
  },
  "product_allow_buy_when_clocked": false,
  "product_exclude_discount": false,
  "product_apply_allowance_inventory": false,
  "pending": 0,
  "product_visibility": true,
  "is_delete": false,
  "is_lock": false,
  "createAt": {
    "$date": "2025-05-15T16:15:21.116Z"
  },
  "updateAt": {
    "$date": "2025-05-15T16:15:21.116Z"
  },
  "_class": "com.lamnguyen.inventory_service.model.VariantProduct"
},
{
  "_id": "682613191bd0a01c950ad8a1",
  "product_id": "68261318213ef202c0fd20dd",
  "title": "S-Xanh",
  "regular_price": 199000,
  "compare_price": 199000,
  "sku": "SKU-68261318213EF202C0FD20DD-SIZE-S-COLOR-XANH",
  "quantity": 0,
  "options": {
    "SIZE": "S",
    "COLOR": "Xanh"
  },
  "product_allow_buy_when_clocked": false,
  "product_exclude_discount": false,
  "product_apply_allowance_inventory": false,
  "pending": 0,
  "product_visibility": true,
  "is_delete": false,
  "is_lock": false,
  "createAt": {
    "$date": "2025-05-15T16:15:21.219Z"
  },
  "updateAt": {
    "$date": "2025-05-15T16:15:21.219Z"
  },
  "_class": "com.lamnguyen.inventory_service.model.VariantProduct"
},
{
  "_id": "682613191bd0a01c950ad8a2",
  "product_id": "68261318213ef202c0fd20dd",
  "title": "M-Xanh",
  "regular_price": 199000,
  "compare_price": 199000,
  "sku": "SKU-68261318213EF202C0FD20DD-SIZE-M-COLOR-XANH",
  "quantity": 0,
  "options": {
    "SIZE": "M",
    "COLOR": "Xanh"
  },
  "product_allow_buy_when_clocked": false,
  "product_exclude_discount": false,
  "product_apply_allowance_inventory": false,
  "pending": 0,
  "product_visibility": true,
  "is_delete": false,
  "is_lock": false,
  "createAt": {
    "$date": "2025-05-15T16:15:21.282Z"
  },
  "updateAt": {
    "$date": "2025-05-15T16:15:21.282Z"
  },
  "_class": "com.lamnguyen.inventory_service.model.VariantProduct"
},
{
  "_id": "682613191bd0a01c950ad8a3",
  "product_id": "68261318213ef202c0fd20dd",
  "title": "L-Xanh",
  "regular_price": 199000,
  "compare_price": 199000,
  "sku": "SKU-68261318213EF202C0FD20DD-SIZE-L-COLOR-XANH",
  "quantity": 0,
  "options": {
    "SIZE": "L",
    "COLOR": "Xanh"
  },
  "product_allow_buy_when_clocked": false,
  "product_exclude_discount": false,
  "product_apply_allowance_inventory": false,
  "pending": 0,
  "product_visibility": true,
  "is_delete": false,
  "is_lock": false,
  "createAt": {
    "$date": "2025-05-15T16:15:21.386Z"
  },
  "updateAt": {
    "$date": "2025-05-15T16:15:21.386Z"
  },
  "_class": "com.lamnguyen.inventory_service.model.VariantProduct"
},
{
  "_id": "682613191bd0a01c950ad8a4",
  "product_id": "68261318213ef202c0fd20dd",
  "title": "XL-Xanh",
  "regular_price": 199000,
  "compare_price": 199000,
  "sku": "SKU-68261318213EF202C0FD20DD-SIZE-XL-COLOR-XANH",
  "quantity": 0,
  "options": {
    "SIZE": "XL",
    "COLOR": "Xanh"
  },
  "product_allow_buy_when_clocked": false,
  "product_exclude_discount": false,
  "product_apply_allowance_inventory": false,
  "pending": 0,
  "product_visibility": true,
  "is_delete": false,
  "is_lock": false,
  "createAt": {
    "$date": "2025-05-15T16:15:21.480Z"
  },
  "updateAt": {
    "$date": "2025-05-15T16:15:21.480Z"
  },
  "_class": "com.lamnguyen.inventory_service.model.VariantProduct"
},
{
  "_id": "682613191bd0a01c950ad8a5",
  "product_id": "68261318213ef202c0fd20dd",
  "title": "2XL-Xanh",
  "regular_price": 199000,
  "compare_price": 199000,
  "sku": "SKU-68261318213EF202C0FD20DD-SIZE-2XL-COLOR-XANH",
  "quantity": 0,
  "options": {
    "SIZE": "2XL",
    "COLOR": "Xanh"
  },
  "product_allow_buy_when_clocked": false,
  "product_exclude_discount": false,
  "product_apply_allowance_inventory": false,
  "pending": 0,
  "product_visibility": true,
  "is_delete": false,
  "is_lock": false,
  "createAt": {
    "$date": "2025-05-15T16:15:21.560Z"
  },
  "updateAt": {
    "$date": "2025-05-15T16:15:21.560Z"
  },
  "_class": "com.lamnguyen.inventory_service.model.VariantProduct"
},
{
  "_id": "682613191bd0a01c950ad8a6",
  "product_id": "68261318213ef202c0fd20dd",
  "title": "3XL-Xanh",
  "regular_price": 199000,
  "compare_price": 199000,
  "sku": "SKU-68261318213EF202C0FD20DD-SIZE-3XL-COLOR-XANH",
  "quantity": 0,
  "options": {
    "SIZE": "3XL",
    "COLOR": "Xanh"
  },
  "product_allow_buy_when_clocked": false,
  "product_exclude_discount": false,
  "product_apply_allowance_inventory": false,
  "pending": 0,
  "product_visibility": true,
  "is_delete": false,
  "is_lock": false,
  "createAt": {
    "$date": "2025-05-15T16:15:21.650Z"
  },
  "updateAt": {
    "$date": "2025-05-15T16:15:21.650Z"
  },
  "_class": "com.lamnguyen.inventory_service.model.VariantProduct"
},
{
  "_id": "682613191bd0a01c950ad8a7",
  "product_id": "68261318213ef202c0fd20dd",
  "title": "S-Xám",
  "regular_price": 199000,
  "compare_price": 199000,
  "sku": "SKU-68261318213EF202C0FD20DD-SIZE-S-COLOR-XÁM",
  "quantity": 0,
  "options": {
    "SIZE": "S",
    "COLOR": "Xám"
  },
  "product_allow_buy_when_clocked": false,
  "product_exclude_discount": false,
  "product_apply_allowance_inventory": false,
  "pending": 0,
  "product_visibility": true,
  "is_delete": false,
  "is_lock": false,
  "createAt": {
    "$date": "2025-05-15T16:15:21.737Z"
  },
  "updateAt": {
    "$date": "2025-05-15T16:15:21.737Z"
  },
  "_class": "com.lamnguyen.inventory_service.model.VariantProduct"
},
{
  "_id": "682613191bd0a01c950ad8a8",
  "product_id": "68261318213ef202c0fd20dd",
  "title": "M-Xám",
  "regular_price": 199000,
  "compare_price": 199000,
  "sku": "SKU-68261318213EF202C0FD20DD-SIZE-M-COLOR-XÁM",
  "quantity": 0,
  "options": {
    "SIZE": "M",
    "COLOR": "Xám"
  },
  "product_allow_buy_when_clocked": false,
  "product_exclude_discount": false,
  "product_apply_allowance_inventory": false,
  "pending": 0,
  "product_visibility": true,
  "is_delete": false,
  "is_lock": false,
  "createAt": {
    "$date": "2025-05-15T16:15:21.795Z"
  },
  "updateAt": {
    "$date": "2025-05-15T16:15:21.795Z"
  },
  "_class": "com.lamnguyen.inventory_service.model.VariantProduct"
},
{
  "_id": "6826131a1bd0a01c950ad8a9",
  "product_id": "68261318213ef202c0fd20dd",
  "title": "L-Xám",
  "regular_price": 199000,
  "compare_price": 199000,
  "sku": "SKU-68261318213EF202C0FD20DD-SIZE-L-COLOR-XÁM",
  "quantity": 0,
  "options": {
    "SIZE": "L",
    "COLOR": "Xám"
  },
  "product_allow_buy_when_clocked": false,
  "product_exclude_discount": false,
  "product_apply_allowance_inventory": false,
  "pending": 0,
  "product_visibility": true,
  "is_delete": false,
  "is_lock": false,
  "createAt": {
    "$date": "2025-05-15T16:15:22.040Z"
  },
  "updateAt": {
    "$date": "2025-05-15T16:15:22.040Z"
  },
  "_class": "com.lamnguyen.inventory_service.model.VariantProduct"
},
{
  "_id": "6826131a1bd0a01c950ad8aa",
  "product_id": "68261318213ef202c0fd20dd",
  "title": "XL-Xám",
  "regular_price": 199000,
  "compare_price": 199000,
  "sku": "SKU-68261318213EF202C0FD20DD-SIZE-XL-COLOR-XÁM",
  "quantity": 0,
  "options": {
    "SIZE": "XL",
    "COLOR": "Xám"
  },
  "product_allow_buy_when_clocked": false,
  "product_exclude_discount": false,
  "product_apply_allowance_inventory": false,
  "pending": 0,
  "product_visibility": true,
  "is_delete": false,
  "is_lock": false,
  "createAt": {
    "$date": "2025-05-15T16:15:22.096Z"
  },
  "updateAt": {
    "$date": "2025-05-15T16:15:22.096Z"
  },
  "_class": "com.lamnguyen.inventory_service.model.VariantProduct"
},
{
  "_id": "6826131a1bd0a01c950ad8ab",
  "product_id": "68261318213ef202c0fd20dd",
  "title": "2XL-Xám",
  "regular_price": 199000,
  "compare_price": 199000,
  "sku": "SKU-68261318213EF202C0FD20DD-SIZE-2XL-COLOR-XÁM",
  "quantity": 0,
  "options": {
    "SIZE": "2XL",
    "COLOR": "Xám"
  },
  "product_allow_buy_when_clocked": false,
  "product_exclude_discount": false,
  "product_apply_allowance_inventory": false,
  "pending": 0,
  "product_visibility": true,
  "is_delete": false,
  "is_lock": false,
  "createAt": {
    "$date": "2025-05-15T16:15:22.172Z"
  },
  "updateAt": {
    "$date": "2025-05-15T16:15:22.172Z"
  },
  "_class": "com.lamnguyen.inventory_service.model.VariantProduct"
},
{
  "_id": "6826131a1bd0a01c950ad8ac",
  "product_id": "68261318213ef202c0fd20dd",
  "title": "3XL-Xám",
  "regular_price": 199000,
  "compare_price": 199000,
  "sku": "SKU-68261318213EF202C0FD20DD-SIZE-3XL-COLOR-XÁM",
  "quantity": 0,
  "options": {
    "SIZE": "3XL",
    "COLOR": "Xám"
  },
  "product_allow_buy_when_clocked": false,
  "product_exclude_discount": false,
  "product_apply_allowance_inventory": false,
  "pending": 0,
  "product_visibility": true,
  "is_delete": false,
  "is_lock": false,
  "createAt": {
    "$date": "2025-05-15T16:15:22.221Z"
  },
  "updateAt": {
    "$date": "2025-05-15T16:15:22.221Z"
  },
  "_class": "com.lamnguyen.inventory_service.model.VariantProduct"
},
{
  "_id": "6826131c1bd0a01c950ad8ad",
  "product_id": "6826131b213ef202c0fd20de",
  "title": "Trắng",
  "regular_price": 79000,
  "compare_price": 79000,
  "sku": "SKU-6826131B213EF202C0FD20DE-COLOR-TRẮNG",
  "quantity": 0,
  "options": {
    "COLOR": "Trắng"
  },
  "product_allow_buy_when_clocked": false,
  "product_exclude_discount": false,
  "product_apply_allowance_inventory": false,
  "pending": 0,
  "product_visibility": true,
  "is_delete": false,
  "is_lock": false,
  "createAt": {
    "$date": "2025-05-15T16:15:24.060Z"
  },
  "updateAt": {
    "$date": "2025-05-15T16:15:24.060Z"
  },
  "_class": "com.lamnguyen.inventory_service.model.VariantProduct"
},
{
  "_id": "6826131c1bd0a01c950ad8ae",
  "product_id": "6826131b213ef202c0fd20de",
  "title": "Đen",
  "regular_price": 79000,
  "compare_price": 79000,
  "sku": "SKU-6826131B213EF202C0FD20DE-COLOR-ĐEN",
  "quantity": 0,
  "options": {
    "COLOR": "Đen"
  },
  "product_allow_buy_when_clocked": false,
  "product_exclude_discount": false,
  "product_apply_allowance_inventory": false,
  "pending": 0,
  "product_visibility": true,
  "is_delete": false,
  "is_lock": false,
  "createAt": {
    "$date": "2025-05-15T16:15:24.127Z"
  },
  "updateAt": {
    "$date": "2025-05-15T16:15:24.127Z"
  },
  "_class": "com.lamnguyen.inventory_service.model.VariantProduct"
},
{
  "_id": "6826131c1bd0a01c950ad8af",
  "product_id": "6826131b213ef202c0fd20de",
  "title": "Xanh Navy",
  "regular_price": 79000,
  "compare_price": 79000,
  "sku": "SKU-6826131B213EF202C0FD20DE-COLOR-XANH NAVY",
  "quantity": 0,
  "options": {
    "COLOR": "Xanh Navy"
  },
  "product_allow_buy_when_clocked": false,
  "product_exclude_discount": false,
  "product_apply_allowance_inventory": false,
  "pending": 0,
  "product_visibility": true,
  "is_delete": false,
  "is_lock": false,
  "createAt": {
    "$date": "2025-05-15T16:15:24.195Z"
  },
  "updateAt": {
    "$date": "2025-05-15T16:15:24.195Z"
  },
  "_class": "com.lamnguyen.inventory_service.model.VariantProduct"
},
{
  "_id": "6826131f1bd0a01c950ad8b0",
  "product_id": "6826131f213ef202c0fd20df",
  "title": "Trắng",
  "regular_price": 59000,
  "compare_price": 59000,
  "sku": "SKU-6826131F213EF202C0FD20DF-COLOR-TRẮNG",
  "quantity": 0,
  "options": {
    "COLOR": "Trắng"
  },
  "product_allow_buy_when_clocked": false,
  "product_exclude_discount": false,
  "product_apply_allowance_inventory": false,
  "pending": 0,
  "product_visibility": true,
  "is_delete": false,
  "is_lock": false,
  "createAt": {
    "$date": "2025-05-15T16:15:27.465Z"
  },
  "updateAt": {
    "$date": "2025-05-15T16:15:27.465Z"
  },
  "_class": "com.lamnguyen.inventory_service.model.VariantProduct"
},
{
  "_id": "6826131f1bd0a01c950ad8b1",
  "product_id": "6826131f213ef202c0fd20df",
  "title": "Đen",
  "regular_price": 59000,
  "compare_price": 59000,
  "sku": "SKU-6826131F213EF202C0FD20DF-COLOR-ĐEN",
  "quantity": 0,
  "options": {
    "COLOR": "Đen"
  },
  "product_allow_buy_when_clocked": false,
  "product_exclude_discount": false,
  "product_apply_allowance_inventory": false,
  "pending": 0,
  "product_visibility": true,
  "is_delete": false,
  "is_lock": false,
  "createAt": {
    "$date": "2025-05-15T16:15:27.529Z"
  },
  "updateAt": {
    "$date": "2025-05-15T16:15:27.529Z"
  },
  "_class": "com.lamnguyen.inventory_service.model.VariantProduct"
},
{
  "_id": "6826131f1bd0a01c950ad8b2",
  "product_id": "6826131f213ef202c0fd20df",
  "title": "Xanh Navy",
  "regular_price": 59000,
  "compare_price": 59000,
  "sku": "SKU-6826131F213EF202C0FD20DF-COLOR-XANH NAVY",
  "quantity": 0,
  "options": {
    "COLOR": "Xanh Navy"
  },
  "product_allow_buy_when_clocked": false,
  "product_exclude_discount": false,
  "product_apply_allowance_inventory": false,
  "pending": 0,
  "product_visibility": true,
  "is_delete": false,
  "is_lock": false,
  "createAt": {
    "$date": "2025-05-15T16:15:27.594Z"
  },
  "updateAt": {
    "$date": "2025-05-15T16:15:27.594Z"
  },
  "_class": "com.lamnguyen.inventory_service.model.VariantProduct"
},
{
  "_id": "682613201bd0a01c950ad8b3",
  "product_id": "68261320213ef202c0fd20e0",
  "title": "S-Xanh da trời",
  "regular_price": 219000,
  "compare_price": 249000,
  "sku": "SKU-68261320213EF202C0FD20E0-SIZE-S-COLOR-XANH DA TRỜI",
  "quantity": 0,
  "options": {
    "SIZE": "S",
    "COLOR": "Xanh da trời"
  },
  "product_allow_buy_when_clocked": false,
  "product_exclude_discount": false,
  "product_apply_allowance_inventory": false,
  "pending": 0,
  "product_visibility": true,
  "is_delete": false,
  "is_lock": false,
  "createAt": {
    "$date": "2025-05-15T16:15:28.804Z"
  },
  "updateAt": {
    "$date": "2025-05-15T16:15:28.804Z"
  },
  "_class": "com.lamnguyen.inventory_service.model.VariantProduct"
},
{
  "_id": "682613211bd0a01c950ad8b4",
  "product_id": "68261320213ef202c0fd20e0",
  "title": "M-Xanh da trời",
  "regular_price": 219000,
  "compare_price": 249000,
  "sku": "SKU-68261320213EF202C0FD20E0-SIZE-M-COLOR-XANH DA TRỜI",
  "quantity": 0,
  "options": {
    "SIZE": "M",
    "COLOR": "Xanh da trời"
  },
  "product_allow_buy_when_clocked": false,
  "product_exclude_discount": false,
  "product_apply_allowance_inventory": false,
  "pending": 0,
  "product_visibility": true,
  "is_delete": false,
  "is_lock": false,
  "createAt": {
    "$date": "2025-05-15T16:15:29.109Z"
  },
  "updateAt": {
    "$date": "2025-05-15T16:15:29.109Z"
  },
  "_class": "com.lamnguyen.inventory_service.model.VariantProduct"
},
{
  "_id": "682613211bd0a01c950ad8b5",
  "product_id": "68261320213ef202c0fd20e0",
  "title": "L-Xanh da trời",
  "regular_price": 219000,
  "compare_price": 249000,
  "sku": "SKU-68261320213EF202C0FD20E0-SIZE-L-COLOR-XANH DA TRỜI",
  "quantity": 0,
  "options": {
    "SIZE": "L",
    "COLOR": "Xanh da trời"
  },
  "product_allow_buy_when_clocked": false,
  "product_exclude_discount": false,
  "product_apply_allowance_inventory": false,
  "pending": 0,
  "product_visibility": true,
  "is_delete": false,
  "is_lock": false,
  "createAt": {
    "$date": "2025-05-15T16:15:29.170Z"
  },
  "updateAt": {
    "$date": "2025-05-15T16:15:29.170Z"
  },
  "_class": "com.lamnguyen.inventory_service.model.VariantProduct"
},
{
  "_id": "682613211bd0a01c950ad8b6",
  "product_id": "68261320213ef202c0fd20e0",
  "title": "XL-Xanh da trời",
  "regular_price": 219000,
  "compare_price": 249000,
  "sku": "SKU-68261320213EF202C0FD20E0-SIZE-XL-COLOR-XANH DA TRỜI",
  "quantity": 0,
  "options": {
    "SIZE": "XL",
    "COLOR": "Xanh da trời"
  },
  "product_allow_buy_when_clocked": false,
  "product_exclude_discount": false,
  "product_apply_allowance_inventory": false,
  "pending": 0,
  "product_visibility": true,
  "is_delete": false,
  "is_lock": false,
  "createAt": {
    "$date": "2025-05-15T16:15:29.227Z"
  },
  "updateAt": {
    "$date": "2025-05-15T16:15:29.227Z"
  },
  "_class": "com.lamnguyen.inventory_service.model.VariantProduct"
},
{
  "_id": "682613211bd0a01c950ad8b7",
  "product_id": "68261320213ef202c0fd20e0",
  "title": "2XL-Xanh da trời",
  "regular_price": 219000,
  "compare_price": 249000,
  "sku": "SKU-68261320213EF202C0FD20E0-SIZE-2XL-COLOR-XANH DA TRỜI",
  "quantity": 0,
  "options": {
    "SIZE": "2XL",
    "COLOR": "Xanh da trời"
  },
  "product_allow_buy_when_clocked": false,
  "product_exclude_discount": false,
  "product_apply_allowance_inventory": false,
  "pending": 0,
  "product_visibility": true,
  "is_delete": false,
  "is_lock": false,
  "createAt": {
    "$date": "2025-05-15T16:15:29.298Z"
  },
  "updateAt": {
    "$date": "2025-05-15T16:15:29.298Z"
  },
  "_class": "com.lamnguyen.inventory_service.model.VariantProduct"
},
{
  "_id": "682613211bd0a01c950ad8b8",
  "product_id": "68261320213ef202c0fd20e0",
  "title": "3XL-Xanh da trời",
  "regular_price": 219000,
  "compare_price": 249000,
  "sku": "SKU-68261320213EF202C0FD20E0-SIZE-3XL-COLOR-XANH DA TRỜI",
  "quantity": 0,
  "options": {
    "SIZE": "3XL",
    "COLOR": "Xanh da trời"
  },
  "product_allow_buy_when_clocked": false,
  "product_exclude_discount": false,
  "product_apply_allowance_inventory": false,
  "pending": 0,
  "product_visibility": true,
  "is_delete": false,
  "is_lock": false,
  "createAt": {
    "$date": "2025-05-15T16:15:29.367Z"
  },
  "updateAt": {
    "$date": "2025-05-15T16:15:29.367Z"
  },
  "_class": "com.lamnguyen.inventory_service.model.VariantProduct"
},
{
  "_id": "682613221bd0a01c950ad8b9",
  "product_id": "68261322213ef202c0fd20e1",
  "title": "S-Đỏ",
  "regular_price": 199000,
  "compare_price": 249000,
  "sku": "SKU-68261322213EF202C0FD20E1-SIZE-S-COLOR-ĐỎ",
  "quantity": 0,
  "options": {
    "SIZE": "S",
    "COLOR": "Đỏ"
  },
  "product_allow_buy_when_clocked": false,
  "product_exclude_discount": false,
  "product_apply_allowance_inventory": false,
  "pending": 0,
  "product_visibility": true,
  "is_delete": false,
  "is_lock": false,
  "createAt": {
    "$date": "2025-05-15T16:15:30.490Z"
  },
  "updateAt": {
    "$date": "2025-05-15T16:15:30.490Z"
  },
  "_class": "com.lamnguyen.inventory_service.model.VariantProduct"
},
{
  "_id": "682613221bd0a01c950ad8ba",
  "product_id": "68261322213ef202c0fd20e1",
  "title": "M-Đỏ",
  "regular_price": 199000,
  "compare_price": 249000,
  "sku": "SKU-68261322213EF202C0FD20E1-SIZE-M-COLOR-ĐỎ",
  "quantity": 0,
  "options": {
    "SIZE": "M",
    "COLOR": "Đỏ"
  },
  "product_allow_buy_when_clocked": false,
  "product_exclude_discount": false,
  "product_apply_allowance_inventory": false,
  "pending": 0,
  "product_visibility": true,
  "is_delete": false,
  "is_lock": false,
  "createAt": {
    "$date": "2025-05-15T16:15:30.544Z"
  },
  "updateAt": {
    "$date": "2025-05-15T16:15:30.544Z"
  },
  "_class": "com.lamnguyen.inventory_service.model.VariantProduct"
},
{
  "_id": "682613221bd0a01c950ad8bb",
  "product_id": "68261322213ef202c0fd20e1",
  "title": "L-Đỏ",
  "regular_price": 199000,
  "compare_price": 249000,
  "sku": "SKU-68261322213EF202C0FD20E1-SIZE-L-COLOR-ĐỎ",
  "quantity": 0,
  "options": {
    "SIZE": "L",
    "COLOR": "Đỏ"
  },
  "product_allow_buy_when_clocked": false,
  "product_exclude_discount": false,
  "product_apply_allowance_inventory": false,
  "pending": 0,
  "product_visibility": true,
  "is_delete": false,
  "is_lock": false,
  "createAt": {
    "$date": "2025-05-15T16:15:30.602Z"
  },
  "updateAt": {
    "$date": "2025-05-15T16:15:30.602Z"
  },
  "_class": "com.lamnguyen.inventory_service.model.VariantProduct"
},
{
  "_id": "682613221bd0a01c950ad8bc",
  "product_id": "68261322213ef202c0fd20e1",
  "title": "XL-Đỏ",
  "regular_price": 199000,
  "compare_price": 249000,
  "sku": "SKU-68261322213EF202C0FD20E1-SIZE-XL-COLOR-ĐỎ",
  "quantity": 0,
  "options": {
    "SIZE": "XL",
    "COLOR": "Đỏ"
  },
  "product_allow_buy_when_clocked": false,
  "product_exclude_discount": false,
  "product_apply_allowance_inventory": false,
  "pending": 0,
  "product_visibility": true,
  "is_delete": false,
  "is_lock": false,
  "createAt": {
    "$date": "2025-05-15T16:15:30.658Z"
  },
  "updateAt": {
    "$date": "2025-05-15T16:15:30.658Z"
  },
  "_class": "com.lamnguyen.inventory_service.model.VariantProduct"
},
{
  "_id": "682613221bd0a01c950ad8bd",
  "product_id": "68261322213ef202c0fd20e1",
  "title": "2XL-Đỏ",
  "regular_price": 199000,
  "compare_price": 249000,
  "sku": "SKU-68261322213EF202C0FD20E1-SIZE-2XL-COLOR-ĐỎ",
  "quantity": 0,
  "options": {
    "SIZE": "2XL",
    "COLOR": "Đỏ"
  },
  "product_allow_buy_when_clocked": false,
  "product_exclude_discount": false,
  "product_apply_allowance_inventory": false,
  "pending": 0,
  "product_visibility": true,
  "is_delete": false,
  "is_lock": false,
  "createAt": {
    "$date": "2025-05-15T16:15:30.720Z"
  },
  "updateAt": {
    "$date": "2025-05-15T16:15:30.720Z"
  },
  "_class": "com.lamnguyen.inventory_service.model.VariantProduct"
},
{
  "_id": "682613221bd0a01c950ad8be",
  "product_id": "68261322213ef202c0fd20e1",
  "title": "3XL-Đỏ",
  "regular_price": 199000,
  "compare_price": 249000,
  "sku": "SKU-68261322213EF202C0FD20E1-SIZE-3XL-COLOR-ĐỎ",
  "quantity": 0,
  "options": {
    "SIZE": "3XL",
    "COLOR": "Đỏ"
  },
  "product_allow_buy_when_clocked": false,
  "product_exclude_discount": false,
  "product_apply_allowance_inventory": false,
  "pending": 0,
  "product_visibility": true,
  "is_delete": false,
  "is_lock": false,
  "createAt": {
    "$date": "2025-05-15T16:15:30.829Z"
  },
  "updateAt": {
    "$date": "2025-05-15T16:15:30.829Z"
  },
  "_class": "com.lamnguyen.inventory_service.model.VariantProduct"
},
{
  "_id": "682613241bd0a01c950ad8bf",
  "product_id": "68261324213ef202c0fd20e2",
  "title": "S-Xanh lá",
  "regular_price": 219000,
  "compare_price": 249000,
  "sku": "SKU-68261324213EF202C0FD20E2-SIZE-S-COLOR-XANH LÁ",
  "quantity": 0,
  "options": {
    "SIZE": "S",
    "COLOR": "Xanh lá"
  },
  "product_allow_buy_when_clocked": false,
  "product_exclude_discount": false,
  "product_apply_allowance_inventory": false,
  "pending": 0,
  "product_visibility": true,
  "is_delete": false,
  "is_lock": false,
  "createAt": {
    "$date": "2025-05-15T16:15:32.860Z"
  },
  "updateAt": {
    "$date": "2025-05-15T16:15:32.860Z"
  },
  "_class": "com.lamnguyen.inventory_service.model.VariantProduct"
},
{
  "_id": "682613241bd0a01c950ad8c0",
  "product_id": "68261324213ef202c0fd20e2",
  "title": "M-Xanh lá",
  "regular_price": 219000,
  "compare_price": 249000,
  "sku": "SKU-68261324213EF202C0FD20E2-SIZE-M-COLOR-XANH LÁ",
  "quantity": 0,
  "options": {
    "SIZE": "M",
    "COLOR": "Xanh lá"
  },
  "product_allow_buy_when_clocked": false,
  "product_exclude_discount": false,
  "product_apply_allowance_inventory": false,
  "pending": 0,
  "product_visibility": true,
  "is_delete": false,
  "is_lock": false,
  "createAt": {
    "$date": "2025-05-15T16:15:32.930Z"
  },
  "updateAt": {
    "$date": "2025-05-15T16:15:32.930Z"
  },
  "_class": "com.lamnguyen.inventory_service.model.VariantProduct"
},
{
  "_id": "682613251bd0a01c950ad8c1",
  "product_id": "68261324213ef202c0fd20e2",
  "title": "L-Xanh lá",
  "regular_price": 219000,
  "compare_price": 249000,
  "sku": "SKU-68261324213EF202C0FD20E2-SIZE-L-COLOR-XANH LÁ",
  "quantity": 0,
  "options": {
    "SIZE": "L",
    "COLOR": "Xanh lá"
  },
  "product_allow_buy_when_clocked": false,
  "product_exclude_discount": false,
  "product_apply_allowance_inventory": false,
  "pending": 0,
  "product_visibility": true,
  "is_delete": false,
  "is_lock": false,
  "createAt": {
    "$date": "2025-05-15T16:15:33.023Z"
  },
  "updateAt": {
    "$date": "2025-05-15T16:15:33.023Z"
  },
  "_class": "com.lamnguyen.inventory_service.model.VariantProduct"
},
{
  "_id": "682613251bd0a01c950ad8c2",
  "product_id": "68261324213ef202c0fd20e2",
  "title": "XL-Xanh lá",
  "regular_price": 219000,
  "compare_price": 249000,
  "sku": "SKU-68261324213EF202C0FD20E2-SIZE-XL-COLOR-XANH LÁ",
  "quantity": 0,
  "options": {
    "SIZE": "XL",
    "COLOR": "Xanh lá"
  },
  "product_allow_buy_when_clocked": false,
  "product_exclude_discount": false,
  "product_apply_allowance_inventory": false,
  "pending": 0,
  "product_visibility": true,
  "is_delete": false,
  "is_lock": false,
  "createAt": {
    "$date": "2025-05-15T16:15:33.112Z"
  },
  "updateAt": {
    "$date": "2025-05-15T16:15:33.112Z"
  },
  "_class": "com.lamnguyen.inventory_service.model.VariantProduct"
},
{
  "_id": "682613251bd0a01c950ad8c3",
  "product_id": "68261324213ef202c0fd20e2",
  "title": "2XL-Xanh lá",
  "regular_price": 219000,
  "compare_price": 249000,
  "sku": "SKU-68261324213EF202C0FD20E2-SIZE-2XL-COLOR-XANH LÁ",
  "quantity": 0,
  "options": {
    "SIZE": "2XL",
    "COLOR": "Xanh lá"
  },
  "product_allow_buy_when_clocked": false,
  "product_exclude_discount": false,
  "product_apply_allowance_inventory": false,
  "pending": 0,
  "product_visibility": true,
  "is_delete": false,
  "is_lock": false,
  "createAt": {
    "$date": "2025-05-15T16:15:33.204Z"
  },
  "updateAt": {
    "$date": "2025-05-15T16:15:33.204Z"
  },
  "_class": "com.lamnguyen.inventory_service.model.VariantProduct"
},
{
  "_id": "682613251bd0a01c950ad8c4",
  "product_id": "68261324213ef202c0fd20e2",
  "title": "3XL-Xanh lá",
  "regular_price": 219000,
  "compare_price": 249000,
  "sku": "SKU-68261324213EF202C0FD20E2-SIZE-3XL-COLOR-XANH LÁ",
  "quantity": 0,
  "options": {
    "SIZE": "3XL",
    "COLOR": "Xanh lá"
  },
  "product_allow_buy_when_clocked": false,
  "product_exclude_discount": false,
  "product_apply_allowance_inventory": false,
  "pending": 0,
  "product_visibility": true,
  "is_delete": false,
  "is_lock": false,
  "createAt": {
    "$date": "2025-05-15T16:15:33.295Z"
  },
  "updateAt": {
    "$date": "2025-05-15T16:15:33.295Z"
  },
  "_class": "com.lamnguyen.inventory_service.model.VariantProduct"
},
{
  "_id": "682613271bd0a01c950ad8c5",
  "product_id": "68261326213ef202c0fd20e3",
  "title": "S",
  "regular_price": 219000,
  "compare_price": 249000,
  "sku": "SKU-68261326213EF202C0FD20E3-SIZE-S",
  "quantity": 0,
  "options": {
    "SIZE": "S"
  },
  "product_allow_buy_when_clocked": false,
  "product_exclude_discount": false,
  "product_apply_allowance_inventory": false,
  "pending": 0,
  "product_visibility": true,
  "is_delete": false,
  "is_lock": false,
  "createAt": {
    "$date": "2025-05-15T16:15:35.032Z"
  },
  "updateAt": {
    "$date": "2025-05-15T16:15:35.032Z"
  },
  "_class": "com.lamnguyen.inventory_service.model.VariantProduct"
},
{
  "_id": "682613271bd0a01c950ad8c6",
  "product_id": "68261326213ef202c0fd20e3",
  "title": "M",
  "regular_price": 219000,
  "compare_price": 249000,
  "sku": "SKU-68261326213EF202C0FD20E3-SIZE-M",
  "quantity": 0,
  "options": {
    "SIZE": "M"
  },
  "product_allow_buy_when_clocked": false,
  "product_exclude_discount": false,
  "product_apply_allowance_inventory": false,
  "pending": 0,
  "product_visibility": true,
  "is_delete": false,
  "is_lock": false,
  "createAt": {
    "$date": "2025-05-15T16:15:35.092Z"
  },
  "updateAt": {
    "$date": "2025-05-15T16:15:35.092Z"
  },
  "_class": "com.lamnguyen.inventory_service.model.VariantProduct"
},
{
  "_id": "682613271bd0a01c950ad8c7",
  "product_id": "68261326213ef202c0fd20e3",
  "title": "L",
  "regular_price": 219000,
  "compare_price": 249000,
  "sku": "SKU-68261326213EF202C0FD20E3-SIZE-L",
  "quantity": 0,
  "options": {
    "SIZE": "L"
  },
  "product_allow_buy_when_clocked": false,
  "product_exclude_discount": false,
  "product_apply_allowance_inventory": false,
  "pending": 0,
  "product_visibility": true,
  "is_delete": false,
  "is_lock": false,
  "createAt": {
    "$date": "2025-05-15T16:15:35.153Z"
  },
  "updateAt": {
    "$date": "2025-05-15T16:15:35.153Z"
  },
  "_class": "com.lamnguyen.inventory_service.model.VariantProduct"
},
{
  "_id": "682613271bd0a01c950ad8c8",
  "product_id": "68261326213ef202c0fd20e3",
  "title": "XL",
  "regular_price": 219000,
  "compare_price": 249000,
  "sku": "SKU-68261326213EF202C0FD20E3-SIZE-XL",
  "quantity": 0,
  "options": {
    "SIZE": "XL"
  },
  "product_allow_buy_when_clocked": false,
  "product_exclude_discount": false,
  "product_apply_allowance_inventory": false,
  "pending": 0,
  "product_visibility": true,
  "is_delete": false,
  "is_lock": false,
  "createAt": {
    "$date": "2025-05-15T16:15:35.210Z"
  },
  "updateAt": {
    "$date": "2025-05-15T16:15:35.210Z"
  },
  "_class": "com.lamnguyen.inventory_service.model.VariantProduct"
},
{
  "_id": "682613271bd0a01c950ad8c9",
  "product_id": "68261326213ef202c0fd20e3",
  "title": "2XL",
  "regular_price": 219000,
  "compare_price": 249000,
  "sku": "SKU-68261326213EF202C0FD20E3-SIZE-2XL",
  "quantity": 0,
  "options": {
    "SIZE": "2XL"
  },
  "product_allow_buy_when_clocked": false,
  "product_exclude_discount": false,
  "product_apply_allowance_inventory": false,
  "pending": 0,
  "product_visibility": true,
  "is_delete": false,
  "is_lock": false,
  "createAt": {
    "$date": "2025-05-15T16:15:35.271Z"
  },
  "updateAt": {
    "$date": "2025-05-15T16:15:35.271Z"
  },
  "_class": "com.lamnguyen.inventory_service.model.VariantProduct"
},
{
  "_id": "682613271bd0a01c950ad8ca",
  "product_id": "68261326213ef202c0fd20e3",
  "title": "3XL",
  "regular_price": 219000,
  "compare_price": 249000,
  "sku": "SKU-68261326213EF202C0FD20E3-SIZE-3XL",
  "quantity": 0,
  "options": {
    "SIZE": "3XL"
  },
  "product_allow_buy_when_clocked": false,
  "product_exclude_discount": false,
  "product_apply_allowance_inventory": false,
  "pending": 0,
  "product_visibility": true,
  "is_delete": false,
  "is_lock": false,
  "createAt": {
    "$date": "2025-05-15T16:15:35.330Z"
  },
  "updateAt": {
    "$date": "2025-05-15T16:15:35.330Z"
  },
  "_class": "com.lamnguyen.inventory_service.model.VariantProduct"
},
{
  "_id": "6826132e1bd0a01c950ad8cb",
  "product_id": "6826132e213ef202c0fd20e4",
  "title": "39-42-Đen",
  "regular_price": 60000,
  "compare_price": 60000,
  "sku": "SKU-6826132E213EF202C0FD20E4-SIZE-39-42-COLOR-ĐEN",
  "quantity": 0,
  "options": {
    "SIZE": "39-42",
    "COLOR": "Đen"
  },
  "product_allow_buy_when_clocked": false,
  "product_exclude_discount": false,
  "product_apply_allowance_inventory": false,
  "pending": 0,
  "product_visibility": true,
  "is_delete": false,
  "is_lock": false,
  "createAt": {
    "$date": "2025-05-15T16:15:42.667Z"
  },
  "updateAt": {
    "$date": "2025-05-15T16:15:42.667Z"
  },
  "_class": "com.lamnguyen.inventory_service.model.VariantProduct"
},
{
  "_id": "6826132e1bd0a01c950ad8cc",
  "product_id": "6826132e213ef202c0fd20e4",
  "title": "43-46-Đen",
  "regular_price": 60000,
  "compare_price": 60000,
  "sku": "SKU-6826132E213EF202C0FD20E4-SIZE-43-46-COLOR-ĐEN",
  "quantity": 0,
  "options": {
    "SIZE": "43-46",
    "COLOR": "Đen"
  },
  "product_allow_buy_when_clocked": false,
  "product_exclude_discount": false,
  "product_apply_allowance_inventory": false,
  "pending": 0,
  "product_visibility": true,
  "is_delete": false,
  "is_lock": false,
  "createAt": {
    "$date": "2025-05-15T16:15:42.815Z"
  },
  "updateAt": {
    "$date": "2025-05-15T16:15:42.815Z"
  },
  "_class": "com.lamnguyen.inventory_service.model.VariantProduct"
},
{
  "_id": "6826132e1bd0a01c950ad8cd",
  "product_id": "6826132e213ef202c0fd20e4",
  "title": "39-42-Xanh Navy",
  "regular_price": 60000,
  "compare_price": 60000,
  "sku": "SKU-6826132E213EF202C0FD20E4-SIZE-39-42-COLOR-XANH NAVY",
  "quantity": 0,
  "options": {
    "SIZE": "39-42",
    "COLOR": "Xanh Navy"
  },
  "product_allow_buy_when_clocked": false,
  "product_exclude_discount": false,
  "product_apply_allowance_inventory": false,
  "pending": 0,
  "product_visibility": true,
  "is_delete": false,
  "is_lock": false,
  "createAt": {
    "$date": "2025-05-15T16:15:42.875Z"
  },
  "updateAt": {
    "$date": "2025-05-15T16:15:42.875Z"
  },
  "_class": "com.lamnguyen.inventory_service.model.VariantProduct"
},
{
  "_id": "6826132e1bd0a01c950ad8ce",
  "product_id": "6826132e213ef202c0fd20e4",
  "title": "43-46-Xanh Navy",
  "regular_price": 60000,
  "compare_price": 60000,
  "sku": "SKU-6826132E213EF202C0FD20E4-SIZE-43-46-COLOR-XANH NAVY",
  "quantity": 0,
  "options": {
    "SIZE": "43-46",
    "COLOR": "Xanh Navy"
  },
  "product_allow_buy_when_clocked": false,
  "product_exclude_discount": false,
  "product_apply_allowance_inventory": false,
  "pending": 0,
  "product_visibility": true,
  "is_delete": false,
  "is_lock": false,
  "createAt": {
    "$date": "2025-05-15T16:15:42.937Z"
  },
  "updateAt": {
    "$date": "2025-05-15T16:15:42.937Z"
  },
  "_class": "com.lamnguyen.inventory_service.model.VariantProduct"
},
{
  "_id": "6826132f1bd0a01c950ad8cf",
  "product_id": "6826132e213ef202c0fd20e4",
  "title": "39-42-Trắng",
  "regular_price": 60000,
  "compare_price": 60000,
  "sku": "SKU-6826132E213EF202C0FD20E4-SIZE-39-42-COLOR-TRẮNG",
  "quantity": 0,
  "options": {
    "SIZE": "39-42",
    "COLOR": "Trắng"
  },
  "product_allow_buy_when_clocked": false,
  "product_exclude_discount": false,
  "product_apply_allowance_inventory": false,
  "pending": 0,
  "product_visibility": true,
  "is_delete": false,
  "is_lock": false,
  "createAt": {
    "$date": "2025-05-15T16:15:43.012Z"
  },
  "updateAt": {
    "$date": "2025-05-15T16:15:43.012Z"
  },
  "_class": "com.lamnguyen.inventory_service.model.VariantProduct"
},
{
  "_id": "6826132f1bd0a01c950ad8d0",
  "product_id": "6826132e213ef202c0fd20e4",
  "title": "43-46-Trắng",
  "regular_price": 60000,
  "compare_price": 60000,
  "sku": "SKU-6826132E213EF202C0FD20E4-SIZE-43-46-COLOR-TRẮNG",
  "quantity": 0,
  "options": {
    "SIZE": "43-46",
    "COLOR": "Trắng"
  },
  "product_allow_buy_when_clocked": false,
  "product_exclude_discount": false,
  "product_apply_allowance_inventory": false,
  "pending": 0,
  "product_visibility": true,
  "is_delete": false,
  "is_lock": false,
  "createAt": {
    "$date": "2025-05-15T16:15:43.068Z"
  },
  "updateAt": {
    "$date": "2025-05-15T16:15:43.068Z"
  },
  "_class": "com.lamnguyen.inventory_service.model.VariantProduct"
},
{
  "_id": "6826133b1bd0a01c950ad8d1",
  "product_id": "6826133b213ef202c0fd20e5",
  "title": "M-Đen",
  "regular_price": 169000,
  "compare_price": 198000,
  "sku": "SKU-6826133B213EF202C0FD20E5-SIZE-M-COLOR-ĐEN",
  "quantity": 0,
  "options": {
    "SIZE": "M",
    "COLOR": "Đen"
  },
  "product_allow_buy_when_clocked": false,
  "product_exclude_discount": false,
  "product_apply_allowance_inventory": false,
  "pending": 0,
  "product_visibility": true,
  "is_delete": false,
  "is_lock": false,
  "createAt": {
    "$date": "2025-05-15T16:15:55.473Z"
  },
  "updateAt": {
    "$date": "2025-05-15T16:15:55.473Z"
  },
  "_class": "com.lamnguyen.inventory_service.model.VariantProduct"
},
{
  "_id": "6826133b1bd0a01c950ad8d2",
  "product_id": "6826133b213ef202c0fd20e5",
  "title": "L-Đen",
  "regular_price": 169000,
  "compare_price": 198000,
  "sku": "SKU-6826133B213EF202C0FD20E5-SIZE-L-COLOR-ĐEN",
  "quantity": 0,
  "options": {
    "SIZE": "L",
    "COLOR": "Đen"
  },
  "product_allow_buy_when_clocked": false,
  "product_exclude_discount": false,
  "product_apply_allowance_inventory": false,
  "pending": 0,
  "product_visibility": true,
  "is_delete": false,
  "is_lock": false,
  "createAt": {
    "$date": "2025-05-15T16:15:55.537Z"
  },
  "updateAt": {
    "$date": "2025-05-15T16:15:55.537Z"
  },
  "_class": "com.lamnguyen.inventory_service.model.VariantProduct"
},
{
  "_id": "6826133b1bd0a01c950ad8d3",
  "product_id": "6826133b213ef202c0fd20e5",
  "title": "XL-Đen",
  "regular_price": 169000,
  "compare_price": 198000,
  "sku": "SKU-6826133B213EF202C0FD20E5-SIZE-XL-COLOR-ĐEN",
  "quantity": 0,
  "options": {
    "SIZE": "XL",
    "COLOR": "Đen"
  },
  "product_allow_buy_when_clocked": false,
  "product_exclude_discount": false,
  "product_apply_allowance_inventory": false,
  "pending": 0,
  "product_visibility": true,
  "is_delete": false,
  "is_lock": false,
  "createAt": {
    "$date": "2025-05-15T16:15:55.609Z"
  },
  "updateAt": {
    "$date": "2025-05-15T16:15:55.609Z"
  },
  "_class": "com.lamnguyen.inventory_service.model.VariantProduct"
},
{
  "_id": "6826133b1bd0a01c950ad8d4",
  "product_id": "6826133b213ef202c0fd20e5",
  "title": "2XL-Đen",
  "regular_price": 169000,
  "compare_price": 198000,
  "sku": "SKU-6826133B213EF202C0FD20E5-SIZE-2XL-COLOR-ĐEN",
  "quantity": 0,
  "options": {
    "SIZE": "2XL",
    "COLOR": "Đen"
  },
  "product_allow_buy_when_clocked": false,
  "product_exclude_discount": false,
  "product_apply_allowance_inventory": false,
  "pending": 0,
  "product_visibility": true,
  "is_delete": false,
  "is_lock": false,
  "createAt": {
    "$date": "2025-05-15T16:15:55.680Z"
  },
  "updateAt": {
    "$date": "2025-05-15T16:15:55.680Z"
  },
  "_class": "com.lamnguyen.inventory_service.model.VariantProduct"
},
{
  "_id": "6826133b1bd0a01c950ad8d5",
  "product_id": "6826133b213ef202c0fd20e5",
  "title": "3XL-Đen",
  "regular_price": 169000,
  "compare_price": 198000,
  "sku": "SKU-6826133B213EF202C0FD20E5-SIZE-3XL-COLOR-ĐEN",
  "quantity": 0,
  "options": {
    "SIZE": "3XL",
    "COLOR": "Đen"
  },
  "product_allow_buy_when_clocked": false,
  "product_exclude_discount": false,
  "product_apply_allowance_inventory": false,
  "pending": 0,
  "product_visibility": true,
  "is_delete": false,
  "is_lock": false,
  "createAt": {
    "$date": "2025-05-15T16:15:55.783Z"
  },
  "updateAt": {
    "$date": "2025-05-15T16:15:55.783Z"
  },
  "_class": "com.lamnguyen.inventory_service.model.VariantProduct"
},
{
  "_id": "6826133b1bd0a01c950ad8d6",
  "product_id": "6826133b213ef202c0fd20e5",
  "title": "M-Be",
  "regular_price": 169000,
  "compare_price": 198000,
  "sku": "SKU-6826133B213EF202C0FD20E5-SIZE-M-COLOR-BE",
  "quantity": 0,
  "options": {
    "SIZE": "M",
    "COLOR": "Be"
  },
  "product_allow_buy_when_clocked": false,
  "product_exclude_discount": false,
  "product_apply_allowance_inventory": false,
  "pending": 0,
  "product_visibility": true,
  "is_delete": false,
  "is_lock": false,
  "createAt": {
    "$date": "2025-05-15T16:15:55.873Z"
  },
  "updateAt": {
    "$date": "2025-05-15T16:15:55.873Z"
  },
  "_class": "com.lamnguyen.inventory_service.model.VariantProduct"
},
{
  "_id": "6826133b1bd0a01c950ad8d7",
  "product_id": "6826133b213ef202c0fd20e5",
  "title": "L-Be",
  "regular_price": 169000,
  "compare_price": 198000,
  "sku": "SKU-6826133B213EF202C0FD20E5-SIZE-L-COLOR-BE",
  "quantity": 0,
  "options": {
    "SIZE": "L",
    "COLOR": "Be"
  },
  "product_allow_buy_when_clocked": false,
  "product_exclude_discount": false,
  "product_apply_allowance_inventory": false,
  "pending": 0,
  "product_visibility": true,
  "is_delete": false,
  "is_lock": false,
  "createAt": {
    "$date": "2025-05-15T16:15:55.944Z"
  },
  "updateAt": {
    "$date": "2025-05-15T16:15:55.944Z"
  },
  "_class": "com.lamnguyen.inventory_service.model.VariantProduct"
},
{
  "_id": "6826133c1bd0a01c950ad8d8",
  "product_id": "6826133b213ef202c0fd20e5",
  "title": "XL-Be",
  "regular_price": 169000,
  "compare_price": 198000,
  "sku": "SKU-6826133B213EF202C0FD20E5-SIZE-XL-COLOR-BE",
  "quantity": 0,
  "options": {
    "SIZE": "XL",
    "COLOR": "Be"
  },
  "product_allow_buy_when_clocked": false,
  "product_exclude_discount": false,
  "product_apply_allowance_inventory": false,
  "pending": 0,
  "product_visibility": true,
  "is_delete": false,
  "is_lock": false,
  "createAt": {
    "$date": "2025-05-15T16:15:56.290Z"
  },
  "updateAt": {
    "$date": "2025-05-15T16:15:56.290Z"
  },
  "_class": "com.lamnguyen.inventory_service.model.VariantProduct"
},
{
  "_id": "6826133c1bd0a01c950ad8d9",
  "product_id": "6826133b213ef202c0fd20e5",
  "title": "2XL-Be",
  "regular_price": 169000,
  "compare_price": 198000,
  "sku": "SKU-6826133B213EF202C0FD20E5-SIZE-2XL-COLOR-BE",
  "quantity": 0,
  "options": {
    "SIZE": "2XL",
    "COLOR": "Be"
  },
  "product_allow_buy_when_clocked": false,
  "product_exclude_discount": false,
  "product_apply_allowance_inventory": false,
  "pending": 0,
  "product_visibility": true,
  "is_delete": false,
  "is_lock": false,
  "createAt": {
    "$date": "2025-05-15T16:15:56.395Z"
  },
  "updateAt": {
    "$date": "2025-05-15T16:15:56.395Z"
  },
  "_class": "com.lamnguyen.inventory_service.model.VariantProduct"
},
{
  "_id": "6826133c1bd0a01c950ad8da",
  "product_id": "6826133b213ef202c0fd20e5",
  "title": "3XL-Be",
  "regular_price": 169000,
  "compare_price": 198000,
  "sku": "SKU-6826133B213EF202C0FD20E5-SIZE-3XL-COLOR-BE",
  "quantity": 0,
  "options": {
    "SIZE": "3XL",
    "COLOR": "Be"
  },
  "product_allow_buy_when_clocked": false,
  "product_exclude_discount": false,
  "product_apply_allowance_inventory": false,
  "pending": 0,
  "product_visibility": true,
  "is_delete": false,
  "is_lock": false,
  "createAt": {
    "$date": "2025-05-15T16:15:56.454Z"
  },
  "updateAt": {
    "$date": "2025-05-15T16:15:56.454Z"
  },
  "_class": "com.lamnguyen.inventory_service.model.VariantProduct"
},
{
  "_id": "6826133c1bd0a01c950ad8db",
  "product_id": "6826133b213ef202c0fd20e5",
  "title": "M-Xám đen",
  "regular_price": 169000,
  "compare_price": 198000,
  "sku": "SKU-6826133B213EF202C0FD20E5-SIZE-M-COLOR-XÁM ĐEN",
  "quantity": 0,
  "options": {
    "SIZE": "M",
    "COLOR": "Xám đen"
  },
  "product_allow_buy_when_clocked": false,
  "product_exclude_discount": false,
  "product_apply_allowance_inventory": false,
  "pending": 0,
  "product_visibility": true,
  "is_delete": false,
  "is_lock": false,
  "createAt": {
    "$date": "2025-05-15T16:15:56.525Z"
  },
  "updateAt": {
    "$date": "2025-05-15T16:15:56.525Z"
  },
  "_class": "com.lamnguyen.inventory_service.model.VariantProduct"
},
{
  "_id": "6826133c1bd0a01c950ad8dc",
  "product_id": "6826133b213ef202c0fd20e5",
  "title": "L-Xám đen",
  "regular_price": 169000,
  "compare_price": 198000,
  "sku": "SKU-6826133B213EF202C0FD20E5-SIZE-L-COLOR-XÁM ĐEN",
  "quantity": 0,
  "options": {
    "SIZE": "L",
    "COLOR": "Xám đen"
  },
  "product_allow_buy_when_clocked": false,
  "product_exclude_discount": false,
  "product_apply_allowance_inventory": false,
  "pending": 0,
  "product_visibility": true,
  "is_delete": false,
  "is_lock": false,
  "createAt": {
    "$date": "2025-05-15T16:15:56.612Z"
  },
  "updateAt": {
    "$date": "2025-05-15T16:15:56.612Z"
  },
  "_class": "com.lamnguyen.inventory_service.model.VariantProduct"
},
{
  "_id": "6826133c1bd0a01c950ad8dd",
  "product_id": "6826133b213ef202c0fd20e5",
  "title": "XL-Xám đen",
  "regular_price": 169000,
  "compare_price": 198000,
  "sku": "SKU-6826133B213EF202C0FD20E5-SIZE-XL-COLOR-XÁM ĐEN",
  "quantity": 0,
  "options": {
    "SIZE": "XL",
    "COLOR": "Xám đen"
  },
  "product_allow_buy_when_clocked": false,
  "product_exclude_discount": false,
  "product_apply_allowance_inventory": false,
  "pending": 0,
  "product_visibility": true,
  "is_delete": false,
  "is_lock": false,
  "createAt": {
    "$date": "2025-05-15T16:15:56.838Z"
  },
  "updateAt": {
    "$date": "2025-05-15T16:15:56.838Z"
  },
  "_class": "com.lamnguyen.inventory_service.model.VariantProduct"
},
{
  "_id": "6826133c1bd0a01c950ad8de",
  "product_id": "6826133b213ef202c0fd20e5",
  "title": "2XL-Xám đen",
  "regular_price": 169000,
  "compare_price": 198000,
  "sku": "SKU-6826133B213EF202C0FD20E5-SIZE-2XL-COLOR-XÁM ĐEN",
  "quantity": 0,
  "options": {
    "SIZE": "2XL",
    "COLOR": "Xám đen"
  },
  "product_allow_buy_when_clocked": false,
  "product_exclude_discount": false,
  "product_apply_allowance_inventory": false,
  "pending": 0,
  "product_visibility": true,
  "is_delete": false,
  "is_lock": false,
  "createAt": {
    "$date": "2025-05-15T16:15:56.911Z"
  },
  "updateAt": {
    "$date": "2025-05-15T16:15:56.911Z"
  },
  "_class": "com.lamnguyen.inventory_service.model.VariantProduct"
},
{
  "_id": "6826133d1bd0a01c950ad8df",
  "product_id": "6826133b213ef202c0fd20e5",
  "title": "3XL-Xám đen",
  "regular_price": 169000,
  "compare_price": 198000,
  "sku": "SKU-6826133B213EF202C0FD20E5-SIZE-3XL-COLOR-XÁM ĐEN",
  "quantity": 0,
  "options": {
    "SIZE": "3XL",
    "COLOR": "Xám đen"
  },
  "product_allow_buy_when_clocked": false,
  "product_exclude_discount": false,
  "product_apply_allowance_inventory": false,
  "pending": 0,
  "product_visibility": true,
  "is_delete": false,
  "is_lock": false,
  "createAt": {
    "$date": "2025-05-15T16:15:57.282Z"
  },
  "updateAt": {
    "$date": "2025-05-15T16:15:57.282Z"
  },
  "_class": "com.lamnguyen.inventory_service.model.VariantProduct"
},
{
  "_id": "6826133d1bd0a01c950ad8e0",
  "product_id": "6826133b213ef202c0fd20e5",
  "title": "M-Xanh Navy",
  "regular_price": 169000,
  "compare_price": 198000,
  "sku": "SKU-6826133B213EF202C0FD20E5-SIZE-M-COLOR-XANH NAVY",
  "quantity": 0,
  "options": {
    "SIZE": "M",
    "COLOR": "Xanh Navy"
  },
  "product_allow_buy_when_clocked": false,
  "product_exclude_discount": false,
  "product_apply_allowance_inventory": false,
  "pending": 0,
  "product_visibility": true,
  "is_delete": false,
  "is_lock": false,
  "createAt": {
    "$date": "2025-05-15T16:15:57.370Z"
  },
  "updateAt": {
    "$date": "2025-05-15T16:15:57.370Z"
  },
  "_class": "com.lamnguyen.inventory_service.model.VariantProduct"
},
{
  "_id": "6826133d1bd0a01c950ad8e1",
  "product_id": "6826133b213ef202c0fd20e5",
  "title": "L-Xanh Navy",
  "regular_price": 169000,
  "compare_price": 198000,
  "sku": "SKU-6826133B213EF202C0FD20E5-SIZE-L-COLOR-XANH NAVY",
  "quantity": 0,
  "options": {
    "SIZE": "L",
    "COLOR": "Xanh Navy"
  },
  "product_allow_buy_when_clocked": false,
  "product_exclude_discount": false,
  "product_apply_allowance_inventory": false,
  "pending": 0,
  "product_visibility": true,
  "is_delete": false,
  "is_lock": false,
  "createAt": {
    "$date": "2025-05-15T16:15:57.749Z"
  },
  "updateAt": {
    "$date": "2025-05-15T16:15:57.749Z"
  },
  "_class": "com.lamnguyen.inventory_service.model.VariantProduct"
},
{
  "_id": "6826133d1bd0a01c950ad8e2",
  "product_id": "6826133b213ef202c0fd20e5",
  "title": "XL-Xanh Navy",
  "regular_price": 169000,
  "compare_price": 198000,
  "sku": "SKU-6826133B213EF202C0FD20E5-SIZE-XL-COLOR-XANH NAVY",
  "quantity": 0,
  "options": {
    "SIZE": "XL",
    "COLOR": "Xanh Navy"
  },
  "product_allow_buy_when_clocked": false,
  "product_exclude_discount": false,
  "product_apply_allowance_inventory": false,
  "pending": 0,
  "product_visibility": true,
  "is_delete": false,
  "is_lock": false,
  "createAt": {
    "$date": "2025-05-15T16:15:57.813Z"
  },
  "updateAt": {
    "$date": "2025-05-15T16:15:57.813Z"
  },
  "_class": "com.lamnguyen.inventory_service.model.VariantProduct"
},
{
  "_id": "6826133d1bd0a01c950ad8e3",
  "product_id": "6826133b213ef202c0fd20e5",
  "title": "2XL-Xanh Navy",
  "regular_price": 169000,
  "compare_price": 198000,
  "sku": "SKU-6826133B213EF202C0FD20E5-SIZE-2XL-COLOR-XANH NAVY",
  "quantity": 0,
  "options": {
    "SIZE": "2XL",
    "COLOR": "Xanh Navy"
  },
  "product_allow_buy_when_clocked": false,
  "product_exclude_discount": false,
  "product_apply_allowance_inventory": false,
  "pending": 0,
  "product_visibility": true,
  "is_delete": false,
  "is_lock": false,
  "createAt": {
    "$date": "2025-05-15T16:15:57.881Z"
  },
  "updateAt": {
    "$date": "2025-05-15T16:15:57.881Z"
  },
  "_class": "com.lamnguyen.inventory_service.model.VariantProduct"
},
{
  "_id": "6826133d1bd0a01c950ad8e4",
  "product_id": "6826133b213ef202c0fd20e5",
  "title": "3XL-Xanh Navy",
  "regular_price": 169000,
  "compare_price": 198000,
  "sku": "SKU-6826133B213EF202C0FD20E5-SIZE-3XL-COLOR-XANH NAVY",
  "quantity": 0,
  "options": {
    "SIZE": "3XL",
    "COLOR": "Xanh Navy"
  },
  "product_allow_buy_when_clocked": false,
  "product_exclude_discount": false,
  "product_apply_allowance_inventory": false,
  "pending": 0,
  "product_visibility": true,
  "is_delete": false,
  "is_lock": false,
  "createAt": {
    "$date": "2025-05-15T16:15:57.955Z"
  },
  "updateAt": {
    "$date": "2025-05-15T16:15:57.955Z"
  },
  "_class": "com.lamnguyen.inventory_service.model.VariantProduct"
},
{
  "_id": "6826133e1bd0a01c950ad8e5",
  "product_id": "6826133b213ef202c0fd20e5",
  "title": "M-Nâu",
  "regular_price": 169000,
  "compare_price": 198000,
  "sku": "SKU-6826133B213EF202C0FD20E5-SIZE-M-COLOR-NÂU",
  "quantity": 0,
  "options": {
    "SIZE": "M",
    "COLOR": "Nâu"
  },
  "product_allow_buy_when_clocked": false,
  "product_exclude_discount": false,
  "product_apply_allowance_inventory": false,
  "pending": 0,
  "product_visibility": true,
  "is_delete": false,
  "is_lock": false,
  "createAt": {
    "$date": "2025-05-15T16:15:58.082Z"
  },
  "updateAt": {
    "$date": "2025-05-15T16:15:58.082Z"
  },
  "_class": "com.lamnguyen.inventory_service.model.VariantProduct"
},
{
  "_id": "6826133e1bd0a01c950ad8e6",
  "product_id": "6826133b213ef202c0fd20e5",
  "title": "L-Nâu",
  "regular_price": 169000,
  "compare_price": 198000,
  "sku": "SKU-6826133B213EF202C0FD20E5-SIZE-L-COLOR-NÂU",
  "quantity": 0,
  "options": {
    "SIZE": "L",
    "COLOR": "Nâu"
  },
  "product_allow_buy_when_clocked": false,
  "product_exclude_discount": false,
  "product_apply_allowance_inventory": false,
  "pending": 0,
  "product_visibility": true,
  "is_delete": false,
  "is_lock": false,
  "createAt": {
    "$date": "2025-05-15T16:15:58.275Z"
  },
  "updateAt": {
    "$date": "2025-05-15T16:15:58.275Z"
  },
  "_class": "com.lamnguyen.inventory_service.model.VariantProduct"
},
{
  "_id": "6826133e1bd0a01c950ad8e7",
  "product_id": "6826133b213ef202c0fd20e5",
  "title": "XL-Nâu",
  "regular_price": 169000,
  "compare_price": 198000,
  "sku": "SKU-6826133B213EF202C0FD20E5-SIZE-XL-COLOR-NÂU",
  "quantity": 0,
  "options": {
    "SIZE": "XL",
    "COLOR": "Nâu"
  },
  "product_allow_buy_when_clocked": false,
  "product_exclude_discount": false,
  "product_apply_allowance_inventory": false,
  "pending": 0,
  "product_visibility": true,
  "is_delete": false,
  "is_lock": false,
  "createAt": {
    "$date": "2025-05-15T16:15:58.336Z"
  },
  "updateAt": {
    "$date": "2025-05-15T16:15:58.336Z"
  },
  "_class": "com.lamnguyen.inventory_service.model.VariantProduct"
},
{
  "_id": "6826133e1bd0a01c950ad8e8",
  "product_id": "6826133b213ef202c0fd20e5",
  "title": "2XL-Nâu",
  "regular_price": 169000,
  "compare_price": 198000,
  "sku": "SKU-6826133B213EF202C0FD20E5-SIZE-2XL-COLOR-NÂU",
  "quantity": 0,
  "options": {
    "SIZE": "2XL",
    "COLOR": "Nâu"
  },
  "product_allow_buy_when_clocked": false,
  "product_exclude_discount": false,
  "product_apply_allowance_inventory": false,
  "pending": 0,
  "product_visibility": true,
  "is_delete": false,
  "is_lock": false,
  "createAt": {
    "$date": "2025-05-15T16:15:58.410Z"
  },
  "updateAt": {
    "$date": "2025-05-15T16:15:58.410Z"
  },
  "_class": "com.lamnguyen.inventory_service.model.VariantProduct"
},
{
  "_id": "6826133e1bd0a01c950ad8e9",
  "product_id": "6826133b213ef202c0fd20e5",
  "title": "3XL-Nâu",
  "regular_price": 169000,
  "compare_price": 198000,
  "sku": "SKU-6826133B213EF202C0FD20E5-SIZE-3XL-COLOR-NÂU",
  "quantity": 0,
  "options": {
    "SIZE": "3XL",
    "COLOR": "Nâu"
  },
  "product_allow_buy_when_clocked": false,
  "product_exclude_discount": false,
  "product_apply_allowance_inventory": false,
  "pending": 0,
  "product_visibility": true,
  "is_delete": false,
  "is_lock": false,
  "createAt": {
    "$date": "2025-05-15T16:15:58.654Z"
  },
  "updateAt": {
    "$date": "2025-05-15T16:15:58.654Z"
  },
  "_class": "com.lamnguyen.inventory_service.model.VariantProduct"
},
{
  "_id": "682613441bd0a01c950ad8ea",
  "product_id": "68261344213ef202c0fd20e6",
  "title": "S-Đen",
  "regular_price": 169000,
  "compare_price": 189000,
  "sku": "SKU-68261344213EF202C0FD20E6-SIZE-S-COLOR-ĐEN",
  "quantity": 0,
  "options": {
    "SIZE": "S",
    "COLOR": "Đen"
  },
  "product_allow_buy_when_clocked": false,
  "product_exclude_discount": false,
  "product_apply_allowance_inventory": false,
  "pending": 0,
  "product_visibility": true,
  "is_delete": false,
  "is_lock": false,
  "createAt": {
    "$date": "2025-05-15T16:16:04.516Z"
  },
  "updateAt": {
    "$date": "2025-05-15T16:16:04.516Z"
  },
  "_class": "com.lamnguyen.inventory_service.model.VariantProduct"
},
{
  "_id": "682613441bd0a01c950ad8eb",
  "product_id": "68261344213ef202c0fd20e6",
  "title": "M-Đen",
  "regular_price": 169000,
  "compare_price": 189000,
  "sku": "SKU-68261344213EF202C0FD20E6-SIZE-M-COLOR-ĐEN",
  "quantity": 0,
  "options": {
    "SIZE": "M",
    "COLOR": "Đen"
  },
  "product_allow_buy_when_clocked": false,
  "product_exclude_discount": false,
  "product_apply_allowance_inventory": false,
  "pending": 0,
  "product_visibility": true,
  "is_delete": false,
  "is_lock": false,
  "createAt": {
    "$date": "2025-05-15T16:16:04.623Z"
  },
  "updateAt": {
    "$date": "2025-05-15T16:16:04.623Z"
  },
  "_class": "com.lamnguyen.inventory_service.model.VariantProduct"
},
{
  "_id": "682613441bd0a01c950ad8ec",
  "product_id": "68261344213ef202c0fd20e6",
  "title": "L-Đen",
  "regular_price": 169000,
  "compare_price": 189000,
  "sku": "SKU-68261344213EF202C0FD20E6-SIZE-L-COLOR-ĐEN",
  "quantity": 0,
  "options": {
    "SIZE": "L",
    "COLOR": "Đen"
  },
  "product_allow_buy_when_clocked": false,
  "product_exclude_discount": false,
  "product_apply_allowance_inventory": false,
  "pending": 0,
  "product_visibility": true,
  "is_delete": false,
  "is_lock": false,
  "createAt": {
    "$date": "2025-05-15T16:16:04.693Z"
  },
  "updateAt": {
    "$date": "2025-05-15T16:16:04.693Z"
  },
  "_class": "com.lamnguyen.inventory_service.model.VariantProduct"
},
{
  "_id": "682613441bd0a01c950ad8ed",
  "product_id": "68261344213ef202c0fd20e6",
  "title": "XL-Đen",
  "regular_price": 169000,
  "compare_price": 189000,
  "sku": "SKU-68261344213EF202C0FD20E6-SIZE-XL-COLOR-ĐEN",
  "quantity": 0,
  "options": {
    "SIZE": "XL",
    "COLOR": "Đen"
  },
  "product_allow_buy_when_clocked": false,
  "product_exclude_discount": false,
  "product_apply_allowance_inventory": false,
  "pending": 0,
  "product_visibility": true,
  "is_delete": false,
  "is_lock": false,
  "createAt": {
    "$date": "2025-05-15T16:16:04.748Z"
  },
  "updateAt": {
    "$date": "2025-05-15T16:16:04.748Z"
  },
  "_class": "com.lamnguyen.inventory_service.model.VariantProduct"
},
{
  "_id": "682613441bd0a01c950ad8ee",
  "product_id": "68261344213ef202c0fd20e6",
  "title": "2XL-Đen",
  "regular_price": 169000,
  "compare_price": 189000,
  "sku": "SKU-68261344213EF202C0FD20E6-SIZE-2XL-COLOR-ĐEN",
  "quantity": 0,
  "options": {
    "SIZE": "2XL",
    "COLOR": "Đen"
  },
  "product_allow_buy_when_clocked": false,
  "product_exclude_discount": false,
  "product_apply_allowance_inventory": false,
  "pending": 0,
  "product_visibility": true,
  "is_delete": false,
  "is_lock": false,
  "createAt": {
    "$date": "2025-05-15T16:16:04.806Z"
  },
  "updateAt": {
    "$date": "2025-05-15T16:16:04.806Z"
  },
  "_class": "com.lamnguyen.inventory_service.model.VariantProduct"
},
{
  "_id": "682613441bd0a01c950ad8ef",
  "product_id": "68261344213ef202c0fd20e6",
  "title": "3XL-Đen",
  "regular_price": 169000,
  "compare_price": 189000,
  "sku": "SKU-68261344213EF202C0FD20E6-SIZE-3XL-COLOR-ĐEN",
  "quantity": 0,
  "options": {
    "SIZE": "3XL",
    "COLOR": "Đen"
  },
  "product_allow_buy_when_clocked": false,
  "product_exclude_discount": false,
  "product_apply_allowance_inventory": false,
  "pending": 0,
  "product_visibility": true,
  "is_delete": false,
  "is_lock": false,
  "createAt": {
    "$date": "2025-05-15T16:16:04.868Z"
  },
  "updateAt": {
    "$date": "2025-05-15T16:16:04.868Z"
  },
  "_class": "com.lamnguyen.inventory_service.model.VariantProduct"
},
{
  "_id": "682613441bd0a01c950ad8f0",
  "product_id": "68261344213ef202c0fd20e6",
  "title": "S-Xanh Navy",
  "regular_price": 169000,
  "compare_price": 189000,
  "sku": "SKU-68261344213EF202C0FD20E6-SIZE-S-COLOR-XANH NAVY",
  "quantity": 0,
  "options": {
    "SIZE": "S",
    "COLOR": "Xanh Navy"
  },
  "product_allow_buy_when_clocked": false,
  "product_exclude_discount": false,
  "product_apply_allowance_inventory": false,
  "pending": 0,
  "product_visibility": true,
  "is_delete": false,
  "is_lock": false,
  "createAt": {
    "$date": "2025-05-15T16:16:04.924Z"
  },
  "updateAt": {
    "$date": "2025-05-15T16:16:04.924Z"
  },
  "_class": "com.lamnguyen.inventory_service.model.VariantProduct"
},
{
  "_id": "682613441bd0a01c950ad8f1",
  "product_id": "68261344213ef202c0fd20e6",
  "title": "M-Xanh Navy",
  "regular_price": 169000,
  "compare_price": 189000,
  "sku": "SKU-68261344213EF202C0FD20E6-SIZE-M-COLOR-XANH NAVY",
  "quantity": 0,
  "options": {
    "SIZE": "M",
    "COLOR": "Xanh Navy"
  },
  "product_allow_buy_when_clocked": false,
  "product_exclude_discount": false,
  "product_apply_allowance_inventory": false,
  "pending": 0,
  "product_visibility": true,
  "is_delete": false,
  "is_lock": false,
  "createAt": {
    "$date": "2025-05-15T16:16:04.981Z"
  },
  "updateAt": {
    "$date": "2025-05-15T16:16:04.981Z"
  },
  "_class": "com.lamnguyen.inventory_service.model.VariantProduct"
},
{
  "_id": "682613451bd0a01c950ad8f2",
  "product_id": "68261344213ef202c0fd20e6",
  "title": "L-Xanh Navy",
  "regular_price": 169000,
  "compare_price": 189000,
  "sku": "SKU-68261344213EF202C0FD20E6-SIZE-L-COLOR-XANH NAVY",
  "quantity": 0,
  "options": {
    "SIZE": "L",
    "COLOR": "Xanh Navy"
  },
  "product_allow_buy_when_clocked": false,
  "product_exclude_discount": false,
  "product_apply_allowance_inventory": false,
  "pending": 0,
  "product_visibility": true,
  "is_delete": false,
  "is_lock": false,
  "createAt": {
    "$date": "2025-05-15T16:16:05.041Z"
  },
  "updateAt": {
    "$date": "2025-05-15T16:16:05.041Z"
  },
  "_class": "com.lamnguyen.inventory_service.model.VariantProduct"
},
{
  "_id": "682613451bd0a01c950ad8f3",
  "product_id": "68261344213ef202c0fd20e6",
  "title": "XL-Xanh Navy",
  "regular_price": 169000,
  "compare_price": 189000,
  "sku": "SKU-68261344213EF202C0FD20E6-SIZE-XL-COLOR-XANH NAVY",
  "quantity": 0,
  "options": {
    "SIZE": "XL",
    "COLOR": "Xanh Navy"
  },
  "product_allow_buy_when_clocked": false,
  "product_exclude_discount": false,
  "product_apply_allowance_inventory": false,
  "pending": 0,
  "product_visibility": true,
  "is_delete": false,
  "is_lock": false,
  "createAt": {
    "$date": "2025-05-15T16:16:05.099Z"
  },
  "updateAt": {
    "$date": "2025-05-15T16:16:05.099Z"
  },
  "_class": "com.lamnguyen.inventory_service.model.VariantProduct"
},
{
  "_id": "682613451bd0a01c950ad8f4",
  "product_id": "68261344213ef202c0fd20e6",
  "title": "2XL-Xanh Navy",
  "regular_price": 169000,
  "compare_price": 189000,
  "sku": "SKU-68261344213EF202C0FD20E6-SIZE-2XL-COLOR-XANH NAVY",
  "quantity": 0,
  "options": {
    "SIZE": "2XL",
    "COLOR": "Xanh Navy"
  },
  "product_allow_buy_when_clocked": false,
  "product_exclude_discount": false,
  "product_apply_allowance_inventory": false,
  "pending": 0,
  "product_visibility": true,
  "is_delete": false,
  "is_lock": false,
  "createAt": {
    "$date": "2025-05-15T16:16:05.194Z"
  },
  "updateAt": {
    "$date": "2025-05-15T16:16:05.194Z"
  },
  "_class": "com.lamnguyen.inventory_service.model.VariantProduct"
},
{
  "_id": "682613451bd0a01c950ad8f5",
  "product_id": "68261344213ef202c0fd20e6",
  "title": "3XL-Xanh Navy",
  "regular_price": 169000,
  "compare_price": 189000,
  "sku": "SKU-68261344213EF202C0FD20E6-SIZE-3XL-COLOR-XANH NAVY",
  "quantity": 0,
  "options": {
    "SIZE": "3XL",
    "COLOR": "Xanh Navy"
  },
  "product_allow_buy_when_clocked": false,
  "product_exclude_discount": false,
  "product_apply_allowance_inventory": false,
  "pending": 0,
  "product_visibility": true,
  "is_delete": false,
  "is_lock": false,
  "createAt": {
    "$date": "2025-05-15T16:16:05.249Z"
  },
  "updateAt": {
    "$date": "2025-05-15T16:16:05.249Z"
  },
  "_class": "com.lamnguyen.inventory_service.model.VariantProduct"
},
{
  "_id": "682613451bd0a01c950ad8f6",
  "product_id": "68261344213ef202c0fd20e6",
  "title": "S-Xanh bóng đêm",
  "regular_price": 169000,
  "compare_price": 189000,
  "sku": "SKU-68261344213EF202C0FD20E6-SIZE-S-COLOR-XANH BÓNG ĐÊM",
  "quantity": 0,
  "options": {
    "SIZE": "S",
    "COLOR": "Xanh bóng đêm"
  },
  "product_allow_buy_when_clocked": false,
  "product_exclude_discount": false,
  "product_apply_allowance_inventory": false,
  "pending": 0,
  "product_visibility": true,
  "is_delete": false,
  "is_lock": false,
  "createAt": {
    "$date": "2025-05-15T16:16:05.310Z"
  },
  "updateAt": {
    "$date": "2025-05-15T16:16:05.310Z"
  },
  "_class": "com.lamnguyen.inventory_service.model.VariantProduct"
},
{
  "_id": "682613451bd0a01c950ad8f7",
  "product_id": "68261344213ef202c0fd20e6",
  "title": "M-Xanh bóng đêm",
  "regular_price": 169000,
  "compare_price": 189000,
  "sku": "SKU-68261344213EF202C0FD20E6-SIZE-M-COLOR-XANH BÓNG ĐÊM",
  "quantity": 0,
  "options": {
    "SIZE": "M",
    "COLOR": "Xanh bóng đêm"
  },
  "product_allow_buy_when_clocked": false,
  "product_exclude_discount": false,
  "product_apply_allowance_inventory": false,
  "pending": 0,
  "product_visibility": true,
  "is_delete": false,
  "is_lock": false,
  "createAt": {
    "$date": "2025-05-15T16:16:05.373Z"
  },
  "updateAt": {
    "$date": "2025-05-15T16:16:05.373Z"
  },
  "_class": "com.lamnguyen.inventory_service.model.VariantProduct"
},
{
  "_id": "682613451bd0a01c950ad8f8",
  "product_id": "68261344213ef202c0fd20e6",
  "title": "L-Xanh bóng đêm",
  "regular_price": 169000,
  "compare_price": 189000,
  "sku": "SKU-68261344213EF202C0FD20E6-SIZE-L-COLOR-XANH BÓNG ĐÊM",
  "quantity": 0,
  "options": {
    "SIZE": "L",
    "COLOR": "Xanh bóng đêm"
  },
  "product_allow_buy_when_clocked": false,
  "product_exclude_discount": false,
  "product_apply_allowance_inventory": false,
  "pending": 0,
  "product_visibility": true,
  "is_delete": false,
  "is_lock": false,
  "createAt": {
    "$date": "2025-05-15T16:16:05.452Z"
  },
  "updateAt": {
    "$date": "2025-05-15T16:16:05.452Z"
  },
  "_class": "com.lamnguyen.inventory_service.model.VariantProduct"
},
{
  "_id": "682613451bd0a01c950ad8f9",
  "product_id": "68261344213ef202c0fd20e6",
  "title": "XL-Xanh bóng đêm",
  "regular_price": 169000,
  "compare_price": 189000,
  "sku": "SKU-68261344213EF202C0FD20E6-SIZE-XL-COLOR-XANH BÓNG ĐÊM",
  "quantity": 0,
  "options": {
    "SIZE": "XL",
    "COLOR": "Xanh bóng đêm"
  },
  "product_allow_buy_when_clocked": false,
  "product_exclude_discount": false,
  "product_apply_allowance_inventory": false,
  "pending": 0,
  "product_visibility": true,
  "is_delete": false,
  "is_lock": false,
  "createAt": {
    "$date": "2025-05-15T16:16:05.523Z"
  },
  "updateAt": {
    "$date": "2025-05-15T16:16:05.523Z"
  },
  "_class": "com.lamnguyen.inventory_service.model.VariantProduct"
},
{
  "_id": "682613451bd0a01c950ad8fa",
  "product_id": "68261344213ef202c0fd20e6",
  "title": "2XL-Xanh bóng đêm",
  "regular_price": 169000,
  "compare_price": 189000,
  "sku": "SKU-68261344213EF202C0FD20E6-SIZE-2XL-COLOR-XANH BÓNG ĐÊM",
  "quantity": 0,
  "options": {
    "SIZE": "2XL",
    "COLOR": "Xanh bóng đêm"
  },
  "product_allow_buy_when_clocked": false,
  "product_exclude_discount": false,
  "product_apply_allowance_inventory": false,
  "pending": 0,
  "product_visibility": true,
  "is_delete": false,
  "is_lock": false,
  "createAt": {
    "$date": "2025-05-15T16:16:05.601Z"
  },
  "updateAt": {
    "$date": "2025-05-15T16:16:05.601Z"
  },
  "_class": "com.lamnguyen.inventory_service.model.VariantProduct"
},
{
  "_id": "682613451bd0a01c950ad8fb",
  "product_id": "68261344213ef202c0fd20e6",
  "title": "3XL-Xanh bóng đêm",
  "regular_price": 169000,
  "compare_price": 189000,
  "sku": "SKU-68261344213EF202C0FD20E6-SIZE-3XL-COLOR-XANH BÓNG ĐÊM",
  "quantity": 0,
  "options": {
    "SIZE": "3XL",
    "COLOR": "Xanh bóng đêm"
  },
  "product_allow_buy_when_clocked": false,
  "product_exclude_discount": false,
  "product_apply_allowance_inventory": false,
  "pending": 0,
  "product_visibility": true,
  "is_delete": false,
  "is_lock": false,
  "createAt": {
    "$date": "2025-05-15T16:16:05.663Z"
  },
  "updateAt": {
    "$date": "2025-05-15T16:16:05.663Z"
  },
  "_class": "com.lamnguyen.inventory_service.model.VariantProduct"
},
{
  "_id": "682613451bd0a01c950ad8fc",
  "product_id": "68261344213ef202c0fd20e6",
  "title": "S-Xanh Aqua",
  "regular_price": 169000,
  "compare_price": 189000,
  "sku": "SKU-68261344213EF202C0FD20E6-SIZE-S-COLOR-XANH AQUA",
  "quantity": 0,
  "options": {
    "SIZE": "S",
    "COLOR": "Xanh Aqua"
  },
  "product_allow_buy_when_clocked": false,
  "product_exclude_discount": false,
  "product_apply_allowance_inventory": false,
  "pending": 0,
  "product_visibility": true,
  "is_delete": false,
  "is_lock": false,
  "createAt": {
    "$date": "2025-05-15T16:16:05.721Z"
  },
  "updateAt": {
    "$date": "2025-05-15T16:16:05.721Z"
  },
  "_class": "com.lamnguyen.inventory_service.model.VariantProduct"
},
{
  "_id": "682613451bd0a01c950ad8fd",
  "product_id": "68261344213ef202c0fd20e6",
  "title": "M-Xanh Aqua",
  "regular_price": 169000,
  "compare_price": 189000,
  "sku": "SKU-68261344213EF202C0FD20E6-SIZE-M-COLOR-XANH AQUA",
  "quantity": 0,
  "options": {
    "SIZE": "M",
    "COLOR": "Xanh Aqua"
  },
  "product_allow_buy_when_clocked": false,
  "product_exclude_discount": false,
  "product_apply_allowance_inventory": false,
  "pending": 0,
  "product_visibility": true,
  "is_delete": false,
  "is_lock": false,
  "createAt": {
    "$date": "2025-05-15T16:16:05.791Z"
  },
  "updateAt": {
    "$date": "2025-05-15T16:16:05.791Z"
  },
  "_class": "com.lamnguyen.inventory_service.model.VariantProduct"
},
{
  "_id": "682613451bd0a01c950ad8fe",
  "product_id": "68261344213ef202c0fd20e6",
  "title": "L-Xanh Aqua",
  "regular_price": 169000,
  "compare_price": 189000,
  "sku": "SKU-68261344213EF202C0FD20E6-SIZE-L-COLOR-XANH AQUA",
  "quantity": 0,
  "options": {
    "SIZE": "L",
    "COLOR": "Xanh Aqua"
  },
  "product_allow_buy_when_clocked": false,
  "product_exclude_discount": false,
  "product_apply_allowance_inventory": false,
  "pending": 0,
  "product_visibility": true,
  "is_delete": false,
  "is_lock": false,
  "createAt": {
    "$date": "2025-05-15T16:16:05.855Z"
  },
  "updateAt": {
    "$date": "2025-05-15T16:16:05.855Z"
  },
  "_class": "com.lamnguyen.inventory_service.model.VariantProduct"
},
{
  "_id": "682613451bd0a01c950ad8ff",
  "product_id": "68261344213ef202c0fd20e6",
  "title": "XL-Xanh Aqua",
  "regular_price": 169000,
  "compare_price": 189000,
  "sku": "SKU-68261344213EF202C0FD20E6-SIZE-XL-COLOR-XANH AQUA",
  "quantity": 0,
  "options": {
    "SIZE": "XL",
    "COLOR": "Xanh Aqua"
  },
  "product_allow_buy_when_clocked": false,
  "product_exclude_discount": false,
  "product_apply_allowance_inventory": false,
  "pending": 0,
  "product_visibility": true,
  "is_delete": false,
  "is_lock": false,
  "createAt": {
    "$date": "2025-05-15T16:16:05.916Z"
  },
  "updateAt": {
    "$date": "2025-05-15T16:16:05.916Z"
  },
  "_class": "com.lamnguyen.inventory_service.model.VariantProduct"
},
{
  "_id": "682613461bd0a01c950ad900",
  "product_id": "68261344213ef202c0fd20e6",
  "title": "2XL-Xanh Aqua",
  "regular_price": 169000,
  "compare_price": 189000,
  "sku": "SKU-68261344213EF202C0FD20E6-SIZE-2XL-COLOR-XANH AQUA",
  "quantity": 0,
  "options": {
    "SIZE": "2XL",
    "COLOR": "Xanh Aqua"
  },
  "product_allow_buy_when_clocked": false,
  "product_exclude_discount": false,
  "product_apply_allowance_inventory": false,
  "pending": 0,
  "product_visibility": true,
  "is_delete": false,
  "is_lock": false,
  "createAt": {
    "$date": "2025-05-15T16:16:06.001Z"
  },
  "updateAt": {
    "$date": "2025-05-15T16:16:06.001Z"
  },
  "_class": "com.lamnguyen.inventory_service.model.VariantProduct"
},
{
  "_id": "682613461bd0a01c950ad901",
  "product_id": "68261344213ef202c0fd20e6",
  "title": "3XL-Xanh Aqua",
  "regular_price": 169000,
  "compare_price": 189000,
  "sku": "SKU-68261344213EF202C0FD20E6-SIZE-3XL-COLOR-XANH AQUA",
  "quantity": 0,
  "options": {
    "SIZE": "3XL",
    "COLOR": "Xanh Aqua"
  },
  "product_allow_buy_when_clocked": false,
  "product_exclude_discount": false,
  "product_apply_allowance_inventory": false,
  "pending": 0,
  "product_visibility": true,
  "is_delete": false,
  "is_lock": false,
  "createAt": {
    "$date": "2025-05-15T16:16:06.094Z"
  },
  "updateAt": {
    "$date": "2025-05-15T16:16:06.094Z"
  },
  "_class": "com.lamnguyen.inventory_service.model.VariantProduct"
},
{
  "_id": "682613461bd0a01c950ad902",
  "product_id": "68261344213ef202c0fd20e6",
  "title": "S-Xám đen",
  "regular_price": 169000,
  "compare_price": 189000,
  "sku": "SKU-68261344213EF202C0FD20E6-SIZE-S-COLOR-XÁM ĐEN",
  "quantity": 0,
  "options": {
    "SIZE": "S",
    "COLOR": "Xám đen"
  },
  "product_allow_buy_when_clocked": false,
  "product_exclude_discount": false,
  "product_apply_allowance_inventory": false,
  "pending": 0,
  "product_visibility": true,
  "is_delete": false,
  "is_lock": false,
  "createAt": {
    "$date": "2025-05-15T16:16:06.233Z"
  },
  "updateAt": {
    "$date": "2025-05-15T16:16:06.233Z"
  },
  "_class": "com.lamnguyen.inventory_service.model.VariantProduct"
},
{
  "_id": "682613461bd0a01c950ad903",
  "product_id": "68261344213ef202c0fd20e6",
  "title": "M-Xám đen",
  "regular_price": 169000,
  "compare_price": 189000,
  "sku": "SKU-68261344213EF202C0FD20E6-SIZE-M-COLOR-XÁM ĐEN",
  "quantity": 0,
  "options": {
    "SIZE": "M",
    "COLOR": "Xám đen"
  },
  "product_allow_buy_when_clocked": false,
  "product_exclude_discount": false,
  "product_apply_allowance_inventory": false,
  "pending": 0,
  "product_visibility": true,
  "is_delete": false,
  "is_lock": false,
  "createAt": {
    "$date": "2025-05-15T16:16:06.297Z"
  },
  "updateAt": {
    "$date": "2025-05-15T16:16:06.297Z"
  },
  "_class": "com.lamnguyen.inventory_service.model.VariantProduct"
},
{
  "_id": "682613461bd0a01c950ad904",
  "product_id": "68261344213ef202c0fd20e6",
  "title": "L-Xám đen",
  "regular_price": 169000,
  "compare_price": 189000,
  "sku": "SKU-68261344213EF202C0FD20E6-SIZE-L-COLOR-XÁM ĐEN",
  "quantity": 0,
  "options": {
    "SIZE": "L",
    "COLOR": "Xám đen"
  },
  "product_allow_buy_when_clocked": false,
  "product_exclude_discount": false,
  "product_apply_allowance_inventory": false,
  "pending": 0,
  "product_visibility": true,
  "is_delete": false,
  "is_lock": false,
  "createAt": {
    "$date": "2025-05-15T16:16:06.355Z"
  },
  "updateAt": {
    "$date": "2025-05-15T16:16:06.355Z"
  },
  "_class": "com.lamnguyen.inventory_service.model.VariantProduct"
},
{
  "_id": "682613461bd0a01c950ad905",
  "product_id": "68261344213ef202c0fd20e6",
  "title": "XL-Xám đen",
  "regular_price": 169000,
  "compare_price": 189000,
  "sku": "SKU-68261344213EF202C0FD20E6-SIZE-XL-COLOR-XÁM ĐEN",
  "quantity": 0,
  "options": {
    "SIZE": "XL",
    "COLOR": "Xám đen"
  },
  "product_allow_buy_when_clocked": false,
  "product_exclude_discount": false,
  "product_apply_allowance_inventory": false,
  "pending": 0,
  "product_visibility": true,
  "is_delete": false,
  "is_lock": false,
  "createAt": {
    "$date": "2025-05-15T16:16:06.412Z"
  },
  "updateAt": {
    "$date": "2025-05-15T16:16:06.412Z"
  },
  "_class": "com.lamnguyen.inventory_service.model.VariantProduct"
},
{
  "_id": "682613461bd0a01c950ad906",
  "product_id": "68261344213ef202c0fd20e6",
  "title": "2XL-Xám đen",
  "regular_price": 169000,
  "compare_price": 189000,
  "sku": "SKU-68261344213EF202C0FD20E6-SIZE-2XL-COLOR-XÁM ĐEN",
  "quantity": 0,
  "options": {
    "SIZE": "2XL",
    "COLOR": "Xám đen"
  },
  "product_allow_buy_when_clocked": false,
  "product_exclude_discount": false,
  "product_apply_allowance_inventory": false,
  "pending": 0,
  "product_visibility": true,
  "is_delete": false,
  "is_lock": false,
  "createAt": {
    "$date": "2025-05-15T16:16:06.476Z"
  },
  "updateAt": {
    "$date": "2025-05-15T16:16:06.476Z"
  },
  "_class": "com.lamnguyen.inventory_service.model.VariantProduct"
},
{
  "_id": "682613461bd0a01c950ad907",
  "product_id": "68261344213ef202c0fd20e6",
  "title": "3XL-Xám đen",
  "regular_price": 169000,
  "compare_price": 189000,
  "sku": "SKU-68261344213EF202C0FD20E6-SIZE-3XL-COLOR-XÁM ĐEN",
  "quantity": 0,
  "options": {
    "SIZE": "3XL",
    "COLOR": "Xám đen"
  },
  "product_allow_buy_when_clocked": false,
  "product_exclude_discount": false,
  "product_apply_allowance_inventory": false,
  "pending": 0,
  "product_visibility": true,
  "is_delete": false,
  "is_lock": false,
  "createAt": {
    "$date": "2025-05-15T16:16:06.548Z"
  },
  "updateAt": {
    "$date": "2025-05-15T16:16:06.548Z"
  },
  "_class": "com.lamnguyen.inventory_service.model.VariantProduct"
},
{
  "_id": "682613471bd0a01c950ad908",
  "product_id": "68261347213ef202c0fd20e7",
  "title": "39-42-Đen",
  "regular_price": 59000,
  "compare_price": 69000,
  "sku": "SKU-68261347213EF202C0FD20E7-SIZE-39-42-COLOR-ĐEN",
  "quantity": 0,
  "options": {
    "SIZE": "39-42",
    "COLOR": "Đen"
  },
  "product_allow_buy_when_clocked": false,
  "product_exclude_discount": false,
  "product_apply_allowance_inventory": false,
  "pending": 0,
  "product_visibility": true,
  "is_delete": false,
  "is_lock": false,
  "createAt": {
    "$date": "2025-05-15T16:16:07.230Z"
  },
  "updateAt": {
    "$date": "2025-05-15T16:16:07.230Z"
  },
  "_class": "com.lamnguyen.inventory_service.model.VariantProduct"
},
{
  "_id": "682613471bd0a01c950ad909",
  "product_id": "68261347213ef202c0fd20e7",
  "title": "43-46-Đen",
  "regular_price": 59000,
  "compare_price": 69000,
  "sku": "SKU-68261347213EF202C0FD20E7-SIZE-43-46-COLOR-ĐEN",
  "quantity": 0,
  "options": {
    "SIZE": "43-46",
    "COLOR": "Đen"
  },
  "product_allow_buy_when_clocked": false,
  "product_exclude_discount": false,
  "product_apply_allowance_inventory": false,
  "pending": 0,
  "product_visibility": true,
  "is_delete": false,
  "is_lock": false,
  "createAt": {
    "$date": "2025-05-15T16:16:07.293Z"
  },
  "updateAt": {
    "$date": "2025-05-15T16:16:07.293Z"
  },
  "_class": "com.lamnguyen.inventory_service.model.VariantProduct"
},
{
  "_id": "682613471bd0a01c950ad90a",
  "product_id": "68261347213ef202c0fd20e7",
  "title": "39-42-Trắng",
  "regular_price": 59000,
  "compare_price": 69000,
  "sku": "SKU-68261347213EF202C0FD20E7-SIZE-39-42-COLOR-TRẮNG",
  "quantity": 0,
  "options": {
    "SIZE": "39-42",
    "COLOR": "Trắng"
  },
  "product_allow_buy_when_clocked": false,
  "product_exclude_discount": false,
  "product_apply_allowance_inventory": false,
  "pending": 0,
  "product_visibility": true,
  "is_delete": false,
  "is_lock": false,
  "createAt": {
    "$date": "2025-05-15T16:16:07.356Z"
  },
  "updateAt": {
    "$date": "2025-05-15T16:16:07.356Z"
  },
  "_class": "com.lamnguyen.inventory_service.model.VariantProduct"
},
{
  "_id": "682613471bd0a01c950ad90b",
  "product_id": "68261347213ef202c0fd20e7",
  "title": "43-46-Trắng",
  "regular_price": 59000,
  "compare_price": 69000,
  "sku": "SKU-68261347213EF202C0FD20E7-SIZE-43-46-COLOR-TRẮNG",
  "quantity": 0,
  "options": {
    "SIZE": "43-46",
    "COLOR": "Trắng"
  },
  "product_allow_buy_when_clocked": false,
  "product_exclude_discount": false,
  "product_apply_allowance_inventory": false,
  "pending": 0,
  "product_visibility": true,
  "is_delete": false,
  "is_lock": false,
  "createAt": {
    "$date": "2025-05-15T16:16:07.413Z"
  },
  "updateAt": {
    "$date": "2025-05-15T16:16:07.413Z"
  },
  "_class": "com.lamnguyen.inventory_service.model.VariantProduct"
},
{
  "_id": "6826134a1bd0a01c950ad90c",
  "product_id": "6826134a213ef202c0fd20e8",
  "title": "39-42-Trắng",
  "regular_price": 59000,
  "compare_price": 69000,
  "sku": "SKU-6826134A213EF202C0FD20E8-SIZE-39-42-COLOR-TRẮNG",
  "quantity": 0,
  "options": {
    "SIZE": "39-42",
    "COLOR": "Trắng"
  },
  "product_allow_buy_when_clocked": false,
  "product_exclude_discount": false,
  "product_apply_allowance_inventory": false,
  "pending": 0,
  "product_visibility": true,
  "is_delete": false,
  "is_lock": false,
  "createAt": {
    "$date": "2025-05-15T16:16:10.291Z"
  },
  "updateAt": {
    "$date": "2025-05-15T16:16:10.291Z"
  },
  "_class": "com.lamnguyen.inventory_service.model.VariantProduct"
},
{
  "_id": "6826134a1bd0a01c950ad90d",
  "product_id": "6826134a213ef202c0fd20e8",
  "title": "43-46-Trắng",
  "regular_price": 59000,
  "compare_price": 69000,
  "sku": "SKU-6826134A213EF202C0FD20E8-SIZE-43-46-COLOR-TRẮNG",
  "quantity": 0,
  "options": {
    "SIZE": "43-46",
    "COLOR": "Trắng"
  },
  "product_allow_buy_when_clocked": false,
  "product_exclude_discount": false,
  "product_apply_allowance_inventory": false,
  "pending": 0,
  "product_visibility": true,
  "is_delete": false,
  "is_lock": false,
  "createAt": {
    "$date": "2025-05-15T16:16:10.351Z"
  },
  "updateAt": {
    "$date": "2025-05-15T16:16:10.351Z"
  },
  "_class": "com.lamnguyen.inventory_service.model.VariantProduct"
},
{
  "_id": "6826134a1bd0a01c950ad90e",
  "product_id": "6826134a213ef202c0fd20e8",
  "title": "39-42-Đen",
  "regular_price": 59000,
  "compare_price": 69000,
  "sku": "SKU-6826134A213EF202C0FD20E8-SIZE-39-42-COLOR-ĐEN",
  "quantity": 0,
  "options": {
    "SIZE": "39-42",
    "COLOR": "Đen"
  },
  "product_allow_buy_when_clocked": false,
  "product_exclude_discount": false,
  "product_apply_allowance_inventory": false,
  "pending": 0,
  "product_visibility": true,
  "is_delete": false,
  "is_lock": false,
  "createAt": {
    "$date": "2025-05-15T16:16:10.408Z"
  },
  "updateAt": {
    "$date": "2025-05-15T16:16:10.408Z"
  },
  "_class": "com.lamnguyen.inventory_service.model.VariantProduct"
},
{
  "_id": "6826134a1bd0a01c950ad90f",
  "product_id": "6826134a213ef202c0fd20e8",
  "title": "43-46-Đen",
  "regular_price": 59000,
  "compare_price": 69000,
  "sku": "SKU-6826134A213EF202C0FD20E8-SIZE-43-46-COLOR-ĐEN",
  "quantity": 0,
  "options": {
    "SIZE": "43-46",
    "COLOR": "Đen"
  },
  "product_allow_buy_when_clocked": false,
  "product_exclude_discount": false,
  "product_apply_allowance_inventory": false,
  "pending": 0,
  "product_visibility": true,
  "is_delete": false,
  "is_lock": false,
  "createAt": {
    "$date": "2025-05-15T16:16:10.492Z"
  },
  "updateAt": {
    "$date": "2025-05-15T16:16:10.492Z"
  },
  "_class": "com.lamnguyen.inventory_service.model.VariantProduct"
}]