[{
  "_id": "6825f2961bd0a01c950ab7a1",
  "product_id": "6825f296213ef202c0fd1ed2",
  "title": "XS-Tím Purple Haze",
  "regular_price": 499000,
  "compare_price": 499000,
  "sku": "SKU-6825F296213EF202C0FD1ED2-SIZE-XS-COLOR-TÍM PURPLE HAZE",
  "quantity": 0,
  "options": {
    "SIZE": "XS",
    "COLOR": "Tím Purple Haze"
  },
  "product_allow_buy_when_clocked": false,
  "product_exclude_discount": false,
  "product_apply_allowance_inventory": false,
  "pending": 0,
  "product_visibility": true,
  "is_delete": false,
  "is_lock": false,
  "createAt": {
    "$date": "2025-05-15T13:56:38.577Z"
  },
  "updateAt": {
    "$date": "2025-05-15T13:56:38.577Z"
  },
  "_class": "com.lamnguyen.inventory_service.model.VariantProduct"
},
{
  "_id": "6825f2961bd0a01c950ab7a2",
  "product_id": "6825f296213ef202c0fd1ed2",
  "title": "S-Tím Purple Haze",
  "regular_price": 499000,
  "compare_price": 499000,
  "sku": "SKU-6825F296213EF202C0FD1ED2-SIZE-S-COLOR-TÍM PURPLE HAZE",
  "quantity": 0,
  "options": {
    "SIZE": "S",
    "COLOR": "Tím Purple Haze"
  },
  "product_allow_buy_when_clocked": false,
  "product_exclude_discount": false,
  "product_apply_allowance_inventory": false,
  "pending": 0,
  "product_visibility": true,
  "is_delete": false,
  "is_lock": false,
  "createAt": {
    "$date": "2025-05-15T13:56:38.990Z"
  },
  "updateAt": {
    "$date": "2025-05-15T13:56:38.990Z"
  },
  "_class": "com.lamnguyen.inventory_service.model.VariantProduct"
},
{
  "_id": "6825f2971bd0a01c950ab7a3",
  "product_id": "6825f296213ef202c0fd1ed2",
  "title": "M-Tím Purple Haze",
  "regular_price": 499000,
  "compare_price": 499000,
  "sku": "SKU-6825F296213EF202C0FD1ED2-SIZE-M-COLOR-TÍM PURPLE HAZE",
  "quantity": 0,
  "options": {
    "SIZE": "M",
    "COLOR": "Tím Purple Haze"
  },
  "product_allow_buy_when_clocked": false,
  "product_exclude_discount": false,
  "product_apply_allowance_inventory": false,
  "pending": 0,
  "product_visibility": true,
  "is_delete": false,
  "is_lock": false,
  "createAt": {
    "$date": "2025-05-15T13:56:39.697Z"
  },
  "updateAt": {
    "$date": "2025-05-15T13:56:39.697Z"
  },
  "_class": "com.lamnguyen.inventory_service.model.VariantProduct"
},
{
  "_id": "6825f2971bd0a01c950ab7a4",
  "product_id": "6825f296213ef202c0fd1ed2",
  "title": "L-Tím Purple Haze",
  "regular_price": 499000,
  "compare_price": 499000,
  "sku": "SKU-6825F296213EF202C0FD1ED2-SIZE-L-COLOR-TÍM PURPLE HAZE",
  "quantity": 0,
  "options": {
    "SIZE": "L",
    "COLOR": "Tím Purple Haze"
  },
  "product_allow_buy_when_clocked": false,
  "product_exclude_discount": false,
  "product_apply_allowance_inventory": false,
  "pending": 0,
  "product_visibility": true,
  "is_delete": false,
  "is_lock": false,
  "createAt": {
    "$date": "2025-05-15T13:56:39.808Z"
  },
  "updateAt": {
    "$date": "2025-05-15T13:56:39.808Z"
  },
  "_class": "com.lamnguyen.inventory_service.model.VariantProduct"
},
{
  "_id": "6825f2971bd0a01c950ab7a5",
  "product_id": "6825f296213ef202c0fd1ed2",
  "title": "XL-Tím Purple Haze",
  "regular_price": 499000,
  "compare_price": 499000,
  "sku": "SKU-6825F296213EF202C0FD1ED2-SIZE-XL-COLOR-TÍM PURPLE HAZE",
  "quantity": 0,
  "options": {
    "SIZE": "XL",
    "COLOR": "Tím Purple Haze"
  },
  "product_allow_buy_when_clocked": false,
  "product_exclude_discount": false,
  "product_apply_allowance_inventory": false,
  "pending": 0,
  "product_visibility": true,
  "is_delete": false,
  "is_lock": false,
  "createAt": {
    "$date": "2025-05-15T13:56:39.899Z"
  },
  "updateAt": {
    "$date": "2025-05-15T13:56:39.899Z"
  },
  "_class": "com.lamnguyen.inventory_service.model.VariantProduct"
},
{
  "_id": "6825f2971bd0a01c950ab7a6",
  "product_id": "6825f296213ef202c0fd1ed2",
  "title": "XS-Đen",
  "regular_price": 499000,
  "compare_price": 499000,
  "sku": "SKU-6825F296213EF202C0FD1ED2-SIZE-XS-COLOR-ĐEN",
  "quantity": 0,
  "options": {
    "SIZE": "XS",
    "COLOR": "Đen"
  },
  "product_allow_buy_when_clocked": false,
  "product_exclude_discount": false,
  "product_apply_allowance_inventory": false,
  "pending": 0,
  "product_visibility": true,
  "is_delete": false,
  "is_lock": false,
  "createAt": {
    "$date": "2025-05-15T13:56:39.989Z"
  },
  "updateAt": {
    "$date": "2025-05-15T13:56:39.989Z"
  },
  "_class": "com.lamnguyen.inventory_service.model.VariantProduct"
},
{
  "_id": "6825f2981bd0a01c950ab7a7",
  "product_id": "6825f296213ef202c0fd1ed2",
  "title": "S-Đen",
  "regular_price": 499000,
  "compare_price": 499000,
  "sku": "SKU-6825F296213EF202C0FD1ED2-SIZE-S-COLOR-ĐEN",
  "quantity": 0,
  "options": {
    "SIZE": "S",
    "COLOR": "Đen"
  },
  "product_allow_buy_when_clocked": false,
  "product_exclude_discount": false,
  "product_apply_allowance_inventory": false,
  "pending": 0,
  "product_visibility": true,
  "is_delete": false,
  "is_lock": false,
  "createAt": {
    "$date": "2025-05-15T13:56:40.077Z"
  },
  "updateAt": {
    "$date": "2025-05-15T13:56:40.077Z"
  },
  "_class": "com.lamnguyen.inventory_service.model.VariantProduct"
},
{
  "_id": "6825f2981bd0a01c950ab7a8",
  "product_id": "6825f296213ef202c0fd1ed2",
  "title": "M-Đen",
  "regular_price": 499000,
  "compare_price": 499000,
  "sku": "SKU-6825F296213EF202C0FD1ED2-SIZE-M-COLOR-ĐEN",
  "quantity": 0,
  "options": {
    "SIZE": "M",
    "COLOR": "Đen"
  },
  "product_allow_buy_when_clocked": false,
  "product_exclude_discount": false,
  "product_apply_allowance_inventory": false,
  "pending": 0,
  "product_visibility": true,
  "is_delete": false,
  "is_lock": false,
  "createAt": {
    "$date": "2025-05-15T13:56:40.201Z"
  },
  "updateAt": {
    "$date": "2025-05-15T13:56:40.201Z"
  },
  "_class": "com.lamnguyen.inventory_service.model.VariantProduct"
},
{
  "_id": "6825f2981bd0a01c950ab7a9",
  "product_id": "6825f296213ef202c0fd1ed2",
  "title": "L-Đen",
  "regular_price": 499000,
  "compare_price": 499000,
  "sku": "SKU-6825F296213EF202C0FD1ED2-SIZE-L-COLOR-ĐEN",
  "quantity": 0,
  "options": {
    "SIZE": "L",
    "COLOR": "Đen"
  },
  "product_allow_buy_when_clocked": false,
  "product_exclude_discount": false,
  "product_apply_allowance_inventory": false,
  "pending": 0,
  "product_visibility": true,
  "is_delete": false,
  "is_lock": false,
  "createAt": {
    "$date": "2025-05-15T13:56:40.312Z"
  },
  "updateAt": {
    "$date": "2025-05-15T13:56:40.312Z"
  },
  "_class": "com.lamnguyen.inventory_service.model.VariantProduct"
},
{
  "_id": "6825f2981bd0a01c950ab7aa",
  "product_id": "6825f296213ef202c0fd1ed2",
  "title": "XL-Đen",
  "regular_price": 499000,
  "compare_price": 499000,
  "sku": "SKU-6825F296213EF202C0FD1ED2-SIZE-XL-COLOR-ĐEN",
  "quantity": 0,
  "options": {
    "SIZE": "XL",
    "COLOR": "Đen"
  },
  "product_allow_buy_when_clocked": false,
  "product_exclude_discount": false,
  "product_apply_allowance_inventory": false,
  "pending": 0,
  "product_visibility": true,
  "is_delete": false,
  "is_lock": false,
  "createAt": {
    "$date": "2025-05-15T13:56:40.424Z"
  },
  "updateAt": {
    "$date": "2025-05-15T13:56:40.424Z"
  },
  "_class": "com.lamnguyen.inventory_service.model.VariantProduct"
},
{
  "_id": "6825f29d1bd0a01c950ab7ab",
  "product_id": "6825f29d213ef202c0fd1ed3",
  "title": "XS-Đen",
  "regular_price": 539000,
  "compare_price": 598000,
  "sku": "SKU-6825F29D213EF202C0FD1ED3-SIZE-XS-COLOR-ĐEN",
  "quantity": 0,
  "options": {
    "SIZE": "XS",
    "COLOR": "Đen"
  },
  "product_allow_buy_when_clocked": false,
  "product_exclude_discount": false,
  "product_apply_allowance_inventory": false,
  "pending": 0,
  "product_visibility": true,
  "is_delete": false,
  "is_lock": false,
  "createAt": {
    "$date": "2025-05-15T13:56:45.176Z"
  },
  "updateAt": {
    "$date": "2025-05-15T13:56:45.176Z"
  },
  "_class": "com.lamnguyen.inventory_service.model.VariantProduct"
},
{
  "_id": "6825f29d1bd0a01c950ab7ac",
  "product_id": "6825f29d213ef202c0fd1ed3",
  "title": "S-Đen",
  "regular_price": 539000,
  "compare_price": 598000,
  "sku": "SKU-6825F29D213EF202C0FD1ED3-SIZE-S-COLOR-ĐEN",
  "quantity": 0,
  "options": {
    "SIZE": "S",
    "COLOR": "Đen"
  },
  "product_allow_buy_when_clocked": false,
  "product_exclude_discount": false,
  "product_apply_allowance_inventory": false,
  "pending": 0,
  "product_visibility": true,
  "is_delete": false,
  "is_lock": false,
  "createAt": {
    "$date": "2025-05-15T13:56:45.258Z"
  },
  "updateAt": {
    "$date": "2025-05-15T13:56:45.258Z"
  },
  "_class": "com.lamnguyen.inventory_service.model.VariantProduct"
},
{
  "_id": "6825f29d1bd0a01c950ab7ad",
  "product_id": "6825f29d213ef202c0fd1ed3",
  "title": "M-Đen",
  "regular_price": 539000,
  "compare_price": 598000,
  "sku": "SKU-6825F29D213EF202C0FD1ED3-SIZE-M-COLOR-ĐEN",
  "quantity": 0,
  "options": {
    "SIZE": "M",
    "COLOR": "Đen"
  },
  "product_allow_buy_when_clocked": false,
  "product_exclude_discount": false,
  "product_apply_allowance_inventory": false,
  "pending": 0,
  "product_visibility": true,
  "is_delete": false,
  "is_lock": false,
  "createAt": {
    "$date": "2025-05-15T13:56:45.338Z"
  },
  "updateAt": {
    "$date": "2025-05-15T13:56:45.338Z"
  },
  "_class": "com.lamnguyen.inventory_service.model.VariantProduct"
},
{
  "_id": "6825f29d1bd0a01c950ab7ae",
  "product_id": "6825f29d213ef202c0fd1ed3",
  "title": "L-Đen",
  "regular_price": 539000,
  "compare_price": 598000,
  "sku": "SKU-6825F29D213EF202C0FD1ED3-SIZE-L-COLOR-ĐEN",
  "quantity": 0,
  "options": {
    "SIZE": "L",
    "COLOR": "Đen"
  },
  "product_allow_buy_when_clocked": false,
  "product_exclude_discount": false,
  "product_apply_allowance_inventory": false,
  "pending": 0,
  "product_visibility": true,
  "is_delete": false,
  "is_lock": false,
  "createAt": {
    "$date": "2025-05-15T13:56:45.431Z"
  },
  "updateAt": {
    "$date": "2025-05-15T13:56:45.431Z"
  },
  "_class": "com.lamnguyen.inventory_service.model.VariantProduct"
},
{
  "_id": "6825f29d1bd0a01c950ab7af",
  "product_id": "6825f29d213ef202c0fd1ed3",
  "title": "XL-Đen",
  "regular_price": 539000,
  "compare_price": 598000,
  "sku": "SKU-6825F29D213EF202C0FD1ED3-SIZE-XL-COLOR-ĐEN",
  "quantity": 0,
  "options": {
    "SIZE": "XL",
    "COLOR": "Đen"
  },
  "product_allow_buy_when_clocked": false,
  "product_exclude_discount": false,
  "product_apply_allowance_inventory": false,
  "pending": 0,
  "product_visibility": true,
  "is_delete": false,
  "is_lock": false,
  "createAt": {
    "$date": "2025-05-15T13:56:45.515Z"
  },
  "updateAt": {
    "$date": "2025-05-15T13:56:45.515Z"
  },
  "_class": "com.lamnguyen.inventory_service.model.VariantProduct"
},
{
  "_id": "6825f29d1bd0a01c950ab7b0",
  "product_id": "6825f29d213ef202c0fd1ed3",
  "title": "XS-Cam hồng",
  "regular_price": 539000,
  "compare_price": 598000,
  "sku": "SKU-6825F29D213EF202C0FD1ED3-SIZE-XS-COLOR-CAM HỒNG",
  "quantity": 0,
  "options": {
    "SIZE": "XS",
    "COLOR": "Cam hồng"
  },
  "product_allow_buy_when_clocked": false,
  "product_exclude_discount": false,
  "product_apply_allowance_inventory": false,
  "pending": 0,
  "product_visibility": true,
  "is_delete": false,
  "is_lock": false,
  "createAt": {
    "$date": "2025-05-15T13:56:45.592Z"
  },
  "updateAt": {
    "$date": "2025-05-15T13:56:45.592Z"
  },
  "_class": "com.lamnguyen.inventory_service.model.VariantProduct"
},
{
  "_id": "6825f29d1bd0a01c950ab7b1",
  "product_id": "6825f29d213ef202c0fd1ed3",
  "title": "S-Cam hồng",
  "regular_price": 539000,
  "compare_price": 598000,
  "sku": "SKU-6825F29D213EF202C0FD1ED3-SIZE-S-COLOR-CAM HỒNG",
  "quantity": 0,
  "options": {
    "SIZE": "S",
    "COLOR": "Cam hồng"
  },
  "product_allow_buy_when_clocked": false,
  "product_exclude_discount": false,
  "product_apply_allowance_inventory": false,
  "pending": 0,
  "product_visibility": true,
  "is_delete": false,
  "is_lock": false,
  "createAt": {
    "$date": "2025-05-15T13:56:45.673Z"
  },
  "updateAt": {
    "$date": "2025-05-15T13:56:45.673Z"
  },
  "_class": "com.lamnguyen.inventory_service.model.VariantProduct"
},
{
  "_id": "6825f29d1bd0a01c950ab7b2",
  "product_id": "6825f29d213ef202c0fd1ed3",
  "title": "M-Cam hồng",
  "regular_price": 539000,
  "compare_price": 598000,
  "sku": "SKU-6825F29D213EF202C0FD1ED3-SIZE-M-COLOR-CAM HỒNG",
  "quantity": 0,
  "options": {
    "SIZE": "M",
    "COLOR": "Cam hồng"
  },
  "product_allow_buy_when_clocked": false,
  "product_exclude_discount": false,
  "product_apply_allowance_inventory": false,
  "pending": 0,
  "product_visibility": true,
  "is_delete": false,
  "is_lock": false,
  "createAt": {
    "$date": "2025-05-15T13:56:45.760Z"
  },
  "updateAt": {
    "$date": "2025-05-15T13:56:45.760Z"
  },
  "_class": "com.lamnguyen.inventory_service.model.VariantProduct"
},
{
  "_id": "6825f29d1bd0a01c950ab7b3",
  "product_id": "6825f29d213ef202c0fd1ed3",
  "title": "L-Cam hồng",
  "regular_price": 539000,
  "compare_price": 598000,
  "sku": "SKU-6825F29D213EF202C0FD1ED3-SIZE-L-COLOR-CAM HỒNG",
  "quantity": 0,
  "options": {
    "SIZE": "L",
    "COLOR": "Cam hồng"
  },
  "product_allow_buy_when_clocked": false,
  "product_exclude_discount": false,
  "product_apply_allowance_inventory": false,
  "pending": 0,
  "product_visibility": true,
  "is_delete": false,
  "is_lock": false,
  "createAt": {
    "$date": "2025-05-15T13:56:45.839Z"
  },
  "updateAt": {
    "$date": "2025-05-15T13:56:45.839Z"
  },
  "_class": "com.lamnguyen.inventory_service.model.VariantProduct"
},
{
  "_id": "6825f29d1bd0a01c950ab7b4",
  "product_id": "6825f29d213ef202c0fd1ed3",
  "title": "XL-Cam hồng",
  "regular_price": 539000,
  "compare_price": 598000,
  "sku": "SKU-6825F29D213EF202C0FD1ED3-SIZE-XL-COLOR-CAM HỒNG",
  "quantity": 0,
  "options": {
    "SIZE": "XL",
    "COLOR": "Cam hồng"
  },
  "product_allow_buy_when_clocked": false,
  "product_exclude_discount": false,
  "product_apply_allowance_inventory": false,
  "pending": 0,
  "product_visibility": true,
  "is_delete": false,
  "is_lock": false,
  "createAt": {
    "$date": "2025-05-15T13:56:45.934Z"
  },
  "updateAt": {
    "$date": "2025-05-15T13:56:45.934Z"
  },
  "_class": "com.lamnguyen.inventory_service.model.VariantProduct"
},
{
  "_id": "6825f29e1bd0a01c950ab7b5",
  "product_id": "6825f29d213ef202c0fd1ed3",
  "title": "XS-Xám",
  "regular_price": 539000,
  "compare_price": 598000,
  "sku": "SKU-6825F29D213EF202C0FD1ED3-SIZE-XS-COLOR-XÁM",
  "quantity": 0,
  "options": {
    "SIZE": "XS",
    "COLOR": "Xám"
  },
  "product_allow_buy_when_clocked": false,
  "product_exclude_discount": false,
  "product_apply_allowance_inventory": false,
  "pending": 0,
  "product_visibility": true,
  "is_delete": false,
  "is_lock": false,
  "createAt": {
    "$date": "2025-05-15T13:56:46.029Z"
  },
  "updateAt": {
    "$date": "2025-05-15T13:56:46.029Z"
  },
  "_class": "com.lamnguyen.inventory_service.model.VariantProduct"
},
{
  "_id": "6825f29e1bd0a01c950ab7b6",
  "product_id": "6825f29d213ef202c0fd1ed3",
  "title": "S-Xám",
  "regular_price": 539000,
  "compare_price": 598000,
  "sku": "SKU-6825F29D213EF202C0FD1ED3-SIZE-S-COLOR-XÁM",
  "quantity": 0,
  "options": {
    "SIZE": "S",
    "COLOR": "Xám"
  },
  "product_allow_buy_when_clocked": false,
  "product_exclude_discount": false,
  "product_apply_allowance_inventory": false,
  "pending": 0,
  "product_visibility": true,
  "is_delete": false,
  "is_lock": false,
  "createAt": {
    "$date": "2025-05-15T13:56:46.138Z"
  },
  "updateAt": {
    "$date": "2025-05-15T13:56:46.138Z"
  },
  "_class": "com.lamnguyen.inventory_service.model.VariantProduct"
},
{
  "_id": "6825f29e1bd0a01c950ab7b7",
  "product_id": "6825f29d213ef202c0fd1ed3",
  "title": "M-Xám",
  "regular_price": 539000,
  "compare_price": 598000,
  "sku": "SKU-6825F29D213EF202C0FD1ED3-SIZE-M-COLOR-XÁM",
  "quantity": 0,
  "options": {
    "SIZE": "M",
    "COLOR": "Xám"
  },
  "product_allow_buy_when_clocked": false,
  "product_exclude_discount": false,
  "product_apply_allowance_inventory": false,
  "pending": 0,
  "product_visibility": true,
  "is_delete": false,
  "is_lock": false,
  "createAt": {
    "$date": "2025-05-15T13:56:46.251Z"
  },
  "updateAt": {
    "$date": "2025-05-15T13:56:46.251Z"
  },
  "_class": "com.lamnguyen.inventory_service.model.VariantProduct"
},
{
  "_id": "6825f29e1bd0a01c950ab7b8",
  "product_id": "6825f29d213ef202c0fd1ed3",
  "title": "L-Xám",
  "regular_price": 539000,
  "compare_price": 598000,
  "sku": "SKU-6825F29D213EF202C0FD1ED3-SIZE-L-COLOR-XÁM",
  "quantity": 0,
  "options": {
    "SIZE": "L",
    "COLOR": "Xám"
  },
  "product_allow_buy_when_clocked": false,
  "product_exclude_discount": false,
  "product_apply_allowance_inventory": false,
  "pending": 0,
  "product_visibility": true,
  "is_delete": false,
  "is_lock": false,
  "createAt": {
    "$date": "2025-05-15T13:56:46.356Z"
  },
  "updateAt": {
    "$date": "2025-05-15T13:56:46.356Z"
  },
  "_class": "com.lamnguyen.inventory_service.model.VariantProduct"
},
{
  "_id": "6825f29e1bd0a01c950ab7b9",
  "product_id": "6825f29d213ef202c0fd1ed3",
  "title": "XL-Xám",
  "regular_price": 539000,
  "compare_price": 598000,
  "sku": "SKU-6825F29D213EF202C0FD1ED3-SIZE-XL-COLOR-XÁM",
  "quantity": 0,
  "options": {
    "SIZE": "XL",
    "COLOR": "Xám"
  },
  "product_allow_buy_when_clocked": false,
  "product_exclude_discount": false,
  "product_apply_allowance_inventory": false,
  "pending": 0,
  "product_visibility": true,
  "is_delete": false,
  "is_lock": false,
  "createAt": {
    "$date": "2025-05-15T13:56:46.445Z"
  },
  "updateAt": {
    "$date": "2025-05-15T13:56:46.445Z"
  },
  "_class": "com.lamnguyen.inventory_service.model.VariantProduct"
},
{
  "_id": "6825f2a81bd0a01c950ab7ba",
  "product_id": "6825f2a8213ef202c0fd1ed4",
  "title": "XS-Đen",
  "regular_price": 449000,
  "compare_price": 499000,
  "sku": "SKU-6825F2A8213EF202C0FD1ED4-SIZE-XS-COLOR-ĐEN",
  "quantity": 0,
  "options": {
    "SIZE": "XS",
    "COLOR": "Đen"
  },
  "product_allow_buy_when_clocked": false,
  "product_exclude_discount": false,
  "product_apply_allowance_inventory": false,
  "pending": 0,
  "product_visibility": true,
  "is_delete": false,
  "is_lock": false,
  "createAt": {
    "$date": "2025-05-15T13:56:56.463Z"
  },
  "updateAt": {
    "$date": "2025-05-15T13:56:56.463Z"
  },
  "_class": "com.lamnguyen.inventory_service.model.VariantProduct"
},
{
  "_id": "6825f2a81bd0a01c950ab7bb",
  "product_id": "6825f2a8213ef202c0fd1ed4",
  "title": "S-Đen",
  "regular_price": 449000,
  "compare_price": 499000,
  "sku": "SKU-6825F2A8213EF202C0FD1ED4-SIZE-S-COLOR-ĐEN",
  "quantity": 0,
  "options": {
    "SIZE": "S",
    "COLOR": "Đen"
  },
  "product_allow_buy_when_clocked": false,
  "product_exclude_discount": false,
  "product_apply_allowance_inventory": false,
  "pending": 0,
  "product_visibility": true,
  "is_delete": false,
  "is_lock": false,
  "createAt": {
    "$date": "2025-05-15T13:56:56.570Z"
  },
  "updateAt": {
    "$date": "2025-05-15T13:56:56.570Z"
  },
  "_class": "com.lamnguyen.inventory_service.model.VariantProduct"
},
{
  "_id": "6825f2a81bd0a01c950ab7bc",
  "product_id": "6825f2a8213ef202c0fd1ed4",
  "title": "M-Đen",
  "regular_price": 449000,
  "compare_price": 499000,
  "sku": "SKU-6825F2A8213EF202C0FD1ED4-SIZE-M-COLOR-ĐEN",
  "quantity": 0,
  "options": {
    "SIZE": "M",
    "COLOR": "Đen"
  },
  "product_allow_buy_when_clocked": false,
  "product_exclude_discount": false,
  "product_apply_allowance_inventory": false,
  "pending": 0,
  "product_visibility": true,
  "is_delete": false,
  "is_lock": false,
  "createAt": {
    "$date": "2025-05-15T13:56:56.684Z"
  },
  "updateAt": {
    "$date": "2025-05-15T13:56:56.684Z"
  },
  "_class": "com.lamnguyen.inventory_service.model.VariantProduct"
},
{
  "_id": "6825f2a81bd0a01c950ab7bd",
  "product_id": "6825f2a8213ef202c0fd1ed4",
  "title": "L-Đen",
  "regular_price": 449000,
  "compare_price": 499000,
  "sku": "SKU-6825F2A8213EF202C0FD1ED4-SIZE-L-COLOR-ĐEN",
  "quantity": 0,
  "options": {
    "SIZE": "L",
    "COLOR": "Đen"
  },
  "product_allow_buy_when_clocked": false,
  "product_exclude_discount": false,
  "product_apply_allowance_inventory": false,
  "pending": 0,
  "product_visibility": true,
  "is_delete": false,
  "is_lock": false,
  "createAt": {
    "$date": "2025-05-15T13:56:56.838Z"
  },
  "updateAt": {
    "$date": "2025-05-15T13:56:56.838Z"
  },
  "_class": "com.lamnguyen.inventory_service.model.VariantProduct"
},
{
  "_id": "6825f2a81bd0a01c950ab7be",
  "product_id": "6825f2a8213ef202c0fd1ed4",
  "title": "XL-Đen",
  "regular_price": 449000,
  "compare_price": 499000,
  "sku": "SKU-6825F2A8213EF202C0FD1ED4-SIZE-XL-COLOR-ĐEN",
  "quantity": 0,
  "options": {
    "SIZE": "XL",
    "COLOR": "Đen"
  },
  "product_allow_buy_when_clocked": false,
  "product_exclude_discount": false,
  "product_apply_allowance_inventory": false,
  "pending": 0,
  "product_visibility": true,
  "is_delete": false,
  "is_lock": false,
  "createAt": {
    "$date": "2025-05-15T13:56:56.945Z"
  },
  "updateAt": {
    "$date": "2025-05-15T13:56:56.945Z"
  },
  "_class": "com.lamnguyen.inventory_service.model.VariantProduct"
},
{
  "_id": "6825f2a91bd0a01c950ab7bf",
  "product_id": "6825f2a8213ef202c0fd1ed4",
  "title": "XS-Navy",
  "regular_price": 449000,
  "compare_price": 499000,
  "sku": "SKU-6825F2A8213EF202C0FD1ED4-SIZE-XS-COLOR-NAVY",
  "quantity": 0,
  "options": {
    "SIZE": "XS",
    "COLOR": "Navy"
  },
  "product_allow_buy_when_clocked": false,
  "product_exclude_discount": false,
  "product_apply_allowance_inventory": false,
  "pending": 0,
  "product_visibility": true,
  "is_delete": false,
  "is_lock": false,
  "createAt": {
    "$date": "2025-05-15T13:56:57.025Z"
  },
  "updateAt": {
    "$date": "2025-05-15T13:56:57.025Z"
  },
  "_class": "com.lamnguyen.inventory_service.model.VariantProduct"
},
{
  "_id": "6825f2a91bd0a01c950ab7c0",
  "product_id": "6825f2a8213ef202c0fd1ed4",
  "title": "S-Navy",
  "regular_price": 449000,
  "compare_price": 499000,
  "sku": "SKU-6825F2A8213EF202C0FD1ED4-SIZE-S-COLOR-NAVY",
  "quantity": 0,
  "options": {
    "SIZE": "S",
    "COLOR": "Navy"
  },
  "product_allow_buy_when_clocked": false,
  "product_exclude_discount": false,
  "product_apply_allowance_inventory": false,
  "pending": 0,
  "product_visibility": true,
  "is_delete": false,
  "is_lock": false,
  "createAt": {
    "$date": "2025-05-15T13:56:57.137Z"
  },
  "updateAt": {
    "$date": "2025-05-15T13:56:57.137Z"
  },
  "_class": "com.lamnguyen.inventory_service.model.VariantProduct"
},
{
  "_id": "6825f2a91bd0a01c950ab7c1",
  "product_id": "6825f2a8213ef202c0fd1ed4",
  "title": "M-Navy",
  "regular_price": 449000,
  "compare_price": 499000,
  "sku": "SKU-6825F2A8213EF202C0FD1ED4-SIZE-M-COLOR-NAVY",
  "quantity": 0,
  "options": {
    "SIZE": "M",
    "COLOR": "Navy"
  },
  "product_allow_buy_when_clocked": false,
  "product_exclude_discount": false,
  "product_apply_allowance_inventory": false,
  "pending": 0,
  "product_visibility": true,
  "is_delete": false,
  "is_lock": false,
  "createAt": {
    "$date": "2025-05-15T13:56:57.247Z"
  },
  "updateAt": {
    "$date": "2025-05-15T13:56:57.247Z"
  },
  "_class": "com.lamnguyen.inventory_service.model.VariantProduct"
},
{
  "_id": "6825f2a91bd0a01c950ab7c2",
  "product_id": "6825f2a8213ef202c0fd1ed4",
  "title": "L-Navy",
  "regular_price": 449000,
  "compare_price": 499000,
  "sku": "SKU-6825F2A8213EF202C0FD1ED4-SIZE-L-COLOR-NAVY",
  "quantity": 0,
  "options": {
    "SIZE": "L",
    "COLOR": "Navy"
  },
  "product_allow_buy_when_clocked": false,
  "product_exclude_discount": false,
  "product_apply_allowance_inventory": false,
  "pending": 0,
  "product_visibility": true,
  "is_delete": false,
  "is_lock": false,
  "createAt": {
    "$date": "2025-05-15T13:56:57.345Z"
  },
  "updateAt": {
    "$date": "2025-05-15T13:56:57.345Z"
  },
  "_class": "com.lamnguyen.inventory_service.model.VariantProduct"
},
{
  "_id": "6825f2a91bd0a01c950ab7c3",
  "product_id": "6825f2a8213ef202c0fd1ed4",
  "title": "XL-Navy",
  "regular_price": 449000,
  "compare_price": 499000,
  "sku": "SKU-6825F2A8213EF202C0FD1ED4-SIZE-XL-COLOR-NAVY",
  "quantity": 0,
  "options": {
    "SIZE": "XL",
    "COLOR": "Navy"
  },
  "product_allow_buy_when_clocked": false,
  "product_exclude_discount": false,
  "product_apply_allowance_inventory": false,
  "pending": 0,
  "product_visibility": true,
  "is_delete": false,
  "is_lock": false,
  "createAt": {
    "$date": "2025-05-15T13:56:57.441Z"
  },
  "updateAt": {
    "$date": "2025-05-15T13:56:57.441Z"
  },
  "_class": "com.lamnguyen.inventory_service.model.VariantProduct"
},
{
  "_id": "6825f2a91bd0a01c950ab7c4",
  "product_id": "6825f2a8213ef202c0fd1ed4",
  "title": "XS-Cam hồng",
  "regular_price": 449000,
  "compare_price": 499000,
  "sku": "SKU-6825F2A8213EF202C0FD1ED4-SIZE-XS-COLOR-CAM HỒNG",
  "quantity": 0,
  "options": {
    "SIZE": "XS",
    "COLOR": "Cam hồng"
  },
  "product_allow_buy_when_clocked": false,
  "product_exclude_discount": false,
  "product_apply_allowance_inventory": false,
  "pending": 0,
  "product_visibility": true,
  "is_delete": false,
  "is_lock": false,
  "createAt": {
    "$date": "2025-05-15T13:56:57.528Z"
  },
  "updateAt": {
    "$date": "2025-05-15T13:56:57.528Z"
  },
  "_class": "com.lamnguyen.inventory_service.model.VariantProduct"
},
{
  "_id": "6825f2a91bd0a01c950ab7c5",
  "product_id": "6825f2a8213ef202c0fd1ed4",
  "title": "S-Cam hồng",
  "regular_price": 449000,
  "compare_price": 499000,
  "sku": "SKU-6825F2A8213EF202C0FD1ED4-SIZE-S-COLOR-CAM HỒNG",
  "quantity": 0,
  "options": {
    "SIZE": "S",
    "COLOR": "Cam hồng"
  },
  "product_allow_buy_when_clocked": false,
  "product_exclude_discount": false,
  "product_apply_allowance_inventory": false,
  "pending": 0,
  "product_visibility": true,
  "is_delete": false,
  "is_lock": false,
  "createAt": {
    "$date": "2025-05-15T13:56:57.621Z"
  },
  "updateAt": {
    "$date": "2025-05-15T13:56:57.621Z"
  },
  "_class": "com.lamnguyen.inventory_service.model.VariantProduct"
},
{
  "_id": "6825f2a91bd0a01c950ab7c6",
  "product_id": "6825f2a8213ef202c0fd1ed4",
  "title": "M-Cam hồng",
  "regular_price": 449000,
  "compare_price": 499000,
  "sku": "SKU-6825F2A8213EF202C0FD1ED4-SIZE-M-COLOR-CAM HỒNG",
  "quantity": 0,
  "options": {
    "SIZE": "M",
    "COLOR": "Cam hồng"
  },
  "product_allow_buy_when_clocked": false,
  "product_exclude_discount": false,
  "product_apply_allowance_inventory": false,
  "pending": 0,
  "product_visibility": true,
  "is_delete": false,
  "is_lock": false,
  "createAt": {
    "$date": "2025-05-15T13:56:57.710Z"
  },
  "updateAt": {
    "$date": "2025-05-15T13:56:57.710Z"
  },
  "_class": "com.lamnguyen.inventory_service.model.VariantProduct"
},
{
  "_id": "6825f2a91bd0a01c950ab7c7",
  "product_id": "6825f2a8213ef202c0fd1ed4",
  "title": "L-Cam hồng",
  "regular_price": 449000,
  "compare_price": 499000,
  "sku": "SKU-6825F2A8213EF202C0FD1ED4-SIZE-L-COLOR-CAM HỒNG",
  "quantity": 0,
  "options": {
    "SIZE": "L",
    "COLOR": "Cam hồng"
  },
  "product_allow_buy_when_clocked": false,
  "product_exclude_discount": false,
  "product_apply_allowance_inventory": false,
  "pending": 0,
  "product_visibility": true,
  "is_delete": false,
  "is_lock": false,
  "createAt": {
    "$date": "2025-05-15T13:56:57.808Z"
  },
  "updateAt": {
    "$date": "2025-05-15T13:56:57.808Z"
  },
  "_class": "com.lamnguyen.inventory_service.model.VariantProduct"
},
{
  "_id": "6825f2a91bd0a01c950ab7c8",
  "product_id": "6825f2a8213ef202c0fd1ed4",
  "title": "XL-Cam hồng",
  "regular_price": 449000,
  "compare_price": 499000,
  "sku": "SKU-6825F2A8213EF202C0FD1ED4-SIZE-XL-COLOR-CAM HỒNG",
  "quantity": 0,
  "options": {
    "SIZE": "XL",
    "COLOR": "Cam hồng"
  },
  "product_allow_buy_when_clocked": false,
  "product_exclude_discount": false,
  "product_apply_allowance_inventory": false,
  "pending": 0,
  "product_visibility": true,
  "is_delete": false,
  "is_lock": false,
  "createAt": {
    "$date": "2025-05-15T13:56:57.890Z"
  },
  "updateAt": {
    "$date": "2025-05-15T13:56:57.890Z"
  },
  "_class": "com.lamnguyen.inventory_service.model.VariantProduct"
},
{
  "_id": "6825f2b11bd0a01c950ab7c9",
  "product_id": "6825f2b0213ef202c0fd1ed5",
  "title": "XS-Nâu Mocha",
  "regular_price": 399000,
  "compare_price": 399000,
  "sku": "SKU-6825F2B0213EF202C0FD1ED5-SIZE-XS-COLOR-NÂU MOCHA",
  "quantity": 0,
  "options": {
    "SIZE": "XS",
    "COLOR": "Nâu Mocha"
  },
  "product_allow_buy_when_clocked": false,
  "product_exclude_discount": false,
  "product_apply_allowance_inventory": false,
  "pending": 0,
  "product_visibility": true,
  "is_delete": false,
  "is_lock": false,
  "createAt": {
    "$date": "2025-05-15T13:57:05.009Z"
  },
  "updateAt": {
    "$date": "2025-05-15T13:57:05.009Z"
  },
  "_class": "com.lamnguyen.inventory_service.model.VariantProduct"
},
{
  "_id": "6825f2b11bd0a01c950ab7ca",
  "product_id": "6825f2b0213ef202c0fd1ed5",
  "title": "S-Nâu Mocha",
  "regular_price": 399000,
  "compare_price": 399000,
  "sku": "SKU-6825F2B0213EF202C0FD1ED5-SIZE-S-COLOR-NÂU MOCHA",
  "quantity": 0,
  "options": {
    "SIZE": "S",
    "COLOR": "Nâu Mocha"
  },
  "product_allow_buy_when_clocked": false,
  "product_exclude_discount": false,
  "product_apply_allowance_inventory": false,
  "pending": 0,
  "product_visibility": true,
  "is_delete": false,
  "is_lock": false,
  "createAt": {
    "$date": "2025-05-15T13:57:05.101Z"
  },
  "updateAt": {
    "$date": "2025-05-15T13:57:05.101Z"
  },
  "_class": "com.lamnguyen.inventory_service.model.VariantProduct"
},
{
  "_id": "6825f2b11bd0a01c950ab7cb",
  "product_id": "6825f2b0213ef202c0fd1ed5",
  "title": "M-Nâu Mocha",
  "regular_price": 399000,
  "compare_price": 399000,
  "sku": "SKU-6825F2B0213EF202C0FD1ED5-SIZE-M-COLOR-NÂU MOCHA",
  "quantity": 0,
  "options": {
    "SIZE": "M",
    "COLOR": "Nâu Mocha"
  },
  "product_allow_buy_when_clocked": false,
  "product_exclude_discount": false,
  "product_apply_allowance_inventory": false,
  "pending": 0,
  "product_visibility": true,
  "is_delete": false,
  "is_lock": false,
  "createAt": {
    "$date": "2025-05-15T13:57:05.192Z"
  },
  "updateAt": {
    "$date": "2025-05-15T13:57:05.192Z"
  },
  "_class": "com.lamnguyen.inventory_service.model.VariantProduct"
},
{
  "_id": "6825f2b11bd0a01c950ab7cc",
  "product_id": "6825f2b0213ef202c0fd1ed5",
  "title": "L-Nâu Mocha",
  "regular_price": 399000,
  "compare_price": 399000,
  "sku": "SKU-6825F2B0213EF202C0FD1ED5-SIZE-L-COLOR-NÂU MOCHA",
  "quantity": 0,
  "options": {
    "SIZE": "L",
    "COLOR": "Nâu Mocha"
  },
  "product_allow_buy_when_clocked": false,
  "product_exclude_discount": false,
  "product_apply_allowance_inventory": false,
  "pending": 0,
  "product_visibility": true,
  "is_delete": false,
  "is_lock": false,
  "createAt": {
    "$date": "2025-05-15T13:57:05.277Z"
  },
  "updateAt": {
    "$date": "2025-05-15T13:57:05.277Z"
  },
  "_class": "com.lamnguyen.inventory_service.model.VariantProduct"
},
{
  "_id": "6825f2b11bd0a01c950ab7cd",
  "product_id": "6825f2b0213ef202c0fd1ed5",
  "title": "XL-Nâu Mocha",
  "regular_price": 399000,
  "compare_price": 399000,
  "sku": "SKU-6825F2B0213EF202C0FD1ED5-SIZE-XL-COLOR-NÂU MOCHA",
  "quantity": 0,
  "options": {
    "SIZE": "XL",
    "COLOR": "Nâu Mocha"
  },
  "product_allow_buy_when_clocked": false,
  "product_exclude_discount": false,
  "product_apply_allowance_inventory": false,
  "pending": 0,
  "product_visibility": true,
  "is_delete": false,
  "is_lock": false,
  "createAt": {
    "$date": "2025-05-15T13:57:05.435Z"
  },
  "updateAt": {
    "$date": "2025-05-15T13:57:05.435Z"
  },
  "_class": "com.lamnguyen.inventory_service.model.VariantProduct"
},
{
  "_id": "6825f2b11bd0a01c950ab7ce",
  "product_id": "6825f2b0213ef202c0fd1ed5",
  "title": "XS-Cam Flamingo",
  "regular_price": 399000,
  "compare_price": 399000,
  "sku": "SKU-6825F2B0213EF202C0FD1ED5-SIZE-XS-COLOR-CAM FLAMINGO",
  "quantity": 0,
  "options": {
    "SIZE": "XS",
    "COLOR": "Cam Flamingo"
  },
  "product_allow_buy_when_clocked": false,
  "product_exclude_discount": false,
  "product_apply_allowance_inventory": false,
  "pending": 0,
  "product_visibility": true,
  "is_delete": false,
  "is_lock": false,
  "createAt": {
    "$date": "2025-05-15T13:57:05.560Z"
  },
  "updateAt": {
    "$date": "2025-05-15T13:57:05.560Z"
  },
  "_class": "com.lamnguyen.inventory_service.model.VariantProduct"
},
{
  "_id": "6825f2b11bd0a01c950ab7cf",
  "product_id": "6825f2b0213ef202c0fd1ed5",
  "title": "S-Cam Flamingo",
  "regular_price": 399000,
  "compare_price": 399000,
  "sku": "SKU-6825F2B0213EF202C0FD1ED5-SIZE-S-COLOR-CAM FLAMINGO",
  "quantity": 0,
  "options": {
    "SIZE": "S",
    "COLOR": "Cam Flamingo"
  },
  "product_allow_buy_when_clocked": false,
  "product_exclude_discount": false,
  "product_apply_allowance_inventory": false,
  "pending": 0,
  "product_visibility": true,
  "is_delete": false,
  "is_lock": false,
  "createAt": {
    "$date": "2025-05-15T13:57:05.662Z"
  },
  "updateAt": {
    "$date": "2025-05-15T13:57:05.662Z"
  },
  "_class": "com.lamnguyen.inventory_service.model.VariantProduct"
},
{
  "_id": "6825f2b11bd0a01c950ab7d0",
  "product_id": "6825f2b0213ef202c0fd1ed5",
  "title": "M-Cam Flamingo",
  "regular_price": 399000,
  "compare_price": 399000,
  "sku": "SKU-6825F2B0213EF202C0FD1ED5-SIZE-M-COLOR-CAM FLAMINGO",
  "quantity": 0,
  "options": {
    "SIZE": "M",
    "COLOR": "Cam Flamingo"
  },
  "product_allow_buy_when_clocked": false,
  "product_exclude_discount": false,
  "product_apply_allowance_inventory": false,
  "pending": 0,
  "product_visibility": true,
  "is_delete": false,
  "is_lock": false,
  "createAt": {
    "$date": "2025-05-15T13:57:05.776Z"
  },
  "updateAt": {
    "$date": "2025-05-15T13:57:05.776Z"
  },
  "_class": "com.lamnguyen.inventory_service.model.VariantProduct"
},
{
  "_id": "6825f2b11bd0a01c950ab7d1",
  "product_id": "6825f2b0213ef202c0fd1ed5",
  "title": "L-Cam Flamingo",
  "regular_price": 399000,
  "compare_price": 399000,
  "sku": "SKU-6825F2B0213EF202C0FD1ED5-SIZE-L-COLOR-CAM FLAMINGO",
  "quantity": 0,
  "options": {
    "SIZE": "L",
    "COLOR": "Cam Flamingo"
  },
  "product_allow_buy_when_clocked": false,
  "product_exclude_discount": false,
  "product_apply_allowance_inventory": false,
  "pending": 0,
  "product_visibility": true,
  "is_delete": false,
  "is_lock": false,
  "createAt": {
    "$date": "2025-05-15T13:57:05.902Z"
  },
  "updateAt": {
    "$date": "2025-05-15T13:57:05.902Z"
  },
  "_class": "com.lamnguyen.inventory_service.model.VariantProduct"
},
{
  "_id": "6825f2b21bd0a01c950ab7d2",
  "product_id": "6825f2b0213ef202c0fd1ed5",
  "title": "XL-Cam Flamingo",
  "regular_price": 399000,
  "compare_price": 399000,
  "sku": "SKU-6825F2B0213EF202C0FD1ED5-SIZE-XL-COLOR-CAM FLAMINGO",
  "quantity": 0,
  "options": {
    "SIZE": "XL",
    "COLOR": "Cam Flamingo"
  },
  "product_allow_buy_when_clocked": false,
  "product_exclude_discount": false,
  "product_apply_allowance_inventory": false,
  "pending": 0,
  "product_visibility": true,
  "is_delete": false,
  "is_lock": false,
  "createAt": {
    "$date": "2025-05-15T13:57:06.050Z"
  },
  "updateAt": {
    "$date": "2025-05-15T13:57:06.050Z"
  },
  "_class": "com.lamnguyen.inventory_service.model.VariantProduct"
},
{
  "_id": "6825f2b21bd0a01c950ab7d3",
  "product_id": "6825f2b0213ef202c0fd1ed5",
  "title": "XS-Be Egret",
  "regular_price": 399000,
  "compare_price": 399000,
  "sku": "SKU-6825F2B0213EF202C0FD1ED5-SIZE-XS-COLOR-BE EGRET",
  "quantity": 0,
  "options": {
    "SIZE": "XS",
    "COLOR": "Be Egret"
  },
  "product_allow_buy_when_clocked": false,
  "product_exclude_discount": false,
  "product_apply_allowance_inventory": false,
  "pending": 0,
  "product_visibility": true,
  "is_delete": false,
  "is_lock": false,
  "createAt": {
    "$date": "2025-05-15T13:57:06.234Z"
  },
  "updateAt": {
    "$date": "2025-05-15T13:57:06.234Z"
  },
  "_class": "com.lamnguyen.inventory_service.model.VariantProduct"
},
{
  "_id": "6825f2b21bd0a01c950ab7d4",
  "product_id": "6825f2b0213ef202c0fd1ed5",
  "title": "S-Be Egret",
  "regular_price": 399000,
  "compare_price": 399000,
  "sku": "SKU-6825F2B0213EF202C0FD1ED5-SIZE-S-COLOR-BE EGRET",
  "quantity": 0,
  "options": {
    "SIZE": "S",
    "COLOR": "Be Egret"
  },
  "product_allow_buy_when_clocked": false,
  "product_exclude_discount": false,
  "product_apply_allowance_inventory": false,
  "pending": 0,
  "product_visibility": true,
  "is_delete": false,
  "is_lock": false,
  "createAt": {
    "$date": "2025-05-15T13:57:06.341Z"
  },
  "updateAt": {
    "$date": "2025-05-15T13:57:06.341Z"
  },
  "_class": "com.lamnguyen.inventory_service.model.VariantProduct"
},
{
  "_id": "6825f2b21bd0a01c950ab7d5",
  "product_id": "6825f2b0213ef202c0fd1ed5",
  "title": "M-Be Egret",
  "regular_price": 399000,
  "compare_price": 399000,
  "sku": "SKU-6825F2B0213EF202C0FD1ED5-SIZE-M-COLOR-BE EGRET",
  "quantity": 0,
  "options": {
    "SIZE": "M",
    "COLOR": "Be Egret"
  },
  "product_allow_buy_when_clocked": false,
  "product_exclude_discount": false,
  "product_apply_allowance_inventory": false,
  "pending": 0,
  "product_visibility": true,
  "is_delete": false,
  "is_lock": false,
  "createAt": {
    "$date": "2025-05-15T13:57:06.461Z"
  },
  "updateAt": {
    "$date": "2025-05-15T13:57:06.461Z"
  },
  "_class": "com.lamnguyen.inventory_service.model.VariantProduct"
},
{
  "_id": "6825f2b21bd0a01c950ab7d6",
  "product_id": "6825f2b0213ef202c0fd1ed5",
  "title": "L-Be Egret",
  "regular_price": 399000,
  "compare_price": 399000,
  "sku": "SKU-6825F2B0213EF202C0FD1ED5-SIZE-L-COLOR-BE EGRET",
  "quantity": 0,
  "options": {
    "SIZE": "L",
    "COLOR": "Be Egret"
  },
  "product_allow_buy_when_clocked": false,
  "product_exclude_discount": false,
  "product_apply_allowance_inventory": false,
  "pending": 0,
  "product_visibility": true,
  "is_delete": false,
  "is_lock": false,
  "createAt": {
    "$date": "2025-05-15T13:57:06.564Z"
  },
  "updateAt": {
    "$date": "2025-05-15T13:57:06.564Z"
  },
  "_class": "com.lamnguyen.inventory_service.model.VariantProduct"
},
{
  "_id": "6825f2b21bd0a01c950ab7d7",
  "product_id": "6825f2b0213ef202c0fd1ed5",
  "title": "XL-Be Egret",
  "regular_price": 399000,
  "compare_price": 399000,
  "sku": "SKU-6825F2B0213EF202C0FD1ED5-SIZE-XL-COLOR-BE EGRET",
  "quantity": 0,
  "options": {
    "SIZE": "XL",
    "COLOR": "Be Egret"
  },
  "product_allow_buy_when_clocked": false,
  "product_exclude_discount": false,
  "product_apply_allowance_inventory": false,
  "pending": 0,
  "product_visibility": true,
  "is_delete": false,
  "is_lock": false,
  "createAt": {
    "$date": "2025-05-15T13:57:06.657Z"
  },
  "updateAt": {
    "$date": "2025-05-15T13:57:06.657Z"
  },
  "_class": "com.lamnguyen.inventory_service.model.VariantProduct"
},
{
  "_id": "6825f2b21bd0a01c950ab7d8",
  "product_id": "6825f2b0213ef202c0fd1ed5",
  "title": "XS-Đen",
  "regular_price": 399000,
  "compare_price": 399000,
  "sku": "SKU-6825F2B0213EF202C0FD1ED5-SIZE-XS-COLOR-ĐEN",
  "quantity": 0,
  "options": {
    "SIZE": "XS",
    "COLOR": "Đen"
  },
  "product_allow_buy_when_clocked": false,
  "product_exclude_discount": false,
  "product_apply_allowance_inventory": false,
  "pending": 0,
  "product_visibility": true,
  "is_delete": false,
  "is_lock": false,
  "createAt": {
    "$date": "2025-05-15T13:57:06.743Z"
  },
  "updateAt": {
    "$date": "2025-05-15T13:57:06.743Z"
  },
  "_class": "com.lamnguyen.inventory_service.model.VariantProduct"
},
{
  "_id": "6825f2b21bd0a01c950ab7d9",
  "product_id": "6825f2b0213ef202c0fd1ed5",
  "title": "S-Đen",
  "regular_price": 399000,
  "compare_price": 399000,
  "sku": "SKU-6825F2B0213EF202C0FD1ED5-SIZE-S-COLOR-ĐEN",
  "quantity": 0,
  "options": {
    "SIZE": "S",
    "COLOR": "Đen"
  },
  "product_allow_buy_when_clocked": false,
  "product_exclude_discount": false,
  "product_apply_allowance_inventory": false,
  "pending": 0,
  "product_visibility": true,
  "is_delete": false,
  "is_lock": false,
  "createAt": {
    "$date": "2025-05-15T13:57:06.838Z"
  },
  "updateAt": {
    "$date": "2025-05-15T13:57:06.838Z"
  },
  "_class": "com.lamnguyen.inventory_service.model.VariantProduct"
},
{
  "_id": "6825f2b21bd0a01c950ab7da",
  "product_id": "6825f2b0213ef202c0fd1ed5",
  "title": "M-Đen",
  "regular_price": 399000,
  "compare_price": 399000,
  "sku": "SKU-6825F2B0213EF202C0FD1ED5-SIZE-M-COLOR-ĐEN",
  "quantity": 0,
  "options": {
    "SIZE": "M",
    "COLOR": "Đen"
  },
  "product_allow_buy_when_clocked": false,
  "product_exclude_discount": false,
  "product_apply_allowance_inventory": false,
  "pending": 0,
  "product_visibility": true,
  "is_delete": false,
  "is_lock": false,
  "createAt": {
    "$date": "2025-05-15T13:57:06.937Z"
  },
  "updateAt": {
    "$date": "2025-05-15T13:57:06.937Z"
  },
  "_class": "com.lamnguyen.inventory_service.model.VariantProduct"
},
{
  "_id": "6825f2b31bd0a01c950ab7db",
  "product_id": "6825f2b0213ef202c0fd1ed5",
  "title": "L-Đen",
  "regular_price": 399000,
  "compare_price": 399000,
  "sku": "SKU-6825F2B0213EF202C0FD1ED5-SIZE-L-COLOR-ĐEN",
  "quantity": 0,
  "options": {
    "SIZE": "L",
    "COLOR": "Đen"
  },
  "product_allow_buy_when_clocked": false,
  "product_exclude_discount": false,
  "product_apply_allowance_inventory": false,
  "pending": 0,
  "product_visibility": true,
  "is_delete": false,
  "is_lock": false,
  "createAt": {
    "$date": "2025-05-15T13:57:07.070Z"
  },
  "updateAt": {
    "$date": "2025-05-15T13:57:07.070Z"
  },
  "_class": "com.lamnguyen.inventory_service.model.VariantProduct"
},
{
  "_id": "6825f2b31bd0a01c950ab7dc",
  "product_id": "6825f2b0213ef202c0fd1ed5",
  "title": "XL-Đen",
  "regular_price": 399000,
  "compare_price": 399000,
  "sku": "SKU-6825F2B0213EF202C0FD1ED5-SIZE-XL-COLOR-ĐEN",
  "quantity": 0,
  "options": {
    "SIZE": "XL",
    "COLOR": "Đen"
  },
  "product_allow_buy_when_clocked": false,
  "product_exclude_discount": false,
  "product_apply_allowance_inventory": false,
  "pending": 0,
  "product_visibility": true,
  "is_delete": false,
  "is_lock": false,
  "createAt": {
    "$date": "2025-05-15T13:57:07.192Z"
  },
  "updateAt": {
    "$date": "2025-05-15T13:57:07.192Z"
  },
  "_class": "com.lamnguyen.inventory_service.model.VariantProduct"
},
{
  "_id": "6825f2b91bd0a01c950ab7dd",
  "product_id": "6825f2b9213ef202c0fd1ed6",
  "title": "XS-Be Erget",
  "regular_price": 399000,
  "compare_price": 399000,
  "sku": "SKU-6825F2B9213EF202C0FD1ED6-SIZE-XS-COLOR-BE ERGET",
  "quantity": 0,
  "options": {
    "SIZE": "XS",
    "COLOR": "Be Erget"
  },
  "product_allow_buy_when_clocked": false,
  "product_exclude_discount": false,
  "product_apply_allowance_inventory": false,
  "pending": 0,
  "product_visibility": true,
  "is_delete": false,
  "is_lock": false,
  "createAt": {
    "$date": "2025-05-15T13:57:13.343Z"
  },
  "updateAt": {
    "$date": "2025-05-15T13:57:13.343Z"
  },
  "_class": "com.lamnguyen.inventory_service.model.VariantProduct"
},
{
  "_id": "6825f2b91bd0a01c950ab7de",
  "product_id": "6825f2b9213ef202c0fd1ed6",
  "title": "S-Be Erget",
  "regular_price": 399000,
  "compare_price": 399000,
  "sku": "SKU-6825F2B9213EF202C0FD1ED6-SIZE-S-COLOR-BE ERGET",
  "quantity": 0,
  "options": {
    "SIZE": "S",
    "COLOR": "Be Erget"
  },
  "product_allow_buy_when_clocked": false,
  "product_exclude_discount": false,
  "product_apply_allowance_inventory": false,
  "pending": 0,
  "product_visibility": true,
  "is_delete": false,
  "is_lock": false,
  "createAt": {
    "$date": "2025-05-15T13:57:13.466Z"
  },
  "updateAt": {
    "$date": "2025-05-15T13:57:13.466Z"
  },
  "_class": "com.lamnguyen.inventory_service.model.VariantProduct"
},
{
  "_id": "6825f2b91bd0a01c950ab7df",
  "product_id": "6825f2b9213ef202c0fd1ed6",
  "title": "M-Be Erget",
  "regular_price": 399000,
  "compare_price": 399000,
  "sku": "SKU-6825F2B9213EF202C0FD1ED6-SIZE-M-COLOR-BE ERGET",
  "quantity": 0,
  "options": {
    "SIZE": "M",
    "COLOR": "Be Erget"
  },
  "product_allow_buy_when_clocked": false,
  "product_exclude_discount": false,
  "product_apply_allowance_inventory": false,
  "pending": 0,
  "product_visibility": true,
  "is_delete": false,
  "is_lock": false,
  "createAt": {
    "$date": "2025-05-15T13:57:13.575Z"
  },
  "updateAt": {
    "$date": "2025-05-15T13:57:13.575Z"
  },
  "_class": "com.lamnguyen.inventory_service.model.VariantProduct"
},
{
  "_id": "6825f2b91bd0a01c950ab7e0",
  "product_id": "6825f2b9213ef202c0fd1ed6",
  "title": "L-Be Erget",
  "regular_price": 399000,
  "compare_price": 399000,
  "sku": "SKU-6825F2B9213EF202C0FD1ED6-SIZE-L-COLOR-BE ERGET",
  "quantity": 0,
  "options": {
    "SIZE": "L",
    "COLOR": "Be Erget"
  },
  "product_allow_buy_when_clocked": false,
  "product_exclude_discount": false,
  "product_apply_allowance_inventory": false,
  "pending": 0,
  "product_visibility": true,
  "is_delete": false,
  "is_lock": false,
  "createAt": {
    "$date": "2025-05-15T13:57:13.669Z"
  },
  "updateAt": {
    "$date": "2025-05-15T13:57:13.669Z"
  },
  "_class": "com.lamnguyen.inventory_service.model.VariantProduct"
},
{
  "_id": "6825f2b91bd0a01c950ab7e1",
  "product_id": "6825f2b9213ef202c0fd1ed6",
  "title": "XL-Be Erget",
  "regular_price": 399000,
  "compare_price": 399000,
  "sku": "SKU-6825F2B9213EF202C0FD1ED6-SIZE-XL-COLOR-BE ERGET",
  "quantity": 0,
  "options": {
    "SIZE": "XL",
    "COLOR": "Be Erget"
  },
  "product_allow_buy_when_clocked": false,
  "product_exclude_discount": false,
  "product_apply_allowance_inventory": false,
  "pending": 0,
  "product_visibility": true,
  "is_delete": false,
  "is_lock": false,
  "createAt": {
    "$date": "2025-05-15T13:57:13.755Z"
  },
  "updateAt": {
    "$date": "2025-05-15T13:57:13.755Z"
  },
  "_class": "com.lamnguyen.inventory_service.model.VariantProduct"
},
{
  "_id": "6825f2b91bd0a01c950ab7e2",
  "product_id": "6825f2b9213ef202c0fd1ed6",
  "title": "XS-Nâu Mocha",
  "regular_price": 399000,
  "compare_price": 399000,
  "sku": "SKU-6825F2B9213EF202C0FD1ED6-SIZE-XS-COLOR-NÂU MOCHA",
  "quantity": 0,
  "options": {
    "SIZE": "XS",
    "COLOR": "Nâu Mocha"
  },
  "product_allow_buy_when_clocked": false,
  "product_exclude_discount": false,
  "product_apply_allowance_inventory": false,
  "pending": 0,
  "product_visibility": true,
  "is_delete": false,
  "is_lock": false,
  "createAt": {
    "$date": "2025-05-15T13:57:13.856Z"
  },
  "updateAt": {
    "$date": "2025-05-15T13:57:13.856Z"
  },
  "_class": "com.lamnguyen.inventory_service.model.VariantProduct"
},
{
  "_id": "6825f2b91bd0a01c950ab7e3",
  "product_id": "6825f2b9213ef202c0fd1ed6",
  "title": "S-Nâu Mocha",
  "regular_price": 399000,
  "compare_price": 399000,
  "sku": "SKU-6825F2B9213EF202C0FD1ED6-SIZE-S-COLOR-NÂU MOCHA",
  "quantity": 0,
  "options": {
    "SIZE": "S",
    "COLOR": "Nâu Mocha"
  },
  "product_allow_buy_when_clocked": false,
  "product_exclude_discount": false,
  "product_apply_allowance_inventory": false,
  "pending": 0,
  "product_visibility": true,
  "is_delete": false,
  "is_lock": false,
  "createAt": {
    "$date": "2025-05-15T13:57:13.958Z"
  },
  "updateAt": {
    "$date": "2025-05-15T13:57:13.958Z"
  },
  "_class": "com.lamnguyen.inventory_service.model.VariantProduct"
},
{
  "_id": "6825f2ba1bd0a01c950ab7e4",
  "product_id": "6825f2b9213ef202c0fd1ed6",
  "title": "M-Nâu Mocha",
  "regular_price": 399000,
  "compare_price": 399000,
  "sku": "SKU-6825F2B9213EF202C0FD1ED6-SIZE-M-COLOR-NÂU MOCHA",
  "quantity": 0,
  "options": {
    "SIZE": "M",
    "COLOR": "Nâu Mocha"
  },
  "product_allow_buy_when_clocked": false,
  "product_exclude_discount": false,
  "product_apply_allowance_inventory": false,
  "pending": 0,
  "product_visibility": true,
  "is_delete": false,
  "is_lock": false,
  "createAt": {
    "$date": "2025-05-15T13:57:14.084Z"
  },
  "updateAt": {
    "$date": "2025-05-15T13:57:14.084Z"
  },
  "_class": "com.lamnguyen.inventory_service.model.VariantProduct"
},
{
  "_id": "6825f2ba1bd0a01c950ab7e5",
  "product_id": "6825f2b9213ef202c0fd1ed6",
  "title": "L-Nâu Mocha",
  "regular_price": 399000,
  "compare_price": 399000,
  "sku": "SKU-6825F2B9213EF202C0FD1ED6-SIZE-L-COLOR-NÂU MOCHA",
  "quantity": 0,
  "options": {
    "SIZE": "L",
    "COLOR": "Nâu Mocha"
  },
  "product_allow_buy_when_clocked": false,
  "product_exclude_discount": false,
  "product_apply_allowance_inventory": false,
  "pending": 0,
  "product_visibility": true,
  "is_delete": false,
  "is_lock": false,
  "createAt": {
    "$date": "2025-05-15T13:57:14.209Z"
  },
  "updateAt": {
    "$date": "2025-05-15T13:57:14.209Z"
  },
  "_class": "com.lamnguyen.inventory_service.model.VariantProduct"
},
{
  "_id": "6825f2ba1bd0a01c950ab7e6",
  "product_id": "6825f2b9213ef202c0fd1ed6",
  "title": "XL-Nâu Mocha",
  "regular_price": 399000,
  "compare_price": 399000,
  "sku": "SKU-6825F2B9213EF202C0FD1ED6-SIZE-XL-COLOR-NÂU MOCHA",
  "quantity": 0,
  "options": {
    "SIZE": "XL",
    "COLOR": "Nâu Mocha"
  },
  "product_allow_buy_when_clocked": false,
  "product_exclude_discount": false,
  "product_apply_allowance_inventory": false,
  "pending": 0,
  "product_visibility": true,
  "is_delete": false,
  "is_lock": false,
  "createAt": {
    "$date": "2025-05-15T13:57:14.304Z"
  },
  "updateAt": {
    "$date": "2025-05-15T13:57:14.304Z"
  },
  "_class": "com.lamnguyen.inventory_service.model.VariantProduct"
},
{
  "_id": "6825f2ba1bd0a01c950ab7e7",
  "product_id": "6825f2b9213ef202c0fd1ed6",
  "title": "XS-Đen",
  "regular_price": 399000,
  "compare_price": 399000,
  "sku": "SKU-6825F2B9213EF202C0FD1ED6-SIZE-XS-COLOR-ĐEN",
  "quantity": 0,
  "options": {
    "SIZE": "XS",
    "COLOR": "Đen"
  },
  "product_allow_buy_when_clocked": false,
  "product_exclude_discount": false,
  "product_apply_allowance_inventory": false,
  "pending": 0,
  "product_visibility": true,
  "is_delete": false,
  "is_lock": false,
  "createAt": {
    "$date": "2025-05-15T13:57:14.421Z"
  },
  "updateAt": {
    "$date": "2025-05-15T13:57:14.421Z"
  },
  "_class": "com.lamnguyen.inventory_service.model.VariantProduct"
},
{
  "_id": "6825f2ba1bd0a01c950ab7e8",
  "product_id": "6825f2b9213ef202c0fd1ed6",
  "title": "S-Đen",
  "regular_price": 399000,
  "compare_price": 399000,
  "sku": "SKU-6825F2B9213EF202C0FD1ED6-SIZE-S-COLOR-ĐEN",
  "quantity": 0,
  "options": {
    "SIZE": "S",
    "COLOR": "Đen"
  },
  "product_allow_buy_when_clocked": false,
  "product_exclude_discount": false,
  "product_apply_allowance_inventory": false,
  "pending": 0,
  "product_visibility": true,
  "is_delete": false,
  "is_lock": false,
  "createAt": {
    "$date": "2025-05-15T13:57:14.522Z"
  },
  "updateAt": {
    "$date": "2025-05-15T13:57:14.522Z"
  },
  "_class": "com.lamnguyen.inventory_service.model.VariantProduct"
},
{
  "_id": "6825f2ba1bd0a01c950ab7e9",
  "product_id": "6825f2b9213ef202c0fd1ed6",
  "title": "M-Đen",
  "regular_price": 399000,
  "compare_price": 399000,
  "sku": "SKU-6825F2B9213EF202C0FD1ED6-SIZE-M-COLOR-ĐEN",
  "quantity": 0,
  "options": {
    "SIZE": "M",
    "COLOR": "Đen"
  },
  "product_allow_buy_when_clocked": false,
  "product_exclude_discount": false,
  "product_apply_allowance_inventory": false,
  "pending": 0,
  "product_visibility": true,
  "is_delete": false,
  "is_lock": false,
  "createAt": {
    "$date": "2025-05-15T13:57:14.669Z"
  },
  "updateAt": {
    "$date": "2025-05-15T13:57:14.669Z"
  },
  "_class": "com.lamnguyen.inventory_service.model.VariantProduct"
},
{
  "_id": "6825f2ba1bd0a01c950ab7ea",
  "product_id": "6825f2b9213ef202c0fd1ed6",
  "title": "L-Đen",
  "regular_price": 399000,
  "compare_price": 399000,
  "sku": "SKU-6825F2B9213EF202C0FD1ED6-SIZE-L-COLOR-ĐEN",
  "quantity": 0,
  "options": {
    "SIZE": "L",
    "COLOR": "Đen"
  },
  "product_allow_buy_when_clocked": false,
  "product_exclude_discount": false,
  "product_apply_allowance_inventory": false,
  "pending": 0,
  "product_visibility": true,
  "is_delete": false,
  "is_lock": false,
  "createAt": {
    "$date": "2025-05-15T13:57:14.781Z"
  },
  "updateAt": {
    "$date": "2025-05-15T13:57:14.781Z"
  },
  "_class": "com.lamnguyen.inventory_service.model.VariantProduct"
},
{
  "_id": "6825f2ba1bd0a01c950ab7eb",
  "product_id": "6825f2b9213ef202c0fd1ed6",
  "title": "XL-Đen",
  "regular_price": 399000,
  "compare_price": 399000,
  "sku": "SKU-6825F2B9213EF202C0FD1ED6-SIZE-XL-COLOR-ĐEN",
  "quantity": 0,
  "options": {
    "SIZE": "XL",
    "COLOR": "Đen"
  },
  "product_allow_buy_when_clocked": false,
  "product_exclude_discount": false,
  "product_apply_allowance_inventory": false,
  "pending": 0,
  "product_visibility": true,
  "is_delete": false,
  "is_lock": false,
  "createAt": {
    "$date": "2025-05-15T13:57:14.870Z"
  },
  "updateAt": {
    "$date": "2025-05-15T13:57:14.870Z"
  },
  "_class": "com.lamnguyen.inventory_service.model.VariantProduct"
},
{
  "_id": "6825f2c11bd0a01c950ab7ec",
  "product_id": "6825f2c1213ef202c0fd1ed7",
  "title": "XS-Nâu Mocha",
  "regular_price": 269000,
  "compare_price": 299000,
  "sku": "SKU-6825F2C1213EF202C0FD1ED7-SIZE-XS-COLOR-NÂU MOCHA",
  "quantity": 0,
  "options": {
    "SIZE": "XS",
    "COLOR": "Nâu Mocha"
  },
  "product_allow_buy_when_clocked": false,
  "product_exclude_discount": false,
  "product_apply_allowance_inventory": false,
  "pending": 0,
  "product_visibility": true,
  "is_delete": false,
  "is_lock": false,
  "createAt": {
    "$date": "2025-05-15T13:57:21.976Z"
  },
  "updateAt": {
    "$date": "2025-05-15T13:57:21.976Z"
  },
  "_class": "com.lamnguyen.inventory_service.model.VariantProduct"
},
{
  "_id": "6825f2c21bd0a01c950ab7ed",
  "product_id": "6825f2c1213ef202c0fd1ed7",
  "title": "S-Nâu Mocha",
  "regular_price": 269000,
  "compare_price": 299000,
  "sku": "SKU-6825F2C1213EF202C0FD1ED7-SIZE-S-COLOR-NÂU MOCHA",
  "quantity": 0,
  "options": {
    "SIZE": "S",
    "COLOR": "Nâu Mocha"
  },
  "product_allow_buy_when_clocked": false,
  "product_exclude_discount": false,
  "product_apply_allowance_inventory": false,
  "pending": 0,
  "product_visibility": true,
  "is_delete": false,
  "is_lock": false,
  "createAt": {
    "$date": "2025-05-15T13:57:22.061Z"
  },
  "updateAt": {
    "$date": "2025-05-15T13:57:22.061Z"
  },
  "_class": "com.lamnguyen.inventory_service.model.VariantProduct"
},
{
  "_id": "6825f2c21bd0a01c950ab7ee",
  "product_id": "6825f2c1213ef202c0fd1ed7",
  "title": "M-Nâu Mocha",
  "regular_price": 269000,
  "compare_price": 299000,
  "sku": "SKU-6825F2C1213EF202C0FD1ED7-SIZE-M-COLOR-NÂU MOCHA",
  "quantity": 0,
  "options": {
    "SIZE": "M",
    "COLOR": "Nâu Mocha"
  },
  "product_allow_buy_when_clocked": false,
  "product_exclude_discount": false,
  "product_apply_allowance_inventory": false,
  "pending": 0,
  "product_visibility": true,
  "is_delete": false,
  "is_lock": false,
  "createAt": {
    "$date": "2025-05-15T13:57:22.182Z"
  },
  "updateAt": {
    "$date": "2025-05-15T13:57:22.182Z"
  },
  "_class": "com.lamnguyen.inventory_service.model.VariantProduct"
},
{
  "_id": "6825f2c21bd0a01c950ab7ef",
  "product_id": "6825f2c1213ef202c0fd1ed7",
  "title": "L-Nâu Mocha",
  "regular_price": 269000,
  "compare_price": 299000,
  "sku": "SKU-6825F2C1213EF202C0FD1ED7-SIZE-L-COLOR-NÂU MOCHA",
  "quantity": 0,
  "options": {
    "SIZE": "L",
    "COLOR": "Nâu Mocha"
  },
  "product_allow_buy_when_clocked": false,
  "product_exclude_discount": false,
  "product_apply_allowance_inventory": false,
  "pending": 0,
  "product_visibility": true,
  "is_delete": false,
  "is_lock": false,
  "createAt": {
    "$date": "2025-05-15T13:57:22.312Z"
  },
  "updateAt": {
    "$date": "2025-05-15T13:57:22.312Z"
  },
  "_class": "com.lamnguyen.inventory_service.model.VariantProduct"
},
{
  "_id": "6825f2c21bd0a01c950ab7f0",
  "product_id": "6825f2c1213ef202c0fd1ed7",
  "title": "XL-Nâu Mocha",
  "regular_price": 269000,
  "compare_price": 299000,
  "sku": "SKU-6825F2C1213EF202C0FD1ED7-SIZE-XL-COLOR-NÂU MOCHA",
  "quantity": 0,
  "options": {
    "SIZE": "XL",
    "COLOR": "Nâu Mocha"
  },
  "product_allow_buy_when_clocked": false,
  "product_exclude_discount": false,
  "product_apply_allowance_inventory": false,
  "pending": 0,
  "product_visibility": true,
  "is_delete": false,
  "is_lock": false,
  "createAt": {
    "$date": "2025-05-15T13:57:22.493Z"
  },
  "updateAt": {
    "$date": "2025-05-15T13:57:22.493Z"
  },
  "_class": "com.lamnguyen.inventory_service.model.VariantProduct"
},
{
  "_id": "6825f2c21bd0a01c950ab7f1",
  "product_id": "6825f2c1213ef202c0fd1ed7",
  "title": "XS-Be Egret",
  "regular_price": 269000,
  "compare_price": 299000,
  "sku": "SKU-6825F2C1213EF202C0FD1ED7-SIZE-XS-COLOR-BE EGRET",
  "quantity": 0,
  "options": {
    "SIZE": "XS",
    "COLOR": "Be Egret"
  },
  "product_allow_buy_when_clocked": false,
  "product_exclude_discount": false,
  "product_apply_allowance_inventory": false,
  "pending": 0,
  "product_visibility": true,
  "is_delete": false,
  "is_lock": false,
  "createAt": {
    "$date": "2025-05-15T13:57:22.621Z"
  },
  "updateAt": {
    "$date": "2025-05-15T13:57:22.621Z"
  },
  "_class": "com.lamnguyen.inventory_service.model.VariantProduct"
},
{
  "_id": "6825f2c21bd0a01c950ab7f2",
  "product_id": "6825f2c1213ef202c0fd1ed7",
  "title": "S-Be Egret",
  "regular_price": 269000,
  "compare_price": 299000,
  "sku": "SKU-6825F2C1213EF202C0FD1ED7-SIZE-S-COLOR-BE EGRET",
  "quantity": 0,
  "options": {
    "SIZE": "S",
    "COLOR": "Be Egret"
  },
  "product_allow_buy_when_clocked": false,
  "product_exclude_discount": false,
  "product_apply_allowance_inventory": false,
  "pending": 0,
  "product_visibility": true,
  "is_delete": false,
  "is_lock": false,
  "createAt": {
    "$date": "2025-05-15T13:57:22.715Z"
  },
  "updateAt": {
    "$date": "2025-05-15T13:57:22.715Z"
  },
  "_class": "com.lamnguyen.inventory_service.model.VariantProduct"
},
{
  "_id": "6825f2c21bd0a01c950ab7f3",
  "product_id": "6825f2c1213ef202c0fd1ed7",
  "title": "M-Be Egret",
  "regular_price": 269000,
  "compare_price": 299000,
  "sku": "SKU-6825F2C1213EF202C0FD1ED7-SIZE-M-COLOR-BE EGRET",
  "quantity": 0,
  "options": {
    "SIZE": "M",
    "COLOR": "Be Egret"
  },
  "product_allow_buy_when_clocked": false,
  "product_exclude_discount": false,
  "product_apply_allowance_inventory": false,
  "pending": 0,
  "product_visibility": true,
  "is_delete": false,
  "is_lock": false,
  "createAt": {
    "$date": "2025-05-15T13:57:22.852Z"
  },
  "updateAt": {
    "$date": "2025-05-15T13:57:22.852Z"
  },
  "_class": "com.lamnguyen.inventory_service.model.VariantProduct"
},
{
  "_id": "6825f2c21bd0a01c950ab7f4",
  "product_id": "6825f2c1213ef202c0fd1ed7",
  "title": "L-Be Egret",
  "regular_price": 269000,
  "compare_price": 299000,
  "sku": "SKU-6825F2C1213EF202C0FD1ED7-SIZE-L-COLOR-BE EGRET",
  "quantity": 0,
  "options": {
    "SIZE": "L",
    "COLOR": "Be Egret"
  },
  "product_allow_buy_when_clocked": false,
  "product_exclude_discount": false,
  "product_apply_allowance_inventory": false,
  "pending": 0,
  "product_visibility": true,
  "is_delete": false,
  "is_lock": false,
  "createAt": {
    "$date": "2025-05-15T13:57:22.962Z"
  },
  "updateAt": {
    "$date": "2025-05-15T13:57:22.962Z"
  },
  "_class": "com.lamnguyen.inventory_service.model.VariantProduct"
},
{
  "_id": "6825f2c31bd0a01c950ab7f5",
  "product_id": "6825f2c1213ef202c0fd1ed7",
  "title": "XL-Be Egret",
  "regular_price": 269000,
  "compare_price": 299000,
  "sku": "SKU-6825F2C1213EF202C0FD1ED7-SIZE-XL-COLOR-BE EGRET",
  "quantity": 0,
  "options": {
    "SIZE": "XL",
    "COLOR": "Be Egret"
  },
  "product_allow_buy_when_clocked": false,
  "product_exclude_discount": false,
  "product_apply_allowance_inventory": false,
  "pending": 0,
  "product_visibility": true,
  "is_delete": false,
  "is_lock": false,
  "createAt": {
    "$date": "2025-05-15T13:57:23.081Z"
  },
  "updateAt": {
    "$date": "2025-05-15T13:57:23.081Z"
  },
  "_class": "com.lamnguyen.inventory_service.model.VariantProduct"
},
{
  "_id": "6825f2c31bd0a01c950ab7f6",
  "product_id": "6825f2c1213ef202c0fd1ed7",
  "title": "XS-Đen",
  "regular_price": 269000,
  "compare_price": 299000,
  "sku": "SKU-6825F2C1213EF202C0FD1ED7-SIZE-XS-COLOR-ĐEN",
  "quantity": 0,
  "options": {
    "SIZE": "XS",
    "COLOR": "Đen"
  },
  "product_allow_buy_when_clocked": false,
  "product_exclude_discount": false,
  "product_apply_allowance_inventory": false,
  "pending": 0,
  "product_visibility": true,
  "is_delete": false,
  "is_lock": false,
  "createAt": {
    "$date": "2025-05-15T13:57:23.182Z"
  },
  "updateAt": {
    "$date": "2025-05-15T13:57:23.182Z"
  },
  "_class": "com.lamnguyen.inventory_service.model.VariantProduct"
},
{
  "_id": "6825f2c31bd0a01c950ab7f7",
  "product_id": "6825f2c1213ef202c0fd1ed7",
  "title": "S-Đen",
  "regular_price": 269000,
  "compare_price": 299000,
  "sku": "SKU-6825F2C1213EF202C0FD1ED7-SIZE-S-COLOR-ĐEN",
  "quantity": 0,
  "options": {
    "SIZE": "S",
    "COLOR": "Đen"
  },
  "product_allow_buy_when_clocked": false,
  "product_exclude_discount": false,
  "product_apply_allowance_inventory": false,
  "pending": 0,
  "product_visibility": true,
  "is_delete": false,
  "is_lock": false,
  "createAt": {
    "$date": "2025-05-15T13:57:23.281Z"
  },
  "updateAt": {
    "$date": "2025-05-15T13:57:23.281Z"
  },
  "_class": "com.lamnguyen.inventory_service.model.VariantProduct"
},
{
  "_id": "6825f2c31bd0a01c950ab7f8",
  "product_id": "6825f2c1213ef202c0fd1ed7",
  "title": "M-Đen",
  "regular_price": 269000,
  "compare_price": 299000,
  "sku": "SKU-6825F2C1213EF202C0FD1ED7-SIZE-M-COLOR-ĐEN",
  "quantity": 0,
  "options": {
    "SIZE": "M",
    "COLOR": "Đen"
  },
  "product_allow_buy_when_clocked": false,
  "product_exclude_discount": false,
  "product_apply_allowance_inventory": false,
  "pending": 0,
  "product_visibility": true,
  "is_delete": false,
  "is_lock": false,
  "createAt": {
    "$date": "2025-05-15T13:57:23.361Z"
  },
  "updateAt": {
    "$date": "2025-05-15T13:57:23.361Z"
  },
  "_class": "com.lamnguyen.inventory_service.model.VariantProduct"
},
{
  "_id": "6825f2c31bd0a01c950ab7f9",
  "product_id": "6825f2c1213ef202c0fd1ed7",
  "title": "L-Đen",
  "regular_price": 269000,
  "compare_price": 299000,
  "sku": "SKU-6825F2C1213EF202C0FD1ED7-SIZE-L-COLOR-ĐEN",
  "quantity": 0,
  "options": {
    "SIZE": "L",
    "COLOR": "Đen"
  },
  "product_allow_buy_when_clocked": false,
  "product_exclude_discount": false,
  "product_apply_allowance_inventory": false,
  "pending": 0,
  "product_visibility": true,
  "is_delete": false,
  "is_lock": false,
  "createAt": {
    "$date": "2025-05-15T13:57:23.444Z"
  },
  "updateAt": {
    "$date": "2025-05-15T13:57:23.444Z"
  },
  "_class": "com.lamnguyen.inventory_service.model.VariantProduct"
},
{
  "_id": "6825f2c31bd0a01c950ab7fa",
  "product_id": "6825f2c1213ef202c0fd1ed7",
  "title": "XL-Đen",
  "regular_price": 269000,
  "compare_price": 299000,
  "sku": "SKU-6825F2C1213EF202C0FD1ED7-SIZE-XL-COLOR-ĐEN",
  "quantity": 0,
  "options": {
    "SIZE": "XL",
    "COLOR": "Đen"
  },
  "product_allow_buy_when_clocked": false,
  "product_exclude_discount": false,
  "product_apply_allowance_inventory": false,
  "pending": 0,
  "product_visibility": true,
  "is_delete": false,
  "is_lock": false,
  "createAt": {
    "$date": "2025-05-15T13:57:23.533Z"
  },
  "updateAt": {
    "$date": "2025-05-15T13:57:23.533Z"
  },
  "_class": "com.lamnguyen.inventory_service.model.VariantProduct"
},
{
  "_id": "6825f2cb1bd0a01c950ab7fb",
  "product_id": "6825f2cb213ef202c0fd1ed8",
  "title": "XS-Be Egret",
  "regular_price": 399000,
  "compare_price": 399000,
  "sku": "SKU-6825F2CB213EF202C0FD1ED8-SIZE-XS-COLOR-BE EGRET",
  "quantity": 0,
  "options": {
    "SIZE": "XS",
    "COLOR": "Be Egret"
  },
  "product_allow_buy_when_clocked": false,
  "product_exclude_discount": false,
  "product_apply_allowance_inventory": false,
  "pending": 0,
  "product_visibility": true,
  "is_delete": false,
  "is_lock": false,
  "createAt": {
    "$date": "2025-05-15T13:57:31.664Z"
  },
  "updateAt": {
    "$date": "2025-05-15T13:57:31.664Z"
  },
  "_class": "com.lamnguyen.inventory_service.model.VariantProduct"
},
{
  "_id": "6825f2cb1bd0a01c950ab7fc",
  "product_id": "6825f2cb213ef202c0fd1ed8",
  "title": "S-Be Egret",
  "regular_price": 399000,
  "compare_price": 399000,
  "sku": "SKU-6825F2CB213EF202C0FD1ED8-SIZE-S-COLOR-BE EGRET",
  "quantity": 0,
  "options": {
    "SIZE": "S",
    "COLOR": "Be Egret"
  },
  "product_allow_buy_when_clocked": false,
  "product_exclude_discount": false,
  "product_apply_allowance_inventory": false,
  "pending": 0,
  "product_visibility": true,
  "is_delete": false,
  "is_lock": false,
  "createAt": {
    "$date": "2025-05-15T13:57:31.745Z"
  },
  "updateAt": {
    "$date": "2025-05-15T13:57:31.745Z"
  },
  "_class": "com.lamnguyen.inventory_service.model.VariantProduct"
},
{
  "_id": "6825f2cb1bd0a01c950ab7fd",
  "product_id": "6825f2cb213ef202c0fd1ed8",
  "title": "M-Be Egret",
  "regular_price": 399000,
  "compare_price": 399000,
  "sku": "SKU-6825F2CB213EF202C0FD1ED8-SIZE-M-COLOR-BE EGRET",
  "quantity": 0,
  "options": {
    "SIZE": "M",
    "COLOR": "Be Egret"
  },
  "product_allow_buy_when_clocked": false,
  "product_exclude_discount": false,
  "product_apply_allowance_inventory": false,
  "pending": 0,
  "product_visibility": true,
  "is_delete": false,
  "is_lock": false,
  "createAt": {
    "$date": "2025-05-15T13:57:31.892Z"
  },
  "updateAt": {
    "$date": "2025-05-15T13:57:31.892Z"
  },
  "_class": "com.lamnguyen.inventory_service.model.VariantProduct"
},
{
  "_id": "6825f2cc1bd0a01c950ab7fe",
  "product_id": "6825f2cb213ef202c0fd1ed8",
  "title": "L-Be Egret",
  "regular_price": 399000,
  "compare_price": 399000,
  "sku": "SKU-6825F2CB213EF202C0FD1ED8-SIZE-L-COLOR-BE EGRET",
  "quantity": 0,
  "options": {
    "SIZE": "L",
    "COLOR": "Be Egret"
  },
  "product_allow_buy_when_clocked": false,
  "product_exclude_discount": false,
  "product_apply_allowance_inventory": false,
  "pending": 0,
  "product_visibility": true,
  "is_delete": false,
  "is_lock": false,
  "createAt": {
    "$date": "2025-05-15T13:57:32.004Z"
  },
  "updateAt": {
    "$date": "2025-05-15T13:57:32.004Z"
  },
  "_class": "com.lamnguyen.inventory_service.model.VariantProduct"
},
{
  "_id": "6825f2cc1bd0a01c950ab7ff",
  "product_id": "6825f2cb213ef202c0fd1ed8",
  "title": "XL-Be Egret",
  "regular_price": 399000,
  "compare_price": 399000,
  "sku": "SKU-6825F2CB213EF202C0FD1ED8-SIZE-XL-COLOR-BE EGRET",
  "quantity": 0,
  "options": {
    "SIZE": "XL",
    "COLOR": "Be Egret"
  },
  "product_allow_buy_when_clocked": false,
  "product_exclude_discount": false,
  "product_apply_allowance_inventory": false,
  "pending": 0,
  "product_visibility": true,
  "is_delete": false,
  "is_lock": false,
  "createAt": {
    "$date": "2025-05-15T13:57:32.128Z"
  },
  "updateAt": {
    "$date": "2025-05-15T13:57:32.128Z"
  },
  "_class": "com.lamnguyen.inventory_service.model.VariantProduct"
},
{
  "_id": "6825f2cc1bd0a01c950ab800",
  "product_id": "6825f2cb213ef202c0fd1ed8",
  "title": "XS-Tím Icelandic Blue",
  "regular_price": 399000,
  "compare_price": 399000,
  "sku": "SKU-6825F2CB213EF202C0FD1ED8-SIZE-XS-COLOR-TÍM ICELANDIC BLUE",
  "quantity": 0,
  "options": {
    "SIZE": "XS",
    "COLOR": "Tím Icelandic Blue"
  },
  "product_allow_buy_when_clocked": false,
  "product_exclude_discount": false,
  "product_apply_allowance_inventory": false,
  "pending": 0,
  "product_visibility": true,
  "is_delete": false,
  "is_lock": false,
  "createAt": {
    "$date": "2025-05-15T13:57:32.250Z"
  },
  "updateAt": {
    "$date": "2025-05-15T13:57:32.250Z"
  },
  "_class": "com.lamnguyen.inventory_service.model.VariantProduct"
},
{
  "_id": "6825f2cc1bd0a01c950ab801",
  "product_id": "6825f2cb213ef202c0fd1ed8",
  "title": "S-Tím Icelandic Blue",
  "regular_price": 399000,
  "compare_price": 399000,
  "sku": "SKU-6825F2CB213EF202C0FD1ED8-SIZE-S-COLOR-TÍM ICELANDIC BLUE",
  "quantity": 0,
  "options": {
    "SIZE": "S",
    "COLOR": "Tím Icelandic Blue"
  },
  "product_allow_buy_when_clocked": false,
  "product_exclude_discount": false,
  "product_apply_allowance_inventory": false,
  "pending": 0,
  "product_visibility": true,
  "is_delete": false,
  "is_lock": false,
  "createAt": {
    "$date": "2025-05-15T13:57:32.406Z"
  },
  "updateAt": {
    "$date": "2025-05-15T13:57:32.406Z"
  },
  "_class": "com.lamnguyen.inventory_service.model.VariantProduct"
},
{
  "_id": "6825f2cc1bd0a01c950ab802",
  "product_id": "6825f2cb213ef202c0fd1ed8",
  "title": "M-Tím Icelandic Blue",
  "regular_price": 399000,
  "compare_price": 399000,
  "sku": "SKU-6825F2CB213EF202C0FD1ED8-SIZE-M-COLOR-TÍM ICELANDIC BLUE",
  "quantity": 0,
  "options": {
    "SIZE": "M",
    "COLOR": "Tím Icelandic Blue"
  },
  "product_allow_buy_when_clocked": false,
  "product_exclude_discount": false,
  "product_apply_allowance_inventory": false,
  "pending": 0,
  "product_visibility": true,
  "is_delete": false,
  "is_lock": false,
  "createAt": {
    "$date": "2025-05-15T13:57:32.490Z"
  },
  "updateAt": {
    "$date": "2025-05-15T13:57:32.490Z"
  },
  "_class": "com.lamnguyen.inventory_service.model.VariantProduct"
},
{
  "_id": "6825f2cc1bd0a01c950ab803",
  "product_id": "6825f2cb213ef202c0fd1ed8",
  "title": "L-Tím Icelandic Blue",
  "regular_price": 399000,
  "compare_price": 399000,
  "sku": "SKU-6825F2CB213EF202C0FD1ED8-SIZE-L-COLOR-TÍM ICELANDIC BLUE",
  "quantity": 0,
  "options": {
    "SIZE": "L",
    "COLOR": "Tím Icelandic Blue"
  },
  "product_allow_buy_when_clocked": false,
  "product_exclude_discount": false,
  "product_apply_allowance_inventory": false,
  "pending": 0,
  "product_visibility": true,
  "is_delete": false,
  "is_lock": false,
  "createAt": {
    "$date": "2025-05-15T13:57:32.620Z"
  },
  "updateAt": {
    "$date": "2025-05-15T13:57:32.620Z"
  },
  "_class": "com.lamnguyen.inventory_service.model.VariantProduct"
},
{
  "_id": "6825f2cc1bd0a01c950ab804",
  "product_id": "6825f2cb213ef202c0fd1ed8",
  "title": "XL-Tím Icelandic Blue",
  "regular_price": 399000,
  "compare_price": 399000,
  "sku": "SKU-6825F2CB213EF202C0FD1ED8-SIZE-XL-COLOR-TÍM ICELANDIC BLUE",
  "quantity": 0,
  "options": {
    "SIZE": "XL",
    "COLOR": "Tím Icelandic Blue"
  },
  "product_allow_buy_when_clocked": false,
  "product_exclude_discount": false,
  "product_apply_allowance_inventory": false,
  "pending": 0,
  "product_visibility": true,
  "is_delete": false,
  "is_lock": false,
  "createAt": {
    "$date": "2025-05-15T13:57:32.704Z"
  },
  "updateAt": {
    "$date": "2025-05-15T13:57:32.704Z"
  },
  "_class": "com.lamnguyen.inventory_service.model.VariantProduct"
},
{
  "_id": "6825f2cc1bd0a01c950ab805",
  "product_id": "6825f2cb213ef202c0fd1ed8",
  "title": "XS-Đen",
  "regular_price": 399000,
  "compare_price": 399000,
  "sku": "SKU-6825F2CB213EF202C0FD1ED8-SIZE-XS-COLOR-ĐEN",
  "quantity": 0,
  "options": {
    "SIZE": "XS",
    "COLOR": "Đen"
  },
  "product_allow_buy_when_clocked": false,
  "product_exclude_discount": false,
  "product_apply_allowance_inventory": false,
  "pending": 0,
  "product_visibility": true,
  "is_delete": false,
  "is_lock": false,
  "createAt": {
    "$date": "2025-05-15T13:57:32.784Z"
  },
  "updateAt": {
    "$date": "2025-05-15T13:57:32.784Z"
  },
  "_class": "com.lamnguyen.inventory_service.model.VariantProduct"
},
{
  "_id": "6825f2cc1bd0a01c950ab806",
  "product_id": "6825f2cb213ef202c0fd1ed8",
  "title": "S-Đen",
  "regular_price": 399000,
  "compare_price": 399000,
  "sku": "SKU-6825F2CB213EF202C0FD1ED8-SIZE-S-COLOR-ĐEN",
  "quantity": 0,
  "options": {
    "SIZE": "S",
    "COLOR": "Đen"
  },
  "product_allow_buy_when_clocked": false,
  "product_exclude_discount": false,
  "product_apply_allowance_inventory": false,
  "pending": 0,
  "product_visibility": true,
  "is_delete": false,
  "is_lock": false,
  "createAt": {
    "$date": "2025-05-15T13:57:32.892Z"
  },
  "updateAt": {
    "$date": "2025-05-15T13:57:32.892Z"
  },
  "_class": "com.lamnguyen.inventory_service.model.VariantProduct"
},
{
  "_id": "6825f2cc1bd0a01c950ab807",
  "product_id": "6825f2cb213ef202c0fd1ed8",
  "title": "M-Đen",
  "regular_price": 399000,
  "compare_price": 399000,
  "sku": "SKU-6825F2CB213EF202C0FD1ED8-SIZE-M-COLOR-ĐEN",
  "quantity": 0,
  "options": {
    "SIZE": "M",
    "COLOR": "Đen"
  },
  "product_allow_buy_when_clocked": false,
  "product_exclude_discount": false,
  "product_apply_allowance_inventory": false,
  "pending": 0,
  "product_visibility": true,
  "is_delete": false,
  "is_lock": false,
  "createAt": {
    "$date": "2025-05-15T13:57:32.988Z"
  },
  "updateAt": {
    "$date": "2025-05-15T13:57:32.988Z"
  },
  "_class": "com.lamnguyen.inventory_service.model.VariantProduct"
},
{
  "_id": "6825f2cd1bd0a01c950ab808",
  "product_id": "6825f2cb213ef202c0fd1ed8",
  "title": "L-Đen",
  "regular_price": 399000,
  "compare_price": 399000,
  "sku": "SKU-6825F2CB213EF202C0FD1ED8-SIZE-L-COLOR-ĐEN",
  "quantity": 0,
  "options": {
    "SIZE": "L",
    "COLOR": "Đen"
  },
  "product_allow_buy_when_clocked": false,
  "product_exclude_discount": false,
  "product_apply_allowance_inventory": false,
  "pending": 0,
  "product_visibility": true,
  "is_delete": false,
  "is_lock": false,
  "createAt": {
    "$date": "2025-05-15T13:57:33.087Z"
  },
  "updateAt": {
    "$date": "2025-05-15T13:57:33.087Z"
  },
  "_class": "com.lamnguyen.inventory_service.model.VariantProduct"
},
{
  "_id": "6825f2cd1bd0a01c950ab809",
  "product_id": "6825f2cb213ef202c0fd1ed8",
  "title": "XL-Đen",
  "regular_price": 399000,
  "compare_price": 399000,
  "sku": "SKU-6825F2CB213EF202C0FD1ED8-SIZE-XL-COLOR-ĐEN",
  "quantity": 0,
  "options": {
    "SIZE": "XL",
    "COLOR": "Đen"
  },
  "product_allow_buy_when_clocked": false,
  "product_exclude_discount": false,
  "product_apply_allowance_inventory": false,
  "pending": 0,
  "product_visibility": true,
  "is_delete": false,
  "is_lock": false,
  "createAt": {
    "$date": "2025-05-15T13:57:33.181Z"
  },
  "updateAt": {
    "$date": "2025-05-15T13:57:33.181Z"
  },
  "_class": "com.lamnguyen.inventory_service.model.VariantProduct"
},
{
  "_id": "6825f2d61bd0a01c950ab80a",
  "product_id": "6825f2d5213ef202c0fd1ed9",
  "title": "XS-Nâu Mocha",
  "regular_price": 399000,
  "compare_price": 399000,
  "sku": "SKU-6825F2D5213EF202C0FD1ED9-SIZE-XS-COLOR-NÂU MOCHA",
  "quantity": 0,
  "options": {
    "SIZE": "XS",
    "COLOR": "Nâu Mocha"
  },
  "product_allow_buy_when_clocked": false,
  "product_exclude_discount": false,
  "product_apply_allowance_inventory": false,
  "pending": 0,
  "product_visibility": true,
  "is_delete": false,
  "is_lock": false,
  "createAt": {
    "$date": "2025-05-15T13:57:42.077Z"
  },
  "updateAt": {
    "$date": "2025-05-15T13:57:42.077Z"
  },
  "_class": "com.lamnguyen.inventory_service.model.VariantProduct"
},
{
  "_id": "6825f2d61bd0a01c950ab80b",
  "product_id": "6825f2d5213ef202c0fd1ed9",
  "title": "S-Nâu Mocha",
  "regular_price": 399000,
  "compare_price": 399000,
  "sku": "SKU-6825F2D5213EF202C0FD1ED9-SIZE-S-COLOR-NÂU MOCHA",
  "quantity": 0,
  "options": {
    "SIZE": "S",
    "COLOR": "Nâu Mocha"
  },
  "product_allow_buy_when_clocked": false,
  "product_exclude_discount": false,
  "product_apply_allowance_inventory": false,
  "pending": 0,
  "product_visibility": true,
  "is_delete": false,
  "is_lock": false,
  "createAt": {
    "$date": "2025-05-15T13:57:42.536Z"
  },
  "updateAt": {
    "$date": "2025-05-15T13:57:42.536Z"
  },
  "_class": "com.lamnguyen.inventory_service.model.VariantProduct"
},
{
  "_id": "6825f2d91bd0a01c950ab80c",
  "product_id": "6825f2d5213ef202c0fd1ed9",
  "title": "M-Nâu Mocha",
  "regular_price": 399000,
  "compare_price": 399000,
  "sku": "SKU-6825F2D5213EF202C0FD1ED9-SIZE-M-COLOR-NÂU MOCHA",
  "quantity": 0,
  "options": {
    "SIZE": "M",
    "COLOR": "Nâu Mocha"
  },
  "product_allow_buy_when_clocked": false,
  "product_exclude_discount": false,
  "product_apply_allowance_inventory": false,
  "pending": 0,
  "product_visibility": true,
  "is_delete": false,
  "is_lock": false,
  "createAt": {
    "$date": "2025-05-15T13:57:45.105Z"
  },
  "updateAt": {
    "$date": "2025-05-15T13:57:45.105Z"
  },
  "_class": "com.lamnguyen.inventory_service.model.VariantProduct"
},
{
  "_id": "6825f2d91bd0a01c950ab80d",
  "product_id": "6825f2d5213ef202c0fd1ed9",
  "title": "L-Nâu Mocha",
  "regular_price": 399000,
  "compare_price": 399000,
  "sku": "SKU-6825F2D5213EF202C0FD1ED9-SIZE-L-COLOR-NÂU MOCHA",
  "quantity": 0,
  "options": {
    "SIZE": "L",
    "COLOR": "Nâu Mocha"
  },
  "product_allow_buy_when_clocked": false,
  "product_exclude_discount": false,
  "product_apply_allowance_inventory": false,
  "pending": 0,
  "product_visibility": true,
  "is_delete": false,
  "is_lock": false,
  "createAt": {
    "$date": "2025-05-15T13:57:45.512Z"
  },
  "updateAt": {
    "$date": "2025-05-15T13:57:45.512Z"
  },
  "_class": "com.lamnguyen.inventory_service.model.VariantProduct"
},
{
  "_id": "6825f2d91bd0a01c950ab80e",
  "product_id": "6825f2d5213ef202c0fd1ed9",
  "title": "XL-Nâu Mocha",
  "regular_price": 399000,
  "compare_price": 399000,
  "sku": "SKU-6825F2D5213EF202C0FD1ED9-SIZE-XL-COLOR-NÂU MOCHA",
  "quantity": 0,
  "options": {
    "SIZE": "XL",
    "COLOR": "Nâu Mocha"
  },
  "product_allow_buy_when_clocked": false,
  "product_exclude_discount": false,
  "product_apply_allowance_inventory": false,
  "pending": 0,
  "product_visibility": true,
  "is_delete": false,
  "is_lock": false,
  "createAt": {
    "$date": "2025-05-15T13:57:45.612Z"
  },
  "updateAt": {
    "$date": "2025-05-15T13:57:45.612Z"
  },
  "_class": "com.lamnguyen.inventory_service.model.VariantProduct"
},
{
  "_id": "6825f2dc1bd0a01c950ab80f",
  "product_id": "6825f2d5213ef202c0fd1ed9",
  "title": "XS-Đen",
  "regular_price": 399000,
  "compare_price": 399000,
  "sku": "SKU-6825F2D5213EF202C0FD1ED9-SIZE-XS-COLOR-ĐEN",
  "quantity": 0,
  "options": {
    "SIZE": "XS",
    "COLOR": "Đen"
  },
  "product_allow_buy_when_clocked": false,
  "product_exclude_discount": false,
  "product_apply_allowance_inventory": false,
  "pending": 0,
  "product_visibility": true,
  "is_delete": false,
  "is_lock": false,
  "createAt": {
    "$date": "2025-05-15T13:57:48.132Z"
  },
  "updateAt": {
    "$date": "2025-05-15T13:57:48.132Z"
  },
  "_class": "com.lamnguyen.inventory_service.model.VariantProduct"
},
{
  "_id": "6825f2dc1bd0a01c950ab810",
  "product_id": "6825f2d5213ef202c0fd1ed9",
  "title": "S-Đen",
  "regular_price": 399000,
  "compare_price": 399000,
  "sku": "SKU-6825F2D5213EF202C0FD1ED9-SIZE-S-COLOR-ĐEN",
  "quantity": 0,
  "options": {
    "SIZE": "S",
    "COLOR": "Đen"
  },
  "product_allow_buy_when_clocked": false,
  "product_exclude_discount": false,
  "product_apply_allowance_inventory": false,
  "pending": 0,
  "product_visibility": true,
  "is_delete": false,
  "is_lock": false,
  "createAt": {
    "$date": "2025-05-15T13:57:48.241Z"
  },
  "updateAt": {
    "$date": "2025-05-15T13:57:48.241Z"
  },
  "_class": "com.lamnguyen.inventory_service.model.VariantProduct"
},
{
  "_id": "6825f2dc1bd0a01c950ab811",
  "product_id": "6825f2d5213ef202c0fd1ed9",
  "title": "M-Đen",
  "regular_price": 399000,
  "compare_price": 399000,
  "sku": "SKU-6825F2D5213EF202C0FD1ED9-SIZE-M-COLOR-ĐEN",
  "quantity": 0,
  "options": {
    "SIZE": "M",
    "COLOR": "Đen"
  },
  "product_allow_buy_when_clocked": false,
  "product_exclude_discount": false,
  "product_apply_allowance_inventory": false,
  "pending": 0,
  "product_visibility": true,
  "is_delete": false,
  "is_lock": false,
  "createAt": {
    "$date": "2025-05-15T13:57:48.975Z"
  },
  "updateAt": {
    "$date": "2025-05-15T13:57:48.975Z"
  },
  "_class": "com.lamnguyen.inventory_service.model.VariantProduct"
},
{
  "_id": "6825f2dd1bd0a01c950ab812",
  "product_id": "6825f2d5213ef202c0fd1ed9",
  "title": "L-Đen",
  "regular_price": 399000,
  "compare_price": 399000,
  "sku": "SKU-6825F2D5213EF202C0FD1ED9-SIZE-L-COLOR-ĐEN",
  "quantity": 0,
  "options": {
    "SIZE": "L",
    "COLOR": "Đen"
  },
  "product_allow_buy_when_clocked": false,
  "product_exclude_discount": false,
  "product_apply_allowance_inventory": false,
  "pending": 0,
  "product_visibility": true,
  "is_delete": false,
  "is_lock": false,
  "createAt": {
    "$date": "2025-05-15T13:57:49.071Z"
  },
  "updateAt": {
    "$date": "2025-05-15T13:57:49.071Z"
  },
  "_class": "com.lamnguyen.inventory_service.model.VariantProduct"
},
{
  "_id": "6825f2dd1bd0a01c950ab813",
  "product_id": "6825f2d5213ef202c0fd1ed9",
  "title": "XL-Đen",
  "regular_price": 399000,
  "compare_price": 399000,
  "sku": "SKU-6825F2D5213EF202C0FD1ED9-SIZE-XL-COLOR-ĐEN",
  "quantity": 0,
  "options": {
    "SIZE": "XL",
    "COLOR": "Đen"
  },
  "product_allow_buy_when_clocked": false,
  "product_exclude_discount": false,
  "product_apply_allowance_inventory": false,
  "pending": 0,
  "product_visibility": true,
  "is_delete": false,
  "is_lock": false,
  "createAt": {
    "$date": "2025-05-15T13:57:49.500Z"
  },
  "updateAt": {
    "$date": "2025-05-15T13:57:49.500Z"
  },
  "_class": "com.lamnguyen.inventory_service.model.VariantProduct"
},
{
  "_id": "6825f2f51bd0a01c950ab814",
  "product_id": "6825f2d5213ef202c0fd1ed9",
  "title": "XS-Tím Icelandic Blue",
  "regular_price": 399000,
  "compare_price": 399000,
  "sku": "SKU-6825F2D5213EF202C0FD1ED9-SIZE-XS-COLOR-TÍM ICELANDIC BLUE",
  "quantity": 0,
  "options": {
    "SIZE": "XS",
    "COLOR": "Tím Icelandic Blue"
  },
  "product_allow_buy_when_clocked": false,
  "product_exclude_discount": false,
  "product_apply_allowance_inventory": false,
  "pending": 0,
  "product_visibility": true,
  "is_delete": false,
  "is_lock": false,
  "createAt": {
    "$date": "2025-05-15T13:58:13.892Z"
  },
  "updateAt": {
    "$date": "2025-05-15T13:58:13.892Z"
  },
  "_class": "com.lamnguyen.inventory_service.model.VariantProduct"
},
{
  "_id": "6825f2f51bd0a01c950ab815",
  "product_id": "6825f2d5213ef202c0fd1ed9",
  "title": "S-Tím Icelandic Blue",
  "regular_price": 399000,
  "compare_price": 399000,
  "sku": "SKU-6825F2D5213EF202C0FD1ED9-SIZE-S-COLOR-TÍM ICELANDIC BLUE",
  "quantity": 0,
  "options": {
    "SIZE": "S",
    "COLOR": "Tím Icelandic Blue"
  },
  "product_allow_buy_when_clocked": false,
  "product_exclude_discount": false,
  "product_apply_allowance_inventory": false,
  "pending": 0,
  "product_visibility": true,
  "is_delete": false,
  "is_lock": false,
  "createAt": {
    "$date": "2025-05-15T13:58:13.980Z"
  },
  "updateAt": {
    "$date": "2025-05-15T13:58:13.980Z"
  },
  "_class": "com.lamnguyen.inventory_service.model.VariantProduct"
},
{
  "_id": "6825f2f61bd0a01c950ab816",
  "product_id": "6825f2d5213ef202c0fd1ed9",
  "title": "M-Tím Icelandic Blue",
  "regular_price": 399000,
  "compare_price": 399000,
  "sku": "SKU-6825F2D5213EF202C0FD1ED9-SIZE-M-COLOR-TÍM ICELANDIC BLUE",
  "quantity": 0,
  "options": {
    "SIZE": "M",
    "COLOR": "Tím Icelandic Blue"
  },
  "product_allow_buy_when_clocked": false,
  "product_exclude_discount": false,
  "product_apply_allowance_inventory": false,
  "pending": 0,
  "product_visibility": true,
  "is_delete": false,
  "is_lock": false,
  "createAt": {
    "$date": "2025-05-15T13:58:14.056Z"
  },
  "updateAt": {
    "$date": "2025-05-15T13:58:14.056Z"
  },
  "_class": "com.lamnguyen.inventory_service.model.VariantProduct"
},
{
  "_id": "6825f2f61bd0a01c950ab817",
  "product_id": "6825f2d5213ef202c0fd1ed9",
  "title": "L-Tím Icelandic Blue",
  "regular_price": 399000,
  "compare_price": 399000,
  "sku": "SKU-6825F2D5213EF202C0FD1ED9-SIZE-L-COLOR-TÍM ICELANDIC BLUE",
  "quantity": 0,
  "options": {
    "SIZE": "L",
    "COLOR": "Tím Icelandic Blue"
  },
  "product_allow_buy_when_clocked": false,
  "product_exclude_discount": false,
  "product_apply_allowance_inventory": false,
  "pending": 0,
  "product_visibility": true,
  "is_delete": false,
  "is_lock": false,
  "createAt": {
    "$date": "2025-05-15T13:58:14.154Z"
  },
  "updateAt": {
    "$date": "2025-05-15T13:58:14.154Z"
  },
  "_class": "com.lamnguyen.inventory_service.model.VariantProduct"
},
{
  "_id": "6825f2f61bd0a01c950ab818",
  "product_id": "6825f2d5213ef202c0fd1ed9",
  "title": "XL-Tím Icelandic Blue",
  "regular_price": 399000,
  "compare_price": 399000,
  "sku": "SKU-6825F2D5213EF202C0FD1ED9-SIZE-XL-COLOR-TÍM ICELANDIC BLUE",
  "quantity": 0,
  "options": {
    "SIZE": "XL",
    "COLOR": "Tím Icelandic Blue"
  },
  "product_allow_buy_when_clocked": false,
  "product_exclude_discount": false,
  "product_apply_allowance_inventory": false,
  "pending": 0,
  "product_visibility": true,
  "is_delete": false,
  "is_lock": false,
  "createAt": {
    "$date": "2025-05-15T13:58:14.252Z"
  },
  "updateAt": {
    "$date": "2025-05-15T13:58:14.252Z"
  },
  "_class": "com.lamnguyen.inventory_service.model.VariantProduct"
},
{
  "_id": "6825f2f61bd0a01c950ab819",
  "product_id": "6825f2e6213ef202c0fd1eda",
  "title": "XS-Đen",
  "regular_price": 399000,
  "compare_price": 399000,
  "sku": "SKU-6825F2E6213EF202C0FD1EDA-SIZE-XS-COLOR-ĐEN",
  "quantity": 0,
  "options": {
    "SIZE": "XS",
    "COLOR": "Đen"
  },
  "product_allow_buy_when_clocked": false,
  "product_exclude_discount": false,
  "product_apply_allowance_inventory": false,
  "pending": 0,
  "product_visibility": true,
  "is_delete": false,
  "is_lock": false,
  "createAt": {
    "$date": "2025-05-15T13:58:14.336Z"
  },
  "updateAt": {
    "$date": "2025-05-15T13:58:14.336Z"
  },
  "_class": "com.lamnguyen.inventory_service.model.VariantProduct"
},
{
  "_id": "6825f2f61bd0a01c950ab81a",
  "product_id": "6825f2e6213ef202c0fd1eda",
  "title": "S-Đen",
  "regular_price": 399000,
  "compare_price": 399000,
  "sku": "SKU-6825F2E6213EF202C0FD1EDA-SIZE-S-COLOR-ĐEN",
  "quantity": 0,
  "options": {
    "SIZE": "S",
    "COLOR": "Đen"
  },
  "product_allow_buy_when_clocked": false,
  "product_exclude_discount": false,
  "product_apply_allowance_inventory": false,
  "pending": 0,
  "product_visibility": true,
  "is_delete": false,
  "is_lock": false,
  "createAt": {
    "$date": "2025-05-15T13:58:14.394Z"
  },
  "updateAt": {
    "$date": "2025-05-15T13:58:14.394Z"
  },
  "_class": "com.lamnguyen.inventory_service.model.VariantProduct"
},
{
  "_id": "6825f2f61bd0a01c950ab81b",
  "product_id": "6825f2e6213ef202c0fd1eda",
  "title": "M-Đen",
  "regular_price": 399000,
  "compare_price": 399000,
  "sku": "SKU-6825F2E6213EF202C0FD1EDA-SIZE-M-COLOR-ĐEN",
  "quantity": 0,
  "options": {
    "SIZE": "M",
    "COLOR": "Đen"
  },
  "product_allow_buy_when_clocked": false,
  "product_exclude_discount": false,
  "product_apply_allowance_inventory": false,
  "pending": 0,
  "product_visibility": true,
  "is_delete": false,
  "is_lock": false,
  "createAt": {
    "$date": "2025-05-15T13:58:14.485Z"
  },
  "updateAt": {
    "$date": "2025-05-15T13:58:14.485Z"
  },
  "_class": "com.lamnguyen.inventory_service.model.VariantProduct"
},
{
  "_id": "6825f2f61bd0a01c950ab81c",
  "product_id": "6825f2e6213ef202c0fd1eda",
  "title": "L-Đen",
  "regular_price": 399000,
  "compare_price": 399000,
  "sku": "SKU-6825F2E6213EF202C0FD1EDA-SIZE-L-COLOR-ĐEN",
  "quantity": 0,
  "options": {
    "SIZE": "L",
    "COLOR": "Đen"
  },
  "product_allow_buy_when_clocked": false,
  "product_exclude_discount": false,
  "product_apply_allowance_inventory": false,
  "pending": 0,
  "product_visibility": true,
  "is_delete": false,
  "is_lock": false,
  "createAt": {
    "$date": "2025-05-15T13:58:14.555Z"
  },
  "updateAt": {
    "$date": "2025-05-15T13:58:14.555Z"
  },
  "_class": "com.lamnguyen.inventory_service.model.VariantProduct"
},
{
  "_id": "6825f2f61bd0a01c950ab81d",
  "product_id": "6825f2e6213ef202c0fd1eda",
  "title": "XL-Đen",
  "regular_price": 399000,
  "compare_price": 399000,
  "sku": "SKU-6825F2E6213EF202C0FD1EDA-SIZE-XL-COLOR-ĐEN",
  "quantity": 0,
  "options": {
    "SIZE": "XL",
    "COLOR": "Đen"
  },
  "product_allow_buy_when_clocked": false,
  "product_exclude_discount": false,
  "product_apply_allowance_inventory": false,
  "pending": 0,
  "product_visibility": true,
  "is_delete": false,
  "is_lock": false,
  "createAt": {
    "$date": "2025-05-15T13:58:14.631Z"
  },
  "updateAt": {
    "$date": "2025-05-15T13:58:14.631Z"
  },
  "_class": "com.lamnguyen.inventory_service.model.VariantProduct"
},
{
  "_id": "6825f2f61bd0a01c950ab81e",
  "product_id": "6825f2e6213ef202c0fd1eda",
  "title": "XS-Cam",
  "regular_price": 399000,
  "compare_price": 399000,
  "sku": "SKU-6825F2E6213EF202C0FD1EDA-SIZE-XS-COLOR-CAM",
  "quantity": 0,
  "options": {
    "SIZE": "XS",
    "COLOR": "Cam"
  },
  "product_allow_buy_when_clocked": false,
  "product_exclude_discount": false,
  "product_apply_allowance_inventory": false,
  "pending": 0,
  "product_visibility": true,
  "is_delete": false,
  "is_lock": false,
  "createAt": {
    "$date": "2025-05-15T13:58:14.705Z"
  },
  "updateAt": {
    "$date": "2025-05-15T13:58:14.705Z"
  },
  "_class": "com.lamnguyen.inventory_service.model.VariantProduct"
},
{
  "_id": "6825f2f61bd0a01c950ab81f",
  "product_id": "6825f2e6213ef202c0fd1eda",
  "title": "S-Cam",
  "regular_price": 399000,
  "compare_price": 399000,
  "sku": "SKU-6825F2E6213EF202C0FD1EDA-SIZE-S-COLOR-CAM",
  "quantity": 0,
  "options": {
    "SIZE": "S",
    "COLOR": "Cam"
  },
  "product_allow_buy_when_clocked": false,
  "product_exclude_discount": false,
  "product_apply_allowance_inventory": false,
  "pending": 0,
  "product_visibility": true,
  "is_delete": false,
  "is_lock": false,
  "createAt": {
    "$date": "2025-05-15T13:58:14.793Z"
  },
  "updateAt": {
    "$date": "2025-05-15T13:58:14.793Z"
  },
  "_class": "com.lamnguyen.inventory_service.model.VariantProduct"
},
{
  "_id": "6825f2f61bd0a01c950ab820",
  "product_id": "6825f2e6213ef202c0fd1eda",
  "title": "M-Cam",
  "regular_price": 399000,
  "compare_price": 399000,
  "sku": "SKU-6825F2E6213EF202C0FD1EDA-SIZE-M-COLOR-CAM",
  "quantity": 0,
  "options": {
    "SIZE": "M",
    "COLOR": "Cam"
  },
  "product_allow_buy_when_clocked": false,
  "product_exclude_discount": false,
  "product_apply_allowance_inventory": false,
  "pending": 0,
  "product_visibility": true,
  "is_delete": false,
  "is_lock": false,
  "createAt": {
    "$date": "2025-05-15T13:58:14.860Z"
  },
  "updateAt": {
    "$date": "2025-05-15T13:58:14.860Z"
  },
  "_class": "com.lamnguyen.inventory_service.model.VariantProduct"
},
{
  "_id": "6825f2f61bd0a01c950ab821",
  "product_id": "6825f2e6213ef202c0fd1eda",
  "title": "L-Cam",
  "regular_price": 399000,
  "compare_price": 399000,
  "sku": "SKU-6825F2E6213EF202C0FD1EDA-SIZE-L-COLOR-CAM",
  "quantity": 0,
  "options": {
    "SIZE": "L",
    "COLOR": "Cam"
  },
  "product_allow_buy_when_clocked": false,
  "product_exclude_discount": false,
  "product_apply_allowance_inventory": false,
  "pending": 0,
  "product_visibility": true,
  "is_delete": false,
  "is_lock": false,
  "createAt": {
    "$date": "2025-05-15T13:58:14.948Z"
  },
  "updateAt": {
    "$date": "2025-05-15T13:58:14.948Z"
  },
  "_class": "com.lamnguyen.inventory_service.model.VariantProduct"
},
{
  "_id": "6825f2f71bd0a01c950ab822",
  "product_id": "6825f2e6213ef202c0fd1eda",
  "title": "XL-Cam",
  "regular_price": 399000,
  "compare_price": 399000,
  "sku": "SKU-6825F2E6213EF202C0FD1EDA-SIZE-XL-COLOR-CAM",
  "quantity": 0,
  "options": {
    "SIZE": "XL",
    "COLOR": "Cam"
  },
  "product_allow_buy_when_clocked": false,
  "product_exclude_discount": false,
  "product_apply_allowance_inventory": false,
  "pending": 0,
  "product_visibility": true,
  "is_delete": false,
  "is_lock": false,
  "createAt": {
    "$date": "2025-05-15T13:58:15.014Z"
  },
  "updateAt": {
    "$date": "2025-05-15T13:58:15.014Z"
  },
  "_class": "com.lamnguyen.inventory_service.model.VariantProduct"
},
{
  "_id": "6825f2f71bd0a01c950ab823",
  "product_id": "6825f2e6213ef202c0fd1eda",
  "title": "XS-Navy",
  "regular_price": 399000,
  "compare_price": 399000,
  "sku": "SKU-6825F2E6213EF202C0FD1EDA-SIZE-XS-COLOR-NAVY",
  "quantity": 0,
  "options": {
    "SIZE": "XS",
    "COLOR": "Navy"
  },
  "product_allow_buy_when_clocked": false,
  "product_exclude_discount": false,
  "product_apply_allowance_inventory": false,
  "pending": 0,
  "product_visibility": true,
  "is_delete": false,
  "is_lock": false,
  "createAt": {
    "$date": "2025-05-15T13:58:15.101Z"
  },
  "updateAt": {
    "$date": "2025-05-15T13:58:15.101Z"
  },
  "_class": "com.lamnguyen.inventory_service.model.VariantProduct"
},
{
  "_id": "6825f2f71bd0a01c950ab824",
  "product_id": "6825f2e6213ef202c0fd1eda",
  "title": "S-Navy",
  "regular_price": 399000,
  "compare_price": 399000,
  "sku": "SKU-6825F2E6213EF202C0FD1EDA-SIZE-S-COLOR-NAVY",
  "quantity": 0,
  "options": {
    "SIZE": "S",
    "COLOR": "Navy"
  },
  "product_allow_buy_when_clocked": false,
  "product_exclude_discount": false,
  "product_apply_allowance_inventory": false,
  "pending": 0,
  "product_visibility": true,
  "is_delete": false,
  "is_lock": false,
  "createAt": {
    "$date": "2025-05-15T13:58:15.164Z"
  },
  "updateAt": {
    "$date": "2025-05-15T13:58:15.164Z"
  },
  "_class": "com.lamnguyen.inventory_service.model.VariantProduct"
},
{
  "_id": "6825f2f71bd0a01c950ab825",
  "product_id": "6825f2e6213ef202c0fd1eda",
  "title": "M-Navy",
  "regular_price": 399000,
  "compare_price": 399000,
  "sku": "SKU-6825F2E6213EF202C0FD1EDA-SIZE-M-COLOR-NAVY",
  "quantity": 0,
  "options": {
    "SIZE": "M",
    "COLOR": "Navy"
  },
  "product_allow_buy_when_clocked": false,
  "product_exclude_discount": false,
  "product_apply_allowance_inventory": false,
  "pending": 0,
  "product_visibility": true,
  "is_delete": false,
  "is_lock": false,
  "createAt": {
    "$date": "2025-05-15T13:58:15.230Z"
  },
  "updateAt": {
    "$date": "2025-05-15T13:58:15.230Z"
  },
  "_class": "com.lamnguyen.inventory_service.model.VariantProduct"
},
{
  "_id": "6825f2f71bd0a01c950ab826",
  "product_id": "6825f2e6213ef202c0fd1eda",
  "title": "L-Navy",
  "regular_price": 399000,
  "compare_price": 399000,
  "sku": "SKU-6825F2E6213EF202C0FD1EDA-SIZE-L-COLOR-NAVY",
  "quantity": 0,
  "options": {
    "SIZE": "L",
    "COLOR": "Navy"
  },
  "product_allow_buy_when_clocked": false,
  "product_exclude_discount": false,
  "product_apply_allowance_inventory": false,
  "pending": 0,
  "product_visibility": true,
  "is_delete": false,
  "is_lock": false,
  "createAt": {
    "$date": "2025-05-15T13:58:15.310Z"
  },
  "updateAt": {
    "$date": "2025-05-15T13:58:15.310Z"
  },
  "_class": "com.lamnguyen.inventory_service.model.VariantProduct"
},
{
  "_id": "6825f2f71bd0a01c950ab827",
  "product_id": "6825f2e6213ef202c0fd1eda",
  "title": "XL-Navy",
  "regular_price": 399000,
  "compare_price": 399000,
  "sku": "SKU-6825F2E6213EF202C0FD1EDA-SIZE-XL-COLOR-NAVY",
  "quantity": 0,
  "options": {
    "SIZE": "XL",
    "COLOR": "Navy"
  },
  "product_allow_buy_when_clocked": false,
  "product_exclude_discount": false,
  "product_apply_allowance_inventory": false,
  "pending": 0,
  "product_visibility": true,
  "is_delete": false,
  "is_lock": false,
  "createAt": {
    "$date": "2025-05-15T13:58:15.383Z"
  },
  "updateAt": {
    "$date": "2025-05-15T13:58:15.383Z"
  },
  "_class": "com.lamnguyen.inventory_service.model.VariantProduct"
},
{
  "_id": "6825f2f71bd0a01c950ab828",
  "product_id": "6825f2e6213ef202c0fd1eda",
  "title": "XS-Trắng",
  "regular_price": 399000,
  "compare_price": 399000,
  "sku": "SKU-6825F2E6213EF202C0FD1EDA-SIZE-XS-COLOR-TRẮNG",
  "quantity": 0,
  "options": {
    "SIZE": "XS",
    "COLOR": "Trắng"
  },
  "product_allow_buy_when_clocked": false,
  "product_exclude_discount": false,
  "product_apply_allowance_inventory": false,
  "pending": 0,
  "product_visibility": true,
  "is_delete": false,
  "is_lock": false,
  "createAt": {
    "$date": "2025-05-15T13:58:15.444Z"
  },
  "updateAt": {
    "$date": "2025-05-15T13:58:15.444Z"
  },
  "_class": "com.lamnguyen.inventory_service.model.VariantProduct"
},
{
  "_id": "6825f2f71bd0a01c950ab829",
  "product_id": "6825f2e6213ef202c0fd1eda",
  "title": "S-Trắng",
  "regular_price": 399000,
  "compare_price": 399000,
  "sku": "SKU-6825F2E6213EF202C0FD1EDA-SIZE-S-COLOR-TRẮNG",
  "quantity": 0,
  "options": {
    "SIZE": "S",
    "COLOR": "Trắng"
  },
  "product_allow_buy_when_clocked": false,
  "product_exclude_discount": false,
  "product_apply_allowance_inventory": false,
  "pending": 0,
  "product_visibility": true,
  "is_delete": false,
  "is_lock": false,
  "createAt": {
    "$date": "2025-05-15T13:58:15.512Z"
  },
  "updateAt": {
    "$date": "2025-05-15T13:58:15.512Z"
  },
  "_class": "com.lamnguyen.inventory_service.model.VariantProduct"
},
{
  "_id": "6825f2f71bd0a01c950ab82a",
  "product_id": "6825f2e6213ef202c0fd1eda",
  "title": "M-Trắng",
  "regular_price": 399000,
  "compare_price": 399000,
  "sku": "SKU-6825F2E6213EF202C0FD1EDA-SIZE-M-COLOR-TRẮNG",
  "quantity": 0,
  "options": {
    "SIZE": "M",
    "COLOR": "Trắng"
  },
  "product_allow_buy_when_clocked": false,
  "product_exclude_discount": false,
  "product_apply_allowance_inventory": false,
  "pending": 0,
  "product_visibility": true,
  "is_delete": false,
  "is_lock": false,
  "createAt": {
    "$date": "2025-05-15T13:58:15.597Z"
  },
  "updateAt": {
    "$date": "2025-05-15T13:58:15.597Z"
  },
  "_class": "com.lamnguyen.inventory_service.model.VariantProduct"
},
{
  "_id": "6825f2f71bd0a01c950ab82b",
  "product_id": "6825f2e6213ef202c0fd1eda",
  "title": "L-Trắng",
  "regular_price": 399000,
  "compare_price": 399000,
  "sku": "SKU-6825F2E6213EF202C0FD1EDA-SIZE-L-COLOR-TRẮNG",
  "quantity": 0,
  "options": {
    "SIZE": "L",
    "COLOR": "Trắng"
  },
  "product_allow_buy_when_clocked": false,
  "product_exclude_discount": false,
  "product_apply_allowance_inventory": false,
  "pending": 0,
  "product_visibility": true,
  "is_delete": false,
  "is_lock": false,
  "createAt": {
    "$date": "2025-05-15T13:58:15.663Z"
  },
  "updateAt": {
    "$date": "2025-05-15T13:58:15.663Z"
  },
  "_class": "com.lamnguyen.inventory_service.model.VariantProduct"
},
{
  "_id": "6825f2f71bd0a01c950ab82c",
  "product_id": "6825f2e6213ef202c0fd1eda",
  "title": "XL-Trắng",
  "regular_price": 399000,
  "compare_price": 399000,
  "sku": "SKU-6825F2E6213EF202C0FD1EDA-SIZE-XL-COLOR-TRẮNG",
  "quantity": 0,
  "options": {
    "SIZE": "XL",
    "COLOR": "Trắng"
  },
  "product_allow_buy_when_clocked": false,
  "product_exclude_discount": false,
  "product_apply_allowance_inventory": false,
  "pending": 0,
  "product_visibility": true,
  "is_delete": false,
  "is_lock": false,
  "createAt": {
    "$date": "2025-05-15T13:58:15.733Z"
  },
  "updateAt": {
    "$date": "2025-05-15T13:58:15.733Z"
  },
  "_class": "com.lamnguyen.inventory_service.model.VariantProduct"
}]