[{
  "_id": "682607671bd0a01c950acf13",
  "product_id": "68260767213ef202c0fd2061",
  "title": "XS-Navy",
  "regular_price": 499000,
  "compare_price": 499000,
  "sku": "SKU-68260767213EF202C0FD2061-SIZE-XS-COLOR-NAVY",
  "quantity": 0,
  "options": {
    "SIZE": "XS",
    "COLOR": "Navy"
  },
  "product_allow_buy_when_clocked": false,
  "product_exclude_discount": false,
  "product_apply_allowance_inventory": false,
  "pending": 0,
  "product_visibility": true,
  "is_delete": false,
  "is_lock": false,
  "createAt": {
    "$date": "2025-05-15T15:25:27.296Z"
  },
  "updateAt": {
    "$date": "2025-05-15T15:25:27.296Z"
  },
  "_class": "com.lamnguyen.inventory_service.model.VariantProduct"
},
{
  "_id": "682607671bd0a01c950acf14",
  "product_id": "68260767213ef202c0fd2061",
  "title": "S-Navy",
  "regular_price": 499000,
  "compare_price": 499000,
  "sku": "SKU-68260767213EF202C0FD2061-SIZE-S-COLOR-NAVY",
  "quantity": 0,
  "options": {
    "SIZE": "S",
    "COLOR": "Navy"
  },
  "product_allow_buy_when_clocked": false,
  "product_exclude_discount": false,
  "product_apply_allowance_inventory": false,
  "pending": 0,
  "product_visibility": true,
  "is_delete": false,
  "is_lock": false,
  "createAt": {
    "$date": "2025-05-15T15:25:27.381Z"
  },
  "updateAt": {
    "$date": "2025-05-15T15:25:27.381Z"
  },
  "_class": "com.lamnguyen.inventory_service.model.VariantProduct"
},
{
  "_id": "682607671bd0a01c950acf15",
  "product_id": "68260767213ef202c0fd2061",
  "title": "M-Navy",
  "regular_price": 499000,
  "compare_price": 499000,
  "sku": "SKU-68260767213EF202C0FD2061-SIZE-M-COLOR-NAVY",
  "quantity": 0,
  "options": {
    "SIZE": "M",
    "COLOR": "Navy"
  },
  "product_allow_buy_when_clocked": false,
  "product_exclude_discount": false,
  "product_apply_allowance_inventory": false,
  "pending": 0,
  "product_visibility": true,
  "is_delete": false,
  "is_lock": false,
  "createAt": {
    "$date": "2025-05-15T15:25:27.448Z"
  },
  "updateAt": {
    "$date": "2025-05-15T15:25:27.448Z"
  },
  "_class": "com.lamnguyen.inventory_service.model.VariantProduct"
},
{
  "_id": "682607671bd0a01c950acf16",
  "product_id": "68260767213ef202c0fd2061",
  "title": "L-Navy",
  "regular_price": 499000,
  "compare_price": 499000,
  "sku": "SKU-68260767213EF202C0FD2061-SIZE-L-COLOR-NAVY",
  "quantity": 0,
  "options": {
    "SIZE": "L",
    "COLOR": "Navy"
  },
  "product_allow_buy_when_clocked": false,
  "product_exclude_discount": false,
  "product_apply_allowance_inventory": false,
  "pending": 0,
  "product_visibility": true,
  "is_delete": false,
  "is_lock": false,
  "createAt": {
    "$date": "2025-05-15T15:25:27.559Z"
  },
  "updateAt": {
    "$date": "2025-05-15T15:25:27.559Z"
  },
  "_class": "com.lamnguyen.inventory_service.model.VariantProduct"
},
{
  "_id": "682607671bd0a01c950acf17",
  "product_id": "68260767213ef202c0fd2061",
  "title": "XL-Navy",
  "regular_price": 499000,
  "compare_price": 499000,
  "sku": "SKU-68260767213EF202C0FD2061-SIZE-XL-COLOR-NAVY",
  "quantity": 0,
  "options": {
    "SIZE": "XL",
    "COLOR": "Navy"
  },
  "product_allow_buy_when_clocked": false,
  "product_exclude_discount": false,
  "product_apply_allowance_inventory": false,
  "pending": 0,
  "product_visibility": true,
  "is_delete": false,
  "is_lock": false,
  "createAt": {
    "$date": "2025-05-15T15:25:27.633Z"
  },
  "updateAt": {
    "$date": "2025-05-15T15:25:27.633Z"
  },
  "_class": "com.lamnguyen.inventory_service.model.VariantProduct"
},
{
  "_id": "682607671bd0a01c950acf18",
  "product_id": "68260767213ef202c0fd2061",
  "title": "XS-Đen",
  "regular_price": 499000,
  "compare_price": 499000,
  "sku": "SKU-68260767213EF202C0FD2061-SIZE-XS-COLOR-ĐEN",
  "quantity": 0,
  "options": {
    "SIZE": "XS",
    "COLOR": "Đen"
  },
  "product_allow_buy_when_clocked": false,
  "product_exclude_discount": false,
  "product_apply_allowance_inventory": false,
  "pending": 0,
  "product_visibility": true,
  "is_delete": false,
  "is_lock": false,
  "createAt": {
    "$date": "2025-05-15T15:25:27.713Z"
  },
  "updateAt": {
    "$date": "2025-05-15T15:25:27.713Z"
  },
  "_class": "com.lamnguyen.inventory_service.model.VariantProduct"
},
{
  "_id": "682607671bd0a01c950acf19",
  "product_id": "68260767213ef202c0fd2061",
  "title": "S-Đen",
  "regular_price": 499000,
  "compare_price": 499000,
  "sku": "SKU-68260767213EF202C0FD2061-SIZE-S-COLOR-ĐEN",
  "quantity": 0,
  "options": {
    "SIZE": "S",
    "COLOR": "Đen"
  },
  "product_allow_buy_when_clocked": false,
  "product_exclude_discount": false,
  "product_apply_allowance_inventory": false,
  "pending": 0,
  "product_visibility": true,
  "is_delete": false,
  "is_lock": false,
  "createAt": {
    "$date": "2025-05-15T15:25:27.796Z"
  },
  "updateAt": {
    "$date": "2025-05-15T15:25:27.796Z"
  },
  "_class": "com.lamnguyen.inventory_service.model.VariantProduct"
},
{
  "_id": "682607671bd0a01c950acf1a",
  "product_id": "68260767213ef202c0fd2061",
  "title": "M-Đen",
  "regular_price": 499000,
  "compare_price": 499000,
  "sku": "SKU-68260767213EF202C0FD2061-SIZE-M-COLOR-ĐEN",
  "quantity": 0,
  "options": {
    "SIZE": "M",
    "COLOR": "Đen"
  },
  "product_allow_buy_when_clocked": false,
  "product_exclude_discount": false,
  "product_apply_allowance_inventory": false,
  "pending": 0,
  "product_visibility": true,
  "is_delete": false,
  "is_lock": false,
  "createAt": {
    "$date": "2025-05-15T15:25:27.877Z"
  },
  "updateAt": {
    "$date": "2025-05-15T15:25:27.877Z"
  },
  "_class": "com.lamnguyen.inventory_service.model.VariantProduct"
},
{
  "_id": "682607671bd0a01c950acf1b",
  "product_id": "68260767213ef202c0fd2061",
  "title": "L-Đen",
  "regular_price": 499000,
  "compare_price": 499000,
  "sku": "SKU-68260767213EF202C0FD2061-SIZE-L-COLOR-ĐEN",
  "quantity": 0,
  "options": {
    "SIZE": "L",
    "COLOR": "Đen"
  },
  "product_allow_buy_when_clocked": false,
  "product_exclude_discount": false,
  "product_apply_allowance_inventory": false,
  "pending": 0,
  "product_visibility": true,
  "is_delete": false,
  "is_lock": false,
  "createAt": {
    "$date": "2025-05-15T15:25:27.993Z"
  },
  "updateAt": {
    "$date": "2025-05-15T15:25:27.993Z"
  },
  "_class": "com.lamnguyen.inventory_service.model.VariantProduct"
},
{
  "_id": "682607681bd0a01c950acf1c",
  "product_id": "68260767213ef202c0fd2061",
  "title": "XL-Đen",
  "regular_price": 499000,
  "compare_price": 499000,
  "sku": "SKU-68260767213EF202C0FD2061-SIZE-XL-COLOR-ĐEN",
  "quantity": 0,
  "options": {
    "SIZE": "XL",
    "COLOR": "Đen"
  },
  "product_allow_buy_when_clocked": false,
  "product_exclude_discount": false,
  "product_apply_allowance_inventory": false,
  "pending": 0,
  "product_visibility": true,
  "is_delete": false,
  "is_lock": false,
  "createAt": {
    "$date": "2025-05-15T15:25:28.073Z"
  },
  "updateAt": {
    "$date": "2025-05-15T15:25:28.073Z"
  },
  "_class": "com.lamnguyen.inventory_service.model.VariantProduct"
},
{
  "_id": "6826076e1bd0a01c950acf1d",
  "product_id": "6826076d213ef202c0fd2062",
  "title": "XS-Xanh Colony",
  "regular_price": 299000,
  "compare_price": 299000,
  "sku": "SKU-6826076D213EF202C0FD2062-SIZE-XS-COLOR-XANH COLONY",
  "quantity": 0,
  "options": {
    "SIZE": "XS",
    "COLOR": "Xanh Colony"
  },
  "product_allow_buy_when_clocked": false,
  "product_exclude_discount": false,
  "product_apply_allowance_inventory": false,
  "pending": 0,
  "product_visibility": true,
  "is_delete": false,
  "is_lock": false,
  "createAt": {
    "$date": "2025-05-15T15:25:34.085Z"
  },
  "updateAt": {
    "$date": "2025-05-15T15:25:34.085Z"
  },
  "_class": "com.lamnguyen.inventory_service.model.VariantProduct"
},
{
  "_id": "6826076e1bd0a01c950acf1e",
  "product_id": "6826076d213ef202c0fd2062",
  "title": "S-Xanh Colony",
  "regular_price": 299000,
  "compare_price": 299000,
  "sku": "SKU-6826076D213EF202C0FD2062-SIZE-S-COLOR-XANH COLONY",
  "quantity": 0,
  "options": {
    "SIZE": "S",
    "COLOR": "Xanh Colony"
  },
  "product_allow_buy_when_clocked": false,
  "product_exclude_discount": false,
  "product_apply_allowance_inventory": false,
  "pending": 0,
  "product_visibility": true,
  "is_delete": false,
  "is_lock": false,
  "createAt": {
    "$date": "2025-05-15T15:25:34.156Z"
  },
  "updateAt": {
    "$date": "2025-05-15T15:25:34.156Z"
  },
  "_class": "com.lamnguyen.inventory_service.model.VariantProduct"
},
{
  "_id": "6826076e1bd0a01c950acf1f",
  "product_id": "6826076d213ef202c0fd2062",
  "title": "M-Xanh Colony",
  "regular_price": 299000,
  "compare_price": 299000,
  "sku": "SKU-6826076D213EF202C0FD2062-SIZE-M-COLOR-XANH COLONY",
  "quantity": 0,
  "options": {
    "SIZE": "M",
    "COLOR": "Xanh Colony"
  },
  "product_allow_buy_when_clocked": false,
  "product_exclude_discount": false,
  "product_apply_allowance_inventory": false,
  "pending": 0,
  "product_visibility": true,
  "is_delete": false,
  "is_lock": false,
  "createAt": {
    "$date": "2025-05-15T15:25:34.227Z"
  },
  "updateAt": {
    "$date": "2025-05-15T15:25:34.227Z"
  },
  "_class": "com.lamnguyen.inventory_service.model.VariantProduct"
},
{
  "_id": "6826076e1bd0a01c950acf20",
  "product_id": "6826076d213ef202c0fd2062",
  "title": "L-Xanh Colony",
  "regular_price": 299000,
  "compare_price": 299000,
  "sku": "SKU-6826076D213EF202C0FD2062-SIZE-L-COLOR-XANH COLONY",
  "quantity": 0,
  "options": {
    "SIZE": "L",
    "COLOR": "Xanh Colony"
  },
  "product_allow_buy_when_clocked": false,
  "product_exclude_discount": false,
  "product_apply_allowance_inventory": false,
  "pending": 0,
  "product_visibility": true,
  "is_delete": false,
  "is_lock": false,
  "createAt": {
    "$date": "2025-05-15T15:25:34.296Z"
  },
  "updateAt": {
    "$date": "2025-05-15T15:25:34.296Z"
  },
  "_class": "com.lamnguyen.inventory_service.model.VariantProduct"
},
{
  "_id": "6826076e1bd0a01c950acf21",
  "product_id": "6826076d213ef202c0fd2062",
  "title": "XL-Xanh Colony",
  "regular_price": 299000,
  "compare_price": 299000,
  "sku": "SKU-6826076D213EF202C0FD2062-SIZE-XL-COLOR-XANH COLONY",
  "quantity": 0,
  "options": {
    "SIZE": "XL",
    "COLOR": "Xanh Colony"
  },
  "product_allow_buy_when_clocked": false,
  "product_exclude_discount": false,
  "product_apply_allowance_inventory": false,
  "pending": 0,
  "product_visibility": true,
  "is_delete": false,
  "is_lock": false,
  "createAt": {
    "$date": "2025-05-15T15:25:34.371Z"
  },
  "updateAt": {
    "$date": "2025-05-15T15:25:34.371Z"
  },
  "_class": "com.lamnguyen.inventory_service.model.VariantProduct"
},
{
  "_id": "6826076e1bd0a01c950acf22",
  "product_id": "6826076d213ef202c0fd2062",
  "title": "XS-Nâu Mocha",
  "regular_price": 299000,
  "compare_price": 299000,
  "sku": "SKU-6826076D213EF202C0FD2062-SIZE-XS-COLOR-NÂU MOCHA",
  "quantity": 0,
  "options": {
    "SIZE": "XS",
    "COLOR": "Nâu Mocha"
  },
  "product_allow_buy_when_clocked": false,
  "product_exclude_discount": false,
  "product_apply_allowance_inventory": false,
  "pending": 0,
  "product_visibility": true,
  "is_delete": false,
  "is_lock": false,
  "createAt": {
    "$date": "2025-05-15T15:25:34.442Z"
  },
  "updateAt": {
    "$date": "2025-05-15T15:25:34.442Z"
  },
  "_class": "com.lamnguyen.inventory_service.model.VariantProduct"
},
{
  "_id": "6826076e1bd0a01c950acf23",
  "product_id": "6826076d213ef202c0fd2062",
  "title": "S-Nâu Mocha",
  "regular_price": 299000,
  "compare_price": 299000,
  "sku": "SKU-6826076D213EF202C0FD2062-SIZE-S-COLOR-NÂU MOCHA",
  "quantity": 0,
  "options": {
    "SIZE": "S",
    "COLOR": "Nâu Mocha"
  },
  "product_allow_buy_when_clocked": false,
  "product_exclude_discount": false,
  "product_apply_allowance_inventory": false,
  "pending": 0,
  "product_visibility": true,
  "is_delete": false,
  "is_lock": false,
  "createAt": {
    "$date": "2025-05-15T15:25:34.513Z"
  },
  "updateAt": {
    "$date": "2025-05-15T15:25:34.513Z"
  },
  "_class": "com.lamnguyen.inventory_service.model.VariantProduct"
},
{
  "_id": "6826076e1bd0a01c950acf24",
  "product_id": "6826076d213ef202c0fd2062",
  "title": "M-Nâu Mocha",
  "regular_price": 299000,
  "compare_price": 299000,
  "sku": "SKU-6826076D213EF202C0FD2062-SIZE-M-COLOR-NÂU MOCHA",
  "quantity": 0,
  "options": {
    "SIZE": "M",
    "COLOR": "Nâu Mocha"
  },
  "product_allow_buy_when_clocked": false,
  "product_exclude_discount": false,
  "product_apply_allowance_inventory": false,
  "pending": 0,
  "product_visibility": true,
  "is_delete": false,
  "is_lock": false,
  "createAt": {
    "$date": "2025-05-15T15:25:34.583Z"
  },
  "updateAt": {
    "$date": "2025-05-15T15:25:34.583Z"
  },
  "_class": "com.lamnguyen.inventory_service.model.VariantProduct"
},
{
  "_id": "6826076e1bd0a01c950acf25",
  "product_id": "6826076d213ef202c0fd2062",
  "title": "L-Nâu Mocha",
  "regular_price": 299000,
  "compare_price": 299000,
  "sku": "SKU-6826076D213EF202C0FD2062-SIZE-L-COLOR-NÂU MOCHA",
  "quantity": 0,
  "options": {
    "SIZE": "L",
    "COLOR": "Nâu Mocha"
  },
  "product_allow_buy_when_clocked": false,
  "product_exclude_discount": false,
  "product_apply_allowance_inventory": false,
  "pending": 0,
  "product_visibility": true,
  "is_delete": false,
  "is_lock": false,
  "createAt": {
    "$date": "2025-05-15T15:25:34.654Z"
  },
  "updateAt": {
    "$date": "2025-05-15T15:25:34.654Z"
  },
  "_class": "com.lamnguyen.inventory_service.model.VariantProduct"
},
{
  "_id": "6826076e1bd0a01c950acf26",
  "product_id": "6826076d213ef202c0fd2062",
  "title": "XL-Nâu Mocha",
  "regular_price": 299000,
  "compare_price": 299000,
  "sku": "SKU-6826076D213EF202C0FD2062-SIZE-XL-COLOR-NÂU MOCHA",
  "quantity": 0,
  "options": {
    "SIZE": "XL",
    "COLOR": "Nâu Mocha"
  },
  "product_allow_buy_when_clocked": false,
  "product_exclude_discount": false,
  "product_apply_allowance_inventory": false,
  "pending": 0,
  "product_visibility": true,
  "is_delete": false,
  "is_lock": false,
  "createAt": {
    "$date": "2025-05-15T15:25:34.726Z"
  },
  "updateAt": {
    "$date": "2025-05-15T15:25:34.726Z"
  },
  "_class": "com.lamnguyen.inventory_service.model.VariantProduct"
},
{
  "_id": "6826076e1bd0a01c950acf27",
  "product_id": "6826076d213ef202c0fd2062",
  "title": "XS-Đen",
  "regular_price": 299000,
  "compare_price": 299000,
  "sku": "SKU-6826076D213EF202C0FD2062-SIZE-XS-COLOR-ĐEN",
  "quantity": 0,
  "options": {
    "SIZE": "XS",
    "COLOR": "Đen"
  },
  "product_allow_buy_when_clocked": false,
  "product_exclude_discount": false,
  "product_apply_allowance_inventory": false,
  "pending": 0,
  "product_visibility": true,
  "is_delete": false,
  "is_lock": false,
  "createAt": {
    "$date": "2025-05-15T15:25:34.796Z"
  },
  "updateAt": {
    "$date": "2025-05-15T15:25:34.796Z"
  },
  "_class": "com.lamnguyen.inventory_service.model.VariantProduct"
},
{
  "_id": "6826076e1bd0a01c950acf28",
  "product_id": "6826076d213ef202c0fd2062",
  "title": "S-Đen",
  "regular_price": 299000,
  "compare_price": 299000,
  "sku": "SKU-6826076D213EF202C0FD2062-SIZE-S-COLOR-ĐEN",
  "quantity": 0,
  "options": {
    "SIZE": "S",
    "COLOR": "Đen"
  },
  "product_allow_buy_when_clocked": false,
  "product_exclude_discount": false,
  "product_apply_allowance_inventory": false,
  "pending": 0,
  "product_visibility": true,
  "is_delete": false,
  "is_lock": false,
  "createAt": {
    "$date": "2025-05-15T15:25:34.859Z"
  },
  "updateAt": {
    "$date": "2025-05-15T15:25:34.859Z"
  },
  "_class": "com.lamnguyen.inventory_service.model.VariantProduct"
},
{
  "_id": "6826076e1bd0a01c950acf29",
  "product_id": "6826076d213ef202c0fd2062",
  "title": "M-Đen",
  "regular_price": 299000,
  "compare_price": 299000,
  "sku": "SKU-6826076D213EF202C0FD2062-SIZE-M-COLOR-ĐEN",
  "quantity": 0,
  "options": {
    "SIZE": "M",
    "COLOR": "Đen"
  },
  "product_allow_buy_when_clocked": false,
  "product_exclude_discount": false,
  "product_apply_allowance_inventory": false,
  "pending": 0,
  "product_visibility": true,
  "is_delete": false,
  "is_lock": false,
  "createAt": {
    "$date": "2025-05-15T15:25:34.938Z"
  },
  "updateAt": {
    "$date": "2025-05-15T15:25:34.938Z"
  },
  "_class": "com.lamnguyen.inventory_service.model.VariantProduct"
},
{
  "_id": "6826076f1bd0a01c950acf2a",
  "product_id": "6826076d213ef202c0fd2062",
  "title": "L-Đen",
  "regular_price": 299000,
  "compare_price": 299000,
  "sku": "SKU-6826076D213EF202C0FD2062-SIZE-L-COLOR-ĐEN",
  "quantity": 0,
  "options": {
    "SIZE": "L",
    "COLOR": "Đen"
  },
  "product_allow_buy_when_clocked": false,
  "product_exclude_discount": false,
  "product_apply_allowance_inventory": false,
  "pending": 0,
  "product_visibility": true,
  "is_delete": false,
  "is_lock": false,
  "createAt": {
    "$date": "2025-05-15T15:25:35.006Z"
  },
  "updateAt": {
    "$date": "2025-05-15T15:25:35.006Z"
  },
  "_class": "com.lamnguyen.inventory_service.model.VariantProduct"
},
{
  "_id": "6826076f1bd0a01c950acf2b",
  "product_id": "6826076d213ef202c0fd2062",
  "title": "XL-Đen",
  "regular_price": 299000,
  "compare_price": 299000,
  "sku": "SKU-6826076D213EF202C0FD2062-SIZE-XL-COLOR-ĐEN",
  "quantity": 0,
  "options": {
    "SIZE": "XL",
    "COLOR": "Đen"
  },
  "product_allow_buy_when_clocked": false,
  "product_exclude_discount": false,
  "product_apply_allowance_inventory": false,
  "pending": 0,
  "product_visibility": true,
  "is_delete": false,
  "is_lock": false,
  "createAt": {
    "$date": "2025-05-15T15:25:35.089Z"
  },
  "updateAt": {
    "$date": "2025-05-15T15:25:35.089Z"
  },
  "_class": "com.lamnguyen.inventory_service.model.VariantProduct"
},
{
  "_id": "682607721bd0a01c950acf2c",
  "product_id": "68260772213ef202c0fd2063",
  "title": "XS-Nâu Mocha",
  "regular_price": 459000,
  "compare_price": 459000,
  "sku": "SKU-68260772213EF202C0FD2063-SIZE-XS-COLOR-NÂU MOCHA",
  "quantity": 0,
  "options": {
    "SIZE": "XS",
    "COLOR": "Nâu Mocha"
  },
  "product_allow_buy_when_clocked": false,
  "product_exclude_discount": false,
  "product_apply_allowance_inventory": false,
  "pending": 0,
  "product_visibility": true,
  "is_delete": false,
  "is_lock": false,
  "createAt": {
    "$date": "2025-05-15T15:25:38.642Z"
  },
  "updateAt": {
    "$date": "2025-05-15T15:25:38.642Z"
  },
  "_class": "com.lamnguyen.inventory_service.model.VariantProduct"
},
{
  "_id": "682607721bd0a01c950acf2d",
  "product_id": "68260772213ef202c0fd2063",
  "title": "S-Nâu Mocha",
  "regular_price": 459000,
  "compare_price": 459000,
  "sku": "SKU-68260772213EF202C0FD2063-SIZE-S-COLOR-NÂU MOCHA",
  "quantity": 0,
  "options": {
    "SIZE": "S",
    "COLOR": "Nâu Mocha"
  },
  "product_allow_buy_when_clocked": false,
  "product_exclude_discount": false,
  "product_apply_allowance_inventory": false,
  "pending": 0,
  "product_visibility": true,
  "is_delete": false,
  "is_lock": false,
  "createAt": {
    "$date": "2025-05-15T15:25:38.711Z"
  },
  "updateAt": {
    "$date": "2025-05-15T15:25:38.711Z"
  },
  "_class": "com.lamnguyen.inventory_service.model.VariantProduct"
},
{
  "_id": "682607721bd0a01c950acf2e",
  "product_id": "68260772213ef202c0fd2063",
  "title": "M-Nâu Mocha",
  "regular_price": 459000,
  "compare_price": 459000,
  "sku": "SKU-68260772213EF202C0FD2063-SIZE-M-COLOR-NÂU MOCHA",
  "quantity": 0,
  "options": {
    "SIZE": "M",
    "COLOR": "Nâu Mocha"
  },
  "product_allow_buy_when_clocked": false,
  "product_exclude_discount": false,
  "product_apply_allowance_inventory": false,
  "pending": 0,
  "product_visibility": true,
  "is_delete": false,
  "is_lock": false,
  "createAt": {
    "$date": "2025-05-15T15:25:38.785Z"
  },
  "updateAt": {
    "$date": "2025-05-15T15:25:38.785Z"
  },
  "_class": "com.lamnguyen.inventory_service.model.VariantProduct"
},
{
  "_id": "682607721bd0a01c950acf2f",
  "product_id": "68260772213ef202c0fd2063",
  "title": "L-Nâu Mocha",
  "regular_price": 459000,
  "compare_price": 459000,
  "sku": "SKU-68260772213EF202C0FD2063-SIZE-L-COLOR-NÂU MOCHA",
  "quantity": 0,
  "options": {
    "SIZE": "L",
    "COLOR": "Nâu Mocha"
  },
  "product_allow_buy_when_clocked": false,
  "product_exclude_discount": false,
  "product_apply_allowance_inventory": false,
  "pending": 0,
  "product_visibility": true,
  "is_delete": false,
  "is_lock": false,
  "createAt": {
    "$date": "2025-05-15T15:25:38.860Z"
  },
  "updateAt": {
    "$date": "2025-05-15T15:25:38.860Z"
  },
  "_class": "com.lamnguyen.inventory_service.model.VariantProduct"
},
{
  "_id": "682607721bd0a01c950acf30",
  "product_id": "68260772213ef202c0fd2063",
  "title": "XL-Nâu Mocha",
  "regular_price": 459000,
  "compare_price": 459000,
  "sku": "SKU-68260772213EF202C0FD2063-SIZE-XL-COLOR-NÂU MOCHA",
  "quantity": 0,
  "options": {
    "SIZE": "XL",
    "COLOR": "Nâu Mocha"
  },
  "product_allow_buy_when_clocked": false,
  "product_exclude_discount": false,
  "product_apply_allowance_inventory": false,
  "pending": 0,
  "product_visibility": true,
  "is_delete": false,
  "is_lock": false,
  "createAt": {
    "$date": "2025-05-15T15:25:38.931Z"
  },
  "updateAt": {
    "$date": "2025-05-15T15:25:38.931Z"
  },
  "_class": "com.lamnguyen.inventory_service.model.VariantProduct"
},
{
  "_id": "682607731bd0a01c950acf31",
  "product_id": "68260772213ef202c0fd2063",
  "title": "XS-Đen",
  "regular_price": 459000,
  "compare_price": 459000,
  "sku": "SKU-68260772213EF202C0FD2063-SIZE-XS-COLOR-ĐEN",
  "quantity": 0,
  "options": {
    "SIZE": "XS",
    "COLOR": "Đen"
  },
  "product_allow_buy_when_clocked": false,
  "product_exclude_discount": false,
  "product_apply_allowance_inventory": false,
  "pending": 0,
  "product_visibility": true,
  "is_delete": false,
  "is_lock": false,
  "createAt": {
    "$date": "2025-05-15T15:25:39.000Z"
  },
  "updateAt": {
    "$date": "2025-05-15T15:25:39.000Z"
  },
  "_class": "com.lamnguyen.inventory_service.model.VariantProduct"
},
{
  "_id": "682607731bd0a01c950acf32",
  "product_id": "68260772213ef202c0fd2063",
  "title": "S-Đen",
  "regular_price": 459000,
  "compare_price": 459000,
  "sku": "SKU-68260772213EF202C0FD2063-SIZE-S-COLOR-ĐEN",
  "quantity": 0,
  "options": {
    "SIZE": "S",
    "COLOR": "Đen"
  },
  "product_allow_buy_when_clocked": false,
  "product_exclude_discount": false,
  "product_apply_allowance_inventory": false,
  "pending": 0,
  "product_visibility": true,
  "is_delete": false,
  "is_lock": false,
  "createAt": {
    "$date": "2025-05-15T15:25:39.084Z"
  },
  "updateAt": {
    "$date": "2025-05-15T15:25:39.084Z"
  },
  "_class": "com.lamnguyen.inventory_service.model.VariantProduct"
},
{
  "_id": "682607731bd0a01c950acf33",
  "product_id": "68260772213ef202c0fd2063",
  "title": "M-Đen",
  "regular_price": 459000,
  "compare_price": 459000,
  "sku": "SKU-68260772213EF202C0FD2063-SIZE-M-COLOR-ĐEN",
  "quantity": 0,
  "options": {
    "SIZE": "M",
    "COLOR": "Đen"
  },
  "product_allow_buy_when_clocked": false,
  "product_exclude_discount": false,
  "product_apply_allowance_inventory": false,
  "pending": 0,
  "product_visibility": true,
  "is_delete": false,
  "is_lock": false,
  "createAt": {
    "$date": "2025-05-15T15:25:39.163Z"
  },
  "updateAt": {
    "$date": "2025-05-15T15:25:39.163Z"
  },
  "_class": "com.lamnguyen.inventory_service.model.VariantProduct"
},
{
  "_id": "682607731bd0a01c950acf34",
  "product_id": "68260772213ef202c0fd2063",
  "title": "L-Đen",
  "regular_price": 459000,
  "compare_price": 459000,
  "sku": "SKU-68260772213EF202C0FD2063-SIZE-L-COLOR-ĐEN",
  "quantity": 0,
  "options": {
    "SIZE": "L",
    "COLOR": "Đen"
  },
  "product_allow_buy_when_clocked": false,
  "product_exclude_discount": false,
  "product_apply_allowance_inventory": false,
  "pending": 0,
  "product_visibility": true,
  "is_delete": false,
  "is_lock": false,
  "createAt": {
    "$date": "2025-05-15T15:25:39.236Z"
  },
  "updateAt": {
    "$date": "2025-05-15T15:25:39.236Z"
  },
  "_class": "com.lamnguyen.inventory_service.model.VariantProduct"
},
{
  "_id": "682607731bd0a01c950acf35",
  "product_id": "68260772213ef202c0fd2063",
  "title": "XL-Đen",
  "regular_price": 459000,
  "compare_price": 459000,
  "sku": "SKU-68260772213EF202C0FD2063-SIZE-XL-COLOR-ĐEN",
  "quantity": 0,
  "options": {
    "SIZE": "XL",
    "COLOR": "Đen"
  },
  "product_allow_buy_when_clocked": false,
  "product_exclude_discount": false,
  "product_apply_allowance_inventory": false,
  "pending": 0,
  "product_visibility": true,
  "is_delete": false,
  "is_lock": false,
  "createAt": {
    "$date": "2025-05-15T15:25:39.306Z"
  },
  "updateAt": {
    "$date": "2025-05-15T15:25:39.306Z"
  },
  "_class": "com.lamnguyen.inventory_service.model.VariantProduct"
},
{
  "_id": "682607771bd0a01c950acf36",
  "product_id": "68260777213ef202c0fd2064",
  "title": "XS-Đen",
  "regular_price": 359000,
  "compare_price": 399000,
  "sku": "SKU-68260777213EF202C0FD2064-SIZE-XS-COLOR-ĐEN",
  "quantity": 0,
  "options": {
    "SIZE": "XS",
    "COLOR": "Đen"
  },
  "product_allow_buy_when_clocked": false,
  "product_exclude_discount": false,
  "product_apply_allowance_inventory": false,
  "pending": 0,
  "product_visibility": true,
  "is_delete": false,
  "is_lock": false,
  "createAt": {
    "$date": "2025-05-15T15:25:43.784Z"
  },
  "updateAt": {
    "$date": "2025-05-15T15:25:43.784Z"
  },
  "_class": "com.lamnguyen.inventory_service.model.VariantProduct"
},
{
  "_id": "682607771bd0a01c950acf37",
  "product_id": "68260777213ef202c0fd2064",
  "title": "S-Đen",
  "regular_price": 359000,
  "compare_price": 399000,
  "sku": "SKU-68260777213EF202C0FD2064-SIZE-S-COLOR-ĐEN",
  "quantity": 0,
  "options": {
    "SIZE": "S",
    "COLOR": "Đen"
  },
  "product_allow_buy_when_clocked": false,
  "product_exclude_discount": false,
  "product_apply_allowance_inventory": false,
  "pending": 0,
  "product_visibility": true,
  "is_delete": false,
  "is_lock": false,
  "createAt": {
    "$date": "2025-05-15T15:25:43.856Z"
  },
  "updateAt": {
    "$date": "2025-05-15T15:25:43.856Z"
  },
  "_class": "com.lamnguyen.inventory_service.model.VariantProduct"
},
{
  "_id": "682607771bd0a01c950acf38",
  "product_id": "68260777213ef202c0fd2064",
  "title": "M-Đen",
  "regular_price": 359000,
  "compare_price": 399000,
  "sku": "SKU-68260777213EF202C0FD2064-SIZE-M-COLOR-ĐEN",
  "quantity": 0,
  "options": {
    "SIZE": "M",
    "COLOR": "Đen"
  },
  "product_allow_buy_when_clocked": false,
  "product_exclude_discount": false,
  "product_apply_allowance_inventory": false,
  "pending": 0,
  "product_visibility": true,
  "is_delete": false,
  "is_lock": false,
  "createAt": {
    "$date": "2025-05-15T15:25:43.957Z"
  },
  "updateAt": {
    "$date": "2025-05-15T15:25:43.957Z"
  },
  "_class": "com.lamnguyen.inventory_service.model.VariantProduct"
},
{
  "_id": "682607781bd0a01c950acf39",
  "product_id": "68260777213ef202c0fd2064",
  "title": "L-Đen",
  "regular_price": 359000,
  "compare_price": 399000,
  "sku": "SKU-68260777213EF202C0FD2064-SIZE-L-COLOR-ĐEN",
  "quantity": 0,
  "options": {
    "SIZE": "L",
    "COLOR": "Đen"
  },
  "product_allow_buy_when_clocked": false,
  "product_exclude_discount": false,
  "product_apply_allowance_inventory": false,
  "pending": 0,
  "product_visibility": true,
  "is_delete": false,
  "is_lock": false,
  "createAt": {
    "$date": "2025-05-15T15:25:44.028Z"
  },
  "updateAt": {
    "$date": "2025-05-15T15:25:44.028Z"
  },
  "_class": "com.lamnguyen.inventory_service.model.VariantProduct"
},
{
  "_id": "682607781bd0a01c950acf3a",
  "product_id": "68260777213ef202c0fd2064",
  "title": "XL-Đen",
  "regular_price": 359000,
  "compare_price": 399000,
  "sku": "SKU-68260777213EF202C0FD2064-SIZE-XL-COLOR-ĐEN",
  "quantity": 0,
  "options": {
    "SIZE": "XL",
    "COLOR": "Đen"
  },
  "product_allow_buy_when_clocked": false,
  "product_exclude_discount": false,
  "product_apply_allowance_inventory": false,
  "pending": 0,
  "product_visibility": true,
  "is_delete": false,
  "is_lock": false,
  "createAt": {
    "$date": "2025-05-15T15:25:44.108Z"
  },
  "updateAt": {
    "$date": "2025-05-15T15:25:44.108Z"
  },
  "_class": "com.lamnguyen.inventory_service.model.VariantProduct"
},
{
  "_id": "682607781bd0a01c950acf3b",
  "product_id": "68260777213ef202c0fd2064",
  "title": "XS-Nâu",
  "regular_price": 359000,
  "compare_price": 399000,
  "sku": "SKU-68260777213EF202C0FD2064-SIZE-XS-COLOR-NÂU",
  "quantity": 0,
  "options": {
    "SIZE": "XS",
    "COLOR": "Nâu"
  },
  "product_allow_buy_when_clocked": false,
  "product_exclude_discount": false,
  "product_apply_allowance_inventory": false,
  "pending": 0,
  "product_visibility": true,
  "is_delete": false,
  "is_lock": false,
  "createAt": {
    "$date": "2025-05-15T15:25:44.184Z"
  },
  "updateAt": {
    "$date": "2025-05-15T15:25:44.184Z"
  },
  "_class": "com.lamnguyen.inventory_service.model.VariantProduct"
},
{
  "_id": "682607781bd0a01c950acf3c",
  "product_id": "68260777213ef202c0fd2064",
  "title": "S-Nâu",
  "regular_price": 359000,
  "compare_price": 399000,
  "sku": "SKU-68260777213EF202C0FD2064-SIZE-S-COLOR-NÂU",
  "quantity": 0,
  "options": {
    "SIZE": "S",
    "COLOR": "Nâu"
  },
  "product_allow_buy_when_clocked": false,
  "product_exclude_discount": false,
  "product_apply_allowance_inventory": false,
  "pending": 0,
  "product_visibility": true,
  "is_delete": false,
  "is_lock": false,
  "createAt": {
    "$date": "2025-05-15T15:25:44.256Z"
  },
  "updateAt": {
    "$date": "2025-05-15T15:25:44.256Z"
  },
  "_class": "com.lamnguyen.inventory_service.model.VariantProduct"
},
{
  "_id": "682607781bd0a01c950acf3d",
  "product_id": "68260777213ef202c0fd2064",
  "title": "M-Nâu",
  "regular_price": 359000,
  "compare_price": 399000,
  "sku": "SKU-68260777213EF202C0FD2064-SIZE-M-COLOR-NÂU",
  "quantity": 0,
  "options": {
    "SIZE": "M",
    "COLOR": "Nâu"
  },
  "product_allow_buy_when_clocked": false,
  "product_exclude_discount": false,
  "product_apply_allowance_inventory": false,
  "pending": 0,
  "product_visibility": true,
  "is_delete": false,
  "is_lock": false,
  "createAt": {
    "$date": "2025-05-15T15:25:44.338Z"
  },
  "updateAt": {
    "$date": "2025-05-15T15:25:44.338Z"
  },
  "_class": "com.lamnguyen.inventory_service.model.VariantProduct"
},
{
  "_id": "682607781bd0a01c950acf3e",
  "product_id": "68260777213ef202c0fd2064",
  "title": "L-Nâu",
  "regular_price": 359000,
  "compare_price": 399000,
  "sku": "SKU-68260777213EF202C0FD2064-SIZE-L-COLOR-NÂU",
  "quantity": 0,
  "options": {
    "SIZE": "L",
    "COLOR": "Nâu"
  },
  "product_allow_buy_when_clocked": false,
  "product_exclude_discount": false,
  "product_apply_allowance_inventory": false,
  "pending": 0,
  "product_visibility": true,
  "is_delete": false,
  "is_lock": false,
  "createAt": {
    "$date": "2025-05-15T15:25:44.415Z"
  },
  "updateAt": {
    "$date": "2025-05-15T15:25:44.415Z"
  },
  "_class": "com.lamnguyen.inventory_service.model.VariantProduct"
},
{
  "_id": "682607781bd0a01c950acf3f",
  "product_id": "68260777213ef202c0fd2064",
  "title": "XL-Nâu",
  "regular_price": 359000,
  "compare_price": 399000,
  "sku": "SKU-68260777213EF202C0FD2064-SIZE-XL-COLOR-NÂU",
  "quantity": 0,
  "options": {
    "SIZE": "XL",
    "COLOR": "Nâu"
  },
  "product_allow_buy_when_clocked": false,
  "product_exclude_discount": false,
  "product_apply_allowance_inventory": false,
  "pending": 0,
  "product_visibility": true,
  "is_delete": false,
  "is_lock": false,
  "createAt": {
    "$date": "2025-05-15T15:25:44.496Z"
  },
  "updateAt": {
    "$date": "2025-05-15T15:25:44.496Z"
  },
  "_class": "com.lamnguyen.inventory_service.model.VariantProduct"
},
{
  "_id": "682607831bd0a01c950acf40",
  "product_id": "68260783213ef202c0fd2065",
  "title": "XS-Xanh Colony",
  "regular_price": 549000,
  "compare_price": 549000,
  "sku": "SKU-68260783213EF202C0FD2065-SIZE-XS-COLOR-XANH COLONY",
  "quantity": 0,
  "options": {
    "SIZE": "XS",
    "COLOR": "Xanh Colony"
  },
  "product_allow_buy_when_clocked": false,
  "product_exclude_discount": false,
  "product_apply_allowance_inventory": false,
  "pending": 0,
  "product_visibility": true,
  "is_delete": false,
  "is_lock": false,
  "createAt": {
    "$date": "2025-05-15T15:25:55.192Z"
  },
  "updateAt": {
    "$date": "2025-05-15T15:25:55.192Z"
  },
  "_class": "com.lamnguyen.inventory_service.model.VariantProduct"
},
{
  "_id": "682607831bd0a01c950acf41",
  "product_id": "68260783213ef202c0fd2065",
  "title": "S-Xanh Colony",
  "regular_price": 549000,
  "compare_price": 549000,
  "sku": "SKU-68260783213EF202C0FD2065-SIZE-S-COLOR-XANH COLONY",
  "quantity": 0,
  "options": {
    "SIZE": "S",
    "COLOR": "Xanh Colony"
  },
  "product_allow_buy_when_clocked": false,
  "product_exclude_discount": false,
  "product_apply_allowance_inventory": false,
  "pending": 0,
  "product_visibility": true,
  "is_delete": false,
  "is_lock": false,
  "createAt": {
    "$date": "2025-05-15T15:25:55.263Z"
  },
  "updateAt": {
    "$date": "2025-05-15T15:25:55.263Z"
  },
  "_class": "com.lamnguyen.inventory_service.model.VariantProduct"
},
{
  "_id": "682607831bd0a01c950acf42",
  "product_id": "68260783213ef202c0fd2065",
  "title": "M-Xanh Colony",
  "regular_price": 549000,
  "compare_price": 549000,
  "sku": "SKU-68260783213EF202C0FD2065-SIZE-M-COLOR-XANH COLONY",
  "quantity": 0,
  "options": {
    "SIZE": "M",
    "COLOR": "Xanh Colony"
  },
  "product_allow_buy_when_clocked": false,
  "product_exclude_discount": false,
  "product_apply_allowance_inventory": false,
  "pending": 0,
  "product_visibility": true,
  "is_delete": false,
  "is_lock": false,
  "createAt": {
    "$date": "2025-05-15T15:25:55.325Z"
  },
  "updateAt": {
    "$date": "2025-05-15T15:25:55.325Z"
  },
  "_class": "com.lamnguyen.inventory_service.model.VariantProduct"
},
{
  "_id": "682607831bd0a01c950acf43",
  "product_id": "68260783213ef202c0fd2065",
  "title": "L-Xanh Colony",
  "regular_price": 549000,
  "compare_price": 549000,
  "sku": "SKU-68260783213EF202C0FD2065-SIZE-L-COLOR-XANH COLONY",
  "quantity": 0,
  "options": {
    "SIZE": "L",
    "COLOR": "Xanh Colony"
  },
  "product_allow_buy_when_clocked": false,
  "product_exclude_discount": false,
  "product_apply_allowance_inventory": false,
  "pending": 0,
  "product_visibility": true,
  "is_delete": false,
  "is_lock": false,
  "createAt": {
    "$date": "2025-05-15T15:25:55.403Z"
  },
  "updateAt": {
    "$date": "2025-05-15T15:25:55.403Z"
  },
  "_class": "com.lamnguyen.inventory_service.model.VariantProduct"
},
{
  "_id": "682607831bd0a01c950acf44",
  "product_id": "68260783213ef202c0fd2065",
  "title": "XL-Xanh Colony",
  "regular_price": 549000,
  "compare_price": 549000,
  "sku": "SKU-68260783213EF202C0FD2065-SIZE-XL-COLOR-XANH COLONY",
  "quantity": 0,
  "options": {
    "SIZE": "XL",
    "COLOR": "Xanh Colony"
  },
  "product_allow_buy_when_clocked": false,
  "product_exclude_discount": false,
  "product_apply_allowance_inventory": false,
  "pending": 0,
  "product_visibility": true,
  "is_delete": false,
  "is_lock": false,
  "createAt": {
    "$date": "2025-05-15T15:25:55.474Z"
  },
  "updateAt": {
    "$date": "2025-05-15T15:25:55.474Z"
  },
  "_class": "com.lamnguyen.inventory_service.model.VariantProduct"
},
{
  "_id": "682607831bd0a01c950acf45",
  "product_id": "68260783213ef202c0fd2065",
  "title": "XS-Nâu Mocha",
  "regular_price": 549000,
  "compare_price": 549000,
  "sku": "SKU-68260783213EF202C0FD2065-SIZE-XS-COLOR-NÂU MOCHA",
  "quantity": 0,
  "options": {
    "SIZE": "XS",
    "COLOR": "Nâu Mocha"
  },
  "product_allow_buy_when_clocked": false,
  "product_exclude_discount": false,
  "product_apply_allowance_inventory": false,
  "pending": 0,
  "product_visibility": true,
  "is_delete": false,
  "is_lock": false,
  "createAt": {
    "$date": "2025-05-15T15:25:55.544Z"
  },
  "updateAt": {
    "$date": "2025-05-15T15:25:55.544Z"
  },
  "_class": "com.lamnguyen.inventory_service.model.VariantProduct"
},
{
  "_id": "682607831bd0a01c950acf46",
  "product_id": "68260783213ef202c0fd2065",
  "title": "S-Nâu Mocha",
  "regular_price": 549000,
  "compare_price": 549000,
  "sku": "SKU-68260783213EF202C0FD2065-SIZE-S-COLOR-NÂU MOCHA",
  "quantity": 0,
  "options": {
    "SIZE": "S",
    "COLOR": "Nâu Mocha"
  },
  "product_allow_buy_when_clocked": false,
  "product_exclude_discount": false,
  "product_apply_allowance_inventory": false,
  "pending": 0,
  "product_visibility": true,
  "is_delete": false,
  "is_lock": false,
  "createAt": {
    "$date": "2025-05-15T15:25:55.613Z"
  },
  "updateAt": {
    "$date": "2025-05-15T15:25:55.613Z"
  },
  "_class": "com.lamnguyen.inventory_service.model.VariantProduct"
},
{
  "_id": "682607831bd0a01c950acf47",
  "product_id": "68260783213ef202c0fd2065",
  "title": "M-Nâu Mocha",
  "regular_price": 549000,
  "compare_price": 549000,
  "sku": "SKU-68260783213EF202C0FD2065-SIZE-M-COLOR-NÂU MOCHA",
  "quantity": 0,
  "options": {
    "SIZE": "M",
    "COLOR": "Nâu Mocha"
  },
  "product_allow_buy_when_clocked": false,
  "product_exclude_discount": false,
  "product_apply_allowance_inventory": false,
  "pending": 0,
  "product_visibility": true,
  "is_delete": false,
  "is_lock": false,
  "createAt": {
    "$date": "2025-05-15T15:25:55.684Z"
  },
  "updateAt": {
    "$date": "2025-05-15T15:25:55.684Z"
  },
  "_class": "com.lamnguyen.inventory_service.model.VariantProduct"
},
{
  "_id": "682607831bd0a01c950acf48",
  "product_id": "68260783213ef202c0fd2065",
  "title": "L-Nâu Mocha",
  "regular_price": 549000,
  "compare_price": 549000,
  "sku": "SKU-68260783213EF202C0FD2065-SIZE-L-COLOR-NÂU MOCHA",
  "quantity": 0,
  "options": {
    "SIZE": "L",
    "COLOR": "Nâu Mocha"
  },
  "product_allow_buy_when_clocked": false,
  "product_exclude_discount": false,
  "product_apply_allowance_inventory": false,
  "pending": 0,
  "product_visibility": true,
  "is_delete": false,
  "is_lock": false,
  "createAt": {
    "$date": "2025-05-15T15:25:55.754Z"
  },
  "updateAt": {
    "$date": "2025-05-15T15:25:55.754Z"
  },
  "_class": "com.lamnguyen.inventory_service.model.VariantProduct"
},
{
  "_id": "682607831bd0a01c950acf49",
  "product_id": "68260783213ef202c0fd2065",
  "title": "XL-Nâu Mocha",
  "regular_price": 549000,
  "compare_price": 549000,
  "sku": "SKU-68260783213EF202C0FD2065-SIZE-XL-COLOR-NÂU MOCHA",
  "quantity": 0,
  "options": {
    "SIZE": "XL",
    "COLOR": "Nâu Mocha"
  },
  "product_allow_buy_when_clocked": false,
  "product_exclude_discount": false,
  "product_apply_allowance_inventory": false,
  "pending": 0,
  "product_visibility": true,
  "is_delete": false,
  "is_lock": false,
  "createAt": {
    "$date": "2025-05-15T15:25:55.823Z"
  },
  "updateAt": {
    "$date": "2025-05-15T15:25:55.823Z"
  },
  "_class": "com.lamnguyen.inventory_service.model.VariantProduct"
},
{
  "_id": "682607831bd0a01c950acf4a",
  "product_id": "68260783213ef202c0fd2065",
  "title": "XS-Đen",
  "regular_price": 549000,
  "compare_price": 549000,
  "sku": "SKU-68260783213EF202C0FD2065-SIZE-XS-COLOR-ĐEN",
  "quantity": 0,
  "options": {
    "SIZE": "XS",
    "COLOR": "Đen"
  },
  "product_allow_buy_when_clocked": false,
  "product_exclude_discount": false,
  "product_apply_allowance_inventory": false,
  "pending": 0,
  "product_visibility": true,
  "is_delete": false,
  "is_lock": false,
  "createAt": {
    "$date": "2025-05-15T15:25:55.894Z"
  },
  "updateAt": {
    "$date": "2025-05-15T15:25:55.894Z"
  },
  "_class": "com.lamnguyen.inventory_service.model.VariantProduct"
},
{
  "_id": "682607831bd0a01c950acf4b",
  "product_id": "68260783213ef202c0fd2065",
  "title": "S-Đen",
  "regular_price": 549000,
  "compare_price": 549000,
  "sku": "SKU-68260783213EF202C0FD2065-SIZE-S-COLOR-ĐEN",
  "quantity": 0,
  "options": {
    "SIZE": "S",
    "COLOR": "Đen"
  },
  "product_allow_buy_when_clocked": false,
  "product_exclude_discount": false,
  "product_apply_allowance_inventory": false,
  "pending": 0,
  "product_visibility": true,
  "is_delete": false,
  "is_lock": false,
  "createAt": {
    "$date": "2025-05-15T15:25:55.964Z"
  },
  "updateAt": {
    "$date": "2025-05-15T15:25:55.964Z"
  },
  "_class": "com.lamnguyen.inventory_service.model.VariantProduct"
},
{
  "_id": "682607841bd0a01c950acf4c",
  "product_id": "68260783213ef202c0fd2065",
  "title": "M-Đen",
  "regular_price": 549000,
  "compare_price": 549000,
  "sku": "SKU-68260783213EF202C0FD2065-SIZE-M-COLOR-ĐEN",
  "quantity": 0,
  "options": {
    "SIZE": "M",
    "COLOR": "Đen"
  },
  "product_allow_buy_when_clocked": false,
  "product_exclude_discount": false,
  "product_apply_allowance_inventory": false,
  "pending": 0,
  "product_visibility": true,
  "is_delete": false,
  "is_lock": false,
  "createAt": {
    "$date": "2025-05-15T15:25:56.047Z"
  },
  "updateAt": {
    "$date": "2025-05-15T15:25:56.047Z"
  },
  "_class": "com.lamnguyen.inventory_service.model.VariantProduct"
},
{
  "_id": "682607841bd0a01c950acf4d",
  "product_id": "68260783213ef202c0fd2065",
  "title": "L-Đen",
  "regular_price": 549000,
  "compare_price": 549000,
  "sku": "SKU-68260783213EF202C0FD2065-SIZE-L-COLOR-ĐEN",
  "quantity": 0,
  "options": {
    "SIZE": "L",
    "COLOR": "Đen"
  },
  "product_allow_buy_when_clocked": false,
  "product_exclude_discount": false,
  "product_apply_allowance_inventory": false,
  "pending": 0,
  "product_visibility": true,
  "is_delete": false,
  "is_lock": false,
  "createAt": {
    "$date": "2025-05-15T15:25:56.123Z"
  },
  "updateAt": {
    "$date": "2025-05-15T15:25:56.123Z"
  },
  "_class": "com.lamnguyen.inventory_service.model.VariantProduct"
},
{
  "_id": "682607841bd0a01c950acf4e",
  "product_id": "68260783213ef202c0fd2065",
  "title": "XL-Đen",
  "regular_price": 549000,
  "compare_price": 549000,
  "sku": "SKU-68260783213EF202C0FD2065-SIZE-XL-COLOR-ĐEN",
  "quantity": 0,
  "options": {
    "SIZE": "XL",
    "COLOR": "Đen"
  },
  "product_allow_buy_when_clocked": false,
  "product_exclude_discount": false,
  "product_apply_allowance_inventory": false,
  "pending": 0,
  "product_visibility": true,
  "is_delete": false,
  "is_lock": false,
  "createAt": {
    "$date": "2025-05-15T15:25:56.197Z"
  },
  "updateAt": {
    "$date": "2025-05-15T15:25:56.197Z"
  },
  "_class": "com.lamnguyen.inventory_service.model.VariantProduct"
},
{
  "_id": "682607841bd0a01c950acf4f",
  "product_id": "68260783213ef202c0fd2065",
  "title": "XS-Xám",
  "regular_price": 549000,
  "compare_price": 549000,
  "sku": "SKU-68260783213EF202C0FD2065-SIZE-XS-COLOR-XÁM",
  "quantity": 0,
  "options": {
    "SIZE": "XS",
    "COLOR": "Xám"
  },
  "product_allow_buy_when_clocked": false,
  "product_exclude_discount": false,
  "product_apply_allowance_inventory": false,
  "pending": 0,
  "product_visibility": true,
  "is_delete": false,
  "is_lock": false,
  "createAt": {
    "$date": "2025-05-15T15:25:56.270Z"
  },
  "updateAt": {
    "$date": "2025-05-15T15:25:56.270Z"
  },
  "_class": "com.lamnguyen.inventory_service.model.VariantProduct"
},
{
  "_id": "682607841bd0a01c950acf50",
  "product_id": "68260783213ef202c0fd2065",
  "title": "S-Xám",
  "regular_price": 549000,
  "compare_price": 549000,
  "sku": "SKU-68260783213EF202C0FD2065-SIZE-S-COLOR-XÁM",
  "quantity": 0,
  "options": {
    "SIZE": "S",
    "COLOR": "Xám"
  },
  "product_allow_buy_when_clocked": false,
  "product_exclude_discount": false,
  "product_apply_allowance_inventory": false,
  "pending": 0,
  "product_visibility": true,
  "is_delete": false,
  "is_lock": false,
  "createAt": {
    "$date": "2025-05-15T15:25:56.340Z"
  },
  "updateAt": {
    "$date": "2025-05-15T15:25:56.340Z"
  },
  "_class": "com.lamnguyen.inventory_service.model.VariantProduct"
},
{
  "_id": "682607841bd0a01c950acf51",
  "product_id": "68260783213ef202c0fd2065",
  "title": "M-Xám",
  "regular_price": 549000,
  "compare_price": 549000,
  "sku": "SKU-68260783213EF202C0FD2065-SIZE-M-COLOR-XÁM",
  "quantity": 0,
  "options": {
    "SIZE": "M",
    "COLOR": "Xám"
  },
  "product_allow_buy_when_clocked": false,
  "product_exclude_discount": false,
  "product_apply_allowance_inventory": false,
  "pending": 0,
  "product_visibility": true,
  "is_delete": false,
  "is_lock": false,
  "createAt": {
    "$date": "2025-05-15T15:25:56.412Z"
  },
  "updateAt": {
    "$date": "2025-05-15T15:25:56.412Z"
  },
  "_class": "com.lamnguyen.inventory_service.model.VariantProduct"
},
{
  "_id": "682607841bd0a01c950acf52",
  "product_id": "68260783213ef202c0fd2065",
  "title": "L-Xám",
  "regular_price": 549000,
  "compare_price": 549000,
  "sku": "SKU-68260783213EF202C0FD2065-SIZE-L-COLOR-XÁM",
  "quantity": 0,
  "options": {
    "SIZE": "L",
    "COLOR": "Xám"
  },
  "product_allow_buy_when_clocked": false,
  "product_exclude_discount": false,
  "product_apply_allowance_inventory": false,
  "pending": 0,
  "product_visibility": true,
  "is_delete": false,
  "is_lock": false,
  "createAt": {
    "$date": "2025-05-15T15:25:56.485Z"
  },
  "updateAt": {
    "$date": "2025-05-15T15:25:56.485Z"
  },
  "_class": "com.lamnguyen.inventory_service.model.VariantProduct"
},
{
  "_id": "682607841bd0a01c950acf53",
  "product_id": "68260783213ef202c0fd2065",
  "title": "XL-Xám",
  "regular_price": 549000,
  "compare_price": 549000,
  "sku": "SKU-68260783213EF202C0FD2065-SIZE-XL-COLOR-XÁM",
  "quantity": 0,
  "options": {
    "SIZE": "XL",
    "COLOR": "Xám"
  },
  "product_allow_buy_when_clocked": false,
  "product_exclude_discount": false,
  "product_apply_allowance_inventory": false,
  "pending": 0,
  "product_visibility": true,
  "is_delete": false,
  "is_lock": false,
  "createAt": {
    "$date": "2025-05-15T15:25:56.556Z"
  },
  "updateAt": {
    "$date": "2025-05-15T15:25:56.556Z"
  },
  "_class": "com.lamnguyen.inventory_service.model.VariantProduct"
},
{
  "_id": "682607871bd0a01c950acf54",
  "product_id": "68260786213ef202c0fd2066",
  "title": "XS-Đen",
  "regular_price": 449000,
  "compare_price": 499000,
  "sku": "SKU-68260786213EF202C0FD2066-SIZE-XS-COLOR-ĐEN",
  "quantity": 0,
  "options": {
    "SIZE": "XS",
    "COLOR": "Đen"
  },
  "product_allow_buy_when_clocked": false,
  "product_exclude_discount": false,
  "product_apply_allowance_inventory": false,
  "pending": 0,
  "product_visibility": true,
  "is_delete": false,
  "is_lock": false,
  "createAt": {
    "$date": "2025-05-15T15:25:59.234Z"
  },
  "updateAt": {
    "$date": "2025-05-15T15:25:59.234Z"
  },
  "_class": "com.lamnguyen.inventory_service.model.VariantProduct"
},
{
  "_id": "682607871bd0a01c950acf55",
  "product_id": "68260786213ef202c0fd2066",
  "title": "S-Đen",
  "regular_price": 449000,
  "compare_price": 499000,
  "sku": "SKU-68260786213EF202C0FD2066-SIZE-S-COLOR-ĐEN",
  "quantity": 0,
  "options": {
    "SIZE": "S",
    "COLOR": "Đen"
  },
  "product_allow_buy_when_clocked": false,
  "product_exclude_discount": false,
  "product_apply_allowance_inventory": false,
  "pending": 0,
  "product_visibility": true,
  "is_delete": false,
  "is_lock": false,
  "createAt": {
    "$date": "2025-05-15T15:25:59.308Z"
  },
  "updateAt": {
    "$date": "2025-05-15T15:25:59.308Z"
  },
  "_class": "com.lamnguyen.inventory_service.model.VariantProduct"
},
{
  "_id": "682607871bd0a01c950acf56",
  "product_id": "68260786213ef202c0fd2066",
  "title": "M-Đen",
  "regular_price": 449000,
  "compare_price": 499000,
  "sku": "SKU-68260786213EF202C0FD2066-SIZE-M-COLOR-ĐEN",
  "quantity": 0,
  "options": {
    "SIZE": "M",
    "COLOR": "Đen"
  },
  "product_allow_buy_when_clocked": false,
  "product_exclude_discount": false,
  "product_apply_allowance_inventory": false,
  "pending": 0,
  "product_visibility": true,
  "is_delete": false,
  "is_lock": false,
  "createAt": {
    "$date": "2025-05-15T15:25:59.494Z"
  },
  "updateAt": {
    "$date": "2025-05-15T15:25:59.494Z"
  },
  "_class": "com.lamnguyen.inventory_service.model.VariantProduct"
},
{
  "_id": "682607871bd0a01c950acf57",
  "product_id": "68260786213ef202c0fd2066",
  "title": "L-Đen",
  "regular_price": 449000,
  "compare_price": 499000,
  "sku": "SKU-68260786213EF202C0FD2066-SIZE-L-COLOR-ĐEN",
  "quantity": 0,
  "options": {
    "SIZE": "L",
    "COLOR": "Đen"
  },
  "product_allow_buy_when_clocked": false,
  "product_exclude_discount": false,
  "product_apply_allowance_inventory": false,
  "pending": 0,
  "product_visibility": true,
  "is_delete": false,
  "is_lock": false,
  "createAt": {
    "$date": "2025-05-15T15:25:59.596Z"
  },
  "updateAt": {
    "$date": "2025-05-15T15:25:59.596Z"
  },
  "_class": "com.lamnguyen.inventory_service.model.VariantProduct"
},
{
  "_id": "682607871bd0a01c950acf58",
  "product_id": "68260786213ef202c0fd2066",
  "title": "XL-Đen",
  "regular_price": 449000,
  "compare_price": 499000,
  "sku": "SKU-68260786213EF202C0FD2066-SIZE-XL-COLOR-ĐEN",
  "quantity": 0,
  "options": {
    "SIZE": "XL",
    "COLOR": "Đen"
  },
  "product_allow_buy_when_clocked": false,
  "product_exclude_discount": false,
  "product_apply_allowance_inventory": false,
  "pending": 0,
  "product_visibility": true,
  "is_delete": false,
  "is_lock": false,
  "createAt": {
    "$date": "2025-05-15T15:25:59.675Z"
  },
  "updateAt": {
    "$date": "2025-05-15T15:25:59.675Z"
  },
  "_class": "com.lamnguyen.inventory_service.model.VariantProduct"
},
{
  "_id": "682607871bd0a01c950acf59",
  "product_id": "68260786213ef202c0fd2066",
  "title": "XS-Xanh Poseidon",
  "regular_price": 449000,
  "compare_price": 499000,
  "sku": "SKU-68260786213EF202C0FD2066-SIZE-XS-COLOR-XANH POSEIDON",
  "quantity": 0,
  "options": {
    "SIZE": "XS",
    "COLOR": "Xanh Poseidon"
  },
  "product_allow_buy_when_clocked": false,
  "product_exclude_discount": false,
  "product_apply_allowance_inventory": false,
  "pending": 0,
  "product_visibility": true,
  "is_delete": false,
  "is_lock": false,
  "createAt": {
    "$date": "2025-05-15T15:25:59.747Z"
  },
  "updateAt": {
    "$date": "2025-05-15T15:25:59.747Z"
  },
  "_class": "com.lamnguyen.inventory_service.model.VariantProduct"
},
{
  "_id": "682607871bd0a01c950acf5a",
  "product_id": "68260786213ef202c0fd2066",
  "title": "S-Xanh Poseidon",
  "regular_price": 449000,
  "compare_price": 499000,
  "sku": "SKU-68260786213EF202C0FD2066-SIZE-S-COLOR-XANH POSEIDON",
  "quantity": 0,
  "options": {
    "SIZE": "S",
    "COLOR": "Xanh Poseidon"
  },
  "product_allow_buy_when_clocked": false,
  "product_exclude_discount": false,
  "product_apply_allowance_inventory": false,
  "pending": 0,
  "product_visibility": true,
  "is_delete": false,
  "is_lock": false,
  "createAt": {
    "$date": "2025-05-15T15:25:59.878Z"
  },
  "updateAt": {
    "$date": "2025-05-15T15:25:59.878Z"
  },
  "_class": "com.lamnguyen.inventory_service.model.VariantProduct"
},
{
  "_id": "682607871bd0a01c950acf5b",
  "product_id": "68260786213ef202c0fd2066",
  "title": "M-Xanh Poseidon",
  "regular_price": 449000,
  "compare_price": 499000,
  "sku": "SKU-68260786213EF202C0FD2066-SIZE-M-COLOR-XANH POSEIDON",
  "quantity": 0,
  "options": {
    "SIZE": "M",
    "COLOR": "Xanh Poseidon"
  },
  "product_allow_buy_when_clocked": false,
  "product_exclude_discount": false,
  "product_apply_allowance_inventory": false,
  "pending": 0,
  "product_visibility": true,
  "is_delete": false,
  "is_lock": false,
  "createAt": {
    "$date": "2025-05-15T15:25:59.949Z"
  },
  "updateAt": {
    "$date": "2025-05-15T15:25:59.949Z"
  },
  "_class": "com.lamnguyen.inventory_service.model.VariantProduct"
},
{
  "_id": "682607881bd0a01c950acf5c",
  "product_id": "68260786213ef202c0fd2066",
  "title": "L-Xanh Poseidon",
  "regular_price": 449000,
  "compare_price": 499000,
  "sku": "SKU-68260786213EF202C0FD2066-SIZE-L-COLOR-XANH POSEIDON",
  "quantity": 0,
  "options": {
    "SIZE": "L",
    "COLOR": "Xanh Poseidon"
  },
  "product_allow_buy_when_clocked": false,
  "product_exclude_discount": false,
  "product_apply_allowance_inventory": false,
  "pending": 0,
  "product_visibility": true,
  "is_delete": false,
  "is_lock": false,
  "createAt": {
    "$date": "2025-05-15T15:26:00.265Z"
  },
  "updateAt": {
    "$date": "2025-05-15T15:26:00.265Z"
  },
  "_class": "com.lamnguyen.inventory_service.model.VariantProduct"
},
{
  "_id": "682607881bd0a01c950acf5d",
  "product_id": "68260786213ef202c0fd2066",
  "title": "XL-Xanh Poseidon",
  "regular_price": 449000,
  "compare_price": 499000,
  "sku": "SKU-68260786213EF202C0FD2066-SIZE-XL-COLOR-XANH POSEIDON",
  "quantity": 0,
  "options": {
    "SIZE": "XL",
    "COLOR": "Xanh Poseidon"
  },
  "product_allow_buy_when_clocked": false,
  "product_exclude_discount": false,
  "product_apply_allowance_inventory": false,
  "pending": 0,
  "product_visibility": true,
  "is_delete": false,
  "is_lock": false,
  "createAt": {
    "$date": "2025-05-15T15:26:00.338Z"
  },
  "updateAt": {
    "$date": "2025-05-15T15:26:00.338Z"
  },
  "_class": "com.lamnguyen.inventory_service.model.VariantProduct"
},
{
  "_id": "6826078d1bd0a01c950acf5e",
  "product_id": "6826078d213ef202c0fd2067",
  "title": "XS-Xám đậm",
  "regular_price": 539000,
  "compare_price": 599000,
  "sku": "SKU-6826078D213EF202C0FD2067-SIZE-XS-COLOR-XÁM ĐẬM",
  "quantity": 0,
  "options": {
    "SIZE": "XS",
    "COLOR": "Xám đậm"
  },
  "product_allow_buy_when_clocked": false,
  "product_exclude_discount": false,
  "product_apply_allowance_inventory": false,
  "pending": 0,
  "product_visibility": true,
  "is_delete": false,
  "is_lock": false,
  "createAt": {
    "$date": "2025-05-15T15:26:05.657Z"
  },
  "updateAt": {
    "$date": "2025-05-15T15:26:05.657Z"
  },
  "_class": "com.lamnguyen.inventory_service.model.VariantProduct"
},
{
  "_id": "6826078d1bd0a01c950acf5f",
  "product_id": "6826078d213ef202c0fd2067",
  "title": "S-Xám đậm",
  "regular_price": 539000,
  "compare_price": 599000,
  "sku": "SKU-6826078D213EF202C0FD2067-SIZE-S-COLOR-XÁM ĐẬM",
  "quantity": 0,
  "options": {
    "SIZE": "S",
    "COLOR": "Xám đậm"
  },
  "product_allow_buy_when_clocked": false,
  "product_exclude_discount": false,
  "product_apply_allowance_inventory": false,
  "pending": 0,
  "product_visibility": true,
  "is_delete": false,
  "is_lock": false,
  "createAt": {
    "$date": "2025-05-15T15:26:05.726Z"
  },
  "updateAt": {
    "$date": "2025-05-15T15:26:05.726Z"
  },
  "_class": "com.lamnguyen.inventory_service.model.VariantProduct"
},
{
  "_id": "6826078d1bd0a01c950acf60",
  "product_id": "6826078d213ef202c0fd2067",
  "title": "M-Xám đậm",
  "regular_price": 539000,
  "compare_price": 599000,
  "sku": "SKU-6826078D213EF202C0FD2067-SIZE-M-COLOR-XÁM ĐẬM",
  "quantity": 0,
  "options": {
    "SIZE": "M",
    "COLOR": "Xám đậm"
  },
  "product_allow_buy_when_clocked": false,
  "product_exclude_discount": false,
  "product_apply_allowance_inventory": false,
  "pending": 0,
  "product_visibility": true,
  "is_delete": false,
  "is_lock": false,
  "createAt": {
    "$date": "2025-05-15T15:26:05.801Z"
  },
  "updateAt": {
    "$date": "2025-05-15T15:26:05.801Z"
  },
  "_class": "com.lamnguyen.inventory_service.model.VariantProduct"
},
{
  "_id": "6826078d1bd0a01c950acf61",
  "product_id": "6826078d213ef202c0fd2067",
  "title": "L-Xám đậm",
  "regular_price": 539000,
  "compare_price": 599000,
  "sku": "SKU-6826078D213EF202C0FD2067-SIZE-L-COLOR-XÁM ĐẬM",
  "quantity": 0,
  "options": {
    "SIZE": "L",
    "COLOR": "Xám đậm"
  },
  "product_allow_buy_when_clocked": false,
  "product_exclude_discount": false,
  "product_apply_allowance_inventory": false,
  "pending": 0,
  "product_visibility": true,
  "is_delete": false,
  "is_lock": false,
  "createAt": {
    "$date": "2025-05-15T15:26:05.873Z"
  },
  "updateAt": {
    "$date": "2025-05-15T15:26:05.873Z"
  },
  "_class": "com.lamnguyen.inventory_service.model.VariantProduct"
},
{
  "_id": "6826078d1bd0a01c950acf62",
  "product_id": "6826078d213ef202c0fd2067",
  "title": "XL-Xám đậm",
  "regular_price": 539000,
  "compare_price": 599000,
  "sku": "SKU-6826078D213EF202C0FD2067-SIZE-XL-COLOR-XÁM ĐẬM",
  "quantity": 0,
  "options": {
    "SIZE": "XL",
    "COLOR": "Xám đậm"
  },
  "product_allow_buy_when_clocked": false,
  "product_exclude_discount": false,
  "product_apply_allowance_inventory": false,
  "pending": 0,
  "product_visibility": true,
  "is_delete": false,
  "is_lock": false,
  "createAt": {
    "$date": "2025-05-15T15:26:05.945Z"
  },
  "updateAt": {
    "$date": "2025-05-15T15:26:05.945Z"
  },
  "_class": "com.lamnguyen.inventory_service.model.VariantProduct"
},
{
  "_id": "6826078e1bd0a01c950acf63",
  "product_id": "6826078d213ef202c0fd2067",
  "title": "XS-Đen",
  "regular_price": 539000,
  "compare_price": 599000,
  "sku": "SKU-6826078D213EF202C0FD2067-SIZE-XS-COLOR-ĐEN",
  "quantity": 0,
  "options": {
    "SIZE": "XS",
    "COLOR": "Đen"
  },
  "product_allow_buy_when_clocked": false,
  "product_exclude_discount": false,
  "product_apply_allowance_inventory": false,
  "pending": 0,
  "product_visibility": true,
  "is_delete": false,
  "is_lock": false,
  "createAt": {
    "$date": "2025-05-15T15:26:06.018Z"
  },
  "updateAt": {
    "$date": "2025-05-15T15:26:06.018Z"
  },
  "_class": "com.lamnguyen.inventory_service.model.VariantProduct"
},
{
  "_id": "6826078e1bd0a01c950acf64",
  "product_id": "6826078d213ef202c0fd2067",
  "title": "S-Đen",
  "regular_price": 539000,
  "compare_price": 599000,
  "sku": "SKU-6826078D213EF202C0FD2067-SIZE-S-COLOR-ĐEN",
  "quantity": 0,
  "options": {
    "SIZE": "S",
    "COLOR": "Đen"
  },
  "product_allow_buy_when_clocked": false,
  "product_exclude_discount": false,
  "product_apply_allowance_inventory": false,
  "pending": 0,
  "product_visibility": true,
  "is_delete": false,
  "is_lock": false,
  "createAt": {
    "$date": "2025-05-15T15:26:06.089Z"
  },
  "updateAt": {
    "$date": "2025-05-15T15:26:06.089Z"
  },
  "_class": "com.lamnguyen.inventory_service.model.VariantProduct"
},
{
  "_id": "6826078e1bd0a01c950acf65",
  "product_id": "6826078d213ef202c0fd2067",
  "title": "M-Đen",
  "regular_price": 539000,
  "compare_price": 599000,
  "sku": "SKU-6826078D213EF202C0FD2067-SIZE-M-COLOR-ĐEN",
  "quantity": 0,
  "options": {
    "SIZE": "M",
    "COLOR": "Đen"
  },
  "product_allow_buy_when_clocked": false,
  "product_exclude_discount": false,
  "product_apply_allowance_inventory": false,
  "pending": 0,
  "product_visibility": true,
  "is_delete": false,
  "is_lock": false,
  "createAt": {
    "$date": "2025-05-15T15:26:06.163Z"
  },
  "updateAt": {
    "$date": "2025-05-15T15:26:06.163Z"
  },
  "_class": "com.lamnguyen.inventory_service.model.VariantProduct"
},
{
  "_id": "6826078e1bd0a01c950acf66",
  "product_id": "6826078d213ef202c0fd2067",
  "title": "L-Đen",
  "regular_price": 539000,
  "compare_price": 599000,
  "sku": "SKU-6826078D213EF202C0FD2067-SIZE-L-COLOR-ĐEN",
  "quantity": 0,
  "options": {
    "SIZE": "L",
    "COLOR": "Đen"
  },
  "product_allow_buy_when_clocked": false,
  "product_exclude_discount": false,
  "product_apply_allowance_inventory": false,
  "pending": 0,
  "product_visibility": true,
  "is_delete": false,
  "is_lock": false,
  "createAt": {
    "$date": "2025-05-15T15:26:06.234Z"
  },
  "updateAt": {
    "$date": "2025-05-15T15:26:06.234Z"
  },
  "_class": "com.lamnguyen.inventory_service.model.VariantProduct"
},
{
  "_id": "6826078e1bd0a01c950acf67",
  "product_id": "6826078d213ef202c0fd2067",
  "title": "XL-Đen",
  "regular_price": 539000,
  "compare_price": 599000,
  "sku": "SKU-6826078D213EF202C0FD2067-SIZE-XL-COLOR-ĐEN",
  "quantity": 0,
  "options": {
    "SIZE": "XL",
    "COLOR": "Đen"
  },
  "product_allow_buy_when_clocked": false,
  "product_exclude_discount": false,
  "product_apply_allowance_inventory": false,
  "pending": 0,
  "product_visibility": true,
  "is_delete": false,
  "is_lock": false,
  "createAt": {
    "$date": "2025-05-15T15:26:06.296Z"
  },
  "updateAt": {
    "$date": "2025-05-15T15:26:06.296Z"
  },
  "_class": "com.lamnguyen.inventory_service.model.VariantProduct"
}]