{
  "title" : "Quần Jeans Nam siêu nhẹ",
  "vendor" : "5c482438000c695cfa6f8d22",
  "tags" : [ "WORTH_BUYING", "BEST_SELLER" ],
  "options" : [ {
    "type" : "COLOR",
    "title" : "Màu sắc",
    "values" : [ "Xanh wash", "Xanh nhạt" ]
  }, {
    "type" : "SIZE",
    "title" : "Size",
    "values" : [ "29", "30", "31", "32", "33" ]
  } ],
  "images" : [ "681fe2fb1f583b08bcb4050f", "681fe2fb1f583b08bcb40510", "681fe2fb1f583b08bcb40511", "681fe2fb1f583b08bcb40512", "681fe2fb1f583b08bcb40513", "681fe2fb1f583b08bcb40514", "681fe2fb1f583b08bcb40515", "681fe2fb1f583b08bcb40516", "681fe2fc1f583b08bcb40517", "681fe2fc1f583b08bcb40518", "681fe2fc1f583b08bcb40519", "681fe2fc1f583b08bcb4051a", "681fe2fc1f583b08bcb4051b", "681fe2fc1f583b08bcb4051c", "681fe2fc1f583b08bcb4051d", "681fe2fc1f583b08bcb4051e" ],
  "discount" : null,
  "seo_alias" : "quan-jeans-nam-dang-straight-sieu-nhe",
  "options_values" : [ {
    "title" : "Màu sắc",
    "type" : "COLOR",
    "options" : [ {
      "title" : "Xanh wash",
      "slug" : "xanh-wash",
      "label" : "",
      "images" : [ "681fe2fc1f583b08bcb4051f", "681fe2fd1f583b08bcb40520", "681fe2fd1f583b08bcb40521", "681fe2fd1f583b08bcb40522", "681fe2fd1f583b08bcb40523", "681fe2fd1f583b08bcb40524", "681fe2fd1f583b08bcb40525", "681fe2fd1f583b08bcb40526", "681fe2fd1f583b08bcb40527", "681fe2fd1f583b08bcb40528", "681fe2fd1f583b08bcb40529", "681fe2fd1f583b08bcb4052a", "681fe2fd1f583b08bcb4052b", "681fe2fe1f583b08bcb4052c", "681fe2fe1f583b08bcb4052d", "681fe2fe1f583b08bcb4052e" ]
    }, {
      "title" : "Xanh nhạt",
      "slug" : "xanh-nhat",
      "label" : "",
      "images" : [ "681fe2fe1f583b08bcb4052f", "681fe2fe1f583b08bcb40530", "681fe2fe1f583b08bcb40531", "681fe2fe1f583b08bcb40532", "681fe2fe1f583b08bcb40533", "681fe2fe1f583b08bcb40534", "681fe2fe1f583b08bcb40535", "681fe2ff1f583b08bcb40536", "681fe2ff1f583b08bcb40537", "681fe2ff1f583b08bcb40538", "681fe2ff1f583b08bcb40539", "681fe2ff1f583b08bcb4053a", "681fe2ff1f583b08bcb4053b", "681fe2ff1f583b08bcb4053c", "681fe2ff1f583b08bcb4053d", "681fe2ff1f583b08bcb4053e" ]
    } ]
  } ],
  "collection_id" : "681ca2712a59db3110ec0b94",
  "display_order" : 291,
  "youtube_video" : "https://media.coolmate.me/uploads/videos/27Sequence01Jeanssieunhe.mp4",
  "coming_soon" : false,
  "display_name_open" : "Dáng Straight",
  "gender_type" : "MALE",
  "icon_thumbnail" : null,
  "compare_price" : 499000.0,
  "regular_price" : 439000.0
}