{
  "title" : "Quần Jeans Nam Copper Denim Slim Fit",
  "vendor" : "5c482438000c695cfa6f8d22",
  "tags" : [ ],
  "options" : [ {
    "type" : "COLOR",
    "title" : "Màu sắc",
    "values" : [ "Xanh đậm", "Xanh nhạt" ]
  }, {
    "type" : "SIZE",
    "title" : "Size",
    "values" : [ "29", "30", "31", "32", "33" ]
  } ],
  "images" : [ "681fe3291f583b08bcb40619", "681fe3291f583b08bcb4061a", "681fe3291f583b08bcb4061b", "681fe3291f583b08bcb4061c", "681fe3291f583b08bcb4061d", "681fe3291f583b08bcb4061e", "681fe3291f583b08bcb4061f", "681fe3291f583b08bcb40620", "681fe32a1f583b08bcb40621", "681fe32a1f583b08bcb40622", "681fe32a1f583b08bcb40623", "681fe32a1f583b08bcb40624", "681fe32a1f583b08bcb40625", "681fe32a1f583b08bcb40626" ],
  "discount" : null,
  "seo_alias" : "coolmate-x-copper-denim-quan-jeans-dang-slim-fit",
  "options_values" : [ {
    "title" : "Màu sắc",
    "type" : "COLOR",
    "options" : [ {
      "title" : "Xanh đậm",
      "slug" : "xanh-dam",
      "label" : "",
      "images" : [ "681fe32a1f583b08bcb40627", "681fe32a1f583b08bcb40628", "681fe32a1f583b08bcb40629", "681fe32a1f583b08bcb4062a", "681fe32a1f583b08bcb4062b", "681fe32a1f583b08bcb4062c", "681fe32a1f583b08bcb4062d", "681fe32a1f583b08bcb4062e", "681fe32a1f583b08bcb4062f", "681fe32b1f583b08bcb40630", "681fe32b1f583b08bcb40631", "681fe32b1f583b08bcb40632", "681fe32b1f583b08bcb40633", "681fe32b1f583b08bcb40634" ]
    }, {
      "title" : "Xanh nhạt",
      "slug" : "xanh-nhat",
      "label" : "",
      "images" : [ "681fe32b1f583b08bcb40635", "681fe32b1f583b08bcb40636", "681fe32b1f583b08bcb40637", "681fe32b1f583b08bcb40638", "681fe32b1f583b08bcb40639", "681fe32b1f583b08bcb4063a", "681fe32b1f583b08bcb4063b", "681fe32b1f583b08bcb4063c", "681fe32b1f583b08bcb4063d", "681fe32b1f583b08bcb4063e", "681fe32b1f583b08bcb4063f", "681fe32c1f583b08bcb40640", "681fe32c1f583b08bcb40641", "681fe32c1f583b08bcb40642" ]
    } ]
  } ],
  "collection_id" : "681ca2712a59db3110ec0b94",
  "display_order" : 308,
  "youtube_video" : "",
  "coming_soon" : false,
  "display_name_open" : "Co giãn",
  "gender_type" : "MALE",
  "icon_thumbnail" : null,
  "compare_price" : 599000.0,
  "regular_price" : 539000.0
}