{
  "title" : "Áo Thun Nam Thể Thao Coolmate Basics",
  "vendor" : "5c482438000c695cfa6f8d22",
  "tags" : [ "BEST_SELLER" ],
  "options" : [ {
    "type" : "COLOR",
    "title" : "Màu sắc",
    "values" : [ "Xanh Pacific", "Hồng Marsala", "Nâu Iron", "Xanh Cool", "Xanh Cobalt", "Xanh b.đêm logo mới", "Xám đậm logo mới", "Xanh da trời", "Xám nhạt", "Đen logo mới", "Xám nhạt logo mới", "Navy logo mới", "Xanh bóng đêm" ]
  }, {
    "type" : "SIZE",
    "title" : "Kích thước",
    "values" : [ "S", "M", "L", "XL", "2XL", "3XL" ]
  } ],
  "images" : [ "681fd8ab1f583b08bcb3ea1c", "681fd8ab1f583b08bcb3ea1d", "681fd8ab1f583b08bcb3ea1e", "681fd8ab1f583b08bcb3ea1f", "681fd8ab1f583b08bcb3ea20", "681fd8ac1f583b08bcb3ea21", "681fd8ac1f583b08bcb3ea22", "681fd8ac1f583b08bcb3ea23", "681fd8ac1f583b08bcb3ea24", "681fd8ac1f583b08bcb3ea25", "681fd8ac1f583b08bcb3ea26", "681fd8ac1f583b08bcb3ea27", "681fd8ac1f583b08bcb3ea28", "681fd8ac1f583b08bcb3ea29", "681fd8ac1f583b08bcb3ea2a", "681fd8ac1f583b08bcb3ea2b", "681fd8ad1f583b08bcb3ea2c" ],
  "discount" : null,
  "seo_alias" : "ao-the-thao-nam-promax-recycle-basics1",
  "options_values" : [ {
    "title" : "Màu sắc",
    "type" : "COLOR",
    "options" : [ {
      "title" : "Xanh Pacific",
      "slug" : "xanh-pacific",
      "label" : "",
      "images" : [ "681fd8ad1f583b08bcb3ea2d", "681fd8ad1f583b08bcb3ea2e", "681fd8ad1f583b08bcb3ea2f", "681fd8ad1f583b08bcb3ea30", "681fd8ad1f583b08bcb3ea31", "681fd8ad1f583b08bcb3ea32", "681fd8ad1f583b08bcb3ea33", "681fd8ad1f583b08bcb3ea34", "681fd8ad1f583b08bcb3ea35", "681fd8ad1f583b08bcb3ea36", "681fd8ad1f583b08bcb3ea37", "681fd8ad1f583b08bcb3ea38", "681fd8ad1f583b08bcb3ea39", "681fd8ad1f583b08bcb3ea3a", "681fd8ae1f583b08bcb3ea3b", "681fd8ae1f583b08bcb3ea3c", "681fd8ae1f583b08bcb3ea3d" ]
    }, {
      "title" : "Hồng Marsala",
      "slug" : "hong-marsala",
      "label" : "",
      "images" : [ "681fd8ae1f583b08bcb3ea3e", "681fd8ae1f583b08bcb3ea3f", "681fd8ae1f583b08bcb3ea40", "681fd8ae1f583b08bcb3ea41", "681fd8ae1f583b08bcb3ea42", "681fd8ae1f583b08bcb3ea43", "681fd8ae1f583b08bcb3ea44", "681fd8ae1f583b08bcb3ea45", "681fd8ae1f583b08bcb3ea46", "681fd8ae1f583b08bcb3ea47", "681fd8af1f583b08bcb3ea48", "681fd8af1f583b08bcb3ea49", "681fd8af1f583b08bcb3ea4a", "681fd8af1f583b08bcb3ea4b", "681fd8af1f583b08bcb3ea4c", "681fd8af1f583b08bcb3ea4d", "681fd8af1f583b08bcb3ea4e" ]
    }, {
      "title" : "Nâu Iron",
      "slug" : "nau-iron",
      "label" : "",
      "images" : [ "681fd8b01f583b08bcb3ea4f", "681fd8b01f583b08bcb3ea50", "681fd8b01f583b08bcb3ea51", "681fd8b01f583b08bcb3ea52", "681fd8b01f583b08bcb3ea53", "681fd8b01f583b08bcb3ea54", "681fd8b01f583b08bcb3ea55", "681fd8b01f583b08bcb3ea56", "681fd8b01f583b08bcb3ea57", "681fd8b01f583b08bcb3ea58", "681fd8b01f583b08bcb3ea59", "681fd8b01f583b08bcb3ea5a", "681fd8b01f583b08bcb3ea5b", "681fd8b01f583b08bcb3ea5c", "681fd8b01f583b08bcb3ea5d", "681fd8b01f583b08bcb3ea5e", "681fd8b11f583b08bcb3ea5f" ]
    }, {
      "title" : "Xanh Cool",
      "slug" : "xanh-cool",
      "label" : "",
      "images" : [ "681fd8b11f583b08bcb3ea60", "681fd8b11f583b08bcb3ea61", "681fd8b11f583b08bcb3ea62", "681fd8b11f583b08bcb3ea63", "681fd8b11f583b08bcb3ea64", "681fd8b11f583b08bcb3ea65", "681fd8b11f583b08bcb3ea66", "681fd8b11f583b08bcb3ea67", "681fd8b11f583b08bcb3ea68", "681fd8b11f583b08bcb3ea69", "681fd8b11f583b08bcb3ea6a", "681fd8b11f583b08bcb3ea6b", "681fd8b21f583b08bcb3ea6c", "681fd8b21f583b08bcb3ea6d", "681fd8b21f583b08bcb3ea6e", "681fd8b21f583b08bcb3ea6f", "681fd8b21f583b08bcb3ea70" ]
    }, {
      "title" : "Xanh Cobalt",
      "slug" : "xanh-cobalt",
      "label" : "",
      "images" : [ "681fd8b21f583b08bcb3ea71", "681fd8b21f583b08bcb3ea72", "681fd8b21f583b08bcb3ea73", "681fd8b21f583b08bcb3ea74", "681fd8b21f583b08bcb3ea75", "681fd8b21f583b08bcb3ea76", "681fd8b31f583b08bcb3ea77", "681fd8b31f583b08bcb3ea78", "681fd8b31f583b08bcb3ea79", "681fd8b31f583b08bcb3ea7a", "681fd8b31f583b08bcb3ea7b", "681fd8b31f583b08bcb3ea7c", "681fd8b31f583b08bcb3ea7d", "681fd8b31f583b08bcb3ea7e", "681fd8b31f583b08bcb3ea7f", "681fd8b31f583b08bcb3ea80", "681fd8b31f583b08bcb3ea81" ]
    }, {
      "title" : "Xanh b.đêm logo mới",
      "slug" : "xanh-bdem-logo-moi",
      "label" : "",
      "images" : null
    }, {
      "title" : "Xám đậm logo mới",
      "slug" : "xam-dam-logo-moi",
      "label" : "",
      "images" : [ "681fd8b31f583b08bcb3ea82", "681fd8b31f583b08bcb3ea83", "681fd8b41f583b08bcb3ea84", "681fd8b41f583b08bcb3ea85", "681fd8b41f583b08bcb3ea86", "681fd8b41f583b08bcb3ea87", "681fd8b41f583b08bcb3ea88", "681fd8b41f583b08bcb3ea89", "681fd8b41f583b08bcb3ea8a", "681fd8b41f583b08bcb3ea8b", "681fd8b41f583b08bcb3ea8c", "681fd8b41f583b08bcb3ea8d", "681fd8b41f583b08bcb3ea8e", "681fd8b41f583b08bcb3ea8f", "681fd8b41f583b08bcb3ea90", "681fd8b41f583b08bcb3ea91", "681fd8b41f583b08bcb3ea92" ]
    }, {
      "title" : "Xanh da trời",
      "slug" : "xanh-da-troi",
      "label" : "",
      "images" : [ "681fd8b51f583b08bcb3ea93", "681fd8b51f583b08bcb3ea94", "681fd8b51f583b08bcb3ea95", "681fd8b51f583b08bcb3ea96", "681fd8b51f583b08bcb3ea97", "681fd8b61f583b08bcb3ea98", "681fd8b61f583b08bcb3ea99", "681fd8b61f583b08bcb3ea9a", "681fd8b61f583b08bcb3ea9b", "681fd8b61f583b08bcb3ea9c", "681fd8b61f583b08bcb3ea9d", "681fd8b61f583b08bcb3ea9e", "681fd8b61f583b08bcb3ea9f", "681fd8b61f583b08bcb3eaa0", "681fd8b61f583b08bcb3eaa1", "681fd8b61f583b08bcb3eaa2", "681fd8b61f583b08bcb3eaa3" ]
    }, {
      "title" : "Xám nhạt",
      "slug" : "xam-nhat",
      "label" : "",
      "images" : [ "681fd8b61f583b08bcb3eaa4", "681fd8b71f583b08bcb3eaa5", "681fd8b71f583b08bcb3eaa6", "681fd8b71f583b08bcb3eaa7", "681fd8b71f583b08bcb3eaa8", "681fd8b71f583b08bcb3eaa9", "681fd8b71f583b08bcb3eaaa", "681fd8b71f583b08bcb3eaab", "681fd8b71f583b08bcb3eaac", "681fd8b71f583b08bcb3eaad", "681fd8b71f583b08bcb3eaae", "681fd8b71f583b08bcb3eaaf", "681fd8b71f583b08bcb3eab0", "681fd8b71f583b08bcb3eab1", "681fd8b71f583b08bcb3eab2", "681fd8b71f583b08bcb3eab3", "681fd8b81f583b08bcb3eab4" ]
    }, {
      "title" : "Đen logo mới",
      "slug" : "den-logo-moi",
      "label" : "",
      "images" : [ "681fd8b81f583b08bcb3eab5", "681fd8b81f583b08bcb3eab6", "681fd8b81f583b08bcb3eab7", "681fd8b81f583b08bcb3eab8", "681fd8b81f583b08bcb3eab9", "681fd8b81f583b08bcb3eaba", "681fd8b81f583b08bcb3eabb", "681fd8b81f583b08bcb3eabc", "681fd8b81f583b08bcb3eabd", "681fd8b81f583b08bcb3eabe", "681fd8b81f583b08bcb3eabf", "681fd8b81f583b08bcb3eac0", "681fd8b81f583b08bcb3eac1", "681fd8b91f583b08bcb3eac2", "681fd8b91f583b08bcb3eac3", "681fd8b91f583b08bcb3eac4", "681fd8b91f583b08bcb3eac5" ]
    }, {
      "title" : "Xám nhạt logo mới",
      "slug" : "xam-nhat-logo-moi",
      "label" : "",
      "images" : [ "681fd8b91f583b08bcb3eac6", "681fd8b91f583b08bcb3eac7", "681fd8b91f583b08bcb3eac8", "681fd8b91f583b08bcb3eac9", "681fd8b91f583b08bcb3eaca", "681fd8b91f583b08bcb3eacb", "681fd8b91f583b08bcb3eacc", "681fd8b91f583b08bcb3eacd", "681fd8b91f583b08bcb3eace", "681fd8b91f583b08bcb3eacf", "681fd8b91f583b08bcb3ead0", "681fd8ba1f583b08bcb3ead1", "681fd8ba1f583b08bcb3ead2", "681fd8ba1f583b08bcb3ead3", "681fd8ba1f583b08bcb3ead4", "681fd8ba1f583b08bcb3ead5", "681fd8ba1f583b08bcb3ead6" ]
    }, {
      "title" : "Navy logo mới",
      "slug" : "navy-logo-moi",
      "label" : "",
      "images" : [ "681fd8ba1f583b08bcb3ead7", "681fd8ba1f583b08bcb3ead8", "681fd8ba1f583b08bcb3ead9", "681fd8ba1f583b08bcb3eada", "681fd8ba1f583b08bcb3eadb", "681fd8ba1f583b08bcb3eadc", "681fd8ba1f583b08bcb3eadd", "681fd8ba1f583b08bcb3eade", "681fd8ba1f583b08bcb3eadf", "681fd8bb1f583b08bcb3eae0", "681fd8bb1f583b08bcb3eae1", "681fd8bb1f583b08bcb3eae2", "681fd8bb1f583b08bcb3eae3", "681fd8bb1f583b08bcb3eae4", "681fd8bb1f583b08bcb3eae5", "681fd8bb1f583b08bcb3eae6", "681fd8bc1f583b08bcb3eae7" ]
    }, {
      "title" : "Xanh bóng đêm",
      "slug" : "xanh-bong-dem",
      "label" : "",
      "images" : [ "681fd8bc1f583b08bcb3eae8", "681fd8bc1f583b08bcb3eae9", "681fd8bc1f583b08bcb3eaea", "681fd8bc1f583b08bcb3eaeb", "681fd8bc1f583b08bcb3eaec", "681fd8bc1f583b08bcb3eaed", "681fd8bc1f583b08bcb3eaee", "681fd8bc1f583b08bcb3eaef", "681fd8bc1f583b08bcb3eaf0", "681fd8bc1f583b08bcb3eaf1", "681fd8bd1f583b08bcb3eaf2", "681fd8bd1f583b08bcb3eaf3", "681fd8bd1f583b08bcb3eaf4", "681fd8bd1f583b08bcb3eaf5", "681fd8bd1f583b08bcb3eaf6", "681fd8bd1f583b08bcb3eaf7", "681fd8bd1f583b08bcb3eaf8" ]
    } ]
  } ],
  "collection_id" : "681ca20a2a59db3110ec0b8f",
  "display_order" : 202,
  "youtube_video" : "",
  "coming_soon" : false,
  "display_name_open" : "ExDry",
  "gender_type" : "MALE",
  "icon_thumbnail" : null,
  "compare_price" : 99000.0,
  "regular_price" : 89000.0
}