{
  "title" : "Quần Long Leg Co giãn",
  "vendor" : "5c482438000c695cfa6f8d22",
  "tags" : [ ],
  "options" : [ {
    "type" : "COLOR",
    "title" : "Màu sắc",
    "values" : [ "Xám", "Đen" ]
  }, {
    "type" : "SIZE",
    "title" : "Size",
    "values" : [ "M", "L", "XL", "2XL", "3XL" ]
  } ],
  "images" : [ "681febc71f583b08bcb40f5c", "681febc81f583b08bcb40f5d", "681febc81f583b08bcb40f5e", "681febc81f583b08bcb40f5f", "681febc81f583b08bcb40f60", "681febc81f583b08bcb40f61", "681febc81f583b08bcb40f62", "681febc81f583b08bcb40f63", "681febc81f583b08bcb40f64", "681febc81f583b08bcb40f65", "681febc91f583b08bcb40f66", "681febc91f583b08bcb40f67", "681febc91f583b08bcb40f68", "681febc91f583b08bcb40f69", "681febc91f583b08bcb40f6a", "681febc91f583b08bcb40f6b" ],
  "discount" : null,
  "seo_alias" : "quan-lot-nam-long-leg-the-co-gian",
  "options_values" : [ {
    "title" : "Màu sắc",
    "type" : "COLOR",
    "options" : [ {
      "title" : "Xám",
      "slug" : "xam",
      "label" : "",
      "images" : [ "681febc91f583b08bcb40f6c", "681febc91f583b08bcb40f6d", "681febc91f583b08bcb40f6e", "681febc91f583b08bcb40f6f", "681febc91f583b08bcb40f70", "681febca1f583b08bcb40f71", "681febca1f583b08bcb40f72", "681febca1f583b08bcb40f73", "681febca1f583b08bcb40f74", "681febca1f583b08bcb40f75", "681febca1f583b08bcb40f76", "681febca1f583b08bcb40f77", "681febca1f583b08bcb40f78", "681febca1f583b08bcb40f79", "681febca1f583b08bcb40f7a", "681febca1f583b08bcb40f7b" ]
    }, {
      "title" : "Đen",
      "slug" : "den",
      "label" : "",
      "images" : [ "681febcb1f583b08bcb40f7c", "681febcb1f583b08bcb40f7d", "681febcb1f583b08bcb40f7e", "681febcb1f583b08bcb40f7f", "681febcb1f583b08bcb40f80", "681febcb1f583b08bcb40f81", "681febcb1f583b08bcb40f82", "681febcb1f583b08bcb40f83", "681febcb1f583b08bcb40f84", "681febcb1f583b08bcb40f85", "681febcb1f583b08bcb40f86", "681febcc1f583b08bcb40f87", "681febcc1f583b08bcb40f88", "681febcc1f583b08bcb40f89", "681febcc1f583b08bcb40f8a", "681febcc1f583b08bcb40f8b" ]
    } ]
  } ],
  "collection_id" : "681ca2e42a59db3110ec0b9a",
  "display_order" : 22,
  "youtube_video" : "",
  "coming_soon" : false,
  "display_name_open" : "Ex-Dry",
  "gender_type" : "MALE",
  "icon_thumbnail" : null,
  "compare_price" : 199000.0,
  "regular_price" : 169000.0
}