[{
  "_id": "6825f124213ef202c0fd1eb7",
  "title": "Áo Singlet Chạy Bộ Graphic Dot",
  "seo_alias": "ao-singlet-chay-bo-graphic-dot",
  "vendor": "5c482438000c695cfa6f8d22",
  "tags": [],
  "options": [
    {
      "type": "COLOR",
      "title": "Màu sắc",
      "values": [
        "Đỏ",
        "Vàng",
        "Xanh ngọc"
      ]
    },
    {
      "type": "SIZE",
      "title": "Kích thước",
      "values": [
        "S",
        "M",
        "L",
        "XL",
        "2XL",
        "3XL"
      ]
    }
  ],
  "options_values": [
    {
      "title": "Màu sắc",
      "type": "COLOR",
      "options": [
        {
          "title": "Đỏ",
          "slug": "do",
          "label": "",
          "images": [
            "6825f11d0b61125185460296",
            "6825f11d0b61125185460295",
            "6825f11d0b61125185460294",
            "6825f11d0b61125185460293",
            "6825f11c0b61125185460290",
            "6825f11c0b6112518546028e",
            "6825f11c0b6112518546028f",
            "6825f11c0b6112518546028d",
            "6825f11d0b61125185460292",
            "6825f11d0b61125185460291"
          ]
        },
        {
          "title": "Vàng",
          "slug": "vang",
          "label": "",
          "images": [
            "6825f11e0b6112518546029a",
            "6825f11d0b61125185460297",
            "6825f11e0b6112518546029f",
            "6825f11e0b61125185460299",
            "6825f11e0b61125185460298",
            "6825f11e0b6112518546029c",
            "6825f11e0b6112518546029b",
            "6825f11e0b6112518546029e",
            "6825f11e0b6112518546029d"
          ]
        },
        {
          "title": "Xanh ngọc",
          "slug": "xanh-ngoc",
          "label": "",
          "images": [
            "6825f11f0b611251854602a0",
            "6825f11f0b611251854602a7",
            "6825f11f0b611251854602a6",
            "6825f11f0b611251854602a5",
            "6825f11f0b611251854602a4",
            "6825f1200b611251854602a8",
            "6825f11f0b611251854602a3",
            "6825f11f0b611251854602a2",
            "6825f11f0b611251854602a1"
          ]
        }
      ]
    }
  ],
  "images": [
    "6825f11b0b61125185460287",
    "6825f11b0b61125185460288",
    "6825f11c0b6112518546028a",
    "6825f11c0b6112518546028b",
    "6825f11c0b6112518546028c",
    "6825f11c0b61125185460289"
  ],
  "available": true,
  "collection_id": "6825e9498eaaa408c6aaf614",
  "display_order": 385,
  "youtube_video": "",
  "coming_soon": false,
  "display_name_open": "",
  "gender_type": "MALE",
  "all_image_contains": [
    "6825f11b0b61125185460287",
    "6825f11b0b61125185460288",
    "6825f11c0b6112518546028a",
    "6825f11c0b6112518546028b",
    "6825f11c0b6112518546028c",
    "6825f11c0b61125185460289",
    "6825f11d0b61125185460296",
    "6825f11d0b61125185460295",
    "6825f11d0b61125185460294",
    "6825f11d0b61125185460293",
    "6825f11c0b61125185460290",
    "6825f11c0b6112518546028e",
    "6825f11c0b6112518546028f",
    "6825f11c0b6112518546028d",
    "6825f11d0b61125185460292",
    "6825f11d0b61125185460291",
    "6825f11e0b6112518546029a",
    "6825f11d0b61125185460297",
    "6825f11e0b6112518546029f",
    "6825f11e0b61125185460299",
    "6825f11e0b61125185460298",
    "6825f11e0b6112518546029c",
    "6825f11e0b6112518546029b",
    "6825f11e0b6112518546029e",
    "6825f11e0b6112518546029d",
    "6825f11f0b611251854602a0",
    "6825f11f0b611251854602a7",
    "6825f11f0b611251854602a6",
    "6825f11f0b611251854602a5",
    "6825f11f0b611251854602a4",
    "6825f1200b611251854602a8",
    "6825f11f0b611251854602a3",
    "6825f11f0b611251854602a2",
    "6825f11f0b611251854602a1"
  ],
  "is_lock": false,
  "createBy": "kiminonawa1305@gmail.com",
  "createAt": {
    "$date": "2025-05-15T13:50:28.135Z"
  },
  "updateBy": "kiminonawa1305@gmail.com",
  "updateAt": {
    "$date": "2025-05-15T13:50:28.135Z"
  },
  "_class": "com.lamnguyen.product_service.model.Product"
},
{
  "_id": "6825f12c213ef202c0fd1eb8",
  "title": "Áo Tanktop thể thao Melange",
  "seo_alias": "ao-tanktop-the-thao-melange",
  "vendor": "",
  "tags": [],
  "options": [
    {
      "type": "COLOR",
      "title": "Màu sắc",
      "values": [
        "Đen",
        "Xanh Dress",
        "Xanh Dương",
        "Xám Quiet"
      ]
    },
    {
      "type": "SIZE",
      "title": "Kích thước",
      "values": [
        "S",
        "M",
        "L",
        "XL",
        "2XL",
        "3XL"
      ]
    }
  ],
  "options_values": [
    {
      "title": "Màu sắc",
      "type": "COLOR",
      "options": [
        {
          "title": "Đen",
          "slug": "den",
          "label": "",
          "images": [
            "6825f1250b611251854602b2",
            "6825f1250b611251854602b3",
            "6825f1260b611251854602b8",
            "6825f1250b611251854602b1",
            "6825f1250b611251854602b6",
            "6825f1250b611251854602b7",
            "6825f1250b611251854602b4",
            "6825f1250b611251854602b5"
          ]
        },
        {
          "title": "Xanh Dress",
          "slug": "xanh-dress",
          "label": "",
          "images": [
            "6825f1260b611251854602b9",
            "6825f1260b611251854602be",
            "6825f1260b611251854602bd",
            "6825f1260b611251854602bc",
            "6825f1260b611251854602bb",
            "6825f1260b611251854602ba"
          ]
        },
        {
          "title": "Xanh Dương",
          "slug": "xanh-duong",
          "label": "",
          "images": [
            "6825f1270b611251854602c4",
            "6825f1270b611251854602c3",
            "6825f1270b611251854602c6",
            "6825f1270b611251854602c5",
            "6825f1260b611251854602bf",
            "6825f1260b611251854602c0",
            "6825f1270b611251854602c2",
            "6825f1270b611251854602c1"
          ]
        },
        {
          "title": "Xám Quiet",
          "slug": "xam-quiet",
          "label": "",
          "images": [
            "6825f1270b611251854602c8",
            "6825f1280b611251854602ca",
            "6825f1270b611251854602c7",
            "6825f1280b611251854602cd",
            "6825f1280b611251854602cc",
            "6825f1280b611251854602cb",
            "6825f1280b611251854602c9"
          ]
        }
      ]
    }
  ],
  "images": [
    "6825f1240b611251854602a9",
    "6825f1250b611251854602b0",
    "6825f1240b611251854602ad",
    "6825f1240b611251854602ae",
    "6825f1240b611251854602aa",
    "6825f1240b611251854602ab",
    "6825f1240b611251854602ac",
    "6825f1250b611251854602af"
  ],
  "available": true,
  "collection_id": "6825e9498eaaa408c6aaf614",
  "display_order": 400,
  "youtube_video": "",
  "coming_soon": false,
  "display_name_open": "ExDry - Thoáng Khí",
  "gender_type": "MALE",
  "all_image_contains": [
    "6825f1240b611251854602a9",
    "6825f1250b611251854602b0",
    "6825f1240b611251854602ad",
    "6825f1240b611251854602ae",
    "6825f1240b611251854602aa",
    "6825f1240b611251854602ab",
    "6825f1240b611251854602ac",
    "6825f1250b611251854602af",
    "6825f1250b611251854602b2",
    "6825f1250b611251854602b3",
    "6825f1260b611251854602b8",
    "6825f1250b611251854602b1",
    "6825f1250b611251854602b6",
    "6825f1250b611251854602b7",
    "6825f1250b611251854602b4",
    "6825f1250b611251854602b5",
    "6825f1260b611251854602b9",
    "6825f1260b611251854602be",
    "6825f1260b611251854602bd",
    "6825f1260b611251854602bc",
    "6825f1260b611251854602bb",
    "6825f1260b611251854602ba",
    "6825f1270b611251854602c4",
    "6825f1270b611251854602c3",
    "6825f1270b611251854602c6",
    "6825f1270b611251854602c5",
    "6825f1260b611251854602bf",
    "6825f1260b611251854602c0",
    "6825f1270b611251854602c2",
    "6825f1270b611251854602c1",
    "6825f1270b611251854602c8",
    "6825f1280b611251854602ca",
    "6825f1270b611251854602c7",
    "6825f1280b611251854602cd",
    "6825f1280b611251854602cc",
    "6825f1280b611251854602cb",
    "6825f1280b611251854602c9"
  ],
  "is_lock": false,
  "createBy": "kiminonawa1305@gmail.com",
  "createAt": {
    "$date": "2025-05-15T13:50:36.332Z"
  },
  "updateBy": "kiminonawa1305@gmail.com",
  "updateAt": {
    "$date": "2025-05-15T13:50:36.332Z"
  },
  "_class": "com.lamnguyen.product_service.model.Product"
},
{
  "_id": "6825f135213ef202c0fd1eb9",
  "title": "Áo Singlet chạy bộ Advanced Vent Tech",
  "seo_alias": "ao-singlet-chay-bo-advanced-vent-tech",
  "vendor": "",
  "tags": [],
  "options": [
    {
      "type": "COLOR",
      "title": "Màu sắc",
      "values": [
        "Vàng Đen",
        "Xanh Đen",
        "Tím Hồng"
      ]
    },
    {
      "type": "SIZE",
      "title": "Kích thước",
      "values": [
        "S",
        "M",
        "L",
        "XL",
        "2XL",
        "3Xl"
      ]
    }
  ],
  "options_values": [
    {
      "title": "Màu sắc",
      "type": "COLOR",
      "options": [
        {
          "title": "Vàng Đen",
          "slug": "vang-den",
          "label": "",
          "images": [
            "6825f12d0b611251854602db",
            "6825f12d0b611251854602da",
            "6825f12e0b611251854602df",
            "6825f12e0b611251854602de",
            "6825f12e0b611251854602dd",
            "6825f12e0b611251854602dc",
            "6825f12d0b611251854602d8",
            "6825f12d0b611251854602d7",
            "6825f12d0b611251854602d9"
          ]
        },
        {
          "title": "Xanh Đen",
          "slug": "xanh-den",
          "label": "",
          "images": [
            "6825f12f0b611251854602e7",
            "6825f12f0b611251854602e6",
            "6825f12f0b611251854602e8",
            "6825f12e0b611251854602e2",
            "6825f12f0b611251854602e3",
            "6825f12e0b611251854602e1",
            "6825f12e0b611251854602e0",
            "6825f12f0b611251854602e5",
            "6825f12f0b611251854602e4"
          ]
        },
        {
          "title": "Tím Hồng",
          "slug": "tim-hong",
          "label": "",
          "images": [
            "6825f12f0b611251854602e9",
            "6825f1300b611251854602ee",
            "6825f1300b611251854602ef",
            "6825f1300b611251854602ec",
            "6825f1300b611251854602ed",
            "6825f12f0b611251854602ea",
            "6825f1300b611251854602eb",
            "6825f1300b611251854602f0",
            "6825f1300b611251854602f1"
          ]
        }
      ]
    }
  ],
  "images": [
    "6825f12d0b611251854602d4",
    "6825f12d0b611251854602d3",
    "6825f12d0b611251854602d6",
    "6825f12d0b611251854602d5",
    "6825f12c0b611251854602ce",
    "6825f12c0b611251854602cf",
    "6825f12c0b611251854602d0",
    "6825f12c0b611251854602d1",
    "6825f12c0b611251854602d2"
  ],
  "available": true,
  "collection_id": "6825e9498eaaa408c6aaf614",
  "display_order": 441,
  "youtube_video": "",
  "coming_soon": false,
  "display_name_open": "ExDry - Thoáng khí/ Wicking - Thấm hút tốt",
  "gender_type": "MALE",
  "all_image_contains": [
    "6825f12d0b611251854602d4",
    "6825f12d0b611251854602d3",
    "6825f12d0b611251854602d6",
    "6825f12d0b611251854602d5",
    "6825f12c0b611251854602ce",
    "6825f12c0b611251854602cf",
    "6825f12c0b611251854602d0",
    "6825f12c0b611251854602d1",
    "6825f12c0b611251854602d2",
    "6825f12d0b611251854602db",
    "6825f12d0b611251854602da",
    "6825f12e0b611251854602df",
    "6825f12e0b611251854602de",
    "6825f12e0b611251854602dd",
    "6825f12e0b611251854602dc",
    "6825f12d0b611251854602d8",
    "6825f12d0b611251854602d7",
    "6825f12d0b611251854602d9",
    "6825f12f0b611251854602e7",
    "6825f12f0b611251854602e6",
    "6825f12f0b611251854602e8",
    "6825f12e0b611251854602e2",
    "6825f12f0b611251854602e3",
    "6825f12e0b611251854602e1",
    "6825f12e0b611251854602e0",
    "6825f12f0b611251854602e5",
    "6825f12f0b611251854602e4",
    "6825f12f0b611251854602e9",
    "6825f1300b611251854602ee",
    "6825f1300b611251854602ef",
    "6825f1300b611251854602ec",
    "6825f1300b611251854602ed",
    "6825f12f0b611251854602ea",
    "6825f1300b611251854602eb",
    "6825f1300b611251854602f0",
    "6825f1300b611251854602f1"
  ],
  "is_lock": false,
  "createBy": "kiminonawa1305@gmail.com",
  "createAt": {
    "$date": "2025-05-15T13:50:45.136Z"
  },
  "updateBy": "kiminonawa1305@gmail.com",
  "updateAt": {
    "$date": "2025-05-15T13:50:45.136Z"
  },
  "_class": "com.lamnguyen.product_service.model.Product"
},
{
  "_id": "6825f13f213ef202c0fd1eba",
  "title": "Áo sát nách Training Comfort",
  "seo_alias": "ao-sat-nach-training-comfort",
  "vendor": "",
  "tags": [],
  "options": [
    {
      "type": "COLOR",
      "title": "Màu sắc",
      "values": [
        "Xám Shark",
        "Cam Sadalwood",
        "Xanh Bluebell",
        "Xanh Cypess"
      ]
    },
    {
      "type": "SIZE",
      "title": "Kích thước",
      "values": [
        "S",
        "M",
        "L",
        "XL",
        "2XL",
        "3XL"
      ]
    }
  ],
  "options_values": [
    {
      "title": "Màu sắc",
      "type": "COLOR",
      "options": [
        {
          "title": "Xám Shark",
          "slug": "xam-shark",
          "label": "",
          "images": [
            "6825f1360b611251854602fa",
            "6825f1360b611251854602fc",
            "6825f1360b611251854602fb",
            "6825f1370b61125185460300",
            "6825f1360b611251854602fe",
            "6825f1360b611251854602fd",
            "6825f1360b611251854602ff"
          ]
        },
        {
          "title": "Cam Sadalwood",
          "slug": "cam-sadalwood",
          "label": "",
          "images": [
            "6825f1370b61125185460303",
            "6825f1370b61125185460302",
            "6825f1370b61125185460301",
            "6825f1370b61125185460307",
            "6825f1380b61125185460308",
            "6825f1370b61125185460306",
            "6825f1370b61125185460305",
            "6825f1370b61125185460304"
          ]
        },
        {
          "title": "Xanh Bluebell",
          "slug": "xanh-bluebell",
          "label": "",
          "images": [
            "6825f1390b61125185460310",
            "6825f1380b61125185460309",
            "6825f1380b6112518546030d",
            "6825f1380b6112518546030c",
            "6825f1380b6112518546030e",
            "6825f1380b6112518546030b",
            "6825f1380b6112518546030a",
            "6825f1390b6112518546030f"
          ]
        },
        {
          "title": "Xanh Cypess",
          "slug": "xanh-cypess",
          "label": "",
          "images": [
            "6825f1390b61125185460315",
            "6825f1390b61125185460314",
            "6825f13a0b61125185460317",
            "6825f1390b61125185460313",
            "6825f13a0b61125185460318",
            "6825f1390b61125185460312",
            "6825f1390b61125185460311",
            "6825f13a0b61125185460316"
          ]
        }
      ]
    }
  ],
  "images": [
    "6825f1350b611251854602f7",
    "6825f1350b611251854602f6",
    "6825f1350b611251854602f5",
    "6825f1350b611251854602f4",
    "6825f1350b611251854602f3",
    "6825f1350b611251854602f2",
    "6825f1360b611251854602f9",
    "6825f1360b611251854602f8"
  ],
  "available": true,
  "collection_id": "6825e9498eaaa408c6aaf614",
  "display_order": 394,
  "youtube_video": "",
  "coming_soon": false,
  "display_name_open": "ExDry - Thoáng khí",
  "gender_type": "MALE",
  "all_image_contains": [
    "6825f1350b611251854602f7",
    "6825f1350b611251854602f6",
    "6825f1350b611251854602f5",
    "6825f1350b611251854602f4",
    "6825f1350b611251854602f3",
    "6825f1350b611251854602f2",
    "6825f1360b611251854602f9",
    "6825f1360b611251854602f8",
    "6825f1360b611251854602fa",
    "6825f1360b611251854602fc",
    "6825f1360b611251854602fb",
    "6825f1370b61125185460300",
    "6825f1360b611251854602fe",
    "6825f1360b611251854602fd",
    "6825f1360b611251854602ff",
    "6825f1370b61125185460303",
    "6825f1370b61125185460302",
    "6825f1370b61125185460301",
    "6825f1370b61125185460307",
    "6825f1380b61125185460308",
    "6825f1370b61125185460306",
    "6825f1370b61125185460305",
    "6825f1370b61125185460304",
    "6825f1390b61125185460310",
    "6825f1380b61125185460309",
    "6825f1380b6112518546030d",
    "6825f1380b6112518546030c",
    "6825f1380b6112518546030e",
    "6825f1380b6112518546030b",
    "6825f1380b6112518546030a",
    "6825f1390b6112518546030f",
    "6825f1390b61125185460315",
    "6825f1390b61125185460314",
    "6825f13a0b61125185460317",
    "6825f1390b61125185460313",
    "6825f13a0b61125185460318",
    "6825f1390b61125185460312",
    "6825f1390b61125185460311",
    "6825f13a0b61125185460316"
  ],
  "is_lock": false,
  "createBy": "kiminonawa1305@gmail.com",
  "createAt": {
    "$date": "2025-05-15T13:50:55.638Z"
  },
  "updateBy": "kiminonawa1305@gmail.com",
  "updateAt": {
    "$date": "2025-05-15T13:50:55.638Z"
  },
  "_class": "com.lamnguyen.product_service.model.Product"
},
{
  "_id": "6825f14b213ef202c0fd1ebb",
  "title": "Áo Singlet Chạy Bộ Không Đường May CoolFast",
  "seo_alias": "ao-singlet-chay-bo-khong-duong-may-coolfast",
  "vendor": "5c482438000c695cfa6f8d22",
  "tags": [],
  "options": [
    {
      "type": "COLOR",
      "title": "Màu sắc",
      "values": [
        "Navy Academy",
        "Cam Tigerlily",
        "Xanh Danube",
        "Xanh Slate Grey",
        "Vàng Snap Dragon"
      ]
    },
    {
      "type": "SIZE",
      "title": "Kích thước",
      "values": [
        "S",
        "M",
        "L",
        "XL",
        "2XL",
        "3XL"
      ]
    }
  ],
  "options_values": [
    {
      "title": "Màu sắc",
      "type": "COLOR",
      "options": [
        {
          "title": "Navy Academy",
          "slug": "navy-academy",
          "label": "",
          "images": [
            "6825f1410b61125185460323",
            "6825f1410b61125185460324",
            "6825f1410b61125185460327",
            "6825f1410b61125185460328",
            "6825f1410b61125185460325",
            "6825f1410b61125185460326",
            "6825f1410b61125185460329"
          ]
        },
        {
          "title": "Cam Tigerlily",
          "slug": "cam-tigerlily",
          "label": "",
          "images": [
            "6825f1410b6112518546032a",
            "6825f1420b61125185460330",
            "6825f1420b6112518546032d",
            "6825f1420b6112518546032e",
            "6825f1420b6112518546032f",
            "6825f1420b6112518546032b",
            "6825f1420b6112518546032c"
          ]
        },
        {
          "title": "Xanh Danube",
          "slug": "xanh-danube",
          "label": "",
          "images": [
            "6825f1430b61125185460336",
            "6825f1430b61125185460337",
            "6825f1430b61125185460334",
            "6825f1430b61125185460335",
            "6825f1430b61125185460333",
            "6825f1420b61125185460331",
            "6825f1420b61125185460332"
          ]
        },
        {
          "title": "Xanh Slate Grey",
          "slug": "xanh-slate-grey",
          "label": "",
          "images": [
            "6825f1440b6112518546033b",
            "6825f1440b6112518546033c",
            "6825f1440b6112518546033d",
            "6825f1440b6112518546033e",
            "6825f1430b6112518546033a",
            "6825f1440b6112518546033f",
            "6825f1430b61125185460338",
            "6825f1430b61125185460339"
          ]
        },
        {
          "title": "Vàng Snap Dragon",
          "slug": "vang-snap-dragon",
          "label": "",
          "images": [
            "6825f1440b61125185460340",
            "6825f1450b61125185460342",
            "6825f1450b61125185460341",
            "6825f1450b61125185460344",
            "6825f1450b61125185460343",
            "6825f1450b61125185460345"
          ]
        }
      ]
    }
  ],
  "images": [
    "6825f13f0b61125185460319",
    "6825f1400b61125185460320",
    "6825f1400b61125185460321",
    "6825f1400b61125185460322",
    "6825f1400b6112518546031b",
    "6825f1400b6112518546031c",
    "6825f1400b6112518546031d",
    "6825f13f0b6112518546031a",
    "6825f1400b6112518546031e",
    "6825f1400b6112518546031f"
  ],
  "available": true,
  "collection_id": "6825e9498eaaa408c6aaf614",
  "display_order": 417,
  "youtube_video": "https://media3.coolmate.me/uploads/videos/AO_SINGLET.mp4",
  "coming_soon": false,
  "display_name_open": "Thấm hút ExDry - Siêu nhẹ",
  "gender_type": "MALE",
  "all_image_contains": [
    "6825f13f0b61125185460319",
    "6825f1400b61125185460320",
    "6825f1400b61125185460321",
    "6825f1400b61125185460322",
    "6825f1400b6112518546031b",
    "6825f1400b6112518546031c",
    "6825f1400b6112518546031d",
    "6825f13f0b6112518546031a",
    "6825f1400b6112518546031e",
    "6825f1400b6112518546031f",
    "6825f1410b61125185460323",
    "6825f1410b61125185460324",
    "6825f1410b61125185460327",
    "6825f1410b61125185460328",
    "6825f1410b61125185460325",
    "6825f1410b61125185460326",
    "6825f1410b61125185460329",
    "6825f1410b6112518546032a",
    "6825f1420b61125185460330",
    "6825f1420b6112518546032d",
    "6825f1420b6112518546032e",
    "6825f1420b6112518546032f",
    "6825f1420b6112518546032b",
    "6825f1420b6112518546032c",
    "6825f1430b61125185460336",
    "6825f1430b61125185460337",
    "6825f1430b61125185460334",
    "6825f1430b61125185460335",
    "6825f1430b61125185460333",
    "6825f1420b61125185460331",
    "6825f1420b61125185460332",
    "6825f1440b6112518546033b",
    "6825f1440b6112518546033c",
    "6825f1440b6112518546033d",
    "6825f1440b6112518546033e",
    "6825f1430b6112518546033a",
    "6825f1440b6112518546033f",
    "6825f1430b61125185460338",
    "6825f1430b61125185460339",
    "6825f1440b61125185460340",
    "6825f1450b61125185460342",
    "6825f1450b61125185460341",
    "6825f1450b61125185460344",
    "6825f1450b61125185460343",
    "6825f1450b61125185460345"
  ],
  "is_lock": false,
  "createBy": "kiminonawa1305@gmail.com",
  "createAt": {
    "$date": "2025-05-15T13:51:07.661Z"
  },
  "updateBy": "kiminonawa1305@gmail.com",
  "updateAt": {
    "$date": "2025-05-15T13:51:07.661Z"
  },
  "_class": "com.lamnguyen.product_service.model.Product"
},
{
  "_id": "6825f151213ef202c0fd1ebc",
  "title": "Áo Tanktop Gym Essentials II",
  "seo_alias": "ao-tanktop-gym-essentials-ii",
  "vendor": "5c482438000c695cfa6f8d22",
  "tags": [],
  "options": [
    {
      "type": "COLOR",
      "title": "Màu sắc",
      "values": [
        "Xanh Stone",
        "Xanh Titan",
        "Đen"
      ]
    },
    {
      "type": "SIZE",
      "title": "Kích thước",
      "values": [
        "S",
        "M",
        "L",
        "XL",
        "2XL",
        "3XL"
      ]
    }
  ],
  "options_values": [
    {
      "title": "Màu sắc",
      "type": "COLOR",
      "options": [
        {
          "title": "Xanh Stone",
          "slug": "xanh-stone",
          "label": "",
          "images": [
            "6825f14d0b61125185460350",
            "6825f14d0b61125185460351",
            "6825f14d0b6112518546034c",
            "6825f14d0b6112518546034e",
            "6825f14d0b6112518546034d",
            "6825f14d0b6112518546034f"
          ]
        },
        {
          "title": "Xanh Titan",
          "slug": "xanh-titan",
          "label": "",
          "images": [
            "6825f14e0b61125185460357",
            "6825f14e0b61125185460356",
            "6825f14e0b61125185460355",
            "6825f14d0b61125185460352",
            "6825f14d0b61125185460354",
            "6825f14d0b61125185460353"
          ]
        },
        {
          "title": "Đen",
          "slug": "den",
          "label": "",
          "images": [
            "6825f14e0b6112518546035b",
            "6825f14e0b6112518546035a",
            "6825f14f0b6112518546035d",
            "6825f14f0b6112518546035c",
            "6825f14e0b61125185460359",
            "6825f14e0b61125185460358"
          ]
        }
      ]
    }
  ],
  "images": [
    "6825f14b0b61125185460347",
    "6825f14b0b61125185460346",
    "6825f14c0b61125185460349",
    "6825f14c0b61125185460348",
    "6825f14c0b6112518546034b",
    "6825f14c0b6112518546034a"
  ],
  "available": true,
  "collection_id": "6825e9498eaaa408c6aaf614",
  "display_order": 438,
  "youtube_video": "",
  "coming_soon": false,
  "display_name_open": "ExDry - Co giãn",
  "gender_type": "MALE",
  "all_image_contains": [
    "6825f14b0b61125185460347",
    "6825f14b0b61125185460346",
    "6825f14c0b61125185460349",
    "6825f14c0b61125185460348",
    "6825f14c0b6112518546034b",
    "6825f14c0b6112518546034a",
    "6825f14d0b61125185460350",
    "6825f14d0b61125185460351",
    "6825f14d0b6112518546034c",
    "6825f14d0b6112518546034e",
    "6825f14d0b6112518546034d",
    "6825f14d0b6112518546034f",
    "6825f14e0b61125185460357",
    "6825f14e0b61125185460356",
    "6825f14e0b61125185460355",
    "6825f14d0b61125185460352",
    "6825f14d0b61125185460354",
    "6825f14d0b61125185460353",
    "6825f14e0b6112518546035b",
    "6825f14e0b6112518546035a",
    "6825f14f0b6112518546035d",
    "6825f14f0b6112518546035c",
    "6825f14e0b61125185460359",
    "6825f14e0b61125185460358"
  ],
  "is_lock": false,
  "createBy": "kiminonawa1305@gmail.com",
  "createAt": {
    "$date": "2025-05-15T13:51:13.768Z"
  },
  "updateBy": "kiminonawa1305@gmail.com",
  "updateAt": {
    "$date": "2025-05-15T13:51:13.768Z"
  },
  "_class": "com.lamnguyen.product_service.model.Product"
},
{
  "_id": "6825f15d213ef202c0fd1ebd",
  "title": "Áo Singlet Chạy Bộ Fast & Free Run II",
  "seo_alias": "ao-singlet-chay-bo-fast-&-free-run-ii",
  "vendor": "5c482438000c695cfa6f8d22",
  "tags": [],
  "options": [
    {
      "type": "COLOR",
      "title": "Màu sắc",
      "values": [
        "Xanh Mosaic",
        "Vàng Beach Ball",
        "Xanh bóng đêm",
        "Đen",
        "Xám",
        "Đỏ Barbados"
      ]
    },
    {
      "type": "SIZE",
      "title": "Kích thước",
      "values": [
        "S",
        "M",
        "L",
        "XL",
        "2XL",
        "3XL"
      ]
    }
  ],
  "options_values": [
    {
      "title": "Màu sắc",
      "type": "COLOR",
      "options": [
        {
          "title": "Xanh Mosaic",
          "slug": "xanh-mosaic",
          "label": "",
          "images": [
            "6825f1520b61125185460364",
            "6825f1530b6112518546036a",
            "6825f1530b6112518546036b",
            "6825f1530b61125185460367",
            "6825f1530b61125185460368",
            "6825f1530b61125185460369",
            "6825f1520b61125185460365",
            "6825f1520b61125185460366"
          ]
        },
        {
          "title": "Vàng Beach Ball",
          "slug": "vang-beach-ball",
          "label": "",
          "images": [
            "6825f1540b6112518546036f",
            "6825f1530b6112518546036c",
            "6825f1530b6112518546036d",
            "6825f1530b6112518546036e",
            "6825f1540b61125185460371",
            "6825f1540b61125185460370",
            "6825f1540b61125185460373",
            "6825f1540b61125185460372"
          ]
        },
        {
          "title": "Xanh bóng đêm",
          "slug": "xanh-bong-dem",
          "label": "",
          "images": [
            "6825f1540b61125185460375",
            "6825f1540b61125185460374",
            "6825f1540b61125185460377",
            "6825f1540b61125185460376",
            "6825f1550b6112518546037b",
            "6825f1550b6112518546037a",
            "6825f1550b61125185460379",
            "6825f1550b61125185460378"
          ]
        },
        {
          "title": "Đen",
          "slug": "den",
          "label": "",
          "images": [
            "6825f1560b61125185460383",
            "6825f1550b6112518546037f",
            "6825f1560b61125185460380",
            "6825f1550b6112518546037e",
            "6825f1550b6112518546037d",
            "6825f1560b61125185460382",
            "6825f1550b6112518546037c",
            "6825f1560b61125185460381"
          ]
        },
        {
          "title": "Xám",
          "slug": "xam",
          "label": "",
          "images": [
            "6825f1560b61125185460388",
            "6825f1570b6112518546038a",
            "6825f1560b61125185460387",
            "6825f1560b61125185460384",
            "6825f1560b61125185460386",
            "6825f1560b61125185460385",
            "6825f1570b61125185460389",
            "6825f1570b6112518546038b"
          ]
        },
        {
          "title": "Đỏ Barbados",
          "slug": "do-barbados",
          "label": "",
          "images": [
            "6825f1580b61125185460391",
            "6825f1580b61125185460390",
            "6825f1580b61125185460393",
            "6825f1580b61125185460392",
            "6825f1570b6112518546038f",
            "6825f1570b6112518546038e",
            "6825f1570b6112518546038d",
            "6825f1570b6112518546038c"
          ]
        }
      ]
    }
  ],
  "images": [
    "6825f1520b61125185460363",
    "6825f1520b61125185460361",
    "6825f1520b61125185460362",
    "6825f1510b6112518546035e",
    "6825f1520b61125185460360",
    "6825f1520b6112518546035f"
  ],
  "available": true,
  "collection_id": "6825e9498eaaa408c6aaf614",
  "display_order": 447,
  "youtube_video": "",
  "coming_soon": false,
  "display_name_open": "Nhanh khô ExDry",
  "gender_type": "MALE",
  "all_image_contains": [
    "6825f1520b61125185460363",
    "6825f1520b61125185460361",
    "6825f1520b61125185460362",
    "6825f1510b6112518546035e",
    "6825f1520b61125185460360",
    "6825f1520b6112518546035f",
    "6825f1520b61125185460364",
    "6825f1530b6112518546036a",
    "6825f1530b6112518546036b",
    "6825f1530b61125185460367",
    "6825f1530b61125185460368",
    "6825f1530b61125185460369",
    "6825f1520b61125185460365",
    "6825f1520b61125185460366",
    "6825f1540b6112518546036f",
    "6825f1530b6112518546036c",
    "6825f1530b6112518546036d",
    "6825f1530b6112518546036e",
    "6825f1540b61125185460371",
    "6825f1540b61125185460370",
    "6825f1540b61125185460373",
    "6825f1540b61125185460372",
    "6825f1540b61125185460375",
    "6825f1540b61125185460374",
    "6825f1540b61125185460377",
    "6825f1540b61125185460376",
    "6825f1550b6112518546037b",
    "6825f1550b6112518546037a",
    "6825f1550b61125185460379",
    "6825f1550b61125185460378",
    "6825f1560b61125185460383",
    "6825f1550b6112518546037f",
    "6825f1560b61125185460380",
    "6825f1550b6112518546037e",
    "6825f1550b6112518546037d",
    "6825f1560b61125185460382",
    "6825f1550b6112518546037c",
    "6825f1560b61125185460381",
    "6825f1560b61125185460388",
    "6825f1570b6112518546038a",
    "6825f1560b61125185460387",
    "6825f1560b61125185460384",
    "6825f1560b61125185460386",
    "6825f1560b61125185460385",
    "6825f1570b61125185460389",
    "6825f1570b6112518546038b",
    "6825f1580b61125185460391",
    "6825f1580b61125185460390",
    "6825f1580b61125185460393",
    "6825f1580b61125185460392",
    "6825f1570b6112518546038f",
    "6825f1570b6112518546038e",
    "6825f1570b6112518546038d",
    "6825f1570b6112518546038c"
  ],
  "is_lock": false,
  "createBy": "kiminonawa1305@gmail.com",
  "createAt": {
    "$date": "2025-05-15T13:51:25.986Z"
  },
  "updateBy": "kiminonawa1305@gmail.com",
  "updateAt": {
    "$date": "2025-05-15T13:51:25.986Z"
  },
  "_class": "com.lamnguyen.product_service.model.Product"
},
{
  "_id": "6825f163213ef202c0fd1ebe",
  "title": "Áo Gym Drop Arm",
  "seo_alias": "ao-gym-drop-arm",
  "vendor": "5c482438000c695cfa6f8d22",
  "tags": [],
  "options": [
    {
      "type": "COLOR",
      "title": "Màu sắc",
      "values": [
        "Xanh Stone",
        "Xanh Titan",
        "Đen"
      ]
    },
    {
      "type": "SIZE",
      "title": "Kích thước",
      "values": [
        "S",
        "M",
        "L",
        "XL",
        "2XL",
        "3XL"
      ]
    }
  ],
  "options_values": [
    {
      "title": "Màu sắc",
      "type": "COLOR",
      "options": [
        {
          "title": "Xanh Stone",
          "slug": "xanh-stone",
          "label": "",
          "images": [
            "6825f15e0b6112518546039b",
            "6825f15e0b6112518546039a",
            "6825f15e0b6112518546039c",
            "6825f15f0b6112518546039f",
            "6825f15f0b6112518546039e",
            "6825f15f0b6112518546039d"
          ]
        },
        {
          "title": "Xanh Titan",
          "slug": "xanh-titan",
          "label": "",
          "images": [
            "6825f15f0b611251854603a5",
            "6825f15f0b611251854603a4",
            "6825f15f0b611251854603a3",
            "6825f15f0b611251854603a2",
            "6825f15f0b611251854603a1",
            "6825f15f0b611251854603a0"
          ]
        },
        {
          "title": "Đen",
          "slug": "den",
          "label": "",
          "images": [
            "6825f1600b611251854603aa",
            "6825f1600b611251854603ab",
            "6825f1600b611251854603a7",
            "6825f1600b611251854603a8",
            "6825f1600b611251854603a9",
            "6825f1600b611251854603a6"
          ]
        }
      ]
    }
  ],
  "images": [
    "6825f15e0b61125185460399",
    "6825f15e0b61125185460396",
    "6825f15e0b61125185460395",
    "6825f15e0b61125185460398",
    "6825f15e0b61125185460397",
    "6825f15e0b61125185460394"
  ],
  "available": true,
  "collection_id": "6825e9498eaaa408c6aaf614",
  "display_order": 469,
  "youtube_video": "",
  "coming_soon": false,
  "display_name_open": "ExDry - Co giãn",
  "gender_type": "MALE",
  "all_image_contains": [
    "6825f15e0b61125185460399",
    "6825f15e0b61125185460396",
    "6825f15e0b61125185460395",
    "6825f15e0b61125185460398",
    "6825f15e0b61125185460397",
    "6825f15e0b61125185460394",
    "6825f15e0b6112518546039b",
    "6825f15e0b6112518546039a",
    "6825f15e0b6112518546039c",
    "6825f15f0b6112518546039f",
    "6825f15f0b6112518546039e",
    "6825f15f0b6112518546039d",
    "6825f15f0b611251854603a5",
    "6825f15f0b611251854603a4",
    "6825f15f0b611251854603a3",
    "6825f15f0b611251854603a2",
    "6825f15f0b611251854603a1",
    "6825f15f0b611251854603a0",
    "6825f1600b611251854603aa",
    "6825f1600b611251854603ab",
    "6825f1600b611251854603a7",
    "6825f1600b611251854603a8",
    "6825f1600b611251854603a9",
    "6825f1600b611251854603a6"
  ],
  "is_lock": false,
  "createBy": "kiminonawa1305@gmail.com",
  "createAt": {
    "$date": "2025-05-15T13:51:31.632Z"
  },
  "updateBy": "kiminonawa1305@gmail.com",
  "updateAt": {
    "$date": "2025-05-15T13:51:31.632Z"
  },
  "_class": "com.lamnguyen.product_service.model.Product"
},
{
  "_id": "6825f16c213ef202c0fd1ebf",
  "title": "Áo Singlet Chạy Bộ Graphic Special",
  "seo_alias": "ao-singlet-chay-bo-graphic-special",
  "vendor": "5c482438000c695cfa6f8d22",
  "tags": [],
  "options": [
    {
      "type": "COLOR",
      "title": "Màu sắc",
      "values": [
        "Xanh dương",
        "Đen",
        "Xanh rêu"
      ]
    },
    {
      "type": "SIZE",
      "title": "Kích thước",
      "values": [
        "S",
        "M",
        "L",
        "XL",
        "2XL",
        "3XL"
      ]
    }
  ],
  "options_values": [
    {
      "title": "Màu sắc",
      "type": "COLOR",
      "options": [
        {
          "title": "Xanh dương",
          "slug": "xanh-duong",
          "label": "",
          "images": [
            "6825f1660b611251854603bc",
            "6825f1650b611251854603b8",
            "6825f1650b611251854603b7",
            "6825f1650b611251854603b9",
            "6825f1650b611251854603b6",
            "6825f1650b611251854603b5",
            "6825f1650b611251854603bb",
            "6825f1650b611251854603ba"
          ]
        },
        {
          "title": "Đen",
          "slug": "den",
          "label": "",
          "images": [
            "6825f1660b611251854603be",
            "6825f1660b611251854603bd",
            "6825f1660b611251854603c3",
            "6825f1660b611251854603c2",
            "6825f1660b611251854603c1",
            "6825f1660b611251854603c0",
            "6825f1670b611251854603c4",
            "6825f1660b611251854603bf"
          ]
        },
        {
          "title": "Xanh rêu",
          "slug": "xanh-reu",
          "label": "",
          "images": [
            "6825f1670b611251854603ca",
            "6825f1670b611251854603cb",
            "6825f1670b611251854603c5",
            "6825f1670b611251854603c7",
            "6825f1670b611251854603c6",
            "6825f1670b611251854603c9",
            "6825f1670b611251854603c8",
            "6825f1680b611251854603cc"
          ]
        }
      ]
    }
  ],
  "images": [
    "6825f1640b611251854603b3",
    "6825f1640b611251854603b2",
    "6825f1640b611251854603b1",
    "6825f1640b611251854603b0",
    "6825f1640b611251854603af",
    "6825f1650b611251854603b4",
    "6825f1630b611251854603ac",
    "6825f1630b611251854603ae",
    "6825f1630b611251854603ad"
  ],
  "available": true,
  "collection_id": "6825e9498eaaa408c6aaf614",
  "display_order": 487,
  "youtube_video": "",
  "coming_soon": false,
  "display_name_open": "Mỏng nhẹ",
  "gender_type": "MALE",
  "all_image_contains": [
    "6825f1640b611251854603b3",
    "6825f1640b611251854603b2",
    "6825f1640b611251854603b1",
    "6825f1640b611251854603b0",
    "6825f1640b611251854603af",
    "6825f1650b611251854603b4",
    "6825f1630b611251854603ac",
    "6825f1630b611251854603ae",
    "6825f1630b611251854603ad",
    "6825f1660b611251854603bc",
    "6825f1650b611251854603b8",
    "6825f1650b611251854603b7",
    "6825f1650b611251854603b9",
    "6825f1650b611251854603b6",
    "6825f1650b611251854603b5",
    "6825f1650b611251854603bb",
    "6825f1650b611251854603ba",
    "6825f1660b611251854603be",
    "6825f1660b611251854603bd",
    "6825f1660b611251854603c3",
    "6825f1660b611251854603c2",
    "6825f1660b611251854603c1",
    "6825f1660b611251854603c0",
    "6825f1670b611251854603c4",
    "6825f1660b611251854603bf",
    "6825f1670b611251854603ca",
    "6825f1670b611251854603cb",
    "6825f1670b611251854603c5",
    "6825f1670b611251854603c7",
    "6825f1670b611251854603c6",
    "6825f1670b611251854603c9",
    "6825f1670b611251854603c8",
    "6825f1680b611251854603cc"
  ],
  "is_lock": false,
  "createBy": "kiminonawa1305@gmail.com",
  "createAt": {
    "$date": "2025-05-15T13:51:40.067Z"
  },
  "updateBy": "kiminonawa1305@gmail.com",
  "updateAt": {
    "$date": "2025-05-15T13:51:40.067Z"
  },
  "_class": "com.lamnguyen.product_service.model.Product"
},
{
  "_id": "6825f171213ef202c0fd1ec0",
  "title": "Áo Tanktop Gym Essentials I",
  "seo_alias": "ao-tanktop-gym-essentials-i",
  "vendor": "5c482438000c695cfa6f8d22",
  "tags": [],
  "options": [
    {
      "type": "COLOR",
      "title": "Màu sắc",
      "values": [
        "Xanh Titan",
        "Xám Northern",
        "Đen"
      ]
    },
    {
      "type": "SIZE",
      "title": "Kích thước",
      "values": [
        "S",
        "M",
        "L",
        "XL",
        "2XL",
        "3XL"
      ]
    }
  ],
  "options_values": [
    {
      "title": "Màu sắc",
      "type": "COLOR",
      "options": [
        {
          "title": "Xanh Titan",
          "slug": "xanh-titan",
          "label": "",
          "images": [
            "6825f16d0b611251854603d7",
            "6825f16d0b611251854603d6",
            "6825f16d0b611251854603d8",
            "6825f16d0b611251854603d3",
            "6825f16d0b611251854603d5",
            "6825f16d0b611251854603d4"
          ]
        },
        {
          "title": "Xám Northern",
          "slug": "xam-northern",
          "label": "",
          "images": [
            "6825f16d0b611251854603da",
            "6825f16e0b611251854603de",
            "6825f16e0b611251854603dd",
            "6825f16e0b611251854603dc",
            "6825f16d0b611251854603d9",
            "6825f16d0b611251854603db"
          ]
        },
        {
          "title": "Đen",
          "slug": "den",
          "label": "",
          "images": [
            "6825f16e0b611251854603df",
            "6825f16f0b611251854603e4",
            "6825f16e0b611251854603e3",
            "6825f16e0b611251854603e2",
            "6825f16e0b611251854603e1",
            "6825f16e0b611251854603e0"
          ]
        }
      ]
    }
  ],
  "images": [
    "6825f16c0b611251854603ce",
    "6825f16c0b611251854603cd",
    "6825f16c0b611251854603cf",
    "6825f16c0b611251854603d2",
    "6825f16c0b611251854603d1",
    "6825f16c0b611251854603d0"
  ],
  "available": true,
  "collection_id": "6825e9498eaaa408c6aaf614",
  "display_order": 491,
  "youtube_video": "",
  "coming_soon": false,
  "display_name_open": "ExDry - Thấm hút",
  "gender_type": "MALE",
  "all_image_contains": [
    "6825f16c0b611251854603ce",
    "6825f16c0b611251854603cd",
    "6825f16c0b611251854603cf",
    "6825f16c0b611251854603d2",
    "6825f16c0b611251854603d1",
    "6825f16c0b611251854603d0",
    "6825f16d0b611251854603d7",
    "6825f16d0b611251854603d6",
    "6825f16d0b611251854603d8",
    "6825f16d0b611251854603d3",
    "6825f16d0b611251854603d5",
    "6825f16d0b611251854603d4",
    "6825f16d0b611251854603da",
    "6825f16e0b611251854603de",
    "6825f16e0b611251854603dd",
    "6825f16e0b611251854603dc",
    "6825f16d0b611251854603d9",
    "6825f16d0b611251854603db",
    "6825f16e0b611251854603df",
    "6825f16f0b611251854603e4",
    "6825f16e0b611251854603e3",
    "6825f16e0b611251854603e2",
    "6825f16e0b611251854603e1",
    "6825f16e0b611251854603e0"
  ],
  "is_lock": false,
  "createBy": "kiminonawa1305@gmail.com",
  "createAt": {
    "$date": "2025-05-15T13:51:45.685Z"
  },
  "updateBy": "kiminonawa1305@gmail.com",
  "updateAt": {
    "$date": "2025-05-15T13:51:45.685Z"
  },
  "_class": "com.lamnguyen.product_service.model.Product"
},
{
  "_id": "6825f176213ef202c0fd1ec1",
  "title": "Áo Singlet Chạy Bộ Graphic Photic",
  "seo_alias": "ao-singlet-chay-bo-graphic-photic",
  "vendor": "5c482438000c695cfa6f8d22",
  "tags": [],
  "options": [
    {
      "type": "COLOR",
      "title": "Màu sắc",
      "values": [
        "Đỏ",
        "Xanh dương"
      ]
    },
    {
      "type": "SIZE",
      "title": "Kích thước",
      "values": [
        "S",
        "M",
        "L",
        "XL",
        "2XL",
        "3XL"
      ]
    }
  ],
  "options_values": [
    {
      "title": "Màu sắc",
      "type": "COLOR",
      "options": [
        {
          "title": "Đỏ",
          "slug": "do",
          "label": "",
          "images": [
            "6825f1730b611251854603f1",
            "6825f1730b611251854603f0",
            "6825f1730b611251854603ed",
            "6825f1730b611251854603f2",
            "6825f1730b611251854603ef",
            "6825f1730b611251854603ee",
            "6825f1720b611251854603ec",
            "6825f1720b611251854603eb"
          ]
        },
        {
          "title": "Xanh dương",
          "slug": "xanh-duong",
          "label": "",
          "images": [
            "6825f1740b611251854603f9",
            "6825f1730b611251854603f5",
            "6825f1740b611251854603f6",
            "6825f1730b611251854603f4",
            "6825f1730b611251854603f3",
            "6825f1740b611251854603f8",
            "6825f1740b611251854603f7",
            "6825f1740b611251854603fa"
          ]
        }
      ]
    }
  ],
  "images": [
    "6825f1720b611251854603e9",
    "6825f1720b611251854603e8",
    "6825f1710b611251854603e5",
    "6825f1710b611251854603e6",
    "6825f1710b611251854603e7",
    "6825f1720b611251854603ea"
  ],
  "available": true,
  "collection_id": "6825e9498eaaa408c6aaf614",
  "display_order": 231,
  "youtube_video": "",
  "coming_soon": false,
  "display_name_open": "ExDry",
  "gender_type": "MALE",
  "all_image_contains": [
    "6825f1720b611251854603e9",
    "6825f1720b611251854603e8",
    "6825f1710b611251854603e5",
    "6825f1710b611251854603e6",
    "6825f1710b611251854603e7",
    "6825f1720b611251854603ea",
    "6825f1730b611251854603f1",
    "6825f1730b611251854603f0",
    "6825f1730b611251854603ed",
    "6825f1730b611251854603f2",
    "6825f1730b611251854603ef",
    "6825f1730b611251854603ee",
    "6825f1720b611251854603ec",
    "6825f1720b611251854603eb",
    "6825f1740b611251854603f9",
    "6825f1730b611251854603f5",
    "6825f1740b611251854603f6",
    "6825f1730b611251854603f4",
    "6825f1730b611251854603f3",
    "6825f1740b611251854603f8",
    "6825f1740b611251854603f7",
    "6825f1740b611251854603fa"
  ],
  "is_lock": false,
  "createBy": "kiminonawa1305@gmail.com",
  "createAt": {
    "$date": "2025-05-15T13:51:50.857Z"
  },
  "updateBy": "kiminonawa1305@gmail.com",
  "updateAt": {
    "$date": "2025-05-15T13:51:50.857Z"
  },
  "_class": "com.lamnguyen.product_service.model.Product"
},
{
  "_id": "6825f180213ef202c0fd1ec2",
  "title": "Áo Tanktop Thể Thao Pro Active 1595",
  "seo_alias": "ao-tanktop-the-thao-pro-active-1595",
  "vendor": "5c482438000c695cfa6f8d22",
  "tags": [],
  "options": [
    {
      "type": "COLOR",
      "title": "Màu sắc",
      "values": [
        "Đen",
        "Be",
        "Nâu",
        "Xanh Navy"
      ]
    },
    {
      "type": "SIZE",
      "title": "Kích thước",
      "values": [
        "S",
        "M",
        "L",
        "XL",
        "2XL",
        "3XL"
      ]
    }
  ],
  "options_values": [
    {
      "title": "Màu sắc",
      "type": "COLOR",
      "options": [
        {
          "title": "Đen",
          "slug": "den",
          "label": "",
          "images": [
            "6825f1780b61125185460407",
            "6825f1780b61125185460409",
            "6825f1780b61125185460408",
            "6825f1780b6112518546040c",
            "6825f1780b6112518546040b",
            "6825f1780b6112518546040a",
            "6825f1790b6112518546040d"
          ]
        },
        {
          "title": "Be",
          "slug": "be",
          "label": "",
          "images": [
            "6825f1790b61125185460411",
            "6825f1790b61125185460410",
            "6825f1790b6112518546040f",
            "6825f1790b6112518546040e",
            "6825f1790b61125185460413",
            "6825f1790b61125185460412"
          ]
        },
        {
          "title": "Nâu",
          "slug": "nau",
          "label": "",
          "images": [
            "6825f17a0b61125185460415",
            "6825f17a0b61125185460417",
            "6825f17a0b61125185460416",
            "6825f17a0b61125185460419",
            "6825f17a0b61125185460418",
            "6825f1790b61125185460414",
            "6825f17a0b6112518546041a"
          ]
        },
        {
          "title": "Xanh Navy",
          "slug": "xanh-navy",
          "label": "",
          "images": [
            "6825f17a0b6112518546041b",
            "6825f17b0b61125185460421",
            "6825f17b0b61125185460420",
            "6825f17b0b6112518546041d",
            "6825f17b0b6112518546041c",
            "6825f17b0b6112518546041f",
            "6825f17b0b6112518546041e"
          ]
        }
      ]
    }
  ],
  "images": [
    "6825f1770b611251854603fe",
    "6825f1770b611251854603fd",
    "6825f1780b61125185460406",
    "6825f1770b611251854603fc",
    "6825f1770b61125185460402",
    "6825f1770b61125185460401",
    "6825f1760b611251854603fb",
    "6825f1770b61125185460400",
    "6825f1780b61125185460405",
    "6825f1770b611251854603ff",
    "6825f1770b61125185460404",
    "6825f1770b61125185460403"
  ],
  "available": true,
  "collection_id": "6825e9498eaaa408c6aaf614",
  "display_order": 254,
  "youtube_video": "",
  "coming_soon": false,
  "display_name_open": "ExDry",
  "gender_type": "MALE",
  "all_image_contains": [
    "6825f1770b611251854603fe",
    "6825f1770b611251854603fd",
    "6825f1780b61125185460406",
    "6825f1770b611251854603fc",
    "6825f1770b61125185460402",
    "6825f1770b61125185460401",
    "6825f1760b611251854603fb",
    "6825f1770b61125185460400",
    "6825f1780b61125185460405",
    "6825f1770b611251854603ff",
    "6825f1770b61125185460404",
    "6825f1770b61125185460403",
    "6825f1780b61125185460407",
    "6825f1780b61125185460409",
    "6825f1780b61125185460408",
    "6825f1780b6112518546040c",
    "6825f1780b6112518546040b",
    "6825f1780b6112518546040a",
    "6825f1790b6112518546040d",
    "6825f1790b61125185460411",
    "6825f1790b61125185460410",
    "6825f1790b6112518546040f",
    "6825f1790b6112518546040e",
    "6825f1790b61125185460413",
    "6825f1790b61125185460412",
    "6825f17a0b61125185460415",
    "6825f17a0b61125185460417",
    "6825f17a0b61125185460416",
    "6825f17a0b61125185460419",
    "6825f17a0b61125185460418",
    "6825f1790b61125185460414",
    "6825f17a0b6112518546041a",
    "6825f17a0b6112518546041b",
    "6825f17b0b61125185460421",
    "6825f17b0b61125185460420",
    "6825f17b0b6112518546041d",
    "6825f17b0b6112518546041c",
    "6825f17b0b6112518546041f",
    "6825f17b0b6112518546041e"
  ],
  "is_lock": false,
  "createBy": "kiminonawa1305@gmail.com",
  "createAt": {
    "$date": "2025-05-15T13:52:00.212Z"
  },
  "updateBy": "kiminonawa1305@gmail.com",
  "updateAt": {
    "$date": "2025-05-15T13:52:00.212Z"
  },
  "_class": "com.lamnguyen.product_service.model.Product"
},
{
  "_id": "6825f182213ef202c0fd1ec3",
  "title": "Áo Tanktop Nam Thể Thao Active phối màu",
  "seo_alias": "ao-tanktop-nam-the-thao-active-phoi-mau",
  "vendor": "5c482438000c695cfa6f8d22",
  "tags": [
    "CLEARANCE_SALE",
    "OUTLET"
  ],
  "options": [
    {
      "type": "COLOR",
      "title": "Màu sắc",
      "values": [
        "Đen"
      ]
    },
    {
      "type": "SIZE",
      "title": "Kích thước",
      "values": [
        "S"
      ]
    }
  ],
  "options_values": [
    {
      "title": "Màu sắc",
      "type": "COLOR",
      "options": [
        {
          "title": "Đen",
          "slug": "den",
          "label": "",
          "images": [
            "6825f1800b61125185460425",
            "6825f1810b61125185460427",
            "6825f1810b61125185460426",
            "6825f1810b61125185460429",
            "6825f1810b61125185460428",
            "6825f1800b61125185460424"
          ]
        }
      ]
    }
  ],
  "images": [
    "6825f1800b61125185460422",
    "6825f1800b61125185460423"
  ],
  "available": true,
  "collection_id": "6825e9498eaaa408c6aaf614",
  "display_order": 102,
  "youtube_video": "",
  "coming_soon": false,
  "display_name_open": "Thoáng khí",
  "gender_type": "MALE",
  "all_image_contains": [
    "6825f1800b61125185460422",
    "6825f1800b61125185460423",
    "6825f1800b61125185460425",
    "6825f1810b61125185460427",
    "6825f1810b61125185460426",
    "6825f1810b61125185460429",
    "6825f1810b61125185460428",
    "6825f1800b61125185460424"
  ],
  "is_lock": false,
  "createBy": "kiminonawa1305@gmail.com",
  "createAt": {
    "$date": "2025-05-15T13:52:02.788Z"
  },
  "updateBy": "kiminonawa1305@gmail.com",
  "updateAt": {
    "$date": "2025-05-15T13:52:02.788Z"
  },
  "_class": "com.lamnguyen.product_service.model.Product"
},
{
  "_id": "6825f189213ef202c0fd1ec4",
  "title": "Áo Tanktop Nam Thể Thao Active logo",
  "seo_alias": "ao-tanktop-nam-the-thao-active-logo",
  "vendor": "5c482438000c695cfa6f8d22",
  "tags": [
    "CLEARANCE_SALE",
    "OUTLET"
  ],
  "options": [
    {
      "type": "COLOR",
      "title": "Màu sắc",
      "values": [
        "Đen",
        "Xám nhạt",
        "Xanh Navy"
      ]
    },
    {
      "type": "SIZE",
      "title": "Kích thước",
      "values": [
        "S"
      ]
    }
  ],
  "options_values": [
    {
      "title": "Màu sắc",
      "type": "COLOR",
      "options": [
        {
          "title": "Đen",
          "slug": "den",
          "label": "",
          "images": [
            "6825f1830b61125185460432",
            "6825f1840b61125185460437",
            "6825f1840b61125185460436",
            "6825f1840b61125185460435",
            "6825f1840b61125185460434",
            "6825f1840b61125185460433"
          ]
        },
        {
          "title": "Xám nhạt",
          "slug": "xam-nhat",
          "label": "",
          "images": [
            "6825f1840b61125185460439",
            "6825f1840b61125185460438",
            "6825f1850b6112518546043d",
            "6825f1850b6112518546043c",
            "6825f1850b6112518546043e",
            "6825f1840b6112518546043b",
            "6825f1840b6112518546043a"
          ]
        },
        {
          "title": "Xanh Navy",
          "slug": "xanh-navy",
          "label": "",
          "images": [
            "6825f1850b61125185460443",
            "6825f1850b61125185460442",
            "6825f1850b61125185460444",
            "6825f1850b6112518546043f",
            "6825f1850b61125185460441",
            "6825f1860b61125185460446",
            "6825f1850b61125185460440",
            "6825f1860b61125185460445"
          ]
        }
      ]
    }
  ],
  "images": [
    "6825f1830b61125185460430",
    "6825f1830b61125185460431",
    "6825f1830b6112518546042f",
    "6825f1830b6112518546042c",
    "6825f1820b6112518546042a",
    "6825f1830b6112518546042b",
    "6825f1830b6112518546042e",
    "6825f1830b6112518546042d"
  ],
  "available": true,
  "collection_id": "6825e9498eaaa408c6aaf614",
  "display_order": 121,
  "youtube_video": "https://mcdn.coolmate.me/uploads/videos/24_outfit7.mp4",
  "coming_soon": false,
  "display_name_open": "Thoáng khí",
  "gender_type": "MALE",
  "all_image_contains": [
    "6825f1830b61125185460430",
    "6825f1830b61125185460431",
    "6825f1830b6112518546042f",
    "6825f1830b6112518546042c",
    "6825f1820b6112518546042a",
    "6825f1830b6112518546042b",
    "6825f1830b6112518546042e",
    "6825f1830b6112518546042d",
    "6825f1830b61125185460432",
    "6825f1840b61125185460437",
    "6825f1840b61125185460436",
    "6825f1840b61125185460435",
    "6825f1840b61125185460434",
    "6825f1840b61125185460433",
    "6825f1840b61125185460439",
    "6825f1840b61125185460438",
    "6825f1850b6112518546043d",
    "6825f1850b6112518546043c",
    "6825f1850b6112518546043e",
    "6825f1840b6112518546043b",
    "6825f1840b6112518546043a",
    "6825f1850b61125185460443",
    "6825f1850b61125185460442",
    "6825f1850b61125185460444",
    "6825f1850b6112518546043f",
    "6825f1850b61125185460441",
    "6825f1860b61125185460446",
    "6825f1850b61125185460440",
    "6825f1860b61125185460445"
  ],
  "is_lock": false,
  "createBy": "kiminonawa1305@gmail.com",
  "createAt": {
    "$date": "2025-05-15T13:52:09.255Z"
  },
  "updateBy": "kiminonawa1305@gmail.com",
  "updateAt": {
    "$date": "2025-05-15T13:52:09.255Z"
  },
  "_class": "com.lamnguyen.product_service.model.Product"
},
{
  "_id": "6825f18c213ef202c0fd1ec5",
  "title": "Áo Tanktop Nam Thể Thao T2",
  "seo_alias": "ao-tanktop-nam-the-thao-t2",
  "vendor": "5c482438000c695cfa6f8d22",
  "tags": [
    "CLEARANCE_SALE",
    "OUTLET"
  ],
  "options": [
    {
      "type": "COLOR",
      "title": "Màu sắc",
      "values": [
        "Đen"
      ]
    },
    {
      "type": "SIZE",
      "title": "Kích thước Áo",
      "values": [
        "S"
      ]
    }
  ],
  "options_values": [
    {
      "title": "Màu sắc",
      "type": "COLOR",
      "options": [
        {
          "title": "Đen",
          "slug": "den",
          "label": "",
          "images": [
            "6825f18a0b6112518546044f",
            "6825f18a0b61125185460452",
            "6825f18a0b61125185460451",
            "6825f18a0b61125185460450",
            "6825f18a0b6112518546044e",
            "6825f18a0b6112518546044d"
          ]
        }
      ]
    }
  ],
  "images": [
    "6825f1890b61125185460447",
    "6825f1890b61125185460448",
    "6825f1890b61125185460449",
    "6825f1890b6112518546044a",
    "6825f1890b6112518546044b",
    "6825f1890b6112518546044c"
  ],
  "available": true,
  "collection_id": "6825e9498eaaa408c6aaf614",
  "display_order": 131,
  "youtube_video": "",
  "coming_soon": false,
  "display_name_open": "Thoáng khí",
  "gender_type": "MALE",
  "all_image_contains": [
    "6825f1890b61125185460447",
    "6825f1890b61125185460448",
    "6825f1890b61125185460449",
    "6825f1890b6112518546044a",
    "6825f1890b6112518546044b",
    "6825f1890b6112518546044c",
    "6825f18a0b6112518546044f",
    "6825f18a0b61125185460452",
    "6825f18a0b61125185460451",
    "6825f18a0b61125185460450",
    "6825f18a0b6112518546044e",
    "6825f18a0b6112518546044d"
  ],
  "is_lock": false,
  "createBy": "kiminonawa1305@gmail.com",
  "createAt": {
    "$date": "2025-05-15T13:52:12.120Z"
  },
  "updateBy": "kiminonawa1305@gmail.com",
  "updateAt": {
    "$date": "2025-05-15T13:52:12.120Z"
  },
  "_class": "com.lamnguyen.product_service.model.Product"
},
{
  "_id": "6825f190213ef202c0fd1ec6",
  "title": "Áo Singlet chạy bộ Fast & Free",
  "seo_alias": "ao-singlet-chay-bo-fast-&-free",
  "vendor": "5c482438000c695cfa6f8d22",
  "tags": [
    "CLEARANCE_SALE",
    "OUTLET"
  ],
  "options": [
    {
      "type": "COLOR",
      "title": "Màu sắc",
      "values": [
        "Xám"
      ]
    },
    {
      "type": "SIZE",
      "title": "Kích thước Áo",
      "values": [
        "S",
        "M",
        "L",
        "XL",
        "2XL",
        "3XL"
      ]
    }
  ],
  "options_values": [
    {
      "title": "Màu sắc",
      "type": "COLOR",
      "options": [
        {
          "title": "Xám",
          "slug": "xam",
          "label": "",
          "images": [
            "6825f18d0b6112518546045e",
            "6825f18d0b6112518546045d",
            "6825f18d0b6112518546045f",
            "6825f18e0b61125185460463",
            "6825f18e0b61125185460462",
            "6825f18d0b61125185460460",
            "6825f18e0b61125185460464",
            "6825f18d0b61125185460461"
          ]
        }
      ]
    }
  ],
  "images": [
    "6825f18c0b61125185460458",
    "6825f18d0b61125185460459",
    "6825f18c0b61125185460457",
    "6825f18c0b61125185460456",
    "6825f18c0b61125185460455",
    "6825f18c0b61125185460454",
    "6825f18c0b61125185460453",
    "6825f18d0b6112518546045a",
    "6825f18d0b6112518546045c",
    "6825f18d0b6112518546045b"
  ],
  "available": true,
  "collection_id": "6825e9498eaaa408c6aaf614",
  "display_order": 191,
  "youtube_video": "",
  "coming_soon": false,
  "display_name_open": "Nhanh khô",
  "gender_type": "MALE",
  "all_image_contains": [
    "6825f18c0b61125185460458",
    "6825f18d0b61125185460459",
    "6825f18c0b61125185460457",
    "6825f18c0b61125185460456",
    "6825f18c0b61125185460455",
    "6825f18c0b61125185460454",
    "6825f18c0b61125185460453",
    "6825f18d0b6112518546045a",
    "6825f18d0b6112518546045c",
    "6825f18d0b6112518546045b",
    "6825f18d0b6112518546045e",
    "6825f18d0b6112518546045d",
    "6825f18d0b6112518546045f",
    "6825f18e0b61125185460463",
    "6825f18e0b61125185460462",
    "6825f18d0b61125185460460",
    "6825f18e0b61125185460464",
    "6825f18d0b61125185460461"
  ],
  "is_lock": false,
  "createBy": "kiminonawa1305@gmail.com",
  "createAt": {
    "$date": "2025-05-15T13:52:16.652Z"
  },
  "updateBy": "kiminonawa1305@gmail.com",
  "updateAt": {
    "$date": "2025-05-15T13:52:16.652Z"
  },
  "_class": "com.lamnguyen.product_service.model.Product"
},
{
  "_id": "6825f194213ef202c0fd1ec7",
  "title": "Combo 3 Áo Sát Nách Nam Thể Thao Promax",
  "seo_alias": "combo-3-ao-sat-nach-nam-the-thao-promax",
  "vendor": "5c482438000c695cfa6f8d22",
  "tags": [
    "SAVING_PACKS"
  ],
  "options": [
    {
      "type": "COLOR",
      "title": "Màu sắc",
      "values": [
        "Màu 5",
        "Màu 3"
      ]
    },
    {
      "type": "SIZE",
      "title": "Kích thước Áo",
      "values": [
        "S",
        "M",
        "L",
        "XL",
        "2XL"
      ]
    }
  ],
  "options_values": [
    {
      "title": "Màu sắc",
      "type": "COLOR",
      "options": [
        {
          "title": "Màu 5",
          "slug": "mau-5",
          "label": "",
          "images": [
            "6825f1910b6112518546046d",
            "6825f1910b6112518546046c",
            "6825f1910b6112518546046b",
            "6825f1910b6112518546046a",
            "6825f1910b61125185460468",
            "6825f1910b61125185460469"
          ]
        },
        {
          "title": "Màu 3",
          "slug": "mau-3",
          "label": "",
          "images": [
            "6825f1910b6112518546046f",
            "6825f1910b6112518546046e",
            "6825f1920b61125185460472",
            "6825f1910b61125185460470",
            "6825f1920b61125185460471",
            "6825f1920b61125185460474",
            "6825f1920b61125185460473"
          ]
        }
      ]
    }
  ],
  "images": [
    "6825f1910b61125185460467",
    "6825f1900b61125185460465",
    "6825f1900b61125185460466"
  ],
  "available": true,
  "collection_id": "6825e9498eaaa408c6aaf614",
  "display_order": 197,
  "youtube_video": "",
  "coming_soon": false,
  "display_name_open": "Thoáng mát",
  "gender_type": "MALE",
  "all_image_contains": [
    "6825f1910b61125185460467",
    "6825f1900b61125185460465",
    "6825f1900b61125185460466",
    "6825f1910b6112518546046d",
    "6825f1910b6112518546046c",
    "6825f1910b6112518546046b",
    "6825f1910b6112518546046a",
    "6825f1910b61125185460468",
    "6825f1910b61125185460469",
    "6825f1910b6112518546046f",
    "6825f1910b6112518546046e",
    "6825f1920b61125185460472",
    "6825f1910b61125185460470",
    "6825f1920b61125185460471",
    "6825f1920b61125185460474",
    "6825f1920b61125185460473"
  ],
  "is_lock": false,
  "createBy": "kiminonawa1305@gmail.com",
  "createAt": {
    "$date": "2025-05-15T13:52:20.191Z"
  },
  "updateBy": "kiminonawa1305@gmail.com",
  "updateAt": {
    "$date": "2025-05-15T13:52:20.191Z"
  },
  "_class": "com.lamnguyen.product_service.model.Product"
},
{
  "_id": "6825f196213ef202c0fd1ec8",
  "title": "Combo 2 Áo Singlet Chạy Bộ Nam Graphic Frostly Mountain",
  "seo_alias": "combo-2-ao-singlet-chay-bo-nam-graphic-frostly-mountain",
  "vendor": "5c482438000c695cfa6f8d22",
  "tags": [
    "SAVING_PACKS",
    "CLEARANCE_SALE"
  ],
  "options": [
    {
      "type": "SIZE",
      "title": "Kích thước",
      "values": [
        "S",
        "M",
        "L",
        "XL",
        "2XL",
        "3XL"
      ]
    }
  ],
  "options_values": [],
  "images": [
    "6825f1940b6112518546047b",
    "6825f1940b6112518546047a",
    "6825f1940b61125185460476",
    "6825f1940b61125185460475",
    "6825f1940b61125185460478",
    "6825f1940b61125185460477",
    "6825f1940b61125185460479",
    "6825f1950b6112518546047d",
    "6825f1950b6112518546047c"
  ],
  "available": true,
  "collection_id": "6825e9498eaaa408c6aaf614",
  "display_order": 230,
  "youtube_video": "",
  "coming_soon": false,
  "display_name_open": "ExDry",
  "gender_type": "MALE",
  "all_image_contains": [
    "6825f1940b6112518546047b",
    "6825f1940b6112518546047a",
    "6825f1940b61125185460476",
    "6825f1940b61125185460475",
    "6825f1940b61125185460478",
    "6825f1940b61125185460477",
    "6825f1940b61125185460479",
    "6825f1950b6112518546047d",
    "6825f1950b6112518546047c"
  ],
  "is_lock": false,
  "createBy": "kiminonawa1305@gmail.com",
  "createAt": {
    "$date": "2025-05-15T13:52:22.242Z"
  },
  "updateBy": "kiminonawa1305@gmail.com",
  "updateAt": {
    "$date": "2025-05-15T13:52:22.242Z"
  },
  "_class": "com.lamnguyen.product_service.model.Product"
},
{
  "_id": "6825f198213ef202c0fd1ec9",
  "title": "Combo 2 Áo Singlet Nam Chạy Bộ Graphic Photic Zone",
  "seo_alias": "combo-2-ao-singlet-nam-chay-bo-graphic-photic-zone",
  "vendor": "5c482438000c695cfa6f8d22",
  "tags": [
    "SAVING_PACKS"
  ],
  "options": [
    {
      "type": "SIZE",
      "title": "Kích thước",
      "values": [
        "S",
        "M",
        "L",
        "XL",
        "2XL",
        "3XL"
      ]
    }
  ],
  "options_values": [],
  "images": [
    "6825f1960b61125185460483",
    "6825f1960b61125185460482",
    "6825f1960b61125185460481",
    "6825f1970b61125185460486",
    "6825f1960b61125185460480",
    "6825f1970b61125185460485",
    "6825f1970b61125185460484",
    "6825f1960b6112518546047f",
    "6825f1960b6112518546047e"
  ],
  "available": true,
  "collection_id": "6825e9498eaaa408c6aaf614",
  "display_order": 236,
  "youtube_video": "",
  "coming_soon": false,
  "display_name_open": "ExDry",
  "gender_type": "MALE",
  "all_image_contains": [
    "6825f1960b61125185460483",
    "6825f1960b61125185460482",
    "6825f1960b61125185460481",
    "6825f1970b61125185460486",
    "6825f1960b61125185460480",
    "6825f1970b61125185460485",
    "6825f1970b61125185460484",
    "6825f1960b6112518546047f",
    "6825f1960b6112518546047e"
  ],
  "is_lock": false,
  "createBy": "kiminonawa1305@gmail.com",
  "createAt": {
    "$date": "2025-05-15T13:52:24.489Z"
  },
  "updateBy": "kiminonawa1305@gmail.com",
  "updateAt": {
    "$date": "2025-05-15T13:52:24.489Z"
  },
  "_class": "com.lamnguyen.product_service.model.Product"
},
{
  "_id": "6825f19a213ef202c0fd1eca",
  "title": "Combo 2 Áo Singlet Chạy Bộ Nam Fast & Free Run V2",
  "seo_alias": "combo-2-ao-singlet-chay-bo-nam-fast-&-free-run-v2",
  "vendor": "5c482438000c695cfa6f8d22",
  "tags": [
    "SAVING_PACKS"
  ],
  "options": [
    {
      "type": "SIZE",
      "title": "Kích thước",
      "values": [
        "S",
        "M",
        "L",
        "XL",
        "2XL",
        "3XL"
      ]
    }
  ],
  "options_values": [],
  "images": [
    "6825f1980b61125185460487",
    "6825f1980b61125185460488",
    "6825f1980b61125185460489",
    "6825f1990b6112518546048b",
    "6825f1990b6112518546048e",
    "6825f1990b6112518546048f",
    "6825f1990b6112518546048c",
    "6825f1990b6112518546048d",
    "6825f1980b6112518546048a"
  ],
  "available": true,
  "collection_id": "6825e9498eaaa408c6aaf614",
  "display_order": 251,
  "youtube_video": "",
  "coming_soon": false,
  "display_name_open": "ExDry",
  "gender_type": "MALE",
  "all_image_contains": [
    "6825f1980b61125185460487",
    "6825f1980b61125185460488",
    "6825f1980b61125185460489",
    "6825f1990b6112518546048b",
    "6825f1990b6112518546048e",
    "6825f1990b6112518546048f",
    "6825f1990b6112518546048c",
    "6825f1990b6112518546048d",
    "6825f1980b6112518546048a"
  ],
  "is_lock": false,
  "createBy": "kiminonawa1305@gmail.com",
  "createAt": {
    "$date": "2025-05-15T13:52:26.580Z"
  },
  "updateBy": "kiminonawa1305@gmail.com",
  "updateAt": {
    "$date": "2025-05-15T13:52:26.580Z"
  },
  "_class": "com.lamnguyen.product_service.model.Product"
},
{
  "_id": "6825f1a7213ef202c0fd1ecb",
  "title": "Áo Sát Nách Nam Thể Thao Promax",
  "seo_alias": "ao-sat-nach-nam-the-thao-promax",
  "vendor": "5c482438000c695cfa6f8d22",
  "tags": [],
  "options": [
    {
      "type": "COLOR",
      "title": "Màu sắc",
      "values": [
        "Xanh Aqua",
        "Xanh Aqua V2",
        "Xanh bóng đêm",
        "Trắng",
        "Be xám",
        "Xanh da trời",
        "Đen",
        "Xanh Navy"
      ]
    },
    {
      "type": "SIZE",
      "title": "Kích thước Áo",
      "values": [
        "S",
        "M",
        "L",
        "XL",
        "2XL",
        "3XL"
      ]
    }
  ],
  "options_values": [
    {
      "title": "Màu sắc",
      "type": "COLOR",
      "options": [
        {
          "title": "Xanh Aqua",
          "slug": "xanh-aqua",
          "label": "",
          "images": [
            "6825f19b0b61125185460498",
            "6825f19b0b61125185460497",
            "6825f19b0b61125185460496",
            "6825f19c0b61125185460499",
            "6825f19c0b6112518546049a"
          ]
        },
        {
          "title": "Xanh Aqua V2",
          "slug": "xanh-aqua-v2",
          "label": "",
          "images": [
            "6825f19c0b6112518546049c",
            "6825f19c0b6112518546049b",
            "6825f19c0b6112518546049e",
            "6825f19c0b6112518546049d",
            "6825f19d0b611251854604a1",
            "6825f19c0b6112518546049f",
            "6825f19c0b611251854604a0"
          ]
        },
        {
          "title": "Xanh bóng đêm",
          "slug": "xanh-bong-dem",
          "label": "",
          "images": [
            "6825f19d0b611251854604a4",
            "6825f19d0b611251854604a3",
            "6825f19d0b611251854604a2",
            "6825f19d0b611251854604a6",
            "6825f19d0b611251854604a5"
          ]
        },
        {
          "title": "Trắng",
          "slug": "trang",
          "label": "",
          "images": [
            "6825f19d0b611251854604a8",
            "6825f19d0b611251854604a7",
            "6825f19e0b611251854604a9",
            "6825f19e0b611251854604aa",
            "6825f19e0b611251854604ab",
            "6825f19e0b611251854604ac"
          ]
        },
        {
          "title": "Be xám",
          "slug": "be-xam",
          "label": "",
          "images": [
            "6825f19e0b611251854604b0",
            "6825f19f0b611251854604b2",
            "6825f19f0b611251854604b3",
            "6825f19f0b611251854604b1",
            "6825f19e0b611251854604ad",
            "6825f19e0b611251854604ae",
            "6825f19e0b611251854604af"
          ]
        },
        {
          "title": "Xanh da trời",
          "slug": "xanh-da-troi",
          "label": "",
          "images": [
            "6825f19f0b611251854604b6",
            "6825f19f0b611251854604b7",
            "6825f19f0b611251854604b4",
            "6825f19f0b611251854604b5",
            "6825f19f0b611251854604b8",
            "6825f19f0b611251854604b9"
          ]
        },
        {
          "title": "Đen",
          "slug": "den",
          "label": "",
          "images": [
            "6825f1a00b611251854604bf",
            "6825f1a00b611251854604bc",
            "6825f1a00b611251854604bb",
            "6825f1a00b611251854604be",
            "6825f1a00b611251854604bd",
            "6825f1a00b611251854604ba"
          ]
        },
        {
          "title": "Xanh Navy",
          "slug": "xanh-navy",
          "label": "",
          "images": [
            "6825f1a10b611251854604c4",
            "6825f1a10b611251854604c3",
            "6825f1a00b611251854604c0",
            "6825f1a00b611251854604c2",
            "6825f1a00b611251854604c1"
          ]
        }
      ]
    }
  ],
  "images": [
    "6825f19a0b61125185460491",
    "6825f19a0b61125185460490",
    "6825f19a0b61125185460492",
    "6825f19b0b61125185460495",
    "6825f19b0b61125185460494",
    "6825f19b0b61125185460493"
  ],
  "available": true,
  "collection_id": "6825e9498eaaa408c6aaf614",
  "display_order": 309,
  "youtube_video": "https://mcdn.coolmate.me/uploads/videos/AO_SAT_NACH.mp4",
  "coming_soon": false,
  "display_name_open": "ExDry",
  "gender_type": "MALE",
  "all_image_contains": [
    "6825f19a0b61125185460491",
    "6825f19a0b61125185460490",
    "6825f19a0b61125185460492",
    "6825f19b0b61125185460495",
    "6825f19b0b61125185460494",
    "6825f19b0b61125185460493",
    "6825f19b0b61125185460498",
    "6825f19b0b61125185460497",
    "6825f19b0b61125185460496",
    "6825f19c0b61125185460499",
    "6825f19c0b6112518546049a",
    "6825f19c0b6112518546049c",
    "6825f19c0b6112518546049b",
    "6825f19c0b6112518546049e",
    "6825f19c0b6112518546049d",
    "6825f19d0b611251854604a1",
    "6825f19c0b6112518546049f",
    "6825f19c0b611251854604a0",
    "6825f19d0b611251854604a4",
    "6825f19d0b611251854604a3",
    "6825f19d0b611251854604a2",
    "6825f19d0b611251854604a6",
    "6825f19d0b611251854604a5",
    "6825f19d0b611251854604a8",
    "6825f19d0b611251854604a7",
    "6825f19e0b611251854604a9",
    "6825f19e0b611251854604aa",
    "6825f19e0b611251854604ab",
    "6825f19e0b611251854604ac",
    "6825f19e0b611251854604b0",
    "6825f19f0b611251854604b2",
    "6825f19f0b611251854604b3",
    "6825f19f0b611251854604b1",
    "6825f19e0b611251854604ad",
    "6825f19e0b611251854604ae",
    "6825f19e0b611251854604af",
    "6825f19f0b611251854604b6",
    "6825f19f0b611251854604b7",
    "6825f19f0b611251854604b4",
    "6825f19f0b611251854604b5",
    "6825f19f0b611251854604b8",
    "6825f19f0b611251854604b9",
    "6825f1a00b611251854604bf",
    "6825f1a00b611251854604bc",
    "6825f1a00b611251854604bb",
    "6825f1a00b611251854604be",
    "6825f1a00b611251854604bd",
    "6825f1a00b611251854604ba",
    "6825f1a10b611251854604c4",
    "6825f1a10b611251854604c3",
    "6825f1a00b611251854604c0",
    "6825f1a00b611251854604c2",
    "6825f1a00b611251854604c1"
  ],
  "is_lock": false,
  "createBy": "kiminonawa1305@gmail.com",
  "createAt": {
    "$date": "2025-05-15T13:52:39.112Z"
  },
  "updateBy": "kiminonawa1305@gmail.com",
  "updateAt": {
    "$date": "2025-05-15T13:52:39.112Z"
  },
  "_class": "com.lamnguyen.product_service.model.Product"
},
{
  "_id": "6825f1ad213ef202c0fd1ecc",
  "title": "Combo 3 Áo ba lỗ 100% Cotton",
  "seo_alias": "combo-3-ao-ba-lo-100%-cotton",
  "vendor": "5c482438000c695cfa6f8d22",
  "tags": [
    "BEST_SELLER",
    "WORTH_BUYING"
  ],
  "options": [
    {
      "type": "COLOR",
      "title": "Màu sắc",
      "values": [
        "Mix màu",
        "Đen",
        "Trắng",
        "Xanh Navy"
      ]
    },
    {
      "type": "SIZE",
      "title": "Kích thước",
      "values": [
        "M",
        "L",
        "XL",
        "2XL",
        "3XL",
        "S"
      ]
    }
  ],
  "options_values": [
    {
      "title": "Màu sắc",
      "type": "COLOR",
      "options": [
        {
          "title": "Mix màu",
          "slug": "mix-mau",
          "label": "",
          "images": [
            "6825f1a80b611251854604cd",
            "6825f1a80b611251854604ce",
            "6825f1a70b611251854604c9",
            "6825f1a80b611251854604cf",
            "6825f1a70b611251854604cb",
            "6825f1a70b611251854604cc",
            "6825f1a70b611251854604ca"
          ]
        },
        {
          "title": "Đen",
          "slug": "den",
          "label": "",
          "images": [
            "6825f1a80b611251854604d4",
            "6825f1a80b611251854604d0",
            "6825f1a80b611251854604d1",
            "6825f1a80b611251854604d2",
            "6825f1a80b611251854604d3",
            "6825f1a90b611251854604d5"
          ]
        },
        {
          "title": "Trắng",
          "slug": "trang",
          "label": "",
          "images": [
            "6825f1a90b611251854604d9",
            "6825f1a90b611251854604d7",
            "6825f1a90b611251854604d8",
            "6825f1a90b611251854604d6",
            "6825f1a90b611251854604dc",
            "6825f1a90b611251854604da",
            "6825f1a90b611251854604db"
          ]
        },
        {
          "title": "Xanh Navy",
          "slug": "xanh-navy",
          "label": "",
          "images": [
            "6825f1aa0b611251854604e0",
            "6825f1aa0b611251854604e1",
            "6825f1aa0b611251854604e2",
            "6825f1aa0b611251854604de",
            "6825f1aa0b611251854604df",
            "6825f1a90b611251854604dd"
          ]
        }
      ]
    }
  ],
  "images": [
    "6825f1a70b611251854604c8",
    "6825f1a70b611251854604c6",
    "6825f1a70b611251854604c7",
    "6825f1a70b611251854604c5"
  ],
  "available": true,
  "collection_id": "6825e9498eaaa408c6aaf614",
  "display_order": 331,
  "youtube_video": "",
  "coming_soon": false,
  "display_name_open": "Mặc nhà - Thoáng mát",
  "gender_type": "MALE",
  "all_image_contains": [
    "6825f1a70b611251854604c8",
    "6825f1a70b611251854604c6",
    "6825f1a70b611251854604c7",
    "6825f1a70b611251854604c5",
    "6825f1a80b611251854604cd",
    "6825f1a80b611251854604ce",
    "6825f1a70b611251854604c9",
    "6825f1a80b611251854604cf",
    "6825f1a70b611251854604cb",
    "6825f1a70b611251854604cc",
    "6825f1a70b611251854604ca",
    "6825f1a80b611251854604d4",
    "6825f1a80b611251854604d0",
    "6825f1a80b611251854604d1",
    "6825f1a80b611251854604d2",
    "6825f1a80b611251854604d3",
    "6825f1a90b611251854604d5",
    "6825f1a90b611251854604d9",
    "6825f1a90b611251854604d7",
    "6825f1a90b611251854604d8",
    "6825f1a90b611251854604d6",
    "6825f1a90b611251854604dc",
    "6825f1a90b611251854604da",
    "6825f1a90b611251854604db",
    "6825f1aa0b611251854604e0",
    "6825f1aa0b611251854604e1",
    "6825f1aa0b611251854604e2",
    "6825f1aa0b611251854604de",
    "6825f1aa0b611251854604df",
    "6825f1a90b611251854604dd"
  ],
  "is_lock": false,
  "createBy": "kiminonawa1305@gmail.com",
  "createAt": {
    "$date": "2025-05-15T13:52:45.700Z"
  },
  "updateBy": "kiminonawa1305@gmail.com",
  "updateAt": {
    "$date": "2025-05-15T13:52:45.700Z"
  },
  "_class": "com.lamnguyen.product_service.model.Product"
},
{
  "_id": "6825f1b2213ef202c0fd1ecd",
  "title": "Combo 2 Áo Singlet Nam Chạy Bộ in Graphic Special",
  "seo_alias": "combo-2-ao-singlet-nam-chay-bo-in-graphic-special",
  "vendor": "5c482438000c695cfa6f8d22",
  "tags": [
    "SAVING_PACKS"
  ],
  "options": [
    {
      "type": "COLOR",
      "title": "Màu sắc",
      "values": [
        "Mix màu 1",
        "Mix màu 2"
      ]
    },
    {
      "type": "SIZE",
      "title": "Kích thước",
      "values": [
        "S",
        "M",
        "L",
        "XL",
        "2XL",
        "3XL"
      ]
    }
  ],
  "options_values": [
    {
      "title": "Màu sắc",
      "type": "COLOR",
      "options": [
        {
          "title": "Mix màu 1",
          "slug": "mix-mau-1",
          "label": "",
          "images": [
            "6825f1ae0b611251854604ed",
            "6825f1ae0b611251854604ee",
            "6825f1ae0b611251854604e8",
            "6825f1ae0b611251854604e9",
            "6825f1af0b611251854604ef",
            "6825f1ae0b611251854604ea",
            "6825f1ae0b611251854604eb",
            "6825f1ae0b611251854604ec"
          ]
        },
        {
          "title": "Mix màu 2",
          "slug": "mix-mau-2",
          "label": "",
          "images": [
            "6825f1af0b611251854604f2",
            "6825f1af0b611251854604f3",
            "6825f1af0b611251854604f0",
            "6825f1af0b611251854604f1",
            "6825f1af0b611251854604f6",
            "6825f1af0b611251854604f7",
            "6825f1af0b611251854604f4",
            "6825f1af0b611251854604f5"
          ]
        }
      ]
    }
  ],
  "images": [
    "6825f1ae0b611251854604e6",
    "6825f1ae0b611251854604e7",
    "6825f1ad0b611251854604e5",
    "6825f1ad0b611251854604e3",
    "6825f1ad0b611251854604e4"
  ],
  "available": true,
  "collection_id": "6825e9498eaaa408c6aaf614",
  "display_order": 426,
  "youtube_video": "",
  "coming_soon": false,
  "display_name_open": "Mỏng nhẹ",
  "gender_type": "MALE",
  "all_image_contains": [
    "6825f1ae0b611251854604e6",
    "6825f1ae0b611251854604e7",
    "6825f1ad0b611251854604e5",
    "6825f1ad0b611251854604e3",
    "6825f1ad0b611251854604e4",
    "6825f1ae0b611251854604ed",
    "6825f1ae0b611251854604ee",
    "6825f1ae0b611251854604e8",
    "6825f1ae0b611251854604e9",
    "6825f1af0b611251854604ef",
    "6825f1ae0b611251854604ea",
    "6825f1ae0b611251854604eb",
    "6825f1ae0b611251854604ec",
    "6825f1af0b611251854604f2",
    "6825f1af0b611251854604f3",
    "6825f1af0b611251854604f0",
    "6825f1af0b611251854604f1",
    "6825f1af0b611251854604f6",
    "6825f1af0b611251854604f7",
    "6825f1af0b611251854604f4",
    "6825f1af0b611251854604f5"
  ],
  "is_lock": false,
  "createBy": "kiminonawa1305@gmail.com",
  "createAt": {
    "$date": "2025-05-15T13:52:50.072Z"
  },
  "updateBy": "kiminonawa1305@gmail.com",
  "updateAt": {
    "$date": "2025-05-15T13:52:50.072Z"
  },
  "_class": "com.lamnguyen.product_service.model.Product"
},
{
  "_id": "6825f1c7213ef202c0fd1ece",
  "title": "Áo Sleeveless thể thao Active Essentials",
  "seo_alias": "ao-sleeveless-the-thao-active-essentials",
  "vendor": "5c482438000c695cfa6f8d22",
  "tags": [],
  "options": [
    {
      "type": "COLOR",
      "title": "Màu sắc",
      "values": [
        "Xanh Forever Blue",
        "Nâu Iron",
        "Hồng Marsala",
        "Xanh Navy",
        "Xám nhạt",
        "Đen",
        "Xanh dương",
        "Xám đậm",
        "Xanh Pacific"
      ]
    },
    {
      "type": "SIZE",
      "title": "Kích thước",
      "values": [
        "S",
        "M",
        "L",
        "XL",
        "2XL",
        "3XL"
      ]
    }
  ],
  "options_values": [
    {
      "title": "Màu sắc",
      "type": "COLOR",
      "options": [
        {
          "title": "Xanh Forever Blue",
          "slug": "xanh-forever-blue",
          "label": "",
          "images": [
            "6825f1b50b61125185460518",
            "6825f1b60b6112518546051a",
            "6825f1b60b6112518546051b",
            "6825f1b60b61125185460519",
            "6825f1b50b61125185460513",
            "6825f1b50b61125185460514",
            "6825f1b50b61125185460515",
            "6825f1b50b61125185460516",
            "6825f1b50b61125185460517"
          ]
        },
        {
          "title": "Nâu Iron",
          "slug": "nau-iron",
          "label": "",
          "images": [
            "6825f1b60b61125185460522",
            "6825f1b60b61125185460520",
            "6825f1b60b61125185460521",
            "6825f1b60b6112518546051e",
            "6825f1b60b6112518546051f",
            "6825f1b60b6112518546051c",
            "6825f1b60b6112518546051d",
            "6825f1b70b61125185460523",
            "6825f1b70b61125185460524"
          ]
        },
        {
          "title": "Hồng Marsala",
          "slug": "hong-marsala",
          "label": "",
          "images": [
            "6825f1b80b6112518546052d",
            "6825f1b80b6112518546052c",
            "6825f1b70b61125185460527",
            "6825f1b70b61125185460528",
            "6825f1b70b61125185460529",
            "6825f1b70b61125185460525",
            "6825f1b70b61125185460526",
            "6825f1b70b6112518546052a",
            "6825f1b70b6112518546052b"
          ]
        },
        {
          "title": "Xanh Navy",
          "slug": "xanh-navy",
          "label": "",
          "images": [
            "6825f1b80b6112518546052e",
            "6825f1b80b61125185460533",
            "6825f1b80b61125185460531",
            "6825f1b80b61125185460532",
            "6825f1b90b61125185460534",
            "6825f1b80b61125185460530",
            "6825f1b80b6112518546052f"
          ]
        },
        {
          "title": "Xám nhạt",
          "slug": "xam-nhat",
          "label": "",
          "images": [
            "6825f1b90b6112518546053a",
            "6825f1ba0b6112518546053b",
            "6825f1b90b61125185460535",
            "6825f1b90b61125185460536",
            "6825f1b90b61125185460537",
            "6825f1b90b61125185460538",
            "6825f1b90b61125185460539"
          ]
        },
        {
          "title": "Đen",
          "slug": "den",
          "label": "",
          "images": [
            "6825f1ba0b61125185460541",
            "6825f1ba0b61125185460542",
            "6825f1ba0b61125185460540",
            "6825f1ba0b6112518546053d",
            "6825f1ba0b6112518546053e",
            "6825f1ba0b6112518546053c",
            "6825f1ba0b6112518546053f"
          ]
        },
        {
          "title": "Xanh dương",
          "slug": "xanh-duong",
          "label": "",
          "images": [
            "6825f1bb0b61125185460546",
            "6825f1bb0b61125185460547",
            "6825f1ba0b61125185460543",
            "6825f1bb0b61125185460548",
            "6825f1bb0b61125185460544",
            "6825f1bb0b61125185460545"
          ]
        },
        {
          "title": "Xám đậm",
          "slug": "xam-dam",
          "label": "",
          "images": [
            "6825f1bc0b6112518546054c",
            "6825f1bc0b6112518546054d",
            "6825f1bb0b61125185460549",
            "6825f1bb0b6112518546054b",
            "6825f1bc0b6112518546054e",
            "6825f1bb0b6112518546054a",
            "6825f1bc0b6112518546054f"
          ]
        },
        {
          "title": "Xanh Pacific",
          "slug": "xanh-pacific",
          "label": "",
          "images": [
            "6825f1bc0b61125185460554",
            "6825f1bc0b61125185460552",
            "6825f1bc0b61125185460553",
            "6825f1bc0b61125185460550",
            "6825f1bc0b61125185460551",
            "6825f1bd0b61125185460555",
            "6825f1bd0b61125185460556",
            "6825f1bd0b61125185460557"
          ]
        }
      ]
    }
  ],
  "images": [
    "6825f1b40b6112518546050f",
    "6825f1b50b61125185460510",
    "6825f1b50b61125185460511",
    "6825f1b40b6112518546050d",
    "6825f1b50b61125185460512",
    "6825f1b40b6112518546050e",
    "6825f1b40b6112518546050b",
    "6825f1b40b6112518546050c",
    "6825f1b40b6112518546050a",
    "6825f1b40b61125185460508",
    "6825f1b40b61125185460509",
    "6825f1b40b61125185460507",
    "6825f1b20b611251854604f9",
    "6825f1b20b611251854604f8",
    "6825f1b30b611251854604ff",
    "6825f1b30b61125185460500",
    "6825f1b20b611251854604fc",
    "6825f1b30b61125185460505",
    "6825f1b20b611251854604fd",
    "6825f1b30b61125185460506",
    "6825f1b20b611251854604fa",
    "6825f1b20b611251854604fb",
    "6825f1b30b61125185460501",
    "6825f1b30b61125185460502",
    "6825f1b20b611251854604fe",
    "6825f1b30b61125185460503",
    "6825f1b30b61125185460504"
  ],
  "available": true,
  "collection_id": "6825e9498eaaa408c6aaf614",
  "display_order": 445,
  "youtube_video": "",
  "coming_soon": false,
  "display_name_open": "ExDry",
  "gender_type": "MALE",
  "all_image_contains": [
    "6825f1b40b6112518546050f",
    "6825f1b50b61125185460510",
    "6825f1b50b61125185460511",
    "6825f1b40b6112518546050d",
    "6825f1b50b61125185460512",
    "6825f1b40b6112518546050e",
    "6825f1b40b6112518546050b",
    "6825f1b40b6112518546050c",
    "6825f1b40b6112518546050a",
    "6825f1b40b61125185460508",
    "6825f1b40b61125185460509",
    "6825f1b40b61125185460507",
    "6825f1b20b611251854604f9",
    "6825f1b20b611251854604f8",
    "6825f1b30b611251854604ff",
    "6825f1b30b61125185460500",
    "6825f1b20b611251854604fc",
    "6825f1b30b61125185460505",
    "6825f1b20b611251854604fd",
    "6825f1b30b61125185460506",
    "6825f1b20b611251854604fa",
    "6825f1b20b611251854604fb",
    "6825f1b30b61125185460501",
    "6825f1b30b61125185460502",
    "6825f1b20b611251854604fe",
    "6825f1b30b61125185460503",
    "6825f1b30b61125185460504",
    "6825f1b50b61125185460518",
    "6825f1b60b6112518546051a",
    "6825f1b60b6112518546051b",
    "6825f1b60b61125185460519",
    "6825f1b50b61125185460513",
    "6825f1b50b61125185460514",
    "6825f1b50b61125185460515",
    "6825f1b50b61125185460516",
    "6825f1b50b61125185460517",
    "6825f1b60b61125185460522",
    "6825f1b60b61125185460520",
    "6825f1b60b61125185460521",
    "6825f1b60b6112518546051e",
    "6825f1b60b6112518546051f",
    "6825f1b60b6112518546051c",
    "6825f1b60b6112518546051d",
    "6825f1b70b61125185460523",
    "6825f1b70b61125185460524",
    "6825f1b80b6112518546052d",
    "6825f1b80b6112518546052c",
    "6825f1b70b61125185460527",
    "6825f1b70b61125185460528",
    "6825f1b70b61125185460529",
    "6825f1b70b61125185460525",
    "6825f1b70b61125185460526",
    "6825f1b70b6112518546052a",
    "6825f1b70b6112518546052b",
    "6825f1b80b6112518546052e",
    "6825f1b80b61125185460533",
    "6825f1b80b61125185460531",
    "6825f1b80b61125185460532",
    "6825f1b90b61125185460534",
    "6825f1b80b61125185460530",
    "6825f1b80b6112518546052f",
    "6825f1b90b6112518546053a",
    "6825f1ba0b6112518546053b",
    "6825f1b90b61125185460535",
    "6825f1b90b61125185460536",
    "6825f1b90b61125185460537",
    "6825f1b90b61125185460538",
    "6825f1b90b61125185460539",
    "6825f1ba0b61125185460541",
    "6825f1ba0b61125185460542",
    "6825f1ba0b61125185460540",
    "6825f1ba0b6112518546053d",
    "6825f1ba0b6112518546053e",
    "6825f1ba0b6112518546053c",
    "6825f1ba0b6112518546053f",
    "6825f1bb0b61125185460546",
    "6825f1bb0b61125185460547",
    "6825f1ba0b61125185460543",
    "6825f1bb0b61125185460548",
    "6825f1bb0b61125185460544",
    "6825f1bb0b61125185460545",
    "6825f1bc0b6112518546054c",
    "6825f1bc0b6112518546054d",
    "6825f1bb0b61125185460549",
    "6825f1bb0b6112518546054b",
    "6825f1bc0b6112518546054e",
    "6825f1bb0b6112518546054a",
    "6825f1bc0b6112518546054f",
    "6825f1bc0b61125185460554",
    "6825f1bc0b61125185460552",
    "6825f1bc0b61125185460553",
    "6825f1bc0b61125185460550",
    "6825f1bc0b61125185460551",
    "6825f1bd0b61125185460555",
    "6825f1bd0b61125185460556",
    "6825f1bd0b61125185460557"
  ],
  "is_lock": false,
  "createBy": "kiminonawa1305@gmail.com",
  "createAt": {
    "$date": "2025-05-15T13:53:11.052Z"
  },
  "updateBy": "kiminonawa1305@gmail.com",
  "updateAt": {
    "$date": "2025-05-15T13:53:11.052Z"
  },
  "_class": "com.lamnguyen.product_service.model.Product"
},
{
  "_id": "6825f1d1213ef202c0fd1ecf",
  "title": "Áo Tanktop thể thao Active Essentials",
  "seo_alias": "ao-tanktop-the-thao-active-essentials",
  "vendor": "5c482438000c695cfa6f8d22",
  "tags": [],
  "options": [
    {
      "type": "COLOR",
      "title": "Màu sắc",
      "values": [
        "Xanh dương",
        "Xám đậm",
        "Đen",
        "Xanh Navy",
        "Xám nhạt"
      ]
    },
    {
      "type": "SIZE",
      "title": "Kích thước",
      "values": [
        "S",
        "M",
        "L",
        "XL",
        "2XL",
        "3XL"
      ]
    }
  ],
  "options_values": [
    {
      "title": "Màu sắc",
      "type": "COLOR",
      "options": [
        {
          "title": "Xanh dương",
          "slug": "xanh-duong",
          "label": "",
          "images": [
            "6825f1c90b61125185460569",
            "6825f1c90b61125185460568",
            "6825f1c80b61125185460565",
            "6825f1c80b61125185460566",
            "6825f1c80b61125185460567",
            "6825f1c90b6112518546056a"
          ]
        },
        {
          "title": "Xám đậm",
          "slug": "xam-dam",
          "label": "",
          "images": [
            "6825f1c90b6112518546056c",
            "6825f1c90b6112518546056b",
            "6825f1c90b6112518546056e",
            "6825f1c90b6112518546056d",
            "6825f1c90b6112518546056f",
            "6825f1c90b61125185460570"
          ]
        },
        {
          "title": "Đen",
          "slug": "den",
          "label": "",
          "images": [
            "6825f1ca0b61125185460573",
            "6825f1ca0b61125185460574",
            "6825f1ca0b61125185460575",
            "6825f1ca0b61125185460576",
            "6825f1ca0b61125185460571",
            "6825f1ca0b61125185460572"
          ]
        },
        {
          "title": "Xanh Navy",
          "slug": "xanh-navy",
          "label": "",
          "images": [
            "6825f1ca0b61125185460577",
            "6825f1ca0b61125185460578",
            "6825f1ca0b61125185460579",
            "6825f1ca0b6112518546057a",
            "6825f1cb0b6112518546057d",
            "6825f1cb0b6112518546057b",
            "6825f1cb0b6112518546057c"
          ]
        },
        {
          "title": "Xám nhạt",
          "slug": "xam-nhat",
          "label": "",
          "images": [
            "6825f1cb0b61125185460581",
            "6825f1cb0b61125185460580",
            "6825f1cc0b61125185460582",
            "6825f1cc0b61125185460583",
            "6825f1cb0b6112518546057f",
            "6825f1cc0b61125185460584",
            "6825f1cb0b6112518546057e"
          ]
        }
      ]
    }
  ],
  "images": [
    "6825f1c70b6112518546055a",
    "6825f1c70b6112518546055b",
    "6825f1c80b61125185460560",
    "6825f1c80b61125185460561",
    "6825f1c80b61125185460562",
    "6825f1c70b61125185460559",
    "6825f1c70b61125185460558",
    "6825f1c80b6112518546055f",
    "6825f1c80b61125185460563",
    "6825f1c80b61125185460564",
    "6825f1c70b6112518546055e",
    "6825f1c70b6112518546055c",
    "6825f1c70b6112518546055d"
  ],
  "available": true,
  "collection_id": "6825e9498eaaa408c6aaf614",
  "display_order": 492,
  "youtube_video": "",
  "coming_soon": false,
  "display_name_open": "ExDry",
  "gender_type": "MALE",
  "all_image_contains": [
    "6825f1c70b6112518546055a",
    "6825f1c70b6112518546055b",
    "6825f1c80b61125185460560",
    "6825f1c80b61125185460561",
    "6825f1c80b61125185460562",
    "6825f1c70b61125185460559",
    "6825f1c70b61125185460558",
    "6825f1c80b6112518546055f",
    "6825f1c80b61125185460563",
    "6825f1c80b61125185460564",
    "6825f1c70b6112518546055e",
    "6825f1c70b6112518546055c",
    "6825f1c70b6112518546055d",
    "6825f1c90b61125185460569",
    "6825f1c90b61125185460568",
    "6825f1c80b61125185460565",
    "6825f1c80b61125185460566",
    "6825f1c80b61125185460567",
    "6825f1c90b6112518546056a",
    "6825f1c90b6112518546056c",
    "6825f1c90b6112518546056b",
    "6825f1c90b6112518546056e",
    "6825f1c90b6112518546056d",
    "6825f1c90b6112518546056f",
    "6825f1c90b61125185460570",
    "6825f1ca0b61125185460573",
    "6825f1ca0b61125185460574",
    "6825f1ca0b61125185460575",
    "6825f1ca0b61125185460576",
    "6825f1ca0b61125185460571",
    "6825f1ca0b61125185460572",
    "6825f1ca0b61125185460577",
    "6825f1ca0b61125185460578",
    "6825f1ca0b61125185460579",
    "6825f1ca0b6112518546057a",
    "6825f1cb0b6112518546057d",
    "6825f1cb0b6112518546057b",
    "6825f1cb0b6112518546057c",
    "6825f1cb0b61125185460581",
    "6825f1cb0b61125185460580",
    "6825f1cc0b61125185460582",
    "6825f1cc0b61125185460583",
    "6825f1cb0b6112518546057f",
    "6825f1cc0b61125185460584",
    "6825f1cb0b6112518546057e"
  ],
  "is_lock": false,
  "createBy": "kiminonawa1305@gmail.com",
  "createAt": {
    "$date": "2025-05-15T13:53:21.156Z"
  },
  "updateBy": "kiminonawa1305@gmail.com",
  "updateAt": {
    "$date": "2025-05-15T13:53:21.156Z"
  },
  "_class": "com.lamnguyen.product_service.model.Product"
},
{
  "_id": "6825f1d4213ef202c0fd1ed0",
  "title": "Áo Singlet Chạy Bộ Graphic Frosty Mountain",
  "seo_alias": "ao-singlet-chay-bo-graphic-frosty-mountain",
  "vendor": "5c482438000c695cfa6f8d22",
  "tags": [
    "CLEARANCE_SALE"
  ],
  "options": [
    {
      "type": "COLOR",
      "title": "Màu sắc",
      "values": [
        "Xanh Navy",
        "Xanh dương"
      ]
    },
    {
      "type": "SIZE",
      "title": "Kích thước",
      "values": [
        "S",
        "M",
        "L",
        "XL",
        "2XL",
        "3XL"
      ]
    }
  ],
  "options_values": [
    {
      "title": "Màu sắc",
      "type": "COLOR",
      "options": [
        {
          "title": "Xanh Navy",
          "slug": "xanh-navy",
          "label": "",
          "images": [
            "6825f1d10b6112518546058a",
            "6825f1d20b6112518546058f",
            "6825f1d20b6112518546058d",
            "6825f1d20b6112518546058e",
            "6825f1d10b61125185460589",
            "6825f1d20b6112518546058b",
            "6825f1d20b6112518546058c"
          ]
        },
        {
          "title": "Xanh dương",
          "slug": "xanh-duong",
          "label": "",
          "images": [
            "6825f1d30b61125185460594",
            "6825f1d30b61125185460595",
            "6825f1d20b61125185460593",
            "6825f1d20b61125185460591",
            "6825f1d20b61125185460592",
            "6825f1d20b61125185460590"
          ]
        }
      ]
    }
  ],
  "images": [
    "6825f1d10b61125185460585",
    "6825f1d10b61125185460586",
    "6825f1d10b61125185460587",
    "6825f1d10b61125185460588"
  ],
  "available": true,
  "collection_id": "6825e9498eaaa408c6aaf614",
  "display_order": 494,
  "youtube_video": "https://media.coolmate.me/uploads/videos/Listing%20Singlet_Frostly.mp4",
  "coming_soon": false,
  "display_name_open": "ExDry",
  "gender_type": "MALE",
  "all_image_contains": [
    "6825f1d10b61125185460585",
    "6825f1d10b61125185460586",
    "6825f1d10b61125185460587",
    "6825f1d10b61125185460588",
    "6825f1d10b6112518546058a",
    "6825f1d20b6112518546058f",
    "6825f1d20b6112518546058d",
    "6825f1d20b6112518546058e",
    "6825f1d10b61125185460589",
    "6825f1d20b6112518546058b",
    "6825f1d20b6112518546058c",
    "6825f1d30b61125185460594",
    "6825f1d30b61125185460595",
    "6825f1d20b61125185460593",
    "6825f1d20b61125185460591",
    "6825f1d20b61125185460592",
    "6825f1d20b61125185460590"
  ],
  "is_lock": false,
  "createBy": "kiminonawa1305@gmail.com",
  "createAt": {
    "$date": "2025-05-15T13:53:24.957Z"
  },
  "updateBy": "kiminonawa1305@gmail.com",
  "updateAt": {
    "$date": "2025-05-15T13:53:24.957Z"
  },
  "_class": "com.lamnguyen.product_service.model.Product"
},
{
  "_id": "6825f1d6213ef202c0fd1ed1",
  "title": "Set tập Tanktop Gym Essentials II 3in1",
  "seo_alias": "set-tap-tanktop-gym-essentials-ii-3in1",
  "vendor": "",
  "tags": [
    "SAVING_PACKS"
  ],
  "options": [
    {
      "type": "SIZE",
      "title": "Kích thước Áo",
      "values": [
        "S",
        "M",
        "L",
        "XL",
        "2XL",
        "3XL"
      ]
    },
    {
      "type": "SIZE",
      "title": "Kích thước Quần",
      "values": [
        "S",
        "M",
        "L",
        "XL",
        "2XL",
        "3XL"
      ]
    }
  ],
  "options_values": [],
  "images": [
    "6825f1d50b61125185460596",
    "6825f1d50b61125185460597",
    "6825f1d50b61125185460598",
    "6825f1d50b61125185460599",
    "6825f1d50b6112518546059b",
    "6825f1d50b6112518546059c",
    "6825f1d50b6112518546059a"
  ],
  "available": true,
  "collection_id": "6825e9498eaaa408c6aaf614",
  "display_order": 999,
  "youtube_video": "",
  "coming_soon": false,
  "display_name_open": "Thấm hút ExDry",
  "gender_type": "MALE",
  "all_image_contains": [
    "6825f1d50b61125185460596",
    "6825f1d50b61125185460597",
    "6825f1d50b61125185460598",
    "6825f1d50b61125185460599",
    "6825f1d50b6112518546059b",
    "6825f1d50b6112518546059c",
    "6825f1d50b6112518546059a"
  ],
  "is_lock": false,
  "createBy": "kiminonawa1305@gmail.com",
  "createAt": {
    "$date": "2025-05-15T13:53:26.595Z"
  },
  "updateBy": "kiminonawa1305@gmail.com",
  "updateAt": {
    "$date": "2025-05-15T13:53:26.595Z"
  },
  "_class": "com.lamnguyen.product_service.model.Product"
}]