[{
  "_id": "6826040b213ef202c0fd202a",
  "title": "Tất bóng đá cổ cao",
  "seo_alias": "tat-bong-da-co-cao",
  "vendor": "5c482438000c695cfa6f8d22",
  "tags": [],
  "options": [
    {
      "type": "COLOR",
      "title": "Màu sắc",
      "values": [
        "Đen-Trắng",
        "Đen-Đỏ",
        "Xanh"
      ]
    },
    {
      "type": "SIZE",
      "title": "Kích thước",
      "values": [
        "39-42",
        "43-46"
      ]
    }
  ],
  "options_values": [
    {
      "title": "Màu sắc",
      "type": "COLOR",
      "options": [
        {
          "title": "Đen-Trắng",
          "slug": "den-trang",
          "label": "",
          "images": [
            "682604060b61125185462b4c",
            "682604060b61125185462b4d",
            "682604060b61125185462b49",
            "682604060b61125185462b48",
            "682604050b61125185462b47",
            "682604060b61125185462b4a",
            "682604060b61125185462b4b"
          ]
        },
        {
          "title": "Đen-Đỏ",
          "slug": "den-do",
          "label": "",
          "images": [
            "682604060b61125185462b4e",
            "682604060b61125185462b4f",
            "682604070b61125185462b51",
            "682604070b61125185462b52",
            "682604070b61125185462b53",
            "682604070b61125185462b54",
            "682604060b61125185462b50"
          ]
        },
        {
          "title": "Xanh",
          "slug": "xanh",
          "label": "",
          "images": [
            "682604080b61125185462b59",
            "682604080b61125185462b5b",
            "682604070b61125185462b57",
            "682604070b61125185462b58",
            "682604080b61125185462b5a",
            "682604070b61125185462b55",
            "682604070b61125185462b56"
          ]
        }
      ]
    }
  ],
  "images": [
    "682604040b61125185462b40",
    "682604050b61125185462b41",
    "682604050b61125185462b42",
    "682604050b61125185462b43",
    "682604050b61125185462b44",
    "682604050b61125185462b45",
    "682604050b61125185462b46",
    "682604040b61125185462b3f",
    "682604040b61125185462b3e"
  ],
  "available": true,
  "collection_id": "6825e9d68eaaa408c6aaf621",
  "display_order": 321,
  "youtube_video": "",
  "coming_soon": false,
  "display_name_open": "Thoáng khí",
  "gender_type": "MALE",
  "all_image_contains": [
    "682604040b61125185462b40",
    "682604050b61125185462b41",
    "682604050b61125185462b42",
    "682604050b61125185462b43",
    "682604050b61125185462b44",
    "682604050b61125185462b45",
    "682604050b61125185462b46",
    "682604040b61125185462b3f",
    "682604040b61125185462b3e",
    "682604060b61125185462b4c",
    "682604060b61125185462b4d",
    "682604060b61125185462b49",
    "682604060b61125185462b48",
    "682604050b61125185462b47",
    "682604060b61125185462b4a",
    "682604060b61125185462b4b",
    "682604060b61125185462b4e",
    "682604060b61125185462b4f",
    "682604070b61125185462b51",
    "682604070b61125185462b52",
    "682604070b61125185462b53",
    "682604070b61125185462b54",
    "682604060b61125185462b50",
    "682604080b61125185462b59",
    "682604080b61125185462b5b",
    "682604070b61125185462b57",
    "682604070b61125185462b58",
    "682604080b61125185462b5a",
    "682604070b61125185462b55",
    "682604070b61125185462b56"
  ],
  "is_lock": false,
  "createBy": "kiminonawa1305@gmail.com",
  "createAt": {
    "$date": "2025-05-15T15:11:07.387Z"
  },
  "updateBy": "kiminonawa1305@gmail.com",
  "updateAt": {
    "$date": "2025-05-15T15:11:07.387Z"
  },
  "_class": "com.lamnguyen.product_service.model.Product"
},
{
  "_id": "68260413213ef202c0fd202b",
  "title": "Áo Thun Bóng Đá Cổ Tròn CFA24",
  "seo_alias": "ao-thun-bong-da-co-tron-cfa24",
  "vendor": "5c482438000c695cfa6f8d22",
  "tags": [],
  "options": [
    {
      "type": "COLOR",
      "title": "Màu sắc",
      "values": [
        "Xanh Poseidon",
        "Xanh Diva",
        "Đỏ Rhythmic"
      ]
    },
    {
      "type": "SIZE",
      "title": "Kích thước",
      "values": [
        "S",
        "M",
        "L",
        "XL",
        "2XL",
        "3XL"
      ]
    }
  ],
  "options_values": [
    {
      "title": "Màu sắc",
      "type": "COLOR",
      "options": [
        {
          "title": "Xanh Poseidon",
          "slug": "xanh-poseidon",
          "label": "",
          "images": [
            "6826040d0b61125185462b72",
            "6826040e0b61125185462b77",
            "6826040e0b61125185462b78",
            "6826040e0b61125185462b75",
            "6826040e0b61125185462b76",
            "6826040e0b61125185462b73",
            "6826040e0b61125185462b74"
          ]
        },
        {
          "title": "Xanh Diva",
          "slug": "xanh-diva",
          "label": "",
          "images": [
            "6826040e0b61125185462b79",
            "6826040f0b61125185462b7c",
            "6826040f0b61125185462b7d",
            "6826040f0b61125185462b7e",
            "6826040e0b61125185462b7a",
            "6826040e0b61125185462b7b",
            "6826040f0b61125185462b7f"
          ]
        },
        {
          "title": "Đỏ Rhythmic",
          "slug": "do-rhythmic",
          "label": "",
          "images": [
            "6826040f0b61125185462b83",
            "6826040f0b61125185462b84",
            "682604100b61125185462b86",
            "6826040f0b61125185462b80",
            "6826040f0b61125185462b81",
            "6826040f0b61125185462b82",
            "682604100b61125185462b85"
          ]
        }
      ]
    }
  ],
  "images": [
    "6826040d0b61125185462b70",
    "6826040d0b61125185462b71",
    "6826040d0b61125185462b6a",
    "6826040d0b61125185462b6b",
    "6826040d0b61125185462b6c",
    "6826040d0b61125185462b6d",
    "6826040d0b61125185462b6e",
    "6826040d0b61125185462b6f",
    "6826040d0b61125185462b69"
  ],
  "available": true,
  "collection_id": "6825e9d68eaaa408c6aaf621",
  "display_order": 472,
  "youtube_video": "https://media3.coolmate.me/uploads/videos/27cfacflat.mp4",
  "coming_soon": false,
  "display_name_open": "Thấm hút ExDry",
  "gender_type": "MALE",
  "all_image_contains": [
    "6826040d0b61125185462b70",
    "6826040d0b61125185462b71",
    "6826040d0b61125185462b6a",
    "6826040d0b61125185462b6b",
    "6826040d0b61125185462b6c",
    "6826040d0b61125185462b6d",
    "6826040d0b61125185462b6e",
    "6826040d0b61125185462b6f",
    "6826040d0b61125185462b69",
    "6826040d0b61125185462b72",
    "6826040e0b61125185462b77",
    "6826040e0b61125185462b78",
    "6826040e0b61125185462b75",
    "6826040e0b61125185462b76",
    "6826040e0b61125185462b73",
    "6826040e0b61125185462b74",
    "6826040e0b61125185462b79",
    "6826040f0b61125185462b7c",
    "6826040f0b61125185462b7d",
    "6826040f0b61125185462b7e",
    "6826040e0b61125185462b7a",
    "6826040e0b61125185462b7b",
    "6826040f0b61125185462b7f",
    "6826040f0b61125185462b83",
    "6826040f0b61125185462b84",
    "682604100b61125185462b86",
    "6826040f0b61125185462b80",
    "6826040f0b61125185462b81",
    "6826040f0b61125185462b82",
    "682604100b61125185462b85"
  ],
  "is_lock": false,
  "createBy": "kiminonawa1305@gmail.com",
  "createAt": {
    "$date": "2025-05-15T15:11:15.190Z"
  },
  "updateBy": "kiminonawa1305@gmail.com",
  "updateAt": {
    "$date": "2025-05-15T15:11:15.190Z"
  },
  "_class": "com.lamnguyen.product_service.model.Product"
},
{
  "_id": "68260419213ef202c0fd202c",
  "title": "Áo Thun Bóng Đá Cổ V CFA24",
  "seo_alias": "ao-thun-bong-da-co-v-cfa24",
  "vendor": "5c482438000c695cfa6f8d22",
  "tags": [],
  "options": [
    {
      "type": "COLOR",
      "title": "Màu sắc",
      "values": [
        "Đen",
        "Đỏ Rhythmic",
        "Trắng"
      ]
    },
    {
      "type": "SIZE",
      "title": "Kích thước",
      "values": [
        "S",
        "M",
        "L",
        "XL",
        "2XL",
        "3XL"
      ]
    }
  ],
  "options_values": [
    {
      "title": "Màu sắc",
      "type": "COLOR",
      "options": [
        {
          "title": "Đen",
          "slug": "den",
          "label": "",
          "images": [
            "682604140b61125185462b90",
            "682604140b61125185462b91",
            "682604150b61125185462b96",
            "682604140b61125185462b92",
            "682604140b61125185462b93",
            "682604140b61125185462b94",
            "682604140b61125185462b95"
          ]
        },
        {
          "title": "Đỏ Rhythmic",
          "slug": "do-rhythmic",
          "label": "",
          "images": [
            "682604150b61125185462b9d",
            "682604150b61125185462b9e",
            "682604150b61125185462b9b",
            "682604150b61125185462b9c",
            "682604150b61125185462b98",
            "682604150b61125185462b99",
            "682604150b61125185462b97",
            "682604150b61125185462b9a"
          ]
        },
        {
          "title": "Trắng",
          "slug": "trang",
          "label": "",
          "images": [
            "682604160b61125185462ba5",
            "682604160b61125185462ba1",
            "682604160b61125185462ba2",
            "682604160b61125185462ba3",
            "682604160b61125185462ba4",
            "682604160b61125185462b9f",
            "682604160b61125185462ba0"
          ]
        }
      ]
    }
  ],
  "images": [
    "682604130b61125185462b8a",
    "682604130b61125185462b8b",
    "682604130b61125185462b89",
    "682604130b61125185462b87",
    "682604140b61125185462b8d",
    "682604130b61125185462b88",
    "682604140b61125185462b8e",
    "682604140b61125185462b8f",
    "682604130b61125185462b8c"
  ],
  "available": true,
  "collection_id": "6825e9d68eaaa408c6aaf621",
  "display_order": 488,
  "youtube_video": "https://media3.coolmate.me/uploads/videos/27cfa24vflat.mp4",
  "coming_soon": false,
  "display_name_open": "Thấm hút ExDry - Co giãn",
  "gender_type": "MALE",
  "all_image_contains": [
    "682604130b61125185462b8a",
    "682604130b61125185462b8b",
    "682604130b61125185462b89",
    "682604130b61125185462b87",
    "682604140b61125185462b8d",
    "682604130b61125185462b88",
    "682604140b61125185462b8e",
    "682604140b61125185462b8f",
    "682604130b61125185462b8c",
    "682604140b61125185462b90",
    "682604140b61125185462b91",
    "682604150b61125185462b96",
    "682604140b61125185462b92",
    "682604140b61125185462b93",
    "682604140b61125185462b94",
    "682604140b61125185462b95",
    "682604150b61125185462b9d",
    "682604150b61125185462b9e",
    "682604150b61125185462b9b",
    "682604150b61125185462b9c",
    "682604150b61125185462b98",
    "682604150b61125185462b99",
    "682604150b61125185462b97",
    "682604150b61125185462b9a",
    "682604160b61125185462ba5",
    "682604160b61125185462ba1",
    "682604160b61125185462ba2",
    "682604160b61125185462ba3",
    "682604160b61125185462ba4",
    "682604160b61125185462b9f",
    "682604160b61125185462ba0"
  ],
  "is_lock": false,
  "createBy": "kiminonawa1305@gmail.com",
  "createAt": {
    "$date": "2025-05-15T15:11:21.501Z"
  },
  "updateBy": "kiminonawa1305@gmail.com",
  "updateAt": {
    "$date": "2025-05-15T15:11:21.501Z"
  },
  "_class": "com.lamnguyen.product_service.model.Product"
},
{
  "_id": "68260423213ef202c0fd202d",
  "title": "Quần Shorts thể thao 7 inch đa năng",
  "seo_alias": "quan-shorts-the-thao-7-inch-da-nang",
  "vendor": "5c482438000c695cfa6f8d22",
  "tags": [
    "WORTH_BUYING",
    "BEST_SELLER"
  ],
  "options": [
    {
      "type": "COLOR",
      "title": "Màu sắc",
      "values": [
        "Đen",
        "Be",
        "Xám đen",
        "Xanh Navy",
        "Nâu"
      ]
    },
    {
      "type": "SIZE",
      "title": "Kích thước",
      "values": [
        "M",
        "L",
        "XL",
        "2XL",
        "3XL"
      ]
    }
  ],
  "options_values": [
    {
      "title": "Màu sắc",
      "type": "COLOR",
      "options": [
        {
          "title": "Đen",
          "slug": "den",
          "label": "",
          "images": [
            "6826041a0b61125185462bb3",
            "6826041b0b61125185462bb8",
            "6826041b0b61125185462bb9",
            "6826041b0b61125185462bb6",
            "6826041b0b61125185462bb7",
            "6826041b0b61125185462bb4",
            "6826041b0b61125185462bb5"
          ]
        },
        {
          "title": "Be",
          "slug": "be",
          "label": "",
          "images": [
            "6826041c0b61125185462bbe",
            "6826041c0b61125185462bbf",
            "6826041b0b61125185462bbb",
            "6826041c0b61125185462bc0",
            "6826041c0b61125185462bc1",
            "6826041b0b61125185462bba",
            "6826041c0b61125185462bbc",
            "6826041c0b61125185462bbd"
          ]
        },
        {
          "title": "Xám đen",
          "slug": "xam-den",
          "label": "",
          "images": [
            "6826041d0b61125185462bc7",
            "6826041d0b61125185462bc8",
            "6826041d0b61125185462bc5",
            "6826041d0b61125185462bc6",
            "6826041c0b61125185462bc2",
            "6826041c0b61125185462bc3",
            "6826041c0b61125185462bc4"
          ]
        },
        {
          "title": "Xanh Navy",
          "slug": "xanh-navy",
          "label": "",
          "images": [
            "6826041d0b61125185462bcc",
            "6826041d0b61125185462bcd",
            "6826041e0b61125185462bce",
            "6826041d0b61125185462bca",
            "6826041e0b61125185462bcf",
            "6826041d0b61125185462bcb",
            "6826041d0b61125185462bc9"
          ]
        },
        {
          "title": "Nâu",
          "slug": "nau",
          "label": "",
          "images": [
            "6826041e0b61125185462bd1",
            "6826041e0b61125185462bd2",
            "6826041e0b61125185462bd3",
            "6826041e0b61125185462bd4",
            "6826041f0b61125185462bd6",
            "6826041f0b61125185462bd7",
            "6826041e0b61125185462bd0",
            "6826041f0b61125185462bd5"
          ]
        }
      ]
    }
  ],
  "images": [
    "6826041a0b61125185462bab",
    "6826041a0b61125185462bac",
    "6826041a0b61125185462bad",
    "6826041a0b61125185462bae",
    "6826041a0b61125185462baa",
    "682604190b61125185462ba8",
    "682604190b61125185462ba9",
    "682604190b61125185462ba6",
    "682604190b61125185462ba7",
    "6826041a0b61125185462baf",
    "6826041a0b61125185462bb0",
    "6826041a0b61125185462bb1",
    "6826041a0b61125185462bb2"
  ],
  "available": true,
  "collection_id": "6825e9d68eaaa408c6aaf621",
  "display_order": 285,
  "youtube_video": "",
  "coming_soon": false,
  "display_name_open": "ExDry",
  "gender_type": "MALE",
  "all_image_contains": [
    "6826041a0b61125185462bab",
    "6826041a0b61125185462bac",
    "6826041a0b61125185462bad",
    "6826041a0b61125185462bae",
    "6826041a0b61125185462baa",
    "682604190b61125185462ba8",
    "682604190b61125185462ba9",
    "682604190b61125185462ba6",
    "682604190b61125185462ba7",
    "6826041a0b61125185462baf",
    "6826041a0b61125185462bb0",
    "6826041a0b61125185462bb1",
    "6826041a0b61125185462bb2",
    "6826041a0b61125185462bb3",
    "6826041b0b61125185462bb8",
    "6826041b0b61125185462bb9",
    "6826041b0b61125185462bb6",
    "6826041b0b61125185462bb7",
    "6826041b0b61125185462bb4",
    "6826041b0b61125185462bb5",
    "6826041c0b61125185462bbe",
    "6826041c0b61125185462bbf",
    "6826041b0b61125185462bbb",
    "6826041c0b61125185462bc0",
    "6826041c0b61125185462bc1",
    "6826041b0b61125185462bba",
    "6826041c0b61125185462bbc",
    "6826041c0b61125185462bbd",
    "6826041d0b61125185462bc7",
    "6826041d0b61125185462bc8",
    "6826041d0b61125185462bc5",
    "6826041d0b61125185462bc6",
    "6826041c0b61125185462bc2",
    "6826041c0b61125185462bc3",
    "6826041c0b61125185462bc4",
    "6826041d0b61125185462bcc",
    "6826041d0b61125185462bcd",
    "6826041e0b61125185462bce",
    "6826041d0b61125185462bca",
    "6826041e0b61125185462bcf",
    "6826041d0b61125185462bcb",
    "6826041d0b61125185462bc9",
    "6826041e0b61125185462bd1",
    "6826041e0b61125185462bd2",
    "6826041e0b61125185462bd3",
    "6826041e0b61125185462bd4",
    "6826041f0b61125185462bd6",
    "6826041f0b61125185462bd7",
    "6826041e0b61125185462bd0",
    "6826041f0b61125185462bd5"
  ],
  "is_lock": false,
  "createBy": "kiminonawa1305@gmail.com",
  "createAt": {
    "$date": "2025-05-15T15:11:31.882Z"
  },
  "updateBy": "kiminonawa1305@gmail.com",
  "updateAt": {
    "$date": "2025-05-15T15:11:31.882Z"
  },
  "_class": "com.lamnguyen.product_service.model.Product"
},
{
  "_id": "68260429213ef202c0fd202e",
  "title": "Quần Shorts thể thao 7\" Pro Active",
  "seo_alias": "quan-shorts-the-thao-7\"-pro-active",
  "vendor": "5c482438000c695cfa6f8d22",
  "tags": [],
  "options": [
    {
      "type": "COLOR",
      "title": "Màu sắc",
      "values": [
        "Nâu",
        "Xanh Navy",
        "Đen"
      ]
    },
    {
      "type": "SIZE",
      "title": "Kích thước",
      "values": [
        "M",
        "L",
        "XL",
        "2XL",
        "3XL"
      ]
    }
  ],
  "options_values": [
    {
      "title": "Màu sắc",
      "type": "COLOR",
      "options": [
        {
          "title": "Nâu",
          "slug": "nau",
          "label": "",
          "images": [
            "682604250b61125185462be3",
            "682604250b61125185462be4",
            "682604250b61125185462be2",
            "682604240b61125185462be0",
            "682604240b61125185462be1",
            "682604240b61125185462bde",
            "682604240b61125185462bdf"
          ]
        },
        {
          "title": "Xanh Navy",
          "slug": "xanh-navy",
          "label": "",
          "images": [
            "682604250b61125185462be5",
            "682604250b61125185462be6",
            "682604250b61125185462bea",
            "682604250b61125185462beb",
            "682604260b61125185462bec",
            "682604250b61125185462be7",
            "682604250b61125185462be8",
            "682604250b61125185462be9"
          ]
        },
        {
          "title": "Đen",
          "slug": "den",
          "label": "",
          "images": [
            "682604260b61125185462bef",
            "682604260b61125185462bed",
            "682604260b61125185462bee",
            "682604260b61125185462bf1",
            "682604260b61125185462bf2",
            "682604260b61125185462bf0"
          ]
        }
      ]
    }
  ],
  "images": [
    "682604240b61125185462bd9",
    "682604230b61125185462bd8",
    "682604240b61125185462bda",
    "682604240b61125185462bdb",
    "682604240b61125185462bdc",
    "682604240b61125185462bdd"
  ],
  "available": true,
  "collection_id": "6825e9d68eaaa408c6aaf621",
  "display_order": 396,
  "youtube_video": "",
  "coming_soon": false,
  "display_name_open": "ExDry",
  "gender_type": "MALE",
  "all_image_contains": [
    "682604240b61125185462bd9",
    "682604230b61125185462bd8",
    "682604240b61125185462bda",
    "682604240b61125185462bdb",
    "682604240b61125185462bdc",
    "682604240b61125185462bdd",
    "682604250b61125185462be3",
    "682604250b61125185462be4",
    "682604250b61125185462be2",
    "682604240b61125185462be0",
    "682604240b61125185462be1",
    "682604240b61125185462bde",
    "682604240b61125185462bdf",
    "682604250b61125185462be5",
    "682604250b61125185462be6",
    "682604250b61125185462bea",
    "682604250b61125185462beb",
    "682604260b61125185462bec",
    "682604250b61125185462be7",
    "682604250b61125185462be8",
    "682604250b61125185462be9",
    "682604260b61125185462bef",
    "682604260b61125185462bed",
    "682604260b61125185462bee",
    "682604260b61125185462bf1",
    "682604260b61125185462bf2",
    "682604260b61125185462bf0"
  ],
  "is_lock": false,
  "createBy": "kiminonawa1305@gmail.com",
  "createAt": {
    "$date": "2025-05-15T15:11:37.103Z"
  },
  "updateBy": "kiminonawa1305@gmail.com",
  "updateAt": {
    "$date": "2025-05-15T15:11:37.103Z"
  },
  "_class": "com.lamnguyen.product_service.model.Product"
},
{
  "_id": "6826042c213ef202c0fd202f",
  "title": "Tất Thể Thao Seamless Cổ Dài",
  "seo_alias": "tat-the-thao-seamless-co-dai",
  "vendor": "5c482438000c695cfa6f8d22",
  "tags": [],
  "options": [
    {
      "type": "COLOR",
      "title": "Màu sắc",
      "values": [
        "Đen",
        "Trắng"
      ]
    },
    {
      "type": "SIZE",
      "title": "Kích thước",
      "values": [
        "39-42",
        "43-46"
      ]
    }
  ],
  "options_values": [
    {
      "title": "Màu sắc",
      "type": "COLOR",
      "options": [
        {
          "title": "Đen",
          "slug": "den",
          "label": "",
          "images": [
            "682604290b61125185462bf8",
            "682604290b61125185462bf9",
            "682604290b61125185462bf7",
            "6826042a0b61125185462bfb",
            "6826042a0b61125185462bfc",
            "6826042a0b61125185462bfa"
          ]
        },
        {
          "title": "Trắng",
          "slug": "trang",
          "label": "",
          "images": [
            "6826042a0b61125185462c01",
            "6826042a0b61125185462bff",
            "6826042a0b61125185462c00",
            "6826042a0b61125185462bfd",
            "6826042b0b61125185462c02",
            "6826042a0b61125185462bfe"
          ]
        }
      ]
    }
  ],
  "images": [
    "682604290b61125185462bf4",
    "682604290b61125185462bf5",
    "682604290b61125185462bf6",
    "682604290b61125185462bf3"
  ],
  "available": true,
  "collection_id": "6825e9d68eaaa408c6aaf621",
  "display_order": 1,
  "youtube_video": "",
  "coming_soon": false,
  "display_name_open": "Thoáng khí",
  "gender_type": "MALE",
  "all_image_contains": [
    "682604290b61125185462bf4",
    "682604290b61125185462bf5",
    "682604290b61125185462bf6",
    "682604290b61125185462bf3",
    "682604290b61125185462bf8",
    "682604290b61125185462bf9",
    "682604290b61125185462bf7",
    "6826042a0b61125185462bfb",
    "6826042a0b61125185462bfc",
    "6826042a0b61125185462bfa",
    "6826042a0b61125185462c01",
    "6826042a0b61125185462bff",
    "6826042a0b61125185462c00",
    "6826042a0b61125185462bfd",
    "6826042b0b61125185462c02",
    "6826042a0b61125185462bfe"
  ],
  "is_lock": false,
  "createBy": "kiminonawa1305@gmail.com",
  "createAt": {
    "$date": "2025-05-15T15:11:40.782Z"
  },
  "updateBy": "kiminonawa1305@gmail.com",
  "updateAt": {
    "$date": "2025-05-15T15:11:40.782Z"
  },
  "_class": "com.lamnguyen.product_service.model.Product"
},
{
  "_id": "68260430213ef202c0fd2030",
  "title": "Tất Thể Thao Seamless Cổ Ngắn",
  "seo_alias": "tat-the-thao-seamless-co-ngan",
  "vendor": "5c482438000c695cfa6f8d22",
  "tags": [],
  "options": [
    {
      "type": "COLOR",
      "title": "Màu sắc",
      "values": [
        "Trắng",
        "Đen"
      ]
    },
    {
      "type": "SIZE",
      "title": "Kích thước",
      "values": [
        "39-42",
        "43-46"
      ]
    }
  ],
  "options_values": [
    {
      "title": "Màu sắc",
      "type": "COLOR",
      "options": [
        {
          "title": "Trắng",
          "slug": "trang",
          "label": "",
          "images": [
            "6826042d0b61125185462c0a",
            "6826042d0b61125185462c07",
            "6826042d0b61125185462c08",
            "6826042d0b61125185462c09",
            "6826042d0b61125185462c0b",
            "6826042d0b61125185462c0c"
          ]
        },
        {
          "title": "Đen",
          "slug": "den",
          "label": "",
          "images": [
            "6826042e0b61125185462c0e",
            "6826042e0b61125185462c0f",
            "6826042e0b61125185462c12",
            "6826042e0b61125185462c10",
            "6826042e0b61125185462c11",
            "6826042d0b61125185462c0d"
          ]
        }
      ]
    }
  ],
  "images": [
    "6826042c0b61125185462c03",
    "6826042d0b61125185462c06",
    "6826042d0b61125185462c04",
    "6826042d0b61125185462c05"
  ],
  "available": true,
  "collection_id": "6825e9d68eaaa408c6aaf621",
  "display_order": 1,
  "youtube_video": "",
  "coming_soon": false,
  "display_name_open": "Thoáng khí",
  "gender_type": "MALE",
  "all_image_contains": [
    "6826042c0b61125185462c03",
    "6826042d0b61125185462c06",
    "6826042d0b61125185462c04",
    "6826042d0b61125185462c05",
    "6826042d0b61125185462c0a",
    "6826042d0b61125185462c07",
    "6826042d0b61125185462c08",
    "6826042d0b61125185462c09",
    "6826042d0b61125185462c0b",
    "6826042d0b61125185462c0c",
    "6826042e0b61125185462c0e",
    "6826042e0b61125185462c0f",
    "6826042e0b61125185462c12",
    "6826042e0b61125185462c10",
    "6826042e0b61125185462c11",
    "6826042d0b61125185462c0d"
  ],
  "is_lock": false,
  "createBy": "kiminonawa1305@gmail.com",
  "createAt": {
    "$date": "2025-05-15T15:11:44.201Z"
  },
  "updateBy": "kiminonawa1305@gmail.com",
  "updateAt": {
    "$date": "2025-05-15T15:11:44.201Z"
  },
  "_class": "com.lamnguyen.product_service.model.Product"
},
{
  "_id": "68260437213ef202c0fd2031",
  "title": "Quần Short Nam Thể Thao Promax-S1",
  "seo_alias": "quan-short-nam-the-thao-promax-s1",
  "vendor": "5c482438000c695cfa6f8d22",
  "tags": [],
  "options": [
    {
      "type": "COLOR",
      "title": "Màu sắc",
      "values": [
        "Đen",
        "Xanh Navy",
        "Xanh bóng đêm",
        "Xanh Aqua",
        "Xám đen"
      ]
    },
    {
      "type": "SIZE",
      "title": "Kích thước Quần",
      "values": [
        "S",
        "M",
        "L",
        "XL",
        "2XL",
        "3XL"
      ]
    }
  ],
  "options_values": [
    {
      "title": "Màu sắc",
      "type": "COLOR",
      "options": [
        {
          "title": "Đen",
          "slug": "den",
          "label": "",
          "images": [
            "682604310b61125185462c1d",
            "682604310b61125185462c1c",
            "682604300b61125185462c19",
            "682604310b61125185462c1b",
            "682604300b61125185462c18",
            "682604310b61125185462c1a"
          ]
        },
        {
          "title": "Xanh Navy",
          "slug": "xanh-navy",
          "label": "",
          "images": [
            "682604310b61125185462c1f",
            "682604310b61125185462c1e",
            "682604310b61125185462c22",
            "682604310b61125185462c21",
            "682604310b61125185462c20"
          ]
        },
        {
          "title": "Xanh bóng đêm",
          "slug": "xanh-bong-dem",
          "label": "",
          "images": [
            "682604320b61125185462c27",
            "682604320b61125185462c28",
            "682604320b61125185462c23",
            "682604320b61125185462c24",
            "682604320b61125185462c25",
            "682604320b61125185462c26"
          ]
        },
        {
          "title": "Xanh Aqua",
          "slug": "xanh-aqua",
          "label": "",
          "images": [
            "682604320b61125185462c29",
            "682604330b61125185462c2d",
            "682604330b61125185462c2e",
            "682604320b61125185462c2a",
            "682604320b61125185462c2b",
            "682604320b61125185462c2c"
          ]
        },
        {
          "title": "Xám đen",
          "slug": "xam-den",
          "label": "",
          "images": [
            "682604330b61125185462c31",
            "682604330b61125185462c32",
            "682604330b61125185462c30",
            "682604330b61125185462c33",
            "682604330b61125185462c34",
            "682604330b61125185462c2f"
          ]
        }
      ]
    }
  ],
  "images": [
    "682604300b61125185462c15",
    "682604300b61125185462c14",
    "682604300b61125185462c17",
    "682604300b61125185462c16",
    "682604300b61125185462c13"
  ],
  "available": true,
  "collection_id": "6825e9d68eaaa408c6aaf621",
  "display_order": 334,
  "youtube_video": "",
  "coming_soon": false,
  "display_name_open": "Thoáng khí",
  "gender_type": "MALE",
  "all_image_contains": [
    "682604300b61125185462c15",
    "682604300b61125185462c14",
    "682604300b61125185462c17",
    "682604300b61125185462c16",
    "682604300b61125185462c13",
    "682604310b61125185462c1d",
    "682604310b61125185462c1c",
    "682604300b61125185462c19",
    "682604310b61125185462c1b",
    "682604300b61125185462c18",
    "682604310b61125185462c1a",
    "682604310b61125185462c1f",
    "682604310b61125185462c1e",
    "682604310b61125185462c22",
    "682604310b61125185462c21",
    "682604310b61125185462c20",
    "682604320b61125185462c27",
    "682604320b61125185462c28",
    "682604320b61125185462c23",
    "682604320b61125185462c24",
    "682604320b61125185462c25",
    "682604320b61125185462c26",
    "682604320b61125185462c29",
    "682604330b61125185462c2d",
    "682604330b61125185462c2e",
    "682604320b61125185462c2a",
    "682604320b61125185462c2b",
    "682604320b61125185462c2c",
    "682604330b61125185462c31",
    "682604330b61125185462c32",
    "682604330b61125185462c30",
    "682604330b61125185462c33",
    "682604330b61125185462c34",
    "682604330b61125185462c2f"
  ],
  "is_lock": false,
  "createBy": "kiminonawa1305@gmail.com",
  "createAt": {
    "$date": "2025-05-15T15:11:51.265Z"
  },
  "updateBy": "kiminonawa1305@gmail.com",
  "updateAt": {
    "$date": "2025-05-15T15:11:51.265Z"
  },
  "_class": "com.lamnguyen.product_service.model.Product"
},
{
  "_id": "6826043c213ef202c0fd2032",
  "title": "Combo 2 Tất Nam Thể Thao Active",
  "seo_alias": "combo-2-tat-nam-the-thao-active",
  "vendor": "5c482438000c695cfa6f8d22",
  "tags": [],
  "options": [
    {
      "type": "COLOR",
      "title": "Màu sắc",
      "values": [
        "Xám",
        "Xanh lá",
        "Xanh Navy"
      ]
    }
  ],
  "options_values": [
    {
      "title": "Màu sắc",
      "type": "COLOR",
      "options": [
        {
          "title": "Xám",
          "slug": "xam",
          "label": "",
          "images": [
            "682604370b61125185462c39",
            "682604370b61125185462c3a",
            "682604380b61125185462c3b",
            "682604380b61125185462c3c",
            "682604380b61125185462c3d",
            "682604380b61125185462c3e"
          ]
        },
        {
          "title": "Xanh lá",
          "slug": "xanh-la",
          "label": "",
          "images": [
            "682604380b61125185462c40",
            "682604380b61125185462c41",
            "682604380b61125185462c42",
            "682604390b61125185462c45",
            "682604390b61125185462c44",
            "682604380b61125185462c3f",
            "682604380b61125185462c43"
          ]
        },
        {
          "title": "Xanh Navy",
          "slug": "xanh-navy",
          "label": "",
          "images": [
            "682604390b61125185462c47",
            "682604390b61125185462c46",
            "682604390b61125185462c49",
            "682604390b61125185462c48",
            "682604390b61125185462c4c",
            "682604390b61125185462c4b",
            "682604390b61125185462c4a"
          ]
        }
      ]
    }
  ],
  "images": [
    "682604370b61125185462c35",
    "682604370b61125185462c36",
    "682604370b61125185462c37",
    "682604370b61125185462c38"
  ],
  "available": true,
  "collection_id": "6825e9d68eaaa408c6aaf621",
  "display_order": 369,
  "youtube_video": "",
  "coming_soon": false,
  "display_name_open": "Cổ dài",
  "gender_type": "MALE",
  "all_image_contains": [
    "682604370b61125185462c35",
    "682604370b61125185462c36",
    "682604370b61125185462c37",
    "682604370b61125185462c38",
    "682604370b61125185462c39",
    "682604370b61125185462c3a",
    "682604380b61125185462c3b",
    "682604380b61125185462c3c",
    "682604380b61125185462c3d",
    "682604380b61125185462c3e",
    "682604380b61125185462c40",
    "682604380b61125185462c41",
    "682604380b61125185462c42",
    "682604390b61125185462c45",
    "682604390b61125185462c44",
    "682604380b61125185462c3f",
    "682604380b61125185462c43",
    "682604390b61125185462c47",
    "682604390b61125185462c46",
    "682604390b61125185462c49",
    "682604390b61125185462c48",
    "682604390b61125185462c4c",
    "682604390b61125185462c4b",
    "682604390b61125185462c4a"
  ],
  "is_lock": false,
  "createBy": "kiminonawa1305@gmail.com",
  "createAt": {
    "$date": "2025-05-15T15:11:56.377Z"
  },
  "updateBy": "kiminonawa1305@gmail.com",
  "updateAt": {
    "$date": "2025-05-15T15:11:56.377Z"
  },
  "_class": "com.lamnguyen.product_service.model.Product"
},
{
  "_id": "6826043f213ef202c0fd2033",
  "title": "Combo 2 Tất Thể Thao Cổ Trung Cushion",
  "seo_alias": "combo-2-tat-the-thao-co-trung-cushion",
  "vendor": "5c482438000c695cfa6f8d22",
  "tags": [],
  "options": [
    {
      "type": "COLOR",
      "title": "Màu sắc",
      "values": [
        "Trắng"
      ]
    }
  ],
  "options_values": [
    {
      "title": "Màu sắc",
      "type": "COLOR",
      "options": [
        {
          "title": "Trắng",
          "slug": "trang",
          "label": "",
          "images": [
            "6826043d0b61125185462c56",
            "6826043d0b61125185462c57",
            "6826043d0b61125185462c54",
            "6826043d0b61125185462c55",
            "6826043d0b61125185462c53",
            "6826043e0b61125185462c58",
            "6826043e0b61125185462c59"
          ]
        }
      ]
    }
  ],
  "images": [
    "6826043c0b61125185462c50",
    "6826043d0b61125185462c52",
    "6826043c0b61125185462c4d",
    "6826043c0b61125185462c4e",
    "6826043c0b61125185462c4f",
    "6826043c0b61125185462c51"
  ],
  "available": true,
  "collection_id": "6825e9d68eaaa408c6aaf621",
  "display_order": 525,
  "youtube_video": "",
  "coming_soon": false,
  "display_name_open": "Thoáng khí",
  "gender_type": "MALE",
  "all_image_contains": [
    "6826043c0b61125185462c50",
    "6826043d0b61125185462c52",
    "6826043c0b61125185462c4d",
    "6826043c0b61125185462c4e",
    "6826043c0b61125185462c4f",
    "6826043c0b61125185462c51",
    "6826043d0b61125185462c56",
    "6826043d0b61125185462c57",
    "6826043d0b61125185462c54",
    "6826043d0b61125185462c55",
    "6826043d0b61125185462c53",
    "6826043e0b61125185462c58",
    "6826043e0b61125185462c59"
  ],
  "is_lock": false,
  "createBy": "kiminonawa1305@gmail.com",
  "createAt": {
    "$date": "2025-05-15T15:11:59.453Z"
  },
  "updateBy": "kiminonawa1305@gmail.com",
  "updateAt": {
    "$date": "2025-05-15T15:11:59.453Z"
  },
  "_class": "com.lamnguyen.product_service.model.Product"
}]