[{
  "_id": "6825fa5d213ef202c0fd1f2b",
  "title": "Áo Crop top Tank nữ Chạy bộ khoá zip",
  "seo_alias": "ao-crop-top-tank-nu-chay-bo-khoa-zip",
  "vendor": "5c482438000c695cfa6f8d22",
  "tags": [
    "NEW"
  ],
  "options": [
    {
      "type": "COLOR",
      "title": "Màu sắc",
      "values": [
        "Vàng Pineapple",
        "Đen"
      ]
    },
    {
      "type": "SIZE",
      "title": "Size",
      "values": [
        "XS",
        "S",
        "M",
        "L",
        "XL"
      ]
    }
  ],
  "options_values": [
    {
      "title": "Màu sắc",
      "type": "COLOR",
      "options": [
        {
          "title": "Vàng Pineapple",
          "slug": "vang-pineapple",
          "label": "",
          "images": [
            "6825fa590b611251854611f7",
            "6825fa5a0b611251854611f9",
            "6825fa590b611251854611f5",
            "6825fa590b611251854611f6",
            "6825fa590b611251854611f4",
            "6825fa5a0b611251854611f8"
          ]
        },
        {
          "title": "Đen",
          "slug": "den",
          "label": "",
          "images": [
            "6825fa5a0b611251854611fa",
            "6825fa5a0b611251854611fb",
            "6825fa5a0b611251854611fc",
            "6825fa5a0b611251854611fd",
            "6825fa5a0b611251854611fe",
            "6825fa5a0b611251854611ff",
            "6825fa5a0b61125185461200"
          ]
        }
      ]
    }
  ],
  "images": [
    "6825fa590b611251854611ef",
    "6825fa580b611251854611e9",
    "6825fa580b611251854611ee",
    "6825fa580b611251854611ea",
    "6825fa580b611251854611eb",
    "6825fa580b611251854611ec",
    "6825fa580b611251854611ed",
    "6825fa590b611251854611f3",
    "6825fa590b611251854611f1",
    "6825fa590b611251854611f2",
    "6825fa590b611251854611f0",
    "6825fa580b611251854611e7",
    "6825fa580b611251854611e8"
  ],
  "available": true,
  "collection_id": "6825e9858eaaa408c6aaf61a",
  "display_order": 0,
  "youtube_video": "",
  "coming_soon": false,
  "display_name_open": "",
  "gender_type": "FEMALE",
  "all_image_contains": [
    "6825fa590b611251854611ef",
    "6825fa580b611251854611e9",
    "6825fa580b611251854611ee",
    "6825fa580b611251854611ea",
    "6825fa580b611251854611eb",
    "6825fa580b611251854611ec",
    "6825fa580b611251854611ed",
    "6825fa590b611251854611f3",
    "6825fa590b611251854611f1",
    "6825fa590b611251854611f2",
    "6825fa590b611251854611f0",
    "6825fa580b611251854611e7",
    "6825fa580b611251854611e8",
    "6825fa590b611251854611f7",
    "6825fa5a0b611251854611f9",
    "6825fa590b611251854611f5",
    "6825fa590b611251854611f6",
    "6825fa590b611251854611f4",
    "6825fa5a0b611251854611f8",
    "6825fa5a0b611251854611fa",
    "6825fa5a0b611251854611fb",
    "6825fa5a0b611251854611fc",
    "6825fa5a0b611251854611fd",
    "6825fa5a0b611251854611fe",
    "6825fa5a0b611251854611ff",
    "6825fa5a0b61125185461200"
  ],
  "is_lock": false,
  "createBy": "kiminonawa1305@gmail.com",
  "createAt": {
    "$date": "2025-05-15T14:29:49.474Z"
  },
  "updateBy": "kiminonawa1305@gmail.com",
  "updateAt": {
    "$date": "2025-05-15T14:29:49.474Z"
  },
  "_class": "com.lamnguyen.product_service.model.Product"
},
{
  "_id": "6825fa6b213ef202c0fd1f2c",
  "title": "Áo Singlet nữ chạy bộ Core Tank",
  "seo_alias": "ao-singlet-nu-chay-bo-core-tank",
  "vendor": "5c482438000c695cfa6f8d22",
  "tags": [
    "NEW",
    "BEST_SELLER"
  ],
  "options": [
    {
      "type": "COLOR",
      "title": "Màu sắc",
      "values": [
        "Hồng Lotus",
        "Tím Purple Rose",
        "Xanh Crystal Blue",
        "Xám Vaporous Gray",
        "Đen"
      ]
    },
    {
      "type": "SIZE",
      "title": "Size",
      "values": [
        "XS",
        "S",
        "M",
        "L",
        "XL"
      ]
    }
  ],
  "options_values": [
    {
      "title": "Màu sắc",
      "type": "COLOR",
      "options": [
        {
          "title": "Hồng Lotus",
          "slug": "hong-lotus",
          "label": "",
          "images": [
            "6825fa620b61125185461226",
            "6825fa620b61125185461227",
            "6825fa620b61125185461224",
            "6825fa620b61125185461225",
            "6825fa620b61125185461222",
            "6825fa620b61125185461223",
            "6825fa620b61125185461221"
          ]
        },
        {
          "title": "Tím Purple Rose",
          "slug": "tim-purple-rose",
          "label": "",
          "images": [
            "6825fa630b6112518546122a",
            "6825fa630b6112518546122b",
            "6825fa620b61125185461228",
            "6825fa630b61125185461229",
            "6825fa630b6112518546122c",
            "6825fa630b6112518546122d",
            "6825fa630b6112518546122e"
          ]
        },
        {
          "title": "Xanh Crystal Blue",
          "slug": "xanh-crystal-blue",
          "label": "",
          "images": [
            "6825fa630b61125185461230",
            "6825fa630b61125185461231",
            "6825fa630b61125185461232",
            "6825fa640b61125185461233",
            "6825fa630b6112518546122f"
          ]
        },
        {
          "title": "Xám Vaporous Gray",
          "slug": "xam-vaporous-gray",
          "label": "",
          "images": [
            "6825fa640b61125185461239",
            "6825fa640b61125185461237",
            "6825fa640b61125185461238",
            "6825fa640b61125185461235",
            "6825fa640b61125185461236",
            "6825fa640b61125185461234",
            "6825fa640b6112518546123a"
          ]
        },
        {
          "title": "Đen",
          "slug": "den",
          "label": "",
          "images": [
            "6825fa650b6112518546123c",
            "6825fa650b6112518546123d",
            "6825fa650b6112518546123e",
            "6825fa650b6112518546123f",
            "6825fa640b6112518546123b",
            "6825fa650b61125185461240"
          ]
        }
      ]
    }
  ],
  "images": [
    "6825fa5e0b61125185461206",
    "6825fa5e0b61125185461207",
    "6825fa5e0b61125185461208",
    "6825fa5e0b61125185461209",
    "6825fa5f0b6112518546120c",
    "6825fa5f0b6112518546120d",
    "6825fa610b61125185461217",
    "6825fa610b61125185461218",
    "6825fa610b61125185461219",
    "6825fa620b61125185461220",
    "6825fa600b61125185461214",
    "6825fa600b61125185461213",
    "6825fa600b61125185461212",
    "6825fa600b61125185461211",
    "6825fa600b61125185461210",
    "6825fa610b6112518546121a",
    "6825fa610b6112518546121b",
    "6825fa610b6112518546121c",
    "6825fa610b6112518546121d",
    "6825fa610b6112518546121e",
    "6825fa5d0b61125185461203",
    "6825fa610b6112518546121f",
    "6825fa5e0b6112518546120a",
    "6825fa5d0b61125185461201",
    "6825fa5e0b6112518546120b",
    "6825fa5d0b61125185461202",
    "6825fa600b61125185461216",
    "6825fa600b61125185461215",
    "6825fa600b6112518546120f",
    "6825fa5e0b61125185461204",
    "6825fa600b6112518546120e",
    "6825fa5e0b61125185461205"
  ],
  "available": true,
  "collection_id": "6825e9858eaaa408c6aaf61a",
  "display_order": 0,
  "youtube_video": "",
  "coming_soon": false,
  "display_name_open": "",
  "gender_type": "FEMALE",
  "all_image_contains": [
    "6825fa5e0b61125185461206",
    "6825fa5e0b61125185461207",
    "6825fa5e0b61125185461208",
    "6825fa5e0b61125185461209",
    "6825fa5f0b6112518546120c",
    "6825fa5f0b6112518546120d",
    "6825fa610b61125185461217",
    "6825fa610b61125185461218",
    "6825fa610b61125185461219",
    "6825fa620b61125185461220",
    "6825fa600b61125185461214",
    "6825fa600b61125185461213",
    "6825fa600b61125185461212",
    "6825fa600b61125185461211",
    "6825fa600b61125185461210",
    "6825fa610b6112518546121a",
    "6825fa610b6112518546121b",
    "6825fa610b6112518546121c",
    "6825fa610b6112518546121d",
    "6825fa610b6112518546121e",
    "6825fa5d0b61125185461203",
    "6825fa610b6112518546121f",
    "6825fa5e0b6112518546120a",
    "6825fa5d0b61125185461201",
    "6825fa5e0b6112518546120b",
    "6825fa5d0b61125185461202",
    "6825fa600b61125185461216",
    "6825fa600b61125185461215",
    "6825fa600b6112518546120f",
    "6825fa5e0b61125185461204",
    "6825fa600b6112518546120e",
    "6825fa5e0b61125185461205",
    "6825fa620b61125185461226",
    "6825fa620b61125185461227",
    "6825fa620b61125185461224",
    "6825fa620b61125185461225",
    "6825fa620b61125185461222",
    "6825fa620b61125185461223",
    "6825fa620b61125185461221",
    "6825fa630b6112518546122a",
    "6825fa630b6112518546122b",
    "6825fa620b61125185461228",
    "6825fa630b61125185461229",
    "6825fa630b6112518546122c",
    "6825fa630b6112518546122d",
    "6825fa630b6112518546122e",
    "6825fa630b61125185461230",
    "6825fa630b61125185461231",
    "6825fa630b61125185461232",
    "6825fa640b61125185461233",
    "6825fa630b6112518546122f",
    "6825fa640b61125185461239",
    "6825fa640b61125185461237",
    "6825fa640b61125185461238",
    "6825fa640b61125185461235",
    "6825fa640b61125185461236",
    "6825fa640b61125185461234",
    "6825fa640b6112518546123a",
    "6825fa650b6112518546123c",
    "6825fa650b6112518546123d",
    "6825fa650b6112518546123e",
    "6825fa650b6112518546123f",
    "6825fa640b6112518546123b",
    "6825fa650b61125185461240"
  ],
  "is_lock": false,
  "createBy": "kiminonawa1305@gmail.com",
  "createAt": {
    "$date": "2025-05-15T14:30:03.626Z"
  },
  "updateBy": "kiminonawa1305@gmail.com",
  "updateAt": {
    "$date": "2025-05-15T14:30:03.626Z"
  },
  "_class": "com.lamnguyen.product_service.model.Product"
},
{
  "_id": "6825fa6f213ef202c0fd1f2d",
  "title": "Áo Tank Yoga Slimfit",
  "seo_alias": "ao-tank-yoga-slimfit",
  "vendor": "5c482438000c695cfa6f8d22",
  "tags": [
    "NEW"
  ],
  "options": [
    {
      "type": "COLOR",
      "title": "Màu sắc",
      "values": [
        "Đen",
        "Xanh Colony"
      ]
    },
    {
      "type": "SIZE",
      "title": "Kích thước",
      "values": [
        "XS",
        "S",
        "M",
        "L",
        "XL"
      ]
    }
  ],
  "options_values": [
    {
      "title": "Màu sắc",
      "type": "COLOR",
      "options": [
        {
          "title": "Đen",
          "slug": "den",
          "label": "",
          "images": [
            "6825fa6c0b61125185461249",
            "6825fa6c0b61125185461247",
            "6825fa6c0b61125185461248",
            "6825fa6c0b6112518546124c",
            "6825fa6c0b6112518546124d",
            "6825fa6c0b6112518546124a",
            "6825fa6c0b6112518546124b"
          ]
        },
        {
          "title": "Xanh Colony",
          "slug": "xanh-colony",
          "label": "",
          "images": [
            "6825fa6d0b6112518546124e",
            "6825fa6d0b6112518546124f",
            "6825fa6d0b61125185461250",
            "6825fa6d0b61125185461251",
            "6825fa6d0b61125185461252"
          ]
        }
      ]
    }
  ],
  "images": [
    "6825fa6b0b61125185461242",
    "6825fa6b0b61125185461243",
    "6825fa6c0b61125185461245",
    "6825fa6b0b61125185461241",
    "6825fa6c0b61125185461246",
    "6825fa6c0b61125185461244"
  ],
  "available": true,
  "collection_id": "6825e9858eaaa408c6aaf61a",
  "display_order": 1,
  "youtube_video": "",
  "coming_soon": false,
  "display_name_open": "",
  "gender_type": "FEMALE",
  "all_image_contains": [
    "6825fa6b0b61125185461242",
    "6825fa6b0b61125185461243",
    "6825fa6c0b61125185461245",
    "6825fa6b0b61125185461241",
    "6825fa6c0b61125185461246",
    "6825fa6c0b61125185461244",
    "6825fa6c0b61125185461249",
    "6825fa6c0b61125185461247",
    "6825fa6c0b61125185461248",
    "6825fa6c0b6112518546124c",
    "6825fa6c0b6112518546124d",
    "6825fa6c0b6112518546124a",
    "6825fa6c0b6112518546124b",
    "6825fa6d0b6112518546124e",
    "6825fa6d0b6112518546124f",
    "6825fa6d0b61125185461250",
    "6825fa6d0b61125185461251",
    "6825fa6d0b61125185461252"
  ],
  "is_lock": false,
  "createBy": "kiminonawa1305@gmail.com",
  "createAt": {
    "$date": "2025-05-15T14:30:07.297Z"
  },
  "updateBy": "kiminonawa1305@gmail.com",
  "updateAt": {
    "$date": "2025-05-15T14:30:07.297Z"
  },
  "_class": "com.lamnguyen.product_service.model.Product"
},
{
  "_id": "6825fa75213ef202c0fd1f2e",
  "title": "Set áo Singlet thể thao nữ Slim Tee + Bra CoolFlex",
  "seo_alias": "set-ao-singlet-the-thao-nu-slim-tee-+-bra-coolflex",
  "vendor": "5c482438000c695cfa6f8d22",
  "tags": [
    "NEW"
  ],
  "options": [
    {
      "type": "COLOR",
      "title": "Màu sắc",
      "values": [
        "Đen",
        "Cam hồng",
        "Xám"
      ]
    },
    {
      "type": "SIZE",
      "title": "Size",
      "values": [
        "XS",
        "S",
        "M",
        "L",
        "XL"
      ]
    }
  ],
  "options_values": [
    {
      "title": "Màu sắc",
      "type": "COLOR",
      "options": [
        {
          "title": "Đen",
          "slug": "den",
          "label": "",
          "images": [
            "6825fa710b61125185461264",
            "6825fa710b61125185461265",
            "6825fa710b61125185461262",
            "6825fa710b61125185461263",
            "6825fa710b61125185461266"
          ]
        },
        {
          "title": "Cam hồng",
          "slug": "cam-hong",
          "label": "",
          "images": [
            "6825fa710b61125185461268",
            "6825fa710b61125185461269",
            "6825fa710b61125185461267",
            "6825fa710b6112518546126a",
            "6825fa720b6112518546126b"
          ]
        },
        {
          "title": "Xám",
          "slug": "xam",
          "label": "",
          "images": [
            "6825fa720b61125185461270",
            "6825fa720b6112518546126e",
            "6825fa720b6112518546126f",
            "6825fa720b6112518546126c",
            "6825fa720b6112518546126d"
          ]
        }
      ]
    }
  ],
  "images": [
    "6825fa6f0b61125185461256",
    "6825fa6f0b61125185461255",
    "6825fa6f0b61125185461254",
    "6825fa6f0b61125185461253",
    "6825fa700b61125185461260",
    "6825fa6f0b61125185461258",
    "6825fa700b61125185461261",
    "6825fa6f0b61125185461257",
    "6825fa700b6112518546125b",
    "6825fa700b6112518546125c",
    "6825fa700b6112518546125d",
    "6825fa700b6112518546125e",
    "6825fa700b6112518546125f",
    "6825fa700b6112518546125a",
    "6825fa700b61125185461259"
  ],
  "available": true,
  "collection_id": "6825e9858eaaa408c6aaf61a",
  "display_order": 1,
  "youtube_video": "",
  "coming_soon": false,
  "display_name_open": "",
  "gender_type": "FEMALE",
  "all_image_contains": [
    "6825fa6f0b61125185461256",
    "6825fa6f0b61125185461255",
    "6825fa6f0b61125185461254",
    "6825fa6f0b61125185461253",
    "6825fa700b61125185461260",
    "6825fa6f0b61125185461258",
    "6825fa700b61125185461261",
    "6825fa6f0b61125185461257",
    "6825fa700b6112518546125b",
    "6825fa700b6112518546125c",
    "6825fa700b6112518546125d",
    "6825fa700b6112518546125e",
    "6825fa700b6112518546125f",
    "6825fa700b6112518546125a",
    "6825fa700b61125185461259",
    "6825fa710b61125185461264",
    "6825fa710b61125185461265",
    "6825fa710b61125185461262",
    "6825fa710b61125185461263",
    "6825fa710b61125185461266",
    "6825fa710b61125185461268",
    "6825fa710b61125185461269",
    "6825fa710b61125185461267",
    "6825fa710b6112518546126a",
    "6825fa720b6112518546126b",
    "6825fa720b61125185461270",
    "6825fa720b6112518546126e",
    "6825fa720b6112518546126f",
    "6825fa720b6112518546126c",
    "6825fa720b6112518546126d"
  ],
  "is_lock": false,
  "createBy": "kiminonawa1305@gmail.com",
  "createAt": {
    "$date": "2025-05-15T14:30:13.270Z"
  },
  "updateBy": "kiminonawa1305@gmail.com",
  "updateAt": {
    "$date": "2025-05-15T14:30:13.270Z"
  },
  "_class": "com.lamnguyen.product_service.model.Product"
},
{
  "_id": "6825fa80213ef202c0fd1f2f",
  "title": "Áo Bra chạy bộ Medium Support",
  "seo_alias": "ao-bra-chay-bo-medium-support",
  "vendor": "5c482438000c695cfa6f8d22",
  "tags": [
    "NEW"
  ],
  "options": [
    {
      "type": "COLOR",
      "title": "Màu sắc",
      "values": [
        "Đen",
        "Navy",
        "Cam hồng"
      ]
    },
    {
      "type": "SIZE",
      "title": "Size",
      "values": [
        "XS",
        "S",
        "M",
        "L",
        "XL"
      ]
    }
  ],
  "options_values": [
    {
      "title": "Màu sắc",
      "type": "COLOR",
      "options": [
        {
          "title": "Đen",
          "slug": "den",
          "label": "",
          "images": [
            "6825fa780b6112518546128d",
            "6825fa780b6112518546128c",
            "6825fa780b6112518546128b",
            "6825fa780b6112518546128a",
            "6825fa790b61125185461292",
            "6825fa780b61125185461290",
            "6825fa790b61125185461291",
            "6825fa790b61125185461294",
            "6825fa790b61125185461293",
            "6825fa780b61125185461289",
            "6825fa780b6112518546128f",
            "6825fa780b6112518546128e"
          ]
        },
        {
          "title": "Navy",
          "slug": "navy",
          "label": "",
          "images": [
            "6825fa7a0b61125185461299",
            "6825fa7b0b6112518546129b",
            "6825fa7b0b6112518546129a",
            "6825fa7a0b61125185461295",
            "6825fa7a0b61125185461296",
            "6825fa7a0b61125185461297",
            "6825fa7a0b61125185461298"
          ]
        },
        {
          "title": "Cam hồng",
          "slug": "cam-hong",
          "label": "",
          "images": [
            "6825fa7b0b611251854612a0",
            "6825fa7b0b6112518546129f",
            "6825fa7b0b6112518546129d",
            "6825fa7b0b6112518546129e",
            "6825fa7b0b6112518546129c"
          ]
        }
      ]
    }
  ],
  "images": [
    "6825fa760b6112518546127b",
    "6825fa760b6112518546127c",
    "6825fa750b61125185461277",
    "6825fa760b6112518546127d",
    "6825fa760b6112518546127e",
    "6825fa760b6112518546127a",
    "6825fa750b61125185461271",
    "6825fa750b61125185461272",
    "6825fa750b61125185461275",
    "6825fa760b6112518546127f",
    "6825fa750b61125185461276",
    "6825fa750b61125185461273",
    "6825fa750b61125185461274",
    "6825fa770b61125185461288",
    "6825fa760b61125185461280",
    "6825fa770b61125185461286",
    "6825fa770b61125185461287",
    "6825fa770b61125185461284",
    "6825fa770b61125185461285",
    "6825fa770b61125185461282",
    "6825fa770b61125185461283",
    "6825fa770b61125185461281",
    "6825fa760b61125185461278",
    "6825fa760b61125185461279"
  ],
  "available": true,
  "collection_id": "6825e9858eaaa408c6aaf61a",
  "display_order": 1,
  "youtube_video": "",
  "coming_soon": false,
  "display_name_open": "",
  "gender_type": "FEMALE",
  "all_image_contains": [
    "6825fa760b6112518546127b",
    "6825fa760b6112518546127c",
    "6825fa750b61125185461277",
    "6825fa760b6112518546127d",
    "6825fa760b6112518546127e",
    "6825fa760b6112518546127a",
    "6825fa750b61125185461271",
    "6825fa750b61125185461272",
    "6825fa750b61125185461275",
    "6825fa760b6112518546127f",
    "6825fa750b61125185461276",
    "6825fa750b61125185461273",
    "6825fa750b61125185461274",
    "6825fa770b61125185461288",
    "6825fa760b61125185461280",
    "6825fa770b61125185461286",
    "6825fa770b61125185461287",
    "6825fa770b61125185461284",
    "6825fa770b61125185461285",
    "6825fa770b61125185461282",
    "6825fa770b61125185461283",
    "6825fa770b61125185461281",
    "6825fa760b61125185461278",
    "6825fa760b61125185461279",
    "6825fa780b6112518546128d",
    "6825fa780b6112518546128c",
    "6825fa780b6112518546128b",
    "6825fa780b6112518546128a",
    "6825fa790b61125185461292",
    "6825fa780b61125185461290",
    "6825fa790b61125185461291",
    "6825fa790b61125185461294",
    "6825fa790b61125185461293",
    "6825fa780b61125185461289",
    "6825fa780b6112518546128f",
    "6825fa780b6112518546128e",
    "6825fa7a0b61125185461299",
    "6825fa7b0b6112518546129b",
    "6825fa7b0b6112518546129a",
    "6825fa7a0b61125185461295",
    "6825fa7a0b61125185461296",
    "6825fa7a0b61125185461297",
    "6825fa7a0b61125185461298",
    "6825fa7b0b611251854612a0",
    "6825fa7b0b6112518546129f",
    "6825fa7b0b6112518546129d",
    "6825fa7b0b6112518546129e",
    "6825fa7b0b6112518546129c"
  ],
  "is_lock": false,
  "createBy": "kiminonawa1305@gmail.com",
  "createAt": {
    "$date": "2025-05-15T14:30:24.422Z"
  },
  "updateBy": "kiminonawa1305@gmail.com",
  "updateAt": {
    "$date": "2025-05-15T14:30:24.422Z"
  },
  "_class": "com.lamnguyen.product_service.model.Product"
},
{
  "_id": "6825fa88213ef202c0fd1f30",
  "title": "Áo Tank Bra thể thao nữ Aspire Ribbed",
  "seo_alias": "ao-tank-bra-the-thao-nu-aspire-ribbed",
  "vendor": "5c482438000c695cfa6f8d22",
  "tags": [
    "NEW"
  ],
  "options": [
    {
      "type": "COLOR",
      "title": "Màu sắc",
      "values": [
        "Nâu Mocha",
        "Cam Flamingo",
        "Be Egret",
        "Đen"
      ]
    },
    {
      "type": "SIZE",
      "title": "Size",
      "values": [
        "XS",
        "S",
        "M",
        "L",
        "XL"
      ]
    }
  ],
  "options_values": [
    {
      "title": "Màu sắc",
      "type": "COLOR",
      "options": [
        {
          "title": "Nâu Mocha",
          "slug": "nau-mocha",
          "label": "",
          "images": [
            "6825fa830b611251854612b5",
            "6825fa830b611251854612b6",
            "6825fa830b611251854612b7",
            "6825fa830b611251854612b3",
            "6825fa830b611251854612b4"
          ]
        },
        {
          "title": "Cam Flamingo",
          "slug": "cam-flamingo",
          "label": "",
          "images": [
            "6825fa830b611251854612b8",
            "6825fa830b611251854612b9",
            "6825fa840b611251854612ba"
          ]
        },
        {
          "title": "Be Egret",
          "slug": "be-egret",
          "label": "",
          "images": [
            "6825fa840b611251854612bb",
            "6825fa840b611251854612bc",
            "6825fa840b611251854612bf",
            "6825fa840b611251854612bd",
            "6825fa840b611251854612be"
          ]
        },
        {
          "title": "Đen",
          "slug": "den",
          "label": "",
          "images": [
            "6825fa840b611251854612c0",
            "6825fa850b611251854612c4",
            "6825fa850b611251854612c1",
            "6825fa850b611251854612c2",
            "6825fa850b611251854612c3"
          ]
        }
      ]
    }
  ],
  "images": [
    "6825fa810b611251854612a4",
    "6825fa810b611251854612a5",
    "6825fa810b611251854612a6",
    "6825fa820b611251854612b0",
    "6825fa810b611251854612a7",
    "6825fa810b611251854612a8",
    "6825fa810b611251854612a9",
    "6825fa810b611251854612ab",
    "6825fa820b611251854612ae",
    "6825fa810b611251854612aa",
    "6825fa820b611251854612af",
    "6825fa800b611251854612a1",
    "6825fa820b611251854612ac",
    "6825fa800b611251854612a2",
    "6825fa820b611251854612ad",
    "6825fa830b611251854612b1",
    "6825fa830b611251854612b2",
    "6825fa800b611251854612a3"
  ],
  "available": true,
  "collection_id": "6825e9858eaaa408c6aaf61a",
  "display_order": 1,
  "youtube_video": "",
  "coming_soon": false,
  "display_name_open": "",
  "gender_type": "FEMALE",
  "all_image_contains": [
    "6825fa810b611251854612a4",
    "6825fa810b611251854612a5",
    "6825fa810b611251854612a6",
    "6825fa820b611251854612b0",
    "6825fa810b611251854612a7",
    "6825fa810b611251854612a8",
    "6825fa810b611251854612a9",
    "6825fa810b611251854612ab",
    "6825fa820b611251854612ae",
    "6825fa810b611251854612aa",
    "6825fa820b611251854612af",
    "6825fa800b611251854612a1",
    "6825fa820b611251854612ac",
    "6825fa800b611251854612a2",
    "6825fa820b611251854612ad",
    "6825fa830b611251854612b1",
    "6825fa830b611251854612b2",
    "6825fa800b611251854612a3",
    "6825fa830b611251854612b5",
    "6825fa830b611251854612b6",
    "6825fa830b611251854612b7",
    "6825fa830b611251854612b3",
    "6825fa830b611251854612b4",
    "6825fa830b611251854612b8",
    "6825fa830b611251854612b9",
    "6825fa840b611251854612ba",
    "6825fa840b611251854612bb",
    "6825fa840b611251854612bc",
    "6825fa840b611251854612bf",
    "6825fa840b611251854612bd",
    "6825fa840b611251854612be",
    "6825fa840b611251854612c0",
    "6825fa850b611251854612c4",
    "6825fa850b611251854612c1",
    "6825fa850b611251854612c2",
    "6825fa850b611251854612c3"
  ],
  "is_lock": false,
  "createBy": "kiminonawa1305@gmail.com",
  "createAt": {
    "$date": "2025-05-15T14:30:32.756Z"
  },
  "updateBy": "kiminonawa1305@gmail.com",
  "updateAt": {
    "$date": "2025-05-15T14:30:32.756Z"
  },
  "_class": "com.lamnguyen.product_service.model.Product"
},
{
  "_id": "6825fa90213ef202c0fd1f31",
  "title": "Áo Singlet thể thao nữ co giãn Slim Tee",
  "seo_alias": "ao-singlet-the-thao-nu-co-gian-slim-tee",
  "vendor": "5c482438000c695cfa6f8d22",
  "tags": [
    "NEW"
  ],
  "options": [
    {
      "type": "COLOR",
      "title": "Màu sắc",
      "values": [
        "Xám Northern Droplet",
        "Đen",
        "Cam hồng Camelia"
      ]
    },
    {
      "type": "SIZE",
      "title": "Size",
      "values": [
        "XS",
        "S",
        "M",
        "L",
        "XL"
      ]
    }
  ],
  "options_values": [
    {
      "title": "Màu sắc",
      "type": "COLOR",
      "options": [
        {
          "title": "Xám Northern Droplet",
          "slug": "xam-northern-droplet",
          "label": "",
          "images": [
            "6825fa8a0b611251854612d9",
            "6825fa8b0b611251854612da",
            "6825fa8b0b611251854612db",
            "6825fa8b0b611251854612dc",
            "6825fa8b0b611251854612dd",
            "6825fa8b0b611251854612de",
            "6825fa8b0b611251854612df"
          ]
        },
        {
          "title": "Đen",
          "slug": "den",
          "label": "",
          "images": [
            "6825fa8c0b611251854612e6",
            "6825fa8c0b611251854612e4",
            "6825fa8b0b611251854612e0",
            "6825fa8c0b611251854612e5",
            "6825fa8b0b611251854612e1",
            "6825fa8b0b611251854612e2",
            "6825fa8b0b611251854612e3"
          ]
        },
        {
          "title": "Cam hồng Camelia",
          "slug": "cam-hong-camelia",
          "label": "",
          "images": [
            "6825fa8c0b611251854612eb",
            "6825fa8c0b611251854612ea",
            "6825fa8c0b611251854612e7",
            "6825fa8c0b611251854612e8",
            "6825fa8c0b611251854612e9",
            "6825fa8d0b611251854612ec"
          ]
        }
      ]
    }
  ],
  "images": [
    "6825fa890b611251854612c9",
    "6825fa890b611251854612c8",
    "6825fa880b611251854612c6",
    "6825fa880b611251854612c5",
    "6825fa890b611251854612cc",
    "6825fa8a0b611251854612d7",
    "6825fa890b611251854612cb",
    "6825fa8a0b611251854612d8",
    "6825fa890b611251854612ca",
    "6825fa8a0b611251854612d5",
    "6825fa8a0b611251854612d6",
    "6825fa8a0b611251854612d3",
    "6825fa890b611251854612cf",
    "6825fa8a0b611251854612d4",
    "6825fa890b611251854612ce",
    "6825fa8a0b611251854612d1",
    "6825fa890b611251854612cd",
    "6825fa8a0b611251854612d2",
    "6825fa8a0b611251854612d0",
    "6825fa890b611251854612c7"
  ],
  "available": true,
  "collection_id": "6825e9858eaaa408c6aaf61a",
  "display_order": 1,
  "youtube_video": "",
  "coming_soon": false,
  "display_name_open": "ExDry - Co giãn",
  "gender_type": "FEMALE",
  "all_image_contains": [
    "6825fa890b611251854612c9",
    "6825fa890b611251854612c8",
    "6825fa880b611251854612c6",
    "6825fa880b611251854612c5",
    "6825fa890b611251854612cc",
    "6825fa8a0b611251854612d7",
    "6825fa890b611251854612cb",
    "6825fa8a0b611251854612d8",
    "6825fa890b611251854612ca",
    "6825fa8a0b611251854612d5",
    "6825fa8a0b611251854612d6",
    "6825fa8a0b611251854612d3",
    "6825fa890b611251854612cf",
    "6825fa8a0b611251854612d4",
    "6825fa890b611251854612ce",
    "6825fa8a0b611251854612d1",
    "6825fa890b611251854612cd",
    "6825fa8a0b611251854612d2",
    "6825fa8a0b611251854612d0",
    "6825fa890b611251854612c7",
    "6825fa8a0b611251854612d9",
    "6825fa8b0b611251854612da",
    "6825fa8b0b611251854612db",
    "6825fa8b0b611251854612dc",
    "6825fa8b0b611251854612dd",
    "6825fa8b0b611251854612de",
    "6825fa8b0b611251854612df",
    "6825fa8c0b611251854612e6",
    "6825fa8c0b611251854612e4",
    "6825fa8b0b611251854612e0",
    "6825fa8c0b611251854612e5",
    "6825fa8b0b611251854612e1",
    "6825fa8b0b611251854612e2",
    "6825fa8b0b611251854612e3",
    "6825fa8c0b611251854612eb",
    "6825fa8c0b611251854612ea",
    "6825fa8c0b611251854612e7",
    "6825fa8c0b611251854612e8",
    "6825fa8c0b611251854612e9",
    "6825fa8d0b611251854612ec"
  ],
  "is_lock": false,
  "createBy": "kiminonawa1305@gmail.com",
  "createAt": {
    "$date": "2025-05-15T14:30:40.396Z"
  },
  "updateBy": "kiminonawa1305@gmail.com",
  "updateAt": {
    "$date": "2025-05-15T14:30:40.396Z"
  },
  "_class": "com.lamnguyen.product_service.model.Product"
}]