{
  "title" : "Cặp Gaiter Chạy Bộ Bọc Chân ",
  "vendor" : "5c482438000c695cfa6f8d22",
  "tags" : [ ],
  "options" : [ {
    "type" : "COLOR",
    "title" : "Màu sắc",
    "values" : [ "Vàng - Vàng" ]
  } ],
  "images" : [ "6826020e0b611251854626b5", "6826020e0b611251854626b6", "6826020e0b611251854626b7", "6826020e0b611251854626b8", "6826020e0b611251854626b9", "6826020e0b611251854626ba", "6826020f0b611251854626bb", "6826020f0b611251854626bc", "6826020f0b611251854626bd" ],
  "discount" : null,
  "seo_alias" : "combo-2-gaiter-trail-boc-chan-dat-chay-bo-dia-hinh",
  "options_values" : [ {
    "title" : "Màu sắc",
    "type" : "COLOR",
    "options" : [ {
      "title" : "Vàng - Vàng",
      "slug" : "vang-vang",
      "label" : "",
      "images" : [ "6826020f0b611251854626be", "6826020f0b611251854626bf", "6826020f0b611251854626c0", "6826020f0b611251854626c1" ]
    } ]
  } ],
  "collection_id" : "6825e9af8eaaa408c6aaf61e",
  "display_order" : 252,
  "youtube_video" : "https://media.coolmate.me/uploads/videos/footgaiter.mp4",
  "coming_soon" : false,
  "display_name_open" : "",
  "gender_type" : "UNISEX",
  "icon_thumbnail" : null,
  "compare_price" : 159000.0,
  "regular_price" : 159000.0
}