{
  "title" : "Quần Dài Nam Tháo Ống UT Pants 2 in 1",
  "vendor" : "5c482438000c695cfa6f8d22",
  "tags" : [ "WORTH_BUYING" ],
  "options" : [ {
    "type" : "COLOR",
    "title" : "Màu sắc",
    "values" : [ "Xanh bóng đêm", "Đen" ]
  }, {
    "type" : "SIZE",
    "title" : "Kích thước",
    "values" : [ "M", "L", "XL", "2XL", "3XL" ]
  } ],
  "images" : [ "682601f50b61125185462634", "682601f50b61125185462635", "682601f50b61125185462636", "682601f50b61125185462637" ],
  "discount" : null,
  "seo_alias" : "quan-dai-nam-khop-noi-ut-pants-2-in-1-thao-ong-da-nang",
  "options_values" : [ {
    "title" : "Màu sắc",
    "type" : "COLOR",
    "options" : [ {
      "title" : "Xanh bóng đêm",
      "slug" : "xanh-bong-dem",
      "label" : "",
      "images" : [ "682601f50b61125185462638", "682601f50b61125185462639", "682601f60b6112518546263a", "682601f60b6112518546263b", "682601f60b6112518546263c", "682601f60b6112518546263d", "682601f60b6112518546263e", "682601f60b6112518546263f", "682601f60b61125185462640", "682601f60b61125185462641", "682601f60b61125185462642" ]
    }, {
      "title" : "Đen",
      "slug" : "den",
      "label" : "",
      "images" : [ "682601f60b61125185462643", "682601f70b61125185462644", "682601f70b61125185462645", "682601f70b61125185462646", "682601f70b61125185462647", "682601f70b61125185462648", "682601f70b61125185462649", "682601f70b6112518546264a", "682601f70b6112518546264b", "682601f70b6112518546264c", "682601f70b6112518546264d" ]
    } ]
  } ],
  "collection_id" : "6825e9af8eaaa408c6aaf61e",
  "display_order" : 292,
  "youtube_video" : "https://mcdn.coolmate.me/uploads/videos/webutpant2in1.mp4",
  "coming_soon" : false,
  "display_name_open" : "Tháo ống linh hoạt",
  "gender_type" : "MALE",
  "icon_thumbnail" : null,
  "compare_price" : 790000.0,
  "regular_price" : 669000.0
}