{
  "title" : "Quần Dài Nam UT Pants V2",
  "vendor" : "5c482438000c695cfa6f8d22",
  "tags" : [ ],
  "options" : [ {
    "type" : "COLOR",
    "title" : "Màu sắc",
    "values" : [ "Xám đậm", "Đen", "Xám nhạt" ]
  }, {
    "type" : "SIZE",
    "title" : "Kích thước Quần",
    "values" : [ "M", "L", "XL", "2XL", "3XL" ]
  } ],
  "images" : [ "6826021d0b61125185462702", "6826021d0b61125185462703", "6826021e0b61125185462704", "6826021e0b61125185462705", "6826021e0b61125185462706", "6826021e0b61125185462707" ],
  "discount" : null,
  "seo_alias" : "quan-dai-nam-ut-pants-v2-da-nang-vai-polyamide-taslan-thoi-trang",
  "options_values" : [ {
    "title" : "Màu sắc",
    "type" : "COLOR",
    "options" : [ {
      "title" : "Xám đậm",
      "slug" : "xam-dam",
      "label" : "",
      "images" : [ "6826021e0b61125185462708", "6826021e0b61125185462709", "6826021e0b6112518546270a", "6826021e0b6112518546270b", "6826021e0b6112518546270c", "6826021e0b6112518546270d", "6826021f0b6112518546270e", "6826021f0b6112518546270f" ]
    }, {
      "title" : "Đen",
      "slug" : "den",
      "label" : "",
      "images" : [ "6826021f0b61125185462710", "6826021f0b61125185462711", "6826021f0b61125185462712", "6826021f0b61125185462713", "6826021f0b61125185462714", "6826021f0b61125185462715", "6826021f0b61125185462716" ]
    }, {
      "title" : "Xám nhạt",
      "slug" : "xam-nhat",
      "label" : "",
      "images" : [ "682602200b61125185462717", "682602200b61125185462718", "682602200b61125185462719", "682602200b6112518546271a", "682602200b6112518546271b", "682602200b6112518546271c", "682602200b6112518546271d" ]
    } ]
  } ],
  "collection_id" : "6825e9af8eaaa408c6aaf61e",
  "display_order" : 290,
  "youtube_video" : "",
  "coming_soon" : false,
  "display_name_open" : "Trượt nước",
  "gender_type" : "MALE",
  "icon_thumbnail" : null,
  "compare_price" : 690000.0,
  "regular_price" : 619000.0
}