{
  "title" : "Tất Nam Thể Thao Cổ Dài",
  "vendor" : "5c482438000c695cfa6f8d22",
  "tags" : [ ],
  "options" : [ {
    "type" : "COLOR",
    "title" : "Màu sắc",
    "values" : [ "Đen", "Trắng" ]
  }, {
    "type" : "SIZE",
    "title" : "Kích thước",
    "values" : [ "39-42", "43-46" ]
  } ],
  "images" : [ "6826023c0b61125185462786", "6826023c0b61125185462787", "6826023c0b61125185462788", "6826023c0b61125185462789", "6826023c0b6112518546278a", "6826023c0b6112518546278b" ],
  "discount" : null,
  "seo_alias" : "tat-the-thao-co-dai-chong-truot",
  "options_values" : [ {
    "title" : "Màu sắc",
    "type" : "COLOR",
    "options" : [ {
      "title" : "Đen",
      "slug" : "den",
      "label" : "",
      "images" : [ "6826023c0b6112518546278c", "6826023c0b6112518546278d", "6826023c0b6112518546278e", "6826023d0b6112518546278f", "6826023d0b61125185462790", "6826023d0b61125185462791", "6826023d0b61125185462792", "6826023d0b61125185462793", "6826023d0b61125185462794" ]
    }, {
      "title" : "Trắng",
      "slug" : "trang",
      "label" : "",
      "images" : [ "6826023d0b61125185462795", "6826023d0b61125185462796", "6826023e0b61125185462797", "6826023e0b61125185462798", "6826023e0b61125185462799", "6826023e0b6112518546279a", "6826023e0b6112518546279b" ]
    } ]
  } ],
  "collection_id" : "6825e9af8eaaa408c6aaf61e",
  "display_order" : 467,
  "youtube_video" : "",
  "coming_soon" : false,
  "display_name_open" : "Chống trượt",
  "gender_type" : "MALE",
  "icon_thumbnail" : null,
  "compare_price" : 99000.0,
  "regular_price" : 99000.0
}