{
  "title" : "Áo Khoác Nam gió Thể Thao phối màu",
  "vendor" : "5c482438000c695cfa6f8d22",
  "tags" : [ ],
  "options" : [ {
    "type" : "COLOR",
    "title" : "Màu sắc",
    "values" : [ "Rêu phối đen" ]
  }, {
    "type" : "SIZE",
    "title" : "Kích thước",
    "values" : [ "M", "L", "XL", "2XL", "3XL" ]
  } ],
  "images" : [ "682601fd0b6112518546265e", "682601fd0b6112518546265f", "682601fd0b61125185462660", "682601fd0b61125185462661", "682601fd0b61125185462662" ],
  "discount" : null,
  "seo_alias" : "ao-khoac-gio-the-thao-phoi-mau",
  "options_values" : [ {
    "title" : "Màu sắc",
    "type" : "COLOR",
    "options" : [ {
      "title" : "Rêu phối đen",
      "slug" : "reu-phoi-den",
      "label" : "",
      "images" : [ "682601fd0b61125185462663", "682601fe0b61125185462664", "682601fe0b61125185462665", "682601fe0b61125185462666", "682601fe0b61125185462667", "682601fe0b61125185462668", "682601fe0b61125185462669", "682601fe0b6112518546266a" ]
    } ]
  } ],
  "collection_id" : "6825e9af8eaaa408c6aaf61e",
  "display_order" : 55,
  "youtube_video" : "https://mcdn.coolmate.me/uploads/videos/24_outfit1.mp4",
  "coming_soon" : false,
  "display_name_open" : "Chống UV 99%",
  "gender_type" : "MALE",
  "icon_thumbnail" : null,
  "compare_price" : 499000.0,
  "regular_price" : 449000.0
}