{
  "title" : "3 Áo Thun Nam Thể Thao Coolmate Basics",
  "vendor" : "5c482438000c695cfa6f8d22",
  "tags" : [ "SAVING_PACKS" ],
  "options" : [ {
    "type" : "COLOR",
    "title" : "Màu sắc",
    "values" : [ "Màu 1", "Màu 2" ]
  }, {
    "type" : "SIZE",
    "title" : "Kích thước Áo",
    "values" : [ "S", "M", "L", "XL", "2XL", "3XL" ]
  } ],
  "images" : [ "6825fea40b61125185461d15", "6825fea40b61125185461d16", "6825fea40b61125185461d17" ],
  "discount" : null,
  "seo_alias" : "combo-03-ao-the-thao-nam-coolmate-basics",
  "options_values" : [ {
    "title" : "Màu sắc",
    "type" : "COLOR",
    "options" : [ {
      "title" : "Màu 1",
      "slug" : "mau-1",
      "label" : "",
      "images" : [ "6825fea50b61125185461d18", "6825fea50b61125185461d19", "6825fea50b61125185461d1a", "6825fea50b61125185461d1b", "6825fea50b61125185461d1c", "6825fea50b61125185461d1d", "6825fea50b61125185461d1e" ]
    }, {
      "title" : "Màu 2",
      "slug" : "mau-2",
      "label" : "",
      "images" : [ "6825fea60b61125185461d1f", "6825fea60b61125185461d20", "6825fea60b61125185461d21", "6825fea60b61125185461d22", "6825fea60b61125185461d23", "6825fea60b61125185461d24", "6825fea60b61125185461d25" ]
    } ]
  } ],
  "collection_id" : "6825e99e8eaaa408c6aaf61c",
  "display_order" : 346,
  "youtube_video" : "",
  "coming_soon" : false,
  "display_name_open" : "Thấm hút",
  "gender_type" : "MALE",
  "icon_thumbnail" : null,
  "compare_price" : 297000.0,
  "regular_price" : 297000.0
}