{
  "title" : "Combo 2 Áo Thun Nam Chạy Bộ Graphic Tropical",
  "vendor" : "5c482438000c695cfa6f8d22",
  "tags" : [ "SAVING_PACKS" ],
  "options" : [ {
    "type" : "COLOR",
    "title" : "Màu sắc",
    "values" : [ "Mix màu 1", "Mix màu 2" ]
  }, {
    "type" : "SIZE",
    "title" : "Kích thước",
    "values" : [ "S", "M", "L", "XL", "2XL", "3XL" ]
  } ],
  "images" : [ "681fd9ca1f583b08bcb3f044", "681fd9ca1f583b08bcb3f045", "681fd9ca1f583b08bcb3f046", "681fd9ca1f583b08bcb3f047", "681fd9ca1f583b08bcb3f048" ],
  "discount" : null,
  "seo_alias" : "ao-thun-nam-chay-bo-hoat-tiet-graphic-tropical-sieu-nhe-thoang-mat-combo",
  "options_values" : [ {
    "title" : "Màu sắc",
    "type" : "COLOR",
    "options" : [ {
      "title" : "Mix màu 1",
      "slug" : "mix-mau-1",
      "label" : "",
      "images" : [ "681fd9ca1f583b08bcb3f049", "681fd9ca1f583b08bcb3f04a", "681fd9ca1f583b08bcb3f04b", "681fd9ca1f583b08bcb3f04c", "681fd9ca1f583b08bcb3f04d" ]
    }, {
      "title" : "Mix màu 2",
      "slug" : "mix-mau-2",
      "label" : "",
      "images" : [ "681fd9ca1f583b08bcb3f04e", "681fd9ca1f583b08bcb3f04f", "681fd9cb1f583b08bcb3f050", "681fd9cb1f583b08bcb3f051", "681fd9cb1f583b08bcb3f052" ]
    } ]
  } ],
  "collection_id" : "681ca20a2a59db3110ec0b8f",
  "display_order" : 353,
  "youtube_video" : "",
  "coming_soon" : false,
  "display_name_open" : "ExDry",
  "gender_type" : "MALE",
  "icon_thumbnail" : null,
  "compare_price" : 398000.0,
  "regular_price" : 299000.0
}