{
  "title" : "Combo 3 Áo Thun Nam Cotton Compact",
  "vendor" : "5c482438000c695cfa6f8d22",
  "tags" : [ "SAVING_PACKS" ],
  "options" : [ {
    "type" : "COLOR",
    "title" : "Màu sắc",
    "values" : [ "Màu 1", "Màu 2", "Màu 3", "Màu 4", "Màu 5", "Màu 6" ]
  }, {
    "type" : "SIZE",
    "title" : "Kích thước Áo",
    "values" : [ "S", "M", "L", "XL", "2XL", "3XL" ]
  } ],
  "images" : [ "6825fdfe0b61125185461ac1", "6825fdfe0b61125185461ac2" ],
  "discount" : null,
  "seo_alias" : "combo-3-ao-thun-nam-cotton-compact-phien-ban-premium",
  "options_values" : [ {
    "title" : "Màu sắc",
    "type" : "COLOR",
    "options" : [ {
      "title" : "Màu 1",
      "slug" : "mau-1",
      "label" : "",
      "images" : [ "6825fdfe0b61125185461ac3", "6825fdfe0b61125185461ac4", "6825fdfe0b61125185461ac5", "6825fdfe0b61125185461ac6", "6825fdff0b61125185461ac7", "6825fdff0b61125185461ac8" ]
    }, {
      "title" : "Màu 2",
      "slug" : "mau-2",
      "label" : "",
      "images" : [ "6825fdff0b61125185461ac9", "6825fdff0b61125185461aca", "6825fdff0b61125185461acb", "6825fe000b61125185461acc", "6825fe000b61125185461acd", "6825fe000b61125185461ace" ]
    }, {
      "title" : "Màu 3",
      "slug" : "mau-3",
      "label" : "",
      "images" : [ "6825fe000b61125185461acf", "6825fe000b61125185461ad0", "6825fe000b61125185461ad1", "6825fe000b61125185461ad2", "6825fe000b61125185461ad3", "6825fe010b61125185461ad4" ]
    }, {
      "title" : "Màu 4",
      "slug" : "mau-4",
      "label" : "",
      "images" : [ "6825fe010b61125185461ad5", "6825fe010b61125185461ad6", "6825fe010b61125185461ad7", "6825fe010b61125185461ad8", "6825fe010b61125185461ad9", "6825fe010b61125185461ada" ]
    }, {
      "title" : "Màu 5",
      "slug" : "mau-5",
      "label" : "",
      "images" : [ "6825fe010b61125185461adb", "6825fe020b61125185461adc", "6825fe020b61125185461add", "6825fe020b61125185461ade", "6825fe020b61125185461adf", "6825fe020b61125185461ae0" ]
    }, {
      "title" : "Màu 6",
      "slug" : "mau-6",
      "label" : "",
      "images" : [ "6825fe020b61125185461ae1", "6825fe020b61125185461ae2", "6825fe030b61125185461ae3", "6825fe030b61125185461ae4", "6825fe030b61125185461ae5", "6825fe030b61125185461ae6" ]
    } ]
  } ],
  "collection_id" : "6825e99e8eaaa408c6aaf61c",
  "display_order" : 221,
  "youtube_video" : "https://mcdn.coolmate.me/uploads/videos/TEE_COTTON_COMPACT.mp4",
  "coming_soon" : false,
  "display_name_open" : "Thoáng khí",
  "gender_type" : "MALE",
  "icon_thumbnail" : null,
  "compare_price" : 777000.0,
  "regular_price" : 599000.0
}