{
  "title" : "Combo 2 Áo Thun Nam Chạy Bộ Graphic Special",
  "vendor" : "5c482438000c695cfa6f8d22",
  "tags" : [ "SAVING_PACKS" ],
  "options" : [ {
    "type" : "COLOR",
    "title" : "Màu sắc",
    "values" : [ "Mix màu 1", "Mix màu 2" ]
  }, {
    "type" : "SIZE",
    "title" : "Kích thước",
    "values" : [ "S", "M", "L", "XL", "2XL", "3XL" ]
  } ],
  "images" : [ "6825fe420b61125185461bb0", "6825fe420b61125185461bb1", "6825fe420b61125185461bb2", "6825fe420b61125185461bb3", "6825fe430b61125185461bb4" ],
  "discount" : null,
  "seo_alias" : "ao-thun-chay-bo-nam-graphic-special-combo",
  "options_values" : [ {
    "title" : "Màu sắc",
    "type" : "COLOR",
    "options" : [ {
      "title" : "Mix màu 1",
      "slug" : "mix-mau-1",
      "label" : "",
      "images" : [ "6825fe430b61125185461bb5", "6825fe430b61125185461bb6", "6825fe430b61125185461bb7", "6825fe430b61125185461bb8", "6825fe430b61125185461bb9", "6825fe430b61125185461bba", "6825fe440b61125185461bbb" ]
    }, {
      "title" : "Mix màu 2",
      "slug" : "mix-mau-2",
      "label" : "",
      "images" : [ "6825fe440b61125185461bbc", "6825fe440b61125185461bbd", "6825fe440b61125185461bbe", "6825fe440b61125185461bbf", "6825fe440b61125185461bc0", "6825fe450b61125185461bc1", "6825fe450b61125185461bc2", "6825fe450b61125185461bc3" ]
    } ]
  } ],
  "collection_id" : "6825e99e8eaaa408c6aaf61c",
  "display_order" : 250,
  "youtube_video" : "",
  "coming_soon" : false,
  "display_name_open" : "Mỏng nhẹ",
  "gender_type" : "MALE",
  "icon_thumbnail" : null,
  "compare_price" : 398000.0,
  "regular_price" : 299000.0
}