{
  "title" : "Combo 2 Áo Thun Nam Chạy Bộ Advanced Fast & Free V2",
  "vendor" : "5c482438000c695cfa6f8d22",
  "tags" : [ "SAVING_PACKS" ],
  "options" : [ {
    "type" : "COLOR",
    "title" : "Màu sắc",
    "values" : [ "Vàng Beach Ball", "Xanh bóng đêm", "Đen", "Đỏ Barbados" ]
  }, {
    "type" : "SIZE",
    "title" : "Kích thước",
    "values" : [ "S", "M", "L", "XL", "2XL", "3XL" ]
  } ],
  "images" : [ "6825fefc0b61125185461e4b", "6825fefc0b61125185461e4c", "6825fefc0b61125185461e4d", "6825fefc0b61125185461e4e", "6825fefd0b61125185461e4f", "6825fefd0b61125185461e50" ],
  "discount" : null,
  "seo_alias" : "ao-thun-nam-chay-bo-advanced-fast-free-run-v2-thoang-mat-combo",
  "options_values" : [ {
    "title" : "Màu sắc",
    "type" : "COLOR",
    "options" : [ {
      "title" : "Vàng Beach Ball",
      "slug" : "vang-beach-ball",
      "label" : "",
      "images" : [ "6825fefd0b61125185461e51", "6825fefd0b61125185461e52", "6825fefd0b61125185461e53", "6825fefd0b61125185461e54", "6825fefe0b61125185461e55", "6825fefe0b61125185461e56", "6825fefe0b61125185461e57", "6825fefe0b61125185461e58" ]
    }, {
      "title" : "Xanh bóng đêm",
      "slug" : "xanh-bong-dem",
      "label" : "",
      "images" : [ "6825fefe0b61125185461e59", "6825fefe0b61125185461e5a", "6825fefe0b61125185461e5b", "6825feff0b61125185461e5c", "6825feff0b61125185461e5d", "6825feff0b61125185461e5e", "6825feff0b61125185461e5f", "6825feff0b61125185461e60" ]
    }, {
      "title" : "Đen",
      "slug" : "den",
      "label" : "",
      "images" : [ "6825ff000b61125185461e61", "6825ff000b61125185461e62", "6825ff000b61125185461e63", "6825ff000b61125185461e64", "6825ff000b61125185461e65", "6825ff000b61125185461e66", "6825ff000b61125185461e67" ]
    }, {
      "title" : "Đỏ Barbados",
      "slug" : "do-barbados",
      "label" : "",
      "images" : [ "6825ff010b61125185461e68", "6825ff010b61125185461e69", "6825ff010b61125185461e6a", "6825ff010b61125185461e6b", "6825ff010b61125185461e6c", "6825ff010b61125185461e6d", "6825ff010b61125185461e6e", "6825ff020b61125185461e6f", "6825ff020b61125185461e70" ]
    } ]
  } ],
  "collection_id" : "6825e99e8eaaa408c6aaf61c",
  "display_order" : 452,
  "youtube_video" : "",
  "coming_soon" : false,
  "display_name_open" : "ExDry",
  "gender_type" : "MALE",
  "icon_thumbnail" : null,
  "compare_price" : 398000.0,
  "regular_price" : 339000.0
}