{
  "title" : "Combo 3 Áo Thun Nam Thể Thao Promax-S1",
  "vendor" : "5c482438000c695cfa6f8d22",
  "tags" : [ "SAVING_PACKS" ],
  "options" : [ {
    "type" : "COLOR",
    "title" : "Màu sắc",
    "values" : [ "Mix màu 4", "Mix màu 3", "Mix màu 2", "Mix màu 1" ]
  }, {
    "type" : "SIZE",
    "title" : "Kích thước Áo",
    "values" : [ "S", "M", "L", "XL", "2XL", "3XL" ]
  } ],
  "images" : [ "6825fe910b61125185461cd8", "6825fe910b61125185461cd9", "6825fe910b61125185461cda", "6825fe910b61125185461cdb", "6825fe920b61125185461cdc" ],
  "discount" : null,
  "seo_alias" : "combo-03-ao-thun-the-thao-nam-promax-s1",
  "options_values" : [ {
    "title" : "Màu sắc",
    "type" : "COLOR",
    "options" : [ {
      "title" : "Mix màu 4",
      "slug" : "mix-mau-4",
      "label" : "",
      "images" : [ "6825fe920b61125185461cdd", "6825fe920b61125185461cde", "6825fe920b61125185461cdf", "6825fe920b61125185461ce0", "6825fe920b61125185461ce1", "6825fe920b61125185461ce2" ]
    }, {
      "title" : "Mix màu 3",
      "slug" : "mix-mau-3",
      "label" : "",
      "images" : [ "6825fe930b61125185461ce3", "6825fe930b61125185461ce4", "6825fe930b61125185461ce5", "6825fe930b61125185461ce6", "6825fe930b61125185461ce7", "6825fe930b61125185461ce8" ]
    }, {
      "title" : "Mix màu 2",
      "slug" : "mix-mau-2",
      "label" : "",
      "images" : [ "6825fe930b61125185461ce9", "6825fe940b61125185461cea", "6825fe940b61125185461ceb", "6825fe940b61125185461cec", "6825fe940b61125185461ced", "6825fe940b61125185461cee" ]
    }, {
      "title" : "Mix màu 1",
      "slug" : "mix-mau-1",
      "label" : "",
      "images" : [ "6825fe940b61125185461cef", "6825fe940b61125185461cf0", "6825fe940b61125185461cf1", "6825fe950b61125185461cf2", "6825fe950b61125185461cf3", "6825fe950b61125185461cf4", "6825fe950b61125185461cf5" ]
    } ]
  } ],
  "collection_id" : "6825e99e8eaaa408c6aaf61c",
  "display_order" : 303,
  "youtube_video" : "",
  "coming_soon" : false,
  "display_name_open" : "Thoáng khí",
  "gender_type" : "MALE",
  "icon_thumbnail" : null,
  "compare_price" : 537000.0,
  "regular_price" : 469000.0
}