{
  "title" : "Combo 2 Áo Thun Nam Chạy Bộ Advanced Fast & Free V2",
  "vendor" : "5c482438000c695cfa6f8d22",
  "tags" : [ "SAVING_PACKS" ],
  "options" : [ {
    "type" : "COLOR",
    "title" : "Màu sắc",
    "values" : [ "Vàng Beach Ball", "Xanh bóng đêm", "Đen", "Đỏ Barbados" ]
  }, {
    "type" : "SIZE",
    "title" : "Kích thước",
    "values" : [ "S", "M", "L", "XL", "2XL", "3XL" ]
  } ],
  "images" : [ "681fd9f91f583b08bcb3f135", "681fd9f91f583b08bcb3f136", "681fd9f91f583b08bcb3f137", "681fd9f91f583b08bcb3f138", "681fd9fa1f583b08bcb3f139", "681fd9fa1f583b08bcb3f13a" ],
  "discount" : null,
  "seo_alias" : "ao-thun-nam-chay-bo-advanced-fast-free-run-v2-thoang-mat-combo",
  "options_values" : [ {
    "title" : "Màu sắc",
    "type" : "COLOR",
    "options" : [ {
      "title" : "Vàng Beach Ball",
      "slug" : "vang-beach-ball",
      "label" : "",
      "images" : [ "681fd9fa1f583b08bcb3f13b", "681fd9fa1f583b08bcb3f13c", "681fd9fb1f583b08bcb3f13d", "681fd9fb1f583b08bcb3f13e", "681fd9fb1f583b08bcb3f13f", "681fd9fb1f583b08bcb3f140" ]
    }, {
      "title" : "Xanh bóng đêm",
      "slug" : "xanh-bong-dem",
      "label" : "",
      "images" : [ "681fd9fb1f583b08bcb3f141", "681fd9fc1f583b08bcb3f142", "681fd9fc1f583b08bcb3f143", "681fd9fc1f583b08bcb3f144", "681fd9fc1f583b08bcb3f145", "681fd9fd1f583b08bcb3f146" ]
    }, {
      "title" : "Đen",
      "slug" : "den",
      "label" : "",
      "images" : [ "681fd9fd1f583b08bcb3f147", "681fd9fd1f583b08bcb3f148", "681fd9fd1f583b08bcb3f149", "681fd9fd1f583b08bcb3f14a", "681fd9fd1f583b08bcb3f14b", "681fd9fd1f583b08bcb3f14c" ]
    }, {
      "title" : "Đỏ Barbados",
      "slug" : "do-barbados",
      "label" : "",
      "images" : [ "681fd9fd1f583b08bcb3f14d", "681fd9fd1f583b08bcb3f14e", "681fd9fd1f583b08bcb3f14f", "681fd9fe1f583b08bcb3f150", "681fd9fe1f583b08bcb3f151", "681fd9fe1f583b08bcb3f152" ]
    } ]
  } ],
  "collection_id" : "681ca20a2a59db3110ec0b8f",
  "display_order" : 452,
  "youtube_video" : "",
  "coming_soon" : false,
  "display_name_open" : "ExDry",
  "gender_type" : "MALE",
  "icon_thumbnail" : null,
  "compare_price" : 398000.0,
  "regular_price" : 339000.0
}