{
  "title" : "Combo 2 Áo Thun Nam Chạy Bộ Graphic Photic Zone",
  "vendor" : "5c482438000c695cfa6f8d22",
  "tags" : [ "SAVING_PACKS" ],
  "options" : [ {
    "type" : "SIZE",
    "title" : "Kích thước",
    "values" : [ "S", "M", "L", "XL", "2XL", "3XL" ]
  } ],
  "images" : [ "6825fe840b61125185461ca8", "6825fe840b61125185461ca9", "6825fe840b61125185461caa", "6825fe840b61125185461cab", "6825fe840b61125185461cac", "6825fe840b61125185461cad", "6825fe850b61125185461cae", "6825fe850b61125185461caf" ],
  "discount" : null,
  "seo_alias" : "ao-thun-nam-chay-bo-graphic-photic-zone-combo",
  "options_values" : [ ],
  "collection_id" : "6825e99e8eaaa408c6aaf61c",
  "display_order" : 286,
  "youtube_video" : "",
  "coming_soon" : false,
  "display_name_open" : "ExDry",
  "gender_type" : "MALE",
  "icon_thumbnail" : null,
  "compare_price" : 398000.0,
  "regular_price" : 199000.0
}