{
  "title" : "Pack 3 Áo thun nam Cotton 220gsm",
  "vendor" : "5c482438000c695cfa6f8d22",
  "tags" : [ "SAVING_PACKS" ],
  "options" : [ {
    "type" : "COLOR",
    "title" : "Màu sắc",
    "values" : [ "Mix màu 2", "Mix màu 4", "Mix màu 1", "Mix màu 3" ]
  }, {
    "type" : "SIZE",
    "title" : "Kích thước",
    "values" : [ "S", "M", "L", "XL", "2XL", "3XL" ]
  } ],
  "images" : [ "681fd9e51f583b08bcb3f0cf", "681fd9e51f583b08bcb3f0d0" ],
  "discount" : null,
  "seo_alias" : "pack-3-ao-thun-cotton-220gsm",
  "options_values" : [ {
    "title" : "Màu sắc",
    "type" : "COLOR",
    "options" : [ {
      "title" : "Mix màu 2",
      "slug" : "mix-mau-2",
      "label" : "",
      "images" : [ "681fd9e51f583b08bcb3f0d1", "681fd9e61f583b08bcb3f0d2" ]
    }, {
      "title" : "Mix màu 4",
      "slug" : "mix-mau-4",
      "label" : "",
      "images" : [ "681fd9e61f583b08bcb3f0d3", "681fd9e61f583b08bcb3f0d4" ]
    }, {
      "title" : "Mix màu 1",
      "slug" : "mix-mau-1",
      "label" : "",
      "images" : [ "681fd9e61f583b08bcb3f0d5", "681fd9e61f583b08bcb3f0d6" ]
    }, {
      "title" : "Mix màu 3",
      "slug" : "mix-mau-3",
      "label" : "",
      "images" : [ "681fd9e61f583b08bcb3f0d7", "681fd9e61f583b08bcb3f0d8" ]
    } ]
  } ],
  "collection_id" : "681ca20a2a59db3110ec0b8f",
  "display_order" : 409,
  "youtube_video" : "",
  "coming_soon" : false,
  "display_name_open" : "100% Cotton",
  "gender_type" : "MALE",
  "icon_thumbnail" : null,
  "compare_price" : 537000.0,
  "regular_price" : 429000.0
}