{
  "title" : "Pack 3 Áo thun nam Cotton 220gsm",
  "vendor" : "5c482438000c695cfa6f8d22",
  "tags" : [ "SAVING_PACKS" ],
  "options" : [ {
    "type" : "COLOR",
    "title" : "Màu sắc",
    "values" : [ "Mix màu 2", "Mix màu 4", "Mix màu 1", "Mix màu 3" ]
  }, {
    "type" : "SIZE",
    "title" : "Kích thước",
    "values" : [ "S", "M", "L", "XL", "2XL", "3XL" ]
  } ],
  "images" : [ "6825fed30b61125185461dc0", "6825fed30b61125185461dc1" ],
  "discount" : null,
  "seo_alias" : "pack-3-ao-thun-cotton-220gsm",
  "options_values" : [ {
    "title" : "Màu sắc",
    "type" : "COLOR",
    "options" : [ {
      "title" : "Mix màu 2",
      "slug" : "mix-mau-2",
      "label" : "",
      "images" : [ "6825fed30b61125185461dc2", "6825fed30b61125185461dc3", "6825fed30b61125185461dc4", "6825fed40b61125185461dc5", "6825fed40b61125185461dc6", "6825fed40b61125185461dc7", "6825fed40b61125185461dc8", "6825fed40b61125185461dc9" ]
    }, {
      "title" : "Mix màu 4",
      "slug" : "mix-mau-4",
      "label" : "",
      "images" : [ "6825fed50b61125185461dca", "6825fed50b61125185461dcb", "6825fed50b61125185461dcc", "6825fed50b61125185461dcd", "6825fed50b61125185461dce", "6825fed60b61125185461dcf", "6825fed60b61125185461dd0", "6825fed60b61125185461dd1" ]
    }, {
      "title" : "Mix màu 1",
      "slug" : "mix-mau-1",
      "label" : "",
      "images" : [ "6825fed60b61125185461dd2", "6825fed60b61125185461dd3", "6825fed60b61125185461dd4", "6825fed60b61125185461dd5", "6825fed60b61125185461dd6", "6825fed70b61125185461dd7", "6825fed70b61125185461dd8" ]
    }, {
      "title" : "Mix màu 3",
      "slug" : "mix-mau-3",
      "label" : "",
      "images" : [ "6825fed70b61125185461dd9", "6825fed70b61125185461dda", "6825fed70b61125185461ddb", "6825fed70b61125185461ddc", "6825fed70b61125185461ddd", "6825fed70b61125185461dde", "6825fed80b61125185461ddf", "6825fed80b61125185461de0" ]
    } ]
  } ],
  "collection_id" : "6825e99e8eaaa408c6aaf61c",
  "display_order" : 409,
  "youtube_video" : "",
  "coming_soon" : false,
  "display_name_open" : "100% Cotton",
  "gender_type" : "MALE",
  "icon_thumbnail" : null,
  "compare_price" : 537000.0,
  "regular_price" : 429000.0
}