{
  "title" : "Áo Thun Nam C&S Cat Mama",
  "vendor" : "5c482438000c695cfa6f8d22",
  "tags" : [ ],
  "options" : [ {
    "type" : "COLOR",
    "title" : "Màu sắc",
    "values" : [ "Trắng", "Be", "Đen" ]
  }, {
    "type" : "SIZE",
    "title" : "Kích thước Áo",
    "values" : [ "S", "M", "L", "XL", "2XL", "3XL" ]
  } ],
  "images" : [ "681fda001f583b08bcb3f153", "681fda001f583b08bcb3f154", "681fda001f583b08bcb3f155", "681fda001f583b08bcb3f156", "681fda001f583b08bcb3f157", "681fda001f583b08bcb3f158" ],
  "discount" : null,
  "seo_alias" : "ao-thun-100-cotton-care-share-cat-mama",
  "options_values" : [ {
    "title" : "Màu sắc",
    "type" : "COLOR",
    "options" : [ {
      "title" : "Trắng",
      "slug" : "trang",
      "label" : "",
      "images" : [ "681fda001f583b08bcb3f159", "681fda001f583b08bcb3f15a", "681fda001f583b08bcb3f15b", "681fda001f583b08bcb3f15c", "681fda001f583b08bcb3f15d", "681fda001f583b08bcb3f15e" ]
    }, {
      "title" : "Be",
      "slug" : "be",
      "label" : "",
      "images" : [ "681fda001f583b08bcb3f15f", "681fda011f583b08bcb3f160", "681fda011f583b08bcb3f161", "681fda011f583b08bcb3f162", "681fda011f583b08bcb3f163", "681fda011f583b08bcb3f164" ]
    }, {
      "title" : "Đen",
      "slug" : "den",
      "label" : "",
      "images" : [ "681fda011f583b08bcb3f165", "681fda021f583b08bcb3f166", "681fda021f583b08bcb3f167", "681fda021f583b08bcb3f168", "681fda021f583b08bcb3f169", "681fda021f583b08bcb3f16a" ]
    } ]
  } ],
  "collection_id" : "681ca20a2a59db3110ec0b8f",
  "display_order" : 454,
  "youtube_video" : "",
  "coming_soon" : false,
  "display_name_open" : "Cat & Dog",
  "gender_type" : "MALE",
  "icon_thumbnail" : null,
  "compare_price" : 229000.0,
  "regular_price" : 199000.0
}