{
  "title" : "Áo thun Relaxed Fit 84RISING Starring Mickey Mouse",
  "vendor" : "635a0ae7a3ff9a6c51456f3c",
  "tags" : [ ],
  "options" : [ {
    "type" : "COLOR",
    "title" : "Màu sắc",
    "values" : [ "Trắng", "Đen" ]
  }, {
    "type" : "SIZE",
    "title" : "Kích thước",
    "values" : [ "S", "M", "L", "XL" ]
  } ],
  "images" : [ "681fd9791f583b08bcb3eeaf", "681fd9791f583b08bcb3eeb0", "681fd97a1f583b08bcb3eeb1", "681fd97a1f583b08bcb3eeb2", "681fd97a1f583b08bcb3eeb3", "681fd97a1f583b08bcb3eeb4" ],
  "discount" : null,
  "seo_alias" : "ao-thun-relaxed-fit-84rising-starring-mickey-mouse",
  "options_values" : [ {
    "title" : "Màu sắc",
    "type" : "COLOR",
    "options" : [ {
      "title" : "Trắng",
      "slug" : "trang",
      "label" : "",
      "images" : [ "681fd97a1f583b08bcb3eeb5", "681fd97a1f583b08bcb3eeb6", "681fd97a1f583b08bcb3eeb7", "681fd97a1f583b08bcb3eeb8", "681fd97a1f583b08bcb3eeb9", "681fd97a1f583b08bcb3eeba" ]
    }, {
      "title" : "Đen",
      "slug" : "den",
      "label" : "",
      "images" : [ "681fd97a1f583b08bcb3eebb", "681fd97a1f583b08bcb3eebc", "681fd97b1f583b08bcb3eebd", "681fd97b1f583b08bcb3eebe", "681fd97b1f583b08bcb3eebf", "681fd97b1f583b08bcb3eec0" ]
    } ]
  } ],
  "collection_id" : "681ca20a2a59db3110ec0b8f",
  "display_order" : 243,
  "youtube_video" : "",
  "coming_soon" : false,
  "display_name_open" : "",
  "gender_type" : "MALE",
  "icon_thumbnail" : null,
  "compare_price" : 299000.0,
  "regular_price" : 239000.0
}