{
  "title" : "Áo thun Relaxed Fit 84RISING Marvel Captain America - The Soldier",
  "vendor" : "635a0ae7a3ff9a6c51456f3c",
  "tags" : [ ],
  "options" : [ {
    "type" : "COLOR",
    "title" : "Màu sắc",
    "values" : [ "Đen", "Trắng" ]
  }, {
    "type" : "SIZE",
    "title" : "Kích thước",
    "values" : [ "S", "M", "L", "XL" ]
  } ],
  "images" : [ "6825fe100b61125185461aff", "6825fe100b61125185461b00", "6825fe100b61125185461b01", "6825fe100b61125185461b02", "6825fe100b61125185461b03", "6825fe100b61125185461b04" ],
  "discount" : null,
  "seo_alias" : "ao-thun-relaxed-fit-84rising-the-soldier",
  "options_values" : [ {
    "title" : "Màu sắc",
    "type" : "COLOR",
    "options" : [ {
      "title" : "Đen",
      "slug" : "den",
      "label" : "",
      "images" : [ "6825fe100b61125185461b05", "6825fe110b61125185461b06", "6825fe110b61125185461b07", "6825fe110b61125185461b08", "6825fe110b61125185461b09", "6825fe110b61125185461b0a" ]
    }, {
      "title" : "Trắng",
      "slug" : "trang",
      "label" : "",
      "images" : [ "6825fe110b61125185461b0b", "6825fe110b61125185461b0c", "6825fe120b61125185461b0d", "6825fe120b61125185461b0e", "6825fe120b61125185461b0f", "6825fe120b61125185461b10" ]
    } ]
  } ],
  "collection_id" : "6825e99e8eaaa408c6aaf61c",
  "display_order" : 239,
  "youtube_video" : "",
  "coming_soon" : false,
  "display_name_open" : "",
  "gender_type" : "MALE",
  "icon_thumbnail" : null,
  "compare_price" : 399000.0,
  "regular_price" : 319000.0
}