{
  "title" : "Áo Thun Chạy bộ Economy II",
  "vendor" : "5c482438000c695cfa6f8d22",
  "tags" : [ ],
  "options" : [ {
    "type" : "COLOR",
    "title" : "Màu sắc",
    "values" : [ "Cam", "Xanh Coban", "Đen" ]
  }, {
    "type" : "SIZE",
    "title" : "Kích thước",
    "values" : [ "S", "M", "L", "XL", "2XL", "3XL" ]
  } ],
  "images" : [ "6825ff110b61125185461e92", "6825ff110b61125185461e93", "6825ff110b61125185461e94", "6825ff110b61125185461e95", "6825ff110b61125185461e96", "6825ff110b61125185461e97", "6825ff110b61125185461e98", "6825ff120b61125185461e99" ],
  "discount" : null,
  "seo_alias" : "ao-thun-nam-chay-bo-basic-v2-tham-hut-mo-hoi-nhanh-chong-exdry",
  "options_values" : [ {
    "title" : "Màu sắc",
    "type" : "COLOR",
    "options" : [ {
      "title" : "Cam",
      "slug" : "cam",
      "label" : "",
      "images" : [ "6825ff120b61125185461e9a", "6825ff120b61125185461e9b", "6825ff120b61125185461e9c", "6825ff120b61125185461e9d", "6825ff120b61125185461e9e", "6825ff120b61125185461e9f" ]
    }, {
      "title" : "Xanh Coban",
      "slug" : "xanh-coban",
      "label" : "",
      "images" : [ "6825ff130b61125185461ea0", "6825ff130b61125185461ea1", "6825ff130b61125185461ea2", "6825ff130b61125185461ea3", "6825ff130b61125185461ea4", "6825ff130b61125185461ea5", "6825ff130b61125185461ea6" ]
    }, {
      "title" : "Đen",
      "slug" : "den",
      "label" : "",
      "images" : [ "6825ff130b61125185461ea7", "6825ff130b61125185461ea8", "6825ff130b61125185461ea9", "6825ff140b61125185461eaa", "6825ff140b61125185461eab", "6825ff140b61125185461eac", "6825ff140b61125185461ead" ]
    } ]
  } ],
  "collection_id" : "6825e99e8eaaa408c6aaf61c",
  "display_order" : 459,
  "youtube_video" : "",
  "coming_soon" : false,
  "display_name_open" : "ExDry",
  "gender_type" : "MALE",
  "icon_thumbnail" : null,
  "compare_price" : 199000.0,
  "regular_price" : 99000.0
}