{
  "title" : "Áo Thun Nam Cotton Compact in Coolmate",
  "vendor" : "5c482438000c695cfa6f8d22",
  "tags" : [ "CLEARANCE_SALE", "OUTLET" ],
  "options" : [ {
    "type" : "COLOR",
    "title" : "Màu sắc",
    "values" : [ "Trắng", "Đen" ]
  }, {
    "type" : "SIZE",
    "title" : "Kích thước Áo",
    "values" : [ "S", "M", "L", "XL", "2XL", "3XL" ]
  } ],
  "images" : [ "681fd9e31f583b08bcb3f0c6", "681fd9e31f583b08bcb3f0c7", "681fd9e31f583b08bcb3f0c8" ],
  "discount" : null,
  "seo_alias" : "ao-thun-nam-in-coolmate-cotton-compact-mau-trang-5",
  "options_values" : [ {
    "title" : "Màu sắc",
    "type" : "COLOR",
    "options" : [ {
      "title" : "Trắng",
      "slug" : "trang",
      "label" : "",
      "images" : [ "681fd9e31f583b08bcb3f0c9", "681fd9e31f583b08bcb3f0ca", "681fd9e41f583b08bcb3f0cb" ]
    }, {
      "title" : "Đen",
      "slug" : "den",
      "label" : "",
      "images" : [ "681fd9e41f583b08bcb3f0cc", "681fd9e41f583b08bcb3f0cd", "681fd9e41f583b08bcb3f0ce" ]
    } ]
  } ],
  "collection_id" : "681ca20a2a59db3110ec0b8f",
  "display_order" : 406,
  "youtube_video" : "",
  "coming_soon" : false,
  "display_name_open" : "Premium",
  "gender_type" : "MALE",
  "icon_thumbnail" : null,
  "compare_price" : 259000.0,
  "regular_price" : 99000.0
}