{
  "title" : "Áo thun Cotton Compact In Lụa VỤN ART Logo Trái V1",
  "vendor" : "5c482438000c695cfa6f8d22",
  "tags" : [ ],
  "options" : [ {
    "type" : "COLOR",
    "title" : "Màu sắc",
    "values" : [ "Trắng", "Đen" ]
  }, {
    "type" : "SIZE",
    "title" : "Kích thước Áo",
    "values" : [ "S", "M", "L", "XL", "2XL", "3XL" ]
  } ],
  "images" : [ "6825fe480b61125185461bc4", "6825fe480b61125185461bc5", "6825fe480b61125185461bc6" ],
  "discount" : null,
  "seo_alias" : "ao-thun-cotton-compact-care-share-vun-art-logo-trai-v1",
  "options_values" : [ {
    "title" : "Màu sắc",
    "type" : "COLOR",
    "options" : [ {
      "title" : "Trắng",
      "slug" : "trang",
      "label" : "",
      "images" : [ "6825fe490b61125185461bc7", "6825fe490b61125185461bc8", "6825fe490b61125185461bc9", "6825fe490b61125185461bca", "6825fe490b61125185461bcb" ]
    }, {
      "title" : "Đen",
      "slug" : "den",
      "label" : "",
      "images" : [ "6825fe490b61125185461bcc", "6825fe4a0b61125185461bcd", "6825fe4a0b61125185461bce", "6825fe4a0b61125185461bcf", "6825fe4a0b61125185461bd0", "6825fe4a0b61125185461bd1" ]
    } ]
  } ],
  "collection_id" : "6825e99e8eaaa408c6aaf61c",
  "display_order" : 256,
  "youtube_video" : "",
  "coming_soon" : false,
  "display_name_open" : "Care & Share",
  "gender_type" : "MALE",
  "icon_thumbnail" : null,
  "compare_price" : 299000.0,
  "regular_price" : 239000.0
}