{
  "title" : "Áo thun Copper Denim in CoolMÁTe",
  "vendor" : "5c482438000c695cfa6f8d22",
  "tags" : [ ],
  "options" : [ {
    "type" : "COLOR",
    "title" : "Màu sắc",
    "values" : [ "Trắng", "Đen", "Xanh đậm" ]
  }, {
    "type" : "SIZE",
    "title" : "Kích thước",
    "values" : [ "S", "M", "L", "XL", "2XL", "3XL" ]
  } ],
  "images" : [ "6825feee0b61125185461e1d", "6825feee0b61125185461e1e", "6825feee0b61125185461e1f", "6825feef0b61125185461e20", "6825feef0b61125185461e21", "6825feef0b61125185461e22", "6825feef0b61125185461e23", "6825feef0b61125185461e24" ],
  "discount" : null,
  "seo_alias" : "coolmate-x-copper-denim-ao-thun-nam-cotton-in-coolmate",
  "options_values" : [ {
    "title" : "Màu sắc",
    "type" : "COLOR",
    "options" : [ {
      "title" : "Trắng",
      "slug" : "trang",
      "label" : "",
      "images" : [ "6825feef0b61125185461e25", "6825feef0b61125185461e26", "6825fef00b61125185461e27", "6825fef00b61125185461e28", "6825fef00b61125185461e29", "6825fef00b61125185461e2a", "6825fef00b61125185461e2b" ]
    }, {
      "title" : "Đen",
      "slug" : "den",
      "label" : "",
      "images" : [ "6825fef00b61125185461e2c", "6825fef00b61125185461e2d", "6825fef10b61125185461e2e", "6825fef10b61125185461e2f", "6825fef10b61125185461e30", "6825fef10b61125185461e31" ]
    }, {
      "title" : "Xanh đậm",
      "slug" : "xanh-dam",
      "label" : "",
      "images" : [ "6825fef10b61125185461e32", "6825fef10b61125185461e33", "6825fef20b61125185461e34", "6825fef20b61125185461e35", "6825fef20b61125185461e36", "6825fef20b61125185461e37", "6825fef20b61125185461e38" ]
    } ]
  } ],
  "collection_id" : "6825e99e8eaaa408c6aaf61c",
  "display_order" : 450,
  "youtube_video" : "",
  "coming_soon" : false,
  "display_name_open" : "100% Cotton",
  "gender_type" : "MALE",
  "icon_thumbnail" : null,
  "compare_price" : 299000.0,
  "regular_price" : 179000.0
}