{
  "title" : "Áo Sweatshirt Thể Thao Active",
  "vendor" : "5c482438000c695cfa6f8d22",
  "tags" : [ "CLEARANCE_SALE", "OUTLET" ],
  "options" : [ {
    "type" : "COLOR",
    "title" : "Màu sắc",
    "values" : [ "Xám đậm", "Nâu", "Đen", "Xanh Navy" ]
  }, {
    "type" : "SIZE",
    "title" : "Kích thước",
    "values" : [ "XL", "2XL", "3XL", "S" ]
  } ],
  "images" : [ "6825fddf0b61125185461a5b", "6825fddf0b61125185461a5c", "6825fddf0b61125185461a5d", "6825fddf0b61125185461a5e", "6825fddf0b61125185461a5f", "6825fddf0b61125185461a60", "6825fde00b61125185461a61", "6825fde00b61125185461a62" ],
  "discount" : null,
  "seo_alias" : "ao-sweatshirt-the-thao-active-mem-mai",
  "options_values" : [ {
    "title" : "Màu sắc",
    "type" : "COLOR",
    "options" : [ {
      "title" : "Xám đậm",
      "slug" : "xam-dam",
      "label" : "",
      "images" : [ "6825fde00b61125185461a63", "6825fde10b61125185461a64", "6825fde10b61125185461a65", "6825fde10b61125185461a66", "6825fde10b61125185461a67" ]
    }, {
      "title" : "Nâu",
      "slug" : "nau",
      "label" : "",
      "images" : [ "6825fde10b61125185461a68", "6825fde20b61125185461a69", "6825fde20b61125185461a6a", "6825fde20b61125185461a6b", "6825fde20b61125185461a6c", "6825fde20b61125185461a6d" ]
    }, {
      "title" : "Đen",
      "slug" : "den",
      "label" : "",
      "images" : [ "6825fde20b61125185461a6e", "6825fde30b61125185461a6f", "6825fde30b61125185461a70", "6825fde30b61125185461a71", "6825fde30b61125185461a72", "6825fde40b61125185461a73" ]
    }, {
      "title" : "Xanh Navy",
      "slug" : "xanh-navy",
      "label" : "",
      "images" : [ "6825fde40b61125185461a74", "6825fde40b61125185461a75", "6825fde40b61125185461a76", "6825fde50b61125185461a77", "6825fde50b61125185461a78", "6825fde50b61125185461a79" ]
    } ]
  } ],
  "collection_id" : "6825e99e8eaaa408c6aaf61c",
  "display_order" : 200,
  "youtube_video" : "",
  "coming_soon" : false,
  "display_name_open" : "Vải Cotton / 360GSM",
  "gender_type" : "MALE",
  "icon_thumbnail" : null,
  "compare_price" : 399000.0,
  "regular_price" : 179000.0
}