{
  "title" : "Áo Thun Nam Viet Devils - The Devil's Heart 1",
  "vendor" : "5c482438000c695cfa6f8d22",
  "tags" : [ ],
  "options" : [ {
    "type" : "COLOR",
    "title" : "Màu sắc",
    "values" : [ "Đen" ]
  }, {
    "type" : "SIZE",
    "title" : "Kích thước",
    "values" : [ "S", "3XL" ]
  } ],
  "images" : [ "681fda141f583b08bcb3f1c3", "681fda151f583b08bcb3f1c4", "681fda151f583b08bcb3f1c5" ],
  "discount" : null,
  "seo_alias" : "ao-thun-nam-phien-ban-viet-devils-the-devils-heart-1",
  "options_values" : [ {
    "title" : "Màu sắc",
    "type" : "COLOR",
    "options" : [ {
      "title" : "Đen",
      "slug" : "den",
      "label" : "",
      "images" : [ "681fda151f583b08bcb3f1c6", "681fda151f583b08bcb3f1c7", "681fda151f583b08bcb3f1c8" ]
    } ]
  } ],
  "collection_id" : "681ca20a2a59db3110ec0b8f",
  "display_order" : 464,
  "youtube_video" : "",
  "coming_soon" : false,
  "display_name_open" : "Vải 100% Cotton",
  "gender_type" : "MALE",
  "icon_thumbnail" : null,
  "compare_price" : 329000.0,
  "regular_price" : 263000.0
}