{
  "title" : "Áo thun Relaxed Fit 84RISING Marvel Captain America ",
  "vendor" : "635a0ae7a3ff9a6c51456f3c",
  "tags" : [ ],
  "options" : [ {
    "type" : "COLOR",
    "title" : "Màu sắc",
    "values" : [ "Đen", "Trắng" ]
  }, {
    "type" : "SIZE",
    "title" : "Kích thước",
    "values" : [ "S", "M", "L", "XL" ]
  } ],
  "images" : [ "6825fe150b61125185461b11", "6825fe150b61125185461b12", "6825fe150b61125185461b13", "6825fe150b61125185461b14", "6825fe150b61125185461b15", "6825fe150b61125185461b16" ],
  "discount" : null,
  "seo_alias" : "ao-thun-relaxed-fit-84rising-marvel-captain-america",
  "options_values" : [ {
    "title" : "Màu sắc",
    "type" : "COLOR",
    "options" : [ {
      "title" : "Đen",
      "slug" : "den",
      "label" : "",
      "images" : [ "6825fe160b61125185461b17", "6825fe160b61125185461b18", "6825fe160b61125185461b19", "6825fe160b61125185461b1a", "6825fe160b61125185461b1b", "6825fe160b61125185461b1c" ]
    }, {
      "title" : "Trắng",
      "slug" : "trang",
      "label" : "",
      "images" : [ "6825fe160b61125185461b1d", "6825fe170b61125185461b1e", "6825fe170b61125185461b1f", "6825fe170b61125185461b20", "6825fe170b61125185461b21", "6825fe170b61125185461b22" ]
    } ]
  } ],
  "collection_id" : "6825e99e8eaaa408c6aaf61c",
  "display_order" : 239,
  "youtube_video" : "",
  "coming_soon" : false,
  "display_name_open" : "",
  "gender_type" : "MALE",
  "icon_thumbnail" : null,
  "compare_price" : 399000.0,
  "regular_price" : 319000.0
}