{
  "title" : "Áo thun Racquet Sport Graphic Red Line",
  "vendor" : "",
  "tags" : [ ],
  "options" : [ {
    "type" : "COLOR",
    "title" : "Màu sắc",
    "values" : [ "Đỏ" ]
  }, {
    "type" : "SIZE",
    "title" : "Kích thước",
    "values" : [ "S", "M", "L", "XL", "2XL", "3XL" ]
  } ],
  "images" : [ "6825fc720b6112518546161d", "6825fc720b6112518546161e" ],
  "discount" : null,
  "seo_alias" : "ao-thun-racquet-sport-graphic-red-line",
  "options_values" : [ {
    "title" : "Màu sắc",
    "type" : "COLOR",
    "options" : [ {
      "title" : "Đỏ",
      "slug" : "do",
      "label" : "",
      "images" : [ "6825fc720b6112518546161f", "6825fc720b61125185461620", "6825fc730b61125185461621", "6825fc730b61125185461622", "6825fc730b61125185461623", "6825fc740b61125185461624" ]
    } ]
  } ],
  "collection_id" : "6825e99e8eaaa408c6aaf61c",
  "display_order" : 358,
  "youtube_video" : "",
  "coming_soon" : false,
  "display_name_open" : "ExDry - Thoáng khí",
  "gender_type" : "MALE",
  "icon_thumbnail" : null,
  "compare_price" : 249000.0,
  "regular_price" : 199000.0
}