{
  "title" : "Áo thun Denim Swatches",
  "vendor" : "",
  "tags" : [ ],
  "options" : [ {
    "type" : "COLOR",
    "title" : "Màu sắc",
    "values" : [ "Đen" ]
  }, {
    "type" : "SIZE",
    "title" : "Kích thước",
    "values" : [ "S", "M", "L", "XL", "2XL", "3XL" ]
  } ],
  "images" : [ "6825fe2c0b61125185461b5f", "6825fe2c0b61125185461b60", "6825fe2c0b61125185461b61", "6825fe2c0b61125185461b62", "6825fe2c0b61125185461b63" ],
  "discount" : null,
  "seo_alias" : "ao-thun-denim-swatches",
  "options_values" : [ {
    "title" : "Màu sắc",
    "type" : "COLOR",
    "options" : [ {
      "title" : "Đen",
      "slug" : "den",
      "label" : "",
      "images" : [ "6825fe2c0b61125185461b64", "6825fe2d0b61125185461b65", "6825fe2d0b61125185461b66", "6825fe2d0b61125185461b67", "6825fe2d0b61125185461b68", "6825fe2d0b61125185461b69" ]
    } ]
  } ],
  "collection_id" : "6825e99e8eaaa408c6aaf61c",
  "display_order" : 248,
  "youtube_video" : "",
  "coming_soon" : false,
  "display_name_open" : "100% Cotton 220 Gsm",
  "gender_type" : "MALE",
  "icon_thumbnail" : null,
  "compare_price" : 299000.0,
  "regular_price" : 159000.0
}