{
  "title" : "Áo thun Relaxed Fit 84RISING Disney Corner in TẾT - Mickey Mouse",
  "vendor" : "635a0ae7a3ff9a6c51456f3c",
  "tags" : [ ],
  "options" : [ {
    "type" : "COLOR",
    "title" : "Màu sắc",
    "values" : [ "Đen", "Trắng" ]
  }, {
    "type" : "SIZE",
    "title" : "Kích thước",
    "values" : [ "S", "M", "L", "XL" ]
  } ],
  "images" : [ "6826001a0b6112518546233f", "6826001a0b61125185462340", "6826001a0b61125185462341", "6826001a0b61125185462342", "6826001a0b61125185462343", "6826001a0b61125185462344" ],
  "discount" : null,
  "seo_alias" : "ao-thun-oversize-basic-84rising-disney-corner-in-mickey-mouse",
  "options_values" : [ {
    "title" : "Màu sắc",
    "type" : "COLOR",
    "options" : [ {
      "title" : "Đen",
      "slug" : "den",
      "label" : "",
      "images" : [ "6826001a0b61125185462345", "6826001a0b61125185462346", "6826001a0b61125185462347", "6826001b0b61125185462348", "6826001b0b61125185462349", "6826001b0b6112518546234a" ]
    }, {
      "title" : "Trắng",
      "slug" : "trang",
      "label" : "",
      "images" : [ "6826001b0b6112518546234b", "6826001b0b6112518546234c", "6826001b0b6112518546234d", "6826001b0b6112518546234e", "6826001b0b6112518546234f", "6826001b0b61125185462350" ]
    } ]
  } ],
  "collection_id" : "6825e99e8eaaa408c6aaf61c",
  "display_order" : 999,
  "youtube_video" : "",
  "coming_soon" : false,
  "display_name_open" : "",
  "gender_type" : "MALE",
  "icon_thumbnail" : null,
  "compare_price" : 399000.0,
  "regular_price" : 319000.0
}