{
  "title" : "Áo thun Cotton Care & Share in Fire Signs ",
  "vendor" : "5c482438000c695cfa6f8d22",
  "tags" : [ ],
  "options" : [ {
    "type" : "COLOR",
    "title" : "Màu sắc",
    "values" : [ "Be", "Trắng", "Đen" ]
  }, {
    "type" : "SIZE",
    "title" : "Kích thước",
    "values" : [ "S", "M", "XL", "2XL", "3XL", "L" ]
  } ],
  "images" : [ "6825ff3f0b61125185461f41", "6825ff3f0b61125185461f42", "6825ff3f0b61125185461f43", "6825ff3f0b61125185461f44", "6825ff3f0b61125185461f45", "6825ff3f0b61125185461f46" ],
  "discount" : null,
  "seo_alias" : "ao-thun-cotton-care-share-in-fire-signs-cung-hoang-dao-collection",
  "options_values" : [ {
    "title" : "Màu sắc",
    "type" : "COLOR",
    "options" : [ {
      "title" : "Be",
      "slug" : "be",
      "label" : "",
      "images" : [ "6825ff3f0b61125185461f47", "6825ff3f0b61125185461f48", "6825ff400b61125185461f49", "6825ff400b61125185461f4a", "6825ff400b61125185461f4b" ]
    }, {
      "title" : "Trắng",
      "slug" : "trang",
      "label" : "",
      "images" : [ "6825ff400b61125185461f4c", "6825ff400b61125185461f4d", "6825ff400b61125185461f4e", "6825ff400b61125185461f4f", "6825ff410b61125185461f50" ]
    }, {
      "title" : "Đen",
      "slug" : "den",
      "label" : "",
      "images" : [ "6825ff410b61125185461f51", "6825ff410b61125185461f52", "6825ff410b61125185461f53" ]
    } ]
  } ],
  "collection_id" : "6825e99e8eaaa408c6aaf61c",
  "display_order" : 471,
  "youtube_video" : "",
  "coming_soon" : false,
  "display_name_open" : "Cung Hoàng Đạo Collection ",
  "gender_type" : "MALE",
  "icon_thumbnail" : null,
  "compare_price" : 199000.0,
  "regular_price" : 149000.0
}