{
  "title" : "Áo thun Care & Share in Sò Biển",
  "vendor" : "5c482438000c695cfa6f8d22",
  "tags" : [ ],
  "options" : [ {
    "type" : "COLOR",
    "title" : "Màu sắc",
    "values" : [ "Xanh dương", "Đen", "Trắng", "Be" ]
  }, {
    "type" : "SIZE",
    "title" : "Kích thước",
    "values" : [ "S", "M", "L", "XL" ]
  } ],
  "images" : [ "681fdaf81f583b08bcb3f63c", "681fdaf91f583b08bcb3f63d", "681fdaf91f583b08bcb3f63e", "681fdaf91f583b08bcb3f63f", "681fdaf91f583b08bcb3f640", "681fdaf91f583b08bcb3f641", "681fdaf91f583b08bcb3f642", "681fdaf91f583b08bcb3f643", "681fdaf91f583b08bcb3f644", "681fdaf91f583b08bcb3f645" ],
  "discount" : null,
  "seo_alias" : "ao-thun-cotton-care-share-in-so-bien-dang-relaxed-fit-summer-holiday-collection",
  "options_values" : [ {
    "title" : "Màu sắc",
    "type" : "COLOR",
    "options" : [ {
      "title" : "Xanh dương",
      "slug" : "xanh-duong",
      "label" : "",
      "images" : [ "681fdaf91f583b08bcb3f646", "681fdaf91f583b08bcb3f647", "681fdafa1f583b08bcb3f648", "681fdafa1f583b08bcb3f649", "681fdafa1f583b08bcb3f64a", "681fdafa1f583b08bcb3f64b", "681fdafa1f583b08bcb3f64c", "681fdafb1f583b08bcb3f64d", "681fdafb1f583b08bcb3f64e", "681fdafb1f583b08bcb3f64f" ]
    }, {
      "title" : "Đen",
      "slug" : "den",
      "label" : "",
      "images" : [ "681fdafb1f583b08bcb3f650", "681fdafb1f583b08bcb3f651", "681fdafb1f583b08bcb3f652", "681fdafb1f583b08bcb3f653", "681fdafb1f583b08bcb3f654", "681fdafb1f583b08bcb3f655", "681fdafb1f583b08bcb3f656", "681fdafb1f583b08bcb3f657", "681fdafb1f583b08bcb3f658", "681fdafb1f583b08bcb3f659" ]
    }, {
      "title" : "Trắng",
      "slug" : "trang",
      "label" : "",
      "images" : [ "681fdafc1f583b08bcb3f65a", "681fdafc1f583b08bcb3f65b", "681fdafc1f583b08bcb3f65c", "681fdafc1f583b08bcb3f65d", "681fdafc1f583b08bcb3f65e", "681fdafc1f583b08bcb3f65f", "681fdafc1f583b08bcb3f660", "681fdafc1f583b08bcb3f661", "681fdafc1f583b08bcb3f662", "681fdafc1f583b08bcb3f663" ]
    }, {
      "title" : "Be",
      "slug" : "be",
      "label" : "",
      "images" : [ "681fdafc1f583b08bcb3f664", "681fdafc1f583b08bcb3f665", "681fdafc1f583b08bcb3f666", "681fdafc1f583b08bcb3f667", "681fdafd1f583b08bcb3f668", "681fdafd1f583b08bcb3f669", "681fdafd1f583b08bcb3f66a", "681fdafd1f583b08bcb3f66b", "681fdafd1f583b08bcb3f66c", "681fdafd1f583b08bcb3f66d" ]
    } ]
  } ],
  "collection_id" : "681ca20a2a59db3110ec0b8f",
  "display_order" : 541,
  "youtube_video" : "",
  "coming_soon" : false,
  "display_name_open" : "Dáng Relaxed Fit / Summer Holiday Collection",
  "gender_type" : "MALE",
  "icon_thumbnail" : null,
  "compare_price" : 249000.0,
  "regular_price" : 199000.0
}