{
  "title" : "Áo thun Care & Share in Graphic Summer II",
  "vendor" : "5c482438000c695cfa6f8d22",
  "tags" : [ ],
  "options" : [ {
    "type" : "COLOR",
    "title" : "Màu sắc",
    "values" : [ "Xanh dương", "Đen", "Trắng", "Be" ]
  }, {
    "type" : "SIZE",
    "title" : "Kích thước",
    "values" : [ "S", "M", "L", "XL" ]
  } ],
  "images" : [ "682600040b611251854622ca", "682600040b611251854622cb", "682600040b611251854622cc", "682600050b611251854622cd", "682600050b611251854622ce", "682600050b611251854622cf", "682600050b611251854622d0", "682600050b611251854622d1" ],
  "discount" : null,
  "seo_alias" : "ao-thun-oversize-cotton-care-share-in-graphic-summer-ii-dang-relaxed-fit-summer-holiday-collection",
  "options_values" : [ {
    "title" : "Màu sắc",
    "type" : "COLOR",
    "options" : [ {
      "title" : "Xanh dương",
      "slug" : "xanh-duong",
      "label" : "",
      "images" : [ "682600050b611251854622d2", "682600050b611251854622d3", "682600050b611251854622d4", "682600050b611251854622d5", "682600050b611251854622d6", "682600060b611251854622d7" ]
    }, {
      "title" : "Đen",
      "slug" : "den",
      "label" : "",
      "images" : [ "682600060b611251854622d8", "682600060b611251854622d9", "682600060b611251854622da", "682600060b611251854622db", "682600060b611251854622dc", "682600060b611251854622dd" ]
    }, {
      "title" : "Trắng",
      "slug" : "trang",
      "label" : "",
      "images" : [ "682600060b611251854622de", "682600060b611251854622df", "682600060b611251854622e0", "682600070b611251854622e1", "682600070b611251854622e2", "682600070b611251854622e3" ]
    }, {
      "title" : "Be",
      "slug" : "be",
      "label" : "",
      "images" : [ "682600070b611251854622e4", "682600070b611251854622e5", "682600070b611251854622e6", "682600070b611251854622e7", "682600070b611251854622e8", "682600070b611251854622e9" ]
    } ]
  } ],
  "collection_id" : "6825e99e8eaaa408c6aaf61c",
  "display_order" : 544,
  "youtube_video" : "",
  "coming_soon" : false,
  "display_name_open" : "Dáng Relaxed Fit / Summer Holiday Collection",
  "gender_type" : "MALE",
  "icon_thumbnail" : null,
  "compare_price" : 249000.0,
  "regular_price" : 199000.0
}