{
  "title" : "Áo thun Relaxed Fit 84RISING Legend Club",
  "vendor" : "635a0ae7a3ff9a6c51456f3c",
  "tags" : [ ],
  "options" : [ {
    "type" : "COLOR",
    "title" : "Màu sắc",
    "values" : [ "Đen" ]
  }, {
    "type" : "SIZE",
    "title" : "Kích thước",
    "values" : [ "S", "M", "L", "XL" ]
  } ],
  "images" : [ "681fd8c51f583b08bcb3eaf9", "681fd8c51f583b08bcb3eafa", "681fd8c51f583b08bcb3eafb", "681fd8c51f583b08bcb3eafc", "681fd8c51f583b08bcb3eafd", "681fd8c51f583b08bcb3eafe", "681fd8c51f583b08bcb3eaff", "681fd8c61f583b08bcb3eb00", "681fd8c61f583b08bcb3eb01" ],
  "discount" : null,
  "seo_alias" : "ao-thun-oversize-84rising-mickey-legend-club",
  "options_values" : [ {
    "title" : "Màu sắc",
    "type" : "COLOR",
    "options" : [ {
      "title" : "Đen",
      "slug" : "den",
      "label" : "",
      "images" : [ "681fd8c61f583b08bcb3eb02", "681fd8c61f583b08bcb3eb03", "681fd8c61f583b08bcb3eb04", "681fd8c61f583b08bcb3eb05", "681fd8c61f583b08bcb3eb06", "681fd8c61f583b08bcb3eb07", "681fd8c61f583b08bcb3eb08", "681fd8c61f583b08bcb3eb09", "681fd8c61f583b08bcb3eb0a" ]
    } ]
  } ],
  "collection_id" : "681ca20a2a59db3110ec0b8f",
  "display_order" : 1,
  "youtube_video" : "",
  "coming_soon" : false,
  "display_name_open" : "",
  "gender_type" : "MALE",
  "icon_thumbnail" : null,
  "compare_price" : 299000.0,
  "regular_price" : 239000.0
}