{
  "title" : "Áo Thun Nam Peace",
  "vendor" : "5c482438000c695cfa6f8d22",
  "tags" : [ "CLEARANCE_SALE", "OUTLET" ],
  "options" : [ {
    "type" : "SIZE",
    "title" : "Kích thước Áo",
    "values" : [ "S", "M", "L", "XL", "2XL", "3XL" ]
  } ],
  "images" : [ "681fd9061f583b08bcb3ec49", "681fd9061f583b08bcb3ec4a", "681fd9061f583b08bcb3ec4b", "681fd9061f583b08bcb3ec4c", "681fd9061f583b08bcb3ec4d", "681fd9061f583b08bcb3ec4e" ],
  "discount" : null,
  "seo_alias" : "ao-thun-in-peace-clean-vietnam-mau-den",
  "options_values" : [ ],
  "collection_id" : "681ca20a2a59db3110ec0b8f",
  "display_order" : 10,
  "youtube_video" : "",
  "coming_soon" : false,
  "display_name_open" : "Clean VietNam",
  "gender_type" : "MALE",
  "icon_thumbnail" : null,
  "compare_price" : 299000.0,
  "regular_price" : 99000.0
}