{
  "title" : "Áo Thun Care & Share Ver2",
  "vendor" : "5c482438000c695cfa6f8d22",
  "tags" : [ "LIMITED" ],
  "options" : [ {
    "type" : "COLOR",
    "title" : "Màu sắc",
    "values" : [ "Đen", "Trắng", "Be", "Xanh đậm" ]
  }, {
    "type" : "SIZE",
    "title" : "Kích thước",
    "values" : [ "S", "M", "L", "XL", "2XL", "3XL" ]
  } ],
  "images" : [ "681fdaf01f583b08bcb3f610", "681fdaf01f583b08bcb3f611", "681fdaf01f583b08bcb3f612", "681fdaf01f583b08bcb3f613" ],
  "discount" : null,
  "seo_alias" : "ao-thun-100-cotton-care-share-ver2-tet-collection",
  "options_values" : [ {
    "title" : "Màu sắc",
    "type" : "COLOR",
    "options" : [ {
      "title" : "Đen",
      "slug" : "den",
      "label" : "",
      "images" : [ "681fdaf01f583b08bcb3f614", "681fdaf01f583b08bcb3f615", "681fdaf01f583b08bcb3f616", "681fdaf11f583b08bcb3f617" ]
    }, {
      "title" : "Trắng",
      "slug" : "trang",
      "label" : "",
      "images" : [ "681fdaf11f583b08bcb3f618", "681fdaf11f583b08bcb3f619", "681fdaf11f583b08bcb3f61a", "681fdaf11f583b08bcb3f61b" ]
    }, {
      "title" : "Be",
      "slug" : "be",
      "label" : "",
      "images" : [ "681fdaf11f583b08bcb3f61c", "681fdaf11f583b08bcb3f61d", "681fdaf11f583b08bcb3f61e", "681fdaf11f583b08bcb3f61f" ]
    }, {
      "title" : "Xanh đậm",
      "slug" : "xanh-dam",
      "label" : "",
      "images" : [ "681fdaf11f583b08bcb3f620", "681fdaf11f583b08bcb3f621", "681fdaf11f583b08bcb3f622", "681fdaf11f583b08bcb3f623" ]
    } ]
  } ],
  "collection_id" : "681ca20a2a59db3110ec0b8f",
  "display_order" : 535,
  "youtube_video" : "",
  "coming_soon" : false,
  "display_name_open" : "TET Collection",
  "gender_type" : "MALE",
  "icon_thumbnail" : null,
  "compare_price" : 199000.0,
  "regular_price" : 149000.0
}