{
  "title" : "Áo thun Cotton Compact In Lụa VỤN ART Ô Ăn Quan",
  "vendor" : "5c482438000c695cfa6f8d22",
  "tags" : [ ],
  "options" : [ {
    "type" : "COLOR",
    "title" : "Màu sắc",
    "values" : [ "Trắng" ]
  }, {
    "type" : "SIZE",
    "title" : "Kích thước Áo",
    "values" : [ "S", "M", "L", "XL", "2XL", "3XL" ]
  } ],
  "images" : [ "6825fe500b61125185461be0", "6825fe500b61125185461be1", "6825fe500b61125185461be2" ],
  "discount" : null,
  "seo_alias" : "ao-thun-cotton-compact-care-share-vun-art-o-an-quan",
  "options_values" : [ {
    "title" : "Màu sắc",
    "type" : "COLOR",
    "options" : [ {
      "title" : "Trắng",
      "slug" : "trang",
      "label" : "",
      "images" : [ "6825fe500b61125185461be3", "6825fe500b61125185461be4", "6825fe500b61125185461be5", "6825fe510b61125185461be6", "6825fe510b61125185461be7", "6825fe510b61125185461be8" ]
    } ]
  } ],
  "collection_id" : "6825e99e8eaaa408c6aaf61c",
  "display_order" : 258,
  "youtube_video" : "",
  "coming_soon" : false,
  "display_name_open" : "Care & Share",
  "gender_type" : "MALE",
  "icon_thumbnail" : null,
  "compare_price" : 299000.0,
  "regular_price" : 239000.0
}