{
  "title" : "Áo Thun Chạy Bộ Graphic Special",
  "vendor" : "5c482438000c695cfa6f8d22",
  "tags" : [ "BEST_SELLER" ],
  "options" : [ {
    "type" : "COLOR",
    "title" : "Màu sắc",
    "values" : [ "Đen", "Xanh dương", "Xanh rêu" ]
  }, {
    "type" : "SIZE",
    "title" : "Kích thước",
    "values" : [ "S", "M", "L", "XL", "2XL", "3XL" ]
  } ],
  "images" : [ "6825fdf70b61125185461aa9", "6825fdf70b61125185461aaa", "6825fdf70b61125185461aab", "6825fdf70b61125185461aac", "6825fdf70b61125185461aad", "6825fdf70b61125185461aae" ],
  "discount" : null,
  "seo_alias" : "ao-thun-chay-bo-nam-graphic-special",
  "options_values" : [ {
    "title" : "Màu sắc",
    "type" : "COLOR",
    "options" : [ {
      "title" : "Đen",
      "slug" : "den",
      "label" : "",
      "images" : [ "6825fdf80b61125185461aaf", "6825fdf80b61125185461ab0", "6825fdf80b61125185461ab1", "6825fdf80b61125185461ab2", "6825fdf80b61125185461ab3", "6825fdf80b61125185461ab4" ]
    }, {
      "title" : "Xanh dương",
      "slug" : "xanh-duong",
      "label" : "",
      "images" : [ "6825fdf80b61125185461ab5", "6825fdf90b61125185461ab6", "6825fdf90b61125185461ab7", "6825fdf90b61125185461ab8", "6825fdf90b61125185461ab9", "6825fdf90b61125185461aba" ]
    }, {
      "title" : "Xanh rêu",
      "slug" : "xanh-reu",
      "label" : "",
      "images" : [ "6825fdf90b61125185461abb", "6825fdf90b61125185461abc", "6825fdfa0b61125185461abd", "6825fdfa0b61125185461abe", "6825fdfa0b61125185461abf", "6825fdfa0b61125185461ac0" ]
    } ]
  } ],
  "collection_id" : "6825e99e8eaaa408c6aaf61c",
  "display_order" : 215,
  "youtube_video" : "",
  "coming_soon" : false,
  "display_name_open" : "Mỏng nhẹ",
  "gender_type" : "MALE",
  "icon_thumbnail" : null,
  "compare_price" : 199000.0,
  "regular_price" : 199000.0
}