{
  "title" : "Áo thun Care & Share in Surf Never Ends ",
  "vendor" : "5c482438000c695cfa6f8d22",
  "tags" : [ ],
  "options" : [ {
    "type" : "COLOR",
    "title" : "Màu sắc",
    "values" : [ "Xanh dương", "Đen", "Trắng", "Be" ]
  }, {
    "type" : "SIZE",
    "title" : "Kích thước",
    "values" : [ "S", "M", "L", "XL" ]
  } ],
  "images" : [ "6825fffe0b611251854622a9", "6825fffe0b611251854622aa", "6825ffff0b611251854622ab", "6825ffff0b611251854622ac", "6825ffff0b611251854622ad", "6825ffff0b611251854622ae", "6825ffff0b611251854622af", "6825ffff0b611251854622b0", "6825ffff0b611251854622b1" ],
  "discount" : null,
  "seo_alias" : "ao-thun-cotton-care-share-in-surf-never-ends-dang-relaxed-fit-summer-holiday-collection",
  "options_values" : [ {
    "title" : "Màu sắc",
    "type" : "COLOR",
    "options" : [ {
      "title" : "Xanh dương",
      "slug" : "xanh-duong",
      "label" : "",
      "images" : [ "6825ffff0b611251854622b2", "6825ffff0b611251854622b3", "6825ffff0b611251854622b4", "682600000b611251854622b5", "682600000b611251854622b6", "682600000b611251854622b7" ]
    }, {
      "title" : "Đen",
      "slug" : "den",
      "label" : "",
      "images" : [ "682600000b611251854622b8", "682600000b611251854622b9", "682600000b611251854622ba", "682600000b611251854622bb", "682600000b611251854622bc", "682600000b611251854622bd" ]
    }, {
      "title" : "Trắng",
      "slug" : "trang",
      "label" : "",
      "images" : [ "682600000b611251854622be", "682600000b611251854622bf", "682600010b611251854622c0", "682600010b611251854622c1", "682600010b611251854622c2", "682600010b611251854622c3" ]
    }, {
      "title" : "Be",
      "slug" : "be",
      "label" : "",
      "images" : [ "682600010b611251854622c4", "682600010b611251854622c5", "682600010b611251854622c6", "682600010b611251854622c7", "682600010b611251854622c8", "682600010b611251854622c9" ]
    } ]
  } ],
  "collection_id" : "6825e99e8eaaa408c6aaf61c",
  "display_order" : 543,
  "youtube_video" : "",
  "coming_soon" : false,
  "display_name_open" : "Dáng Relaxed Fit / Summer Holiday Collection",
  "gender_type" : "MALE",
  "icon_thumbnail" : null,
  "compare_price" : 249000.0,
  "regular_price" : 199000.0
}