{
  "title" : "Áo Giữ Nhiệt Modal Ultra",
  "vendor" : "5c482438000c695cfa6f8d22",
  "tags" : [ "CLEARANCE_SALE", "OUTLET" ],
  "options" : [ {
    "type" : "COLOR",
    "title" : "Màu sắc",
    "values" : [ "Trắng", "Xám", "Đen" ]
  }, {
    "type" : "SIZE",
    "title" : "Kích thước",
    "values" : [ "S", "M", "L", "XL", "2XL", "3XL" ]
  } ],
  "images" : [ "6826003d0b611251854623f7", "6826003d0b611251854623f8", "6826003d0b611251854623f9", "6826003d0b611251854623fa", "6826003d0b611251854623fb", "6826003d0b611251854623fc" ],
  "discount" : null,
  "seo_alias" : "ao-giu-nhiet-nam-modal-ultra-warm-mac-la-am-thoang-khi",
  "options_values" : [ {
    "title" : "Màu sắc",
    "type" : "COLOR",
    "options" : [ {
      "title" : "Trắng",
      "slug" : "trang",
      "label" : "",
      "images" : [ "6826003e0b611251854623fd", "6826003e0b611251854623fe", "6826003e0b611251854623ff", "6826003e0b61125185462400", "6826003e0b61125185462401", "6826003e0b61125185462402", "6826003e0b61125185462403", "6826003e0b61125185462404" ]
    }, {
      "title" : "Xám",
      "slug" : "xam",
      "label" : "",
      "images" : [ "6826003e0b61125185462405", "6826003e0b61125185462406", "6826003e0b61125185462407", "6826003f0b61125185462408", "6826003f0b61125185462409", "6826003f0b6112518546240a", "6826003f0b6112518546240b" ]
    }, {
      "title" : "Đen",
      "slug" : "den",
      "label" : "",
      "images" : [ "6826003f0b6112518546240c", "6826003f0b6112518546240d", "6826003f0b6112518546240e", "6826003f0b6112518546240f", "6826003f0b61125185462410", "6826003f0b61125185462411", "682600400b61125185462412", "682600400b61125185462413" ]
    } ]
  } ],
  "collection_id" : "6825e99e8eaaa408c6aaf61c",
  "display_order" : 165,
  "youtube_video" : "",
  "coming_soon" : false,
  "display_name_open" : "Giữ ấm",
  "gender_type" : "MALE",
  "icon_thumbnail" : null,
  "compare_price" : 289000.0,
  "regular_price" : 149000.0
}