{
  "title" : "Áo thun Relaxed Fit 84RISING HEHEHE",
  "vendor" : "635a0ae7a3ff9a6c51456f3c",
  "tags" : [ ],
  "options" : [ {
    "type" : "COLOR",
    "title" : "Màu sắc",
    "values" : [ "Đen", "Trắng" ]
  }, {
    "type" : "SIZE",
    "title" : "Kích thước",
    "values" : [ "S", "M", "L", "XL" ]
  } ],
  "images" : [ "681fd8621f583b08bcb3e8a2", "681fd8631f583b08bcb3e8a3", "681fd8631f583b08bcb3e8a4", "681fd8631f583b08bcb3e8a5" ],
  "discount" : null,
  "seo_alias" : "ao-thun-oversize-basic-84rising-hehehe",
  "options_values" : [ {
    "title" : "Màu sắc",
    "type" : "COLOR",
    "options" : [ {
      "title" : "Đen",
      "slug" : "den",
      "label" : "",
      "images" : [ "681fd8631f583b08bcb3e8a6", "681fd8631f583b08bcb3e8a7", "681fd8631f583b08bcb3e8a8", "681fd8641f583b08bcb3e8a9" ]
    }, {
      "title" : "Trắng",
      "slug" : "trang",
      "label" : "",
      "images" : [ "681fd8641f583b08bcb3e8aa", "681fd8641f583b08bcb3e8ab", "681fd8641f583b08bcb3e8ac", "681fd8641f583b08bcb3e8ad" ]
    } ]
  } ],
  "collection_id" : "681ca20a2a59db3110ec0b8f",
  "display_order" : 999,
  "youtube_video" : "",
  "coming_soon" : false,
  "display_name_open" : "",
  "gender_type" : "MALE",
  "icon_thumbnail" : null,
  "compare_price" : 399000.0,
  "regular_price" : 319000.0
}