{
  "title" : "Áo in Cotton Compact CARE SHARE In Lụa VỤN ART II - [Chung tay xây nhà mới]",
  "vendor" : "5c482438000c695cfa6f8d22",
  "tags" : [ ],
  "options" : [ {
    "type" : "COLOR",
    "title" : "Màu sắc",
    "values" : [ "Trắng", "Đen" ]
  }, {
    "type" : "SIZE",
    "title" : "Kích thước Áo",
    "values" : [ "S", "M", "L", "XL", "2XL", "3XL" ]
  } ],
  "images" : [ "6825ff930b61125185462090", "6825ff930b61125185462091", "6825ff930b61125185462092", "6825ff940b61125185462093", "6825ff940b61125185462094", "6825ff940b61125185462095" ],
  "discount" : null,
  "seo_alias" : "ao-in-cotton-compact-care-share-in-lua-vun-art-ii-chung-tay-xay-nha-moi",
  "options_values" : [ {
    "title" : "Màu sắc",
    "type" : "COLOR",
    "options" : [ {
      "title" : "Trắng",
      "slug" : "trang",
      "label" : "",
      "images" : [ "6825ff950b61125185462096", "6825ff950b61125185462097", "6825ff950b61125185462098", "6825ff950b61125185462099", "6825ff950b6112518546209a", "6825ff960b6112518546209b", "6825ff960b6112518546209c" ]
    }, {
      "title" : "Đen",
      "slug" : "den",
      "label" : "",
      "images" : [ "6825ff960b6112518546209d", "6825ff960b6112518546209e", "6825ff960b6112518546209f", "6825ff960b611251854620a0", "6825ff960b611251854620a1", "6825ff960b611251854620a2", "6825ff970b611251854620a3" ]
    } ]
  } ],
  "collection_id" : "6825e99e8eaaa408c6aaf61c",
  "display_order" : 505,
  "youtube_video" : "",
  "coming_soon" : false,
  "display_name_open" : "Care & Share",
  "gender_type" : "MALE",
  "icon_thumbnail" : null,
  "compare_price" : 299000.0,
  "regular_price" : 239000.0
}