{
  "title" : "Áo thun Care & Share in Graphic Summer",
  "vendor" : "5c482438000c695cfa6f8d22",
  "tags" : [ ],
  "options" : [ {
    "type" : "COLOR",
    "title" : "Màu sắc",
    "values" : [ "Be", "Đen", "Trắng", "Xanh dương" ]
  }, {
    "type" : "SIZE",
    "title" : "Kích thước",
    "values" : [ "S", "M", "L", "XL" ]
  } ],
  "images" : [ "681fdb011f583b08bcb3f66e", "681fdb011f583b08bcb3f66f", "681fdb011f583b08bcb3f670", "681fdb011f583b08bcb3f671", "681fdb011f583b08bcb3f672", "681fdb011f583b08bcb3f673", "681fdb011f583b08bcb3f674", "681fdb021f583b08bcb3f675", "681fdb021f583b08bcb3f676", "681fdb021f583b08bcb3f677" ],
  "discount" : null,
  "seo_alias" : "ao-thun-oversize-cotton-care-share-in-graphic-summer-summer-holiday-collection",
  "options_values" : [ {
    "title" : "Màu sắc",
    "type" : "COLOR",
    "options" : [ {
      "title" : "Be",
      "slug" : "be",
      "label" : "",
      "images" : [ "681fdb021f583b08bcb3f678", "681fdb021f583b08bcb3f679", "681fdb021f583b08bcb3f67a", "681fdb021f583b08bcb3f67b", "681fdb021f583b08bcb3f67c", "681fdb021f583b08bcb3f67d", "681fdb031f583b08bcb3f67e", "681fdb031f583b08bcb3f67f", "681fdb031f583b08bcb3f680", "681fdb031f583b08bcb3f681" ]
    }, {
      "title" : "Đen",
      "slug" : "den",
      "label" : "",
      "images" : [ "681fdb041f583b08bcb3f682", "681fdb041f583b08bcb3f683", "681fdb041f583b08bcb3f684", "681fdb041f583b08bcb3f685", "681fdb041f583b08bcb3f686", "681fdb041f583b08bcb3f687", "681fdb041f583b08bcb3f688", "681fdb041f583b08bcb3f689", "681fdb041f583b08bcb3f68a", "681fdb041f583b08bcb3f68b" ]
    }, {
      "title" : "Trắng",
      "slug" : "trang",
      "label" : "",
      "images" : [ "681fdb051f583b08bcb3f68c", "681fdb051f583b08bcb3f68d", "681fdb061f583b08bcb3f68e", "681fdb061f583b08bcb3f68f", "681fdb061f583b08bcb3f690", "681fdb061f583b08bcb3f691", "681fdb061f583b08bcb3f692", "681fdb061f583b08bcb3f693", "681fdb061f583b08bcb3f694", "681fdb061f583b08bcb3f695" ]
    }, {
      "title" : "Xanh dương",
      "slug" : "xanh-duong",
      "label" : "",
      "images" : [ "681fdb061f583b08bcb3f696", "681fdb061f583b08bcb3f697", "681fdb061f583b08bcb3f698", "681fdb071f583b08bcb3f699", "681fdb071f583b08bcb3f69a", "681fdb071f583b08bcb3f69b", "681fdb071f583b08bcb3f69c", "681fdb071f583b08bcb3f69d", "681fdb071f583b08bcb3f69e", "681fdb071f583b08bcb3f69f" ]
    } ]
  } ],
  "collection_id" : "681ca20a2a59db3110ec0b8f",
  "display_order" : 542,
  "youtube_video" : "",
  "coming_soon" : false,
  "display_name_open" : "Dáng Relaxed Fit / Summer Holiday Collection",
  "gender_type" : "MALE",
  "icon_thumbnail" : null,
  "compare_price" : 249000.0,
  "regular_price" : 199000.0
}