{
  "title" : "Áo thun Relaxed Fit 84RISING Disney Corner in TẾT - Happy Mickey",
  "vendor" : "635a0ae7a3ff9a6c51456f3c",
  "tags" : [ ],
  "options" : [ {
    "type" : "COLOR",
    "title" : "Màu sắc",
    "values" : [ "Đen", "Trắng" ]
  }, {
    "type" : "SIZE",
    "title" : "Kích thước",
    "values" : [ "S", "M", "L", "XL" ]
  } ],
  "images" : [ "681fdb211f583b08bcb3f722", "681fdb221f583b08bcb3f723", "681fdb221f583b08bcb3f724", "681fdb221f583b08bcb3f725", "681fdb221f583b08bcb3f726", "681fdb221f583b08bcb3f727", "681fdb221f583b08bcb3f728", "681fdb221f583b08bcb3f729", "681fdb221f583b08bcb3f72a", "681fdb221f583b08bcb3f72b", "681fdb221f583b08bcb3f72c", "681fdb221f583b08bcb3f72d" ],
  "discount" : null,
  "seo_alias" : "ao-thun-oversize-basic-84rising-disney-corner-in-happy-mickey",
  "options_values" : [ {
    "title" : "Màu sắc",
    "type" : "COLOR",
    "options" : [ {
      "title" : "Đen",
      "slug" : "den",
      "label" : "",
      "images" : [ "681fdb231f583b08bcb3f72e", "681fdb231f583b08bcb3f72f", "681fdb231f583b08bcb3f730", "681fdb231f583b08bcb3f731", "681fdb231f583b08bcb3f732", "681fdb231f583b08bcb3f733", "681fdb231f583b08bcb3f734", "681fdb231f583b08bcb3f735", "681fdb241f583b08bcb3f736", "681fdb241f583b08bcb3f737", "681fdb241f583b08bcb3f738", "681fdb241f583b08bcb3f739" ]
    }, {
      "title" : "Trắng",
      "slug" : "trang",
      "label" : "",
      "images" : [ "681fdb241f583b08bcb3f73a", "681fdb241f583b08bcb3f73b", "681fdb241f583b08bcb3f73c", "681fdb241f583b08bcb3f73d", "681fdb241f583b08bcb3f73e", "681fdb251f583b08bcb3f73f", "681fdb251f583b08bcb3f740", "681fdb251f583b08bcb3f741", "681fdb251f583b08bcb3f742", "681fdb251f583b08bcb3f743", "681fdb251f583b08bcb3f744", "681fdb251f583b08bcb3f745" ]
    } ]
  } ],
  "collection_id" : "681ca20a2a59db3110ec0b8f",
  "display_order" : 999,
  "youtube_video" : "",
  "coming_soon" : false,
  "display_name_open" : "",
  "gender_type" : "MALE",
  "icon_thumbnail" : null,
  "compare_price" : 399000.0,
  "regular_price" : 319000.0
}