{
  "title" : "Áo Thun Nam C&S Happy Cat",
  "vendor" : "5c482438000c695cfa6f8d22",
  "tags" : [ ],
  "options" : [ {
    "type" : "COLOR",
    "title" : "Màu sắc",
    "values" : [ "Trắng", "Đen", "Be" ]
  }, {
    "type" : "SIZE",
    "title" : "Kích thước Áo",
    "values" : [ "S", "M", "XL", "2XL", "3XL" ]
  } ],
  "images" : [ "6825ff5f0b61125185461fbf", "6825ff5f0b61125185461fc0", "6825ff5f0b61125185461fc1", "6825ff600b61125185461fc2", "6825ff600b61125185461fc3", "6825ff600b61125185461fc4", "6825ff600b61125185461fc5" ],
  "discount" : null,
  "seo_alias" : "ao-thun-100-cotton-care-share-happy-cat",
  "options_values" : [ {
    "title" : "Màu sắc",
    "type" : "COLOR",
    "options" : [ {
      "title" : "Trắng",
      "slug" : "trang",
      "label" : "",
      "images" : [ "6825ff600b61125185461fc6", "6825ff600b61125185461fc7", "6825ff600b61125185461fc8", "6825ff610b61125185461fc9" ]
    }, {
      "title" : "Đen",
      "slug" : "den",
      "label" : "",
      "images" : [ "6825ff610b61125185461fca", "6825ff610b61125185461fcb", "6825ff610b61125185461fcc" ]
    }, {
      "title" : "Be",
      "slug" : "be",
      "label" : "",
      "images" : [ "6825ff610b61125185461fcd", "6825ff610b61125185461fce", "6825ff610b61125185461fcf" ]
    } ]
  } ],
  "collection_id" : "6825e99e8eaaa408c6aaf61c",
  "display_order" : 481,
  "youtube_video" : "",
  "coming_soon" : false,
  "display_name_open" : "Cat & Dog",
  "gender_type" : "MALE",
  "icon_thumbnail" : null,
  "compare_price" : 229000.0,
  "regular_price" : 171000.0
}