{
  "title" : "Áo Thun Gym Power dáng Tights",
  "vendor" : "5c482438000c695cfa6f8d22",
  "tags" : [ ],
  "options" : [ {
    "type" : "COLOR",
    "title" : "Màu sắc",
    "values" : [ "Đen", "Xanh Legion" ]
  }, {
    "type" : "SIZE",
    "title" : "Kích thước",
    "values" : [ "S", "M", "L", "XL", "2XL", "3XL" ]
  } ],
  "images" : [ "681fd9ed1f583b08bcb3f0f7", "681fd9ed1f583b08bcb3f0f8", "681fd9ed1f583b08bcb3f0f9", "681fd9ed1f583b08bcb3f0fa", "681fd9ee1f583b08bcb3f0fb", "681fd9ee1f583b08bcb3f0fc" ],
  "discount" : null,
  "seo_alias" : "ao-thun-nam-gym-power-dang-tights-co-gian-exdry-thoang-mat",
  "options_values" : [ {
    "title" : "Màu sắc",
    "type" : "COLOR",
    "options" : [ {
      "title" : "Đen",
      "slug" : "den",
      "label" : "",
      "images" : [ "681fd9ee1f583b08bcb3f0fd", "681fd9ee1f583b08bcb3f0fe", "681fd9ee1f583b08bcb3f0ff", "681fd9ef1f583b08bcb3f100", "681fd9ef1f583b08bcb3f101", "681fd9ef1f583b08bcb3f102" ]
    }, {
      "title" : "Xanh Legion",
      "slug" : "xanh-legion",
      "label" : "",
      "images" : [ "681fd9ef1f583b08bcb3f103", "681fd9ef1f583b08bcb3f104", "681fd9ef1f583b08bcb3f105", "681fd9ef1f583b08bcb3f106", "681fd9ef1f583b08bcb3f107", "681fd9ef1f583b08bcb3f108" ]
    } ]
  } ],
  "collection_id" : "681ca20a2a59db3110ec0b8f",
  "display_order" : 448,
  "youtube_video" : "",
  "coming_soon" : false,
  "display_name_open" : "ExDry - Co giãn",
  "gender_type" : "MALE",
  "icon_thumbnail" : null,
  "compare_price" : 249000.0,
  "regular_price" : 209000.0
}