{
  "title" : "Áo thun Relaxed Fit 84RISING Marvel Captain America ",
  "vendor" : "635a0ae7a3ff9a6c51456f3c",
  "tags" : [ ],
  "options" : [ {
    "type" : "COLOR",
    "title" : "Màu sắc",
    "values" : [ "Đen", "Trắng" ]
  }, {
    "type" : "SIZE",
    "title" : "Kích thước",
    "values" : [ "S", "M", "L", "XL" ]
  } ],
  "images" : [ "681fd9701f583b08bcb3ee7e", "681fd9701f583b08bcb3ee7f", "681fd9701f583b08bcb3ee80", "681fd9701f583b08bcb3ee81", "681fd9701f583b08bcb3ee82", "681fd9711f583b08bcb3ee83" ],
  "discount" : null,
  "seo_alias" : "ao-thun-relaxed-fit-84rising-marvel-captain-america",
  "options_values" : [ {
    "title" : "Màu sắc",
    "type" : "COLOR",
    "options" : [ {
      "title" : "Đen",
      "slug" : "den",
      "label" : "",
      "images" : [ "681fd9711f583b08bcb3ee84", "681fd9711f583b08bcb3ee85", "681fd9711f583b08bcb3ee86", "681fd9711f583b08bcb3ee87", "681fd9711f583b08bcb3ee88", "681fd9711f583b08bcb3ee89" ]
    }, {
      "title" : "Trắng",
      "slug" : "trang",
      "label" : "",
      "images" : [ "681fd9711f583b08bcb3ee8a", "681fd9721f583b08bcb3ee8b", "681fd9721f583b08bcb3ee8c", "681fd9721f583b08bcb3ee8d", "681fd9721f583b08bcb3ee8e", "681fd9721f583b08bcb3ee8f" ]
    } ]
  } ],
  "collection_id" : "681ca20a2a59db3110ec0b8f",
  "display_order" : 239,
  "youtube_video" : "",
  "coming_soon" : false,
  "display_name_open" : "",
  "gender_type" : "MALE",
  "icon_thumbnail" : null,
  "compare_price" : 399000.0,
  "regular_price" : 319000.0
}