{
  "title" : "Áo Thun Care & Share Ngo",
  "vendor" : "5c482438000c695cfa6f8d22",
  "tags" : [ "LIMITED" ],
  "options" : [ {
    "type" : "COLOR",
    "title" : "Màu sắc",
    "values" : [ "Be", "Đen", "Trắng" ]
  }, {
    "type" : "SIZE",
    "title" : "Kích thước",
    "values" : [ "2XL", "3XL", "M", "XL", "S", "L" ]
  } ],
  "images" : [ "681fdae51f583b08bcb3f5d8", "681fdae51f583b08bcb3f5d9" ],
  "discount" : null,
  "seo_alias" : "ao-thun-100-cotton-care-share-ngo-12-con-giap-collection",
  "options_values" : [ {
    "title" : "Màu sắc",
    "type" : "COLOR",
    "options" : [ {
      "title" : "Be",
      "slug" : "be",
      "label" : "",
      "images" : [ "681fdae61f583b08bcb3f5da", "681fdae61f583b08bcb3f5db" ]
    }, {
      "title" : "Đen",
      "slug" : "den",
      "label" : "",
      "images" : [ "681fdae61f583b08bcb3f5dc", "681fdae61f583b08bcb3f5dd" ]
    }, {
      "title" : "Trắng",
      "slug" : "trang",
      "label" : "",
      "images" : [ "681fdae61f583b08bcb3f5de", "681fdae61f583b08bcb3f5df" ]
    } ]
  } ],
  "collection_id" : "681ca20a2a59db3110ec0b8f",
  "display_order" : 518,
  "youtube_video" : "",
  "coming_soon" : false,
  "display_name_open" : "12 Con Giap Collection",
  "gender_type" : "MALE",
  "icon_thumbnail" : null,
  "compare_price" : 199000.0,
  "regular_price" : 149000.0
}