{
  "title" : "Áo thun Cotton Compact In Phê Game PS5",
  "vendor" : "",
  "tags" : [ ],
  "options" : [ {
    "type" : "COLOR",
    "title" : "Màu sắc",
    "values" : [ "Đen", "Trắng" ]
  }, {
    "type" : "SIZE",
    "title" : "Kích thước",
    "values" : [ "S", "M", "L", "XL", "2XL", "3Xl" ]
  } ],
  "images" : [ "6826002b0b6112518546239b", "6826002b0b6112518546239c" ],
  "discount" : null,
  "seo_alias" : "ao-thun-cotton-compact-in-phe-game-ps5",
  "options_values" : [ {
    "title" : "Màu sắc",
    "type" : "COLOR",
    "options" : [ {
      "title" : "Đen",
      "slug" : "den",
      "label" : "",
      "images" : [ "6826002b0b6112518546239d", "6826002b0b6112518546239e", "6826002b0b6112518546239f", "6826002b0b611251854623a0", "6826002b0b611251854623a1" ]
    }, {
      "title" : "Trắng",
      "slug" : "trang",
      "label" : "",
      "images" : [ "6826002c0b611251854623a2", "6826002c0b611251854623a3", "6826002c0b611251854623a4", "6826002c0b611251854623a5", "6826002c0b611251854623a6" ]
    } ]
  } ],
  "collection_id" : "6825e99e8eaaa408c6aaf61c",
  "display_order" : 999,
  "youtube_video" : "",
  "coming_soon" : false,
  "display_name_open" : "Thoáng khí",
  "gender_type" : "MALE",
  "icon_thumbnail" : null,
  "compare_price" : 320000.0,
  "regular_price" : 275000.0
}