{
  "title" : "Áo Thun Chạy Bộ Advanced Fast & Free II",
  "vendor" : "5c482438000c695cfa6f8d22",
  "tags" : [ ],
  "options" : [ {
    "type" : "COLOR",
    "title" : "Màu sắc",
    "values" : [ "Vàng Beach Ball", "Xanh bóng đêm", "Đen", "Đỏ Barbados" ]
  }, {
    "type" : "SIZE",
    "title" : "Kích thước",
    "values" : [ "S", "M", "L", "XL", "2XL", "3XL" ]
  } ],
  "images" : [ "681fda411f583b08bcb3f27b", "681fda411f583b08bcb3f27c", "681fda411f583b08bcb3f27d", "681fda411f583b08bcb3f27e", "681fda411f583b08bcb3f27f" ],
  "discount" : null,
  "seo_alias" : "ao-thun-nam-chay-bo-advanced-fast-free-run-v2-thoang-mat",
  "options_values" : [ {
    "title" : "Màu sắc",
    "type" : "COLOR",
    "options" : [ {
      "title" : "Vàng Beach Ball",
      "slug" : "vang-beach-ball",
      "label" : "",
      "images" : [ "681fda411f583b08bcb3f280", "681fda411f583b08bcb3f281", "681fda411f583b08bcb3f282", "681fda421f583b08bcb3f283", "681fda421f583b08bcb3f284" ]
    }, {
      "title" : "Xanh bóng đêm",
      "slug" : "xanh-bong-dem",
      "label" : "",
      "images" : [ "681fda421f583b08bcb3f285", "681fda421f583b08bcb3f286", "681fda431f583b08bcb3f287", "681fda431f583b08bcb3f288", "681fda431f583b08bcb3f289" ]
    }, {
      "title" : "Đen",
      "slug" : "den",
      "label" : "",
      "images" : [ "681fda431f583b08bcb3f28a", "681fda431f583b08bcb3f28b", "681fda431f583b08bcb3f28c", "681fda431f583b08bcb3f28d", "681fda431f583b08bcb3f28e" ]
    }, {
      "title" : "Đỏ Barbados",
      "slug" : "do-barbados",
      "label" : "",
      "images" : [ "681fda431f583b08bcb3f28f", "681fda431f583b08bcb3f290", "681fda431f583b08bcb3f291", "681fda431f583b08bcb3f292", "681fda441f583b08bcb3f293" ]
    } ]
  } ],
  "collection_id" : "681ca20a2a59db3110ec0b8f",
  "display_order" : 479,
  "youtube_video" : "",
  "coming_soon" : false,
  "display_name_open" : "ExDry",
  "gender_type" : "MALE",
  "icon_thumbnail" : null,
  "compare_price" : 199000.0,
  "regular_price" : 199000.0
}