{
  "title" : "Áo Thun Nam C&S Vui Trung thu",
  "vendor" : "5c482438000c695cfa6f8d22",
  "tags" : [ ],
  "options" : [ {
    "type" : "COLOR",
    "title" : "Màu sắc",
    "values" : [ "Đen", "Be", "Trắng" ]
  }, {
    "type" : "SIZE",
    "title" : "Kích thước Áo",
    "values" : [ "S", "M", "XL", "2XL", "3XL" ]
  } ],
  "images" : [ "6825ffdd0b611251854621f6", "6825ffde0b611251854621f7", "6825ffde0b611251854621f8", "6825ffde0b611251854621f9", "6825ffde0b611251854621fa", "6825ffde0b611251854621fb" ],
  "discount" : null,
  "seo_alias" : "ao-thun-100-cotton-care-share-vui-trung-thu",
  "options_values" : [ {
    "title" : "Màu sắc",
    "type" : "COLOR",
    "options" : [ {
      "title" : "Đen",
      "slug" : "den",
      "label" : "",
      "images" : [ "6825ffde0b611251854621fc", "6825ffde0b611251854621fd", "6825ffde0b611251854621fe" ]
    }, {
      "title" : "Be",
      "slug" : "be",
      "label" : "",
      "images" : [ "6825ffde0b611251854621ff", "6825ffde0b61125185462200", "6825ffde0b61125185462201" ]
    }, {
      "title" : "Trắng",
      "slug" : "trang",
      "label" : "",
      "images" : [ "6825ffde0b61125185462202", "6825ffdf0b61125185462203", "6825ffdf0b61125185462204" ]
    } ]
  } ],
  "collection_id" : "6825e99e8eaaa408c6aaf61c",
  "display_order" : 516,
  "youtube_video" : "",
  "coming_soon" : false,
  "display_name_open" : "Cat & Dog",
  "gender_type" : "MALE",
  "icon_thumbnail" : null,
  "compare_price" : 229000.0,
  "regular_price" : 171000.0
}