{
  "title" : "Áo thun Relaxed Fit 84RISING We are Venom",
  "vendor" : "635a0ae7a3ff9a6c51456f3c",
  "tags" : [ ],
  "options" : [ {
    "type" : "COLOR",
    "title" : "Màu sắc",
    "values" : [ "Trắng" ]
  }, {
    "type" : "SIZE",
    "title" : "Kích thước",
    "values" : [ "S", "M", "L", "XL" ]
  } ],
  "images" : [ "681fd8951f583b08bcb3e98d", "681fd8951f583b08bcb3e98e", "681fd8951f583b08bcb3e98f" ],
  "discount" : null,
  "seo_alias" : "ao-thun-oversize-basic-84rising-we-are-venom",
  "options_values" : [ {
    "title" : "Màu sắc",
    "type" : "COLOR",
    "options" : [ {
      "title" : "Trắng",
      "slug" : "trang",
      "label" : "",
      "images" : [ "681fd8951f583b08bcb3e990", "681fd8951f583b08bcb3e991", "681fd8951f583b08bcb3e992" ]
    } ]
  } ],
  "collection_id" : "681ca20a2a59db3110ec0b8f",
  "display_order" : 999,
  "youtube_video" : "",
  "coming_soon" : false,
  "display_name_open" : "",
  "gender_type" : "MALE",
  "icon_thumbnail" : null,
  "compare_price" : 399000.0,
  "regular_price" : 319000.0
}