{
  "title" : "Áo thun Relaxed Fit 84RISING Mickey Mouse Club House",
  "vendor" : "635a0ae7a3ff9a6c51456f3c",
  "tags" : [ ],
  "options" : [ {
    "type" : "COLOR",
    "title" : "Màu Áo",
    "values" : [ "Trắng", "Đen" ]
  }, {
    "type" : "SIZE",
    "title" : "Kích thước",
    "values" : [ "S", "M", "L", "XL" ]
  } ],
  "images" : [ "6825fd590b611251854618d6", "6825fd590b611251854618d7", "6825fd590b611251854618d8", "6825fd590b611251854618d9", "6825fd5a0b611251854618da", "6825fd5a0b611251854618db" ],
  "discount" : null,
  "seo_alias" : "ao-thun-relaxed-fit-84rising-mickey-mouse-club-house",
  "options_values" : [ {
    "title" : "Màu Áo",
    "type" : "COLOR",
    "options" : [ {
      "title" : "Trắng",
      "slug" : "trang",
      "label" : "",
      "images" : [ "6825fd5a0b611251854618dc", "6825fd5a0b611251854618dd", "6825fd5a0b611251854618de", "6825fd5a0b611251854618df", "6825fd5a0b611251854618e0", "6825fd5a0b611251854618e1" ]
    }, {
      "title" : "Đen",
      "slug" : "den",
      "label" : "",
      "images" : [ "6825fd5b0b611251854618e2", "6825fd5b0b611251854618e3", "6825fd5b0b611251854618e4", "6825fd5b0b611251854618e5", "6825fd5b0b611251854618e6", "6825fd5b0b611251854618e7", "6825fd5b0b611251854618e8" ]
    } ]
  } ],
  "collection_id" : "6825e99e8eaaa408c6aaf61c",
  "display_order" : 1,
  "youtube_video" : "",
  "coming_soon" : false,
  "display_name_open" : "",
  "gender_type" : "MALE",
  "icon_thumbnail" : null,
  "compare_price" : 299000.0,
  "regular_price" : 239000.0
}