{
  "title" : "Áo thun Cotton Care & Share in Air Signs ",
  "vendor" : "5c482438000c695cfa6f8d22",
  "tags" : [ ],
  "options" : [ {
    "type" : "COLOR",
    "title" : "Màu sắc",
    "values" : [ "Xanh mint", "Xanh tím", "Đen" ]
  }, {
    "type" : "SIZE",
    "title" : "Kích thước",
    "values" : [ "S", "M", "L", "XL", "2XL", "3XL" ]
  } ],
  "images" : [ "681fda4f1f583b08bcb3f2c8", "681fda4f1f583b08bcb3f2c9", "681fda4f1f583b08bcb3f2ca", "681fda4f1f583b08bcb3f2cb", "681fda4f1f583b08bcb3f2cc", "681fda4f1f583b08bcb3f2cd" ],
  "discount" : null,
  "seo_alias" : "ao-thun-cotton-care-share-in-air-signs-cung-hoang-dao-collection",
  "options_values" : [ {
    "title" : "Màu sắc",
    "type" : "COLOR",
    "options" : [ {
      "title" : "Xanh mint",
      "slug" : "xanh-mint",
      "label" : "",
      "images" : [ "681fda4f1f583b08bcb3f2ce", "681fda4f1f583b08bcb3f2cf", "681fda4f1f583b08bcb3f2d0", "681fda501f583b08bcb3f2d1", "681fda501f583b08bcb3f2d2", "681fda501f583b08bcb3f2d3" ]
    }, {
      "title" : "Xanh tím",
      "slug" : "xanh-tim",
      "label" : "",
      "images" : [ "681fda501f583b08bcb3f2d4", "681fda501f583b08bcb3f2d5", "681fda501f583b08bcb3f2d6", "681fda501f583b08bcb3f2d7", "681fda501f583b08bcb3f2d8", "681fda501f583b08bcb3f2d9" ]
    }, {
      "title" : "Đen",
      "slug" : "den",
      "label" : "",
      "images" : [ "681fda501f583b08bcb3f2da", "681fda511f583b08bcb3f2db", "681fda511f583b08bcb3f2dc", "681fda511f583b08bcb3f2dd", "681fda511f583b08bcb3f2de", "681fda511f583b08bcb3f2df" ]
    } ]
  } ],
  "collection_id" : "681ca20a2a59db3110ec0b8f",
  "display_order" : 484,
  "youtube_video" : "",
  "coming_soon" : false,
  "display_name_open" : "Cung Hoàng Đạo Collection ",
  "gender_type" : "MALE",
  "icon_thumbnail" : null,
  "compare_price" : 199000.0,
  "regular_price" : 159000.0
}