{
  "title" : "Áo thun Cotton Compact In Phê Game Switch",
  "vendor" : "",
  "tags" : [ ],
  "options" : [ {
    "type" : "COLOR",
    "title" : "Màu sắc",
    "values" : [ "Đen", "Trắng" ]
  }, {
    "type" : "SIZE",
    "title" : "Kích thước",
    "values" : [ "S", "M", "L", "XL", "2XL", "3XL" ]
  } ],
  "images" : [ "682600290b6112518546238f", "682600290b61125185462390" ],
  "discount" : null,
  "seo_alias" : "ao-thun-cotton-compact-in-phe-game-switch",
  "options_values" : [ {
    "title" : "Màu sắc",
    "type" : "COLOR",
    "options" : [ {
      "title" : "Đen",
      "slug" : "den",
      "label" : "",
      "images" : [ "682600290b61125185462391", "682600290b61125185462392", "682600290b61125185462393", "682600290b61125185462394", "682600290b61125185462395" ]
    }, {
      "title" : "Trắng",
      "slug" : "trang",
      "label" : "",
      "images" : [ "682600290b61125185462396", "682600290b61125185462397", "682600290b61125185462398", "6826002a0b61125185462399", "6826002a0b6112518546239a" ]
    } ]
  } ],
  "collection_id" : "6825e99e8eaaa408c6aaf61c",
  "display_order" : 999,
  "youtube_video" : "",
  "coming_soon" : false,
  "display_name_open" : "Thoáng khí",
  "gender_type" : "MALE",
  "icon_thumbnail" : null,
  "compare_price" : 320000.0,
  "regular_price" : 275000.0
}