{
  "title" : "Áo thun Relaxed Fit 84RISING Let's Dance",
  "vendor" : "635a0ae7a3ff9a6c51456f3c",
  "tags" : [ ],
  "options" : [ {
    "type" : "COLOR",
    "title" : "Màu sắc",
    "values" : [ "Đen", "Trắng" ]
  }, {
    "type" : "SIZE",
    "title" : "Kích thước",
    "values" : [ "S", "M", "L", "XL" ]
  } ],
  "images" : [ "681fd8a01f583b08bcb3e9d7", "681fd8a01f583b08bcb3e9d8", "681fd8a01f583b08bcb3e9d9", "681fd8a01f583b08bcb3e9da" ],
  "discount" : null,
  "seo_alias" : "ao-thun-oversize-basic-84rising-lets-dance",
  "options_values" : [ {
    "title" : "Màu sắc",
    "type" : "COLOR",
    "options" : [ {
      "title" : "Đen",
      "slug" : "den",
      "label" : "",
      "images" : [ "681fd8a11f583b08bcb3e9db", "681fd8a11f583b08bcb3e9dc", "681fd8a11f583b08bcb3e9dd", "681fd8a11f583b08bcb3e9de" ]
    }, {
      "title" : "Trắng",
      "slug" : "trang",
      "label" : "",
      "images" : [ "681fd8a11f583b08bcb3e9df", "681fd8a11f583b08bcb3e9e0", "681fd8a11f583b08bcb3e9e1", "681fd8a11f583b08bcb3e9e2" ]
    } ]
  } ],
  "collection_id" : "681ca20a2a59db3110ec0b8f",
  "display_order" : 242,
  "youtube_video" : "",
  "coming_soon" : false,
  "display_name_open" : "",
  "gender_type" : "MALE",
  "icon_thumbnail" : null,
  "compare_price" : 399000.0,
  "regular_price" : 319000.0
}