{
  "title" : "Áo Thun Thỏ 7 Màu chị Xô",
  "vendor" : "5c482438000c695cfa6f8d22",
  "tags" : [ ],
  "options" : [ {
    "type" : "COLOR",
    "title" : "Màu sắc",
    "values" : [ "Đen" ]
  }, {
    "type" : "SIZE",
    "title" : "Kích thước",
    "values" : [ "S", "M" ]
  } ],
  "images" : [ "681fd9431f583b08bcb3ed93", "681fd9431f583b08bcb3ed94", "681fd9431f583b08bcb3ed95" ],
  "discount" : null,
  "seo_alias" : "ao-thun-oversize-tho-7-mau-phien-ban-chi-xo",
  "options_values" : [ {
    "title" : "Màu sắc",
    "type" : "COLOR",
    "options" : [ {
      "title" : "Đen",
      "slug" : "den",
      "label" : "",
      "images" : [ "681fd9431f583b08bcb3ed96", "681fd9431f583b08bcb3ed97", "681fd9431f583b08bcb3ed98" ]
    } ]
  } ],
  "collection_id" : "681ca20a2a59db3110ec0b8f",
  "display_order" : 178,
  "youtube_video" : "",
  "coming_soon" : false,
  "display_name_open" : "Coolmate x T7M",
  "gender_type" : "MALE",
  "icon_thumbnail" : null,
  "compare_price" : 399000.0,
  "regular_price" : 139000.0
}