{
  "title" : "Áo in Cotton 100% CARE SHARE - ÁO ẤM CHO EM - NGOAN XINH YÊU",
  "vendor" : "5c482438000c695cfa6f8d22",
  "tags" : [ ],
  "options" : [ {
    "type" : "COLOR",
    "title" : "Màu sắc",
    "values" : [ "Trắng", "Đen", "Be" ]
  }, {
    "type" : "SIZE",
    "title" : "Kích thước",
    "values" : [ "S", "M", "L", "XL", "2XL", "3XL" ]
  } ],
  "images" : [ "6825ff0c0b61125185461e80", "6825ff0c0b61125185461e81", "6825ff0c0b61125185461e82" ],
  "discount" : null,
  "seo_alias" : "ao-in-cotton-100-care-share-ao-am-cho-em-ngoan-xinh-yeu",
  "options_values" : [ {
    "title" : "Màu sắc",
    "type" : "COLOR",
    "options" : [ {
      "title" : "Trắng",
      "slug" : "trang",
      "label" : "",
      "images" : [ "6825ff0c0b61125185461e83", "6825ff0c0b61125185461e84", "6825ff0d0b61125185461e85", "6825ff0d0b61125185461e86", "6825ff0d0b61125185461e87" ]
    }, {
      "title" : "Đen",
      "slug" : "den",
      "label" : "",
      "images" : [ "6825ff0d0b61125185461e88", "6825ff0d0b61125185461e89", "6825ff0d0b61125185461e8a", "6825ff0d0b61125185461e8b", "6825ff0e0b61125185461e8c" ]
    }, {
      "title" : "Be",
      "slug" : "be",
      "label" : "",
      "images" : [ "6825ff0e0b61125185461e8d", "6825ff0e0b61125185461e8e", "6825ff0e0b61125185461e8f", "6825ff0e0b61125185461e90", "6825ff0e0b61125185461e91" ]
    } ]
  } ],
  "collection_id" : "6825e99e8eaaa408c6aaf61c",
  "display_order" : 458,
  "youtube_video" : "",
  "coming_soon" : false,
  "display_name_open" : "Care & Share",
  "gender_type" : "MALE",
  "icon_thumbnail" : null,
  "compare_price" : 199000.0,
  "regular_price" : 159000.0
}