{
  "title" : "Áo thun Relaxed Fit 84RISING Mickey Sketch",
  "vendor" : "635a0ae7a3ff9a6c51456f3c",
  "tags" : [ ],
  "options" : [ {
    "type" : "COLOR",
    "title" : "Màu Áo",
    "values" : [ "Trắng", "Đen", "Be" ]
  }, {
    "type" : "SIZE",
    "title" : "Kích thước",
    "values" : [ "S", "M", "L", "XL" ]
  } ],
  "images" : [ "6826001d0b61125185462351", "6826001d0b61125185462352", "6826001d0b61125185462353", "6826001d0b61125185462354", "6826001d0b61125185462355", "6826001e0b61125185462356", "6826001e0b61125185462357", "6826001e0b61125185462358", "6826001e0b61125185462359" ],
  "discount" : null,
  "seo_alias" : "ao-thun-oversize-basic-84rising-mickey-sketch",
  "options_values" : [ {
    "title" : "Màu Áo",
    "type" : "COLOR",
    "options" : [ {
      "title" : "Trắng",
      "slug" : "trang",
      "label" : "",
      "images" : [ "6826001e0b6112518546235a", "6826001e0b6112518546235b", "6826001e0b6112518546235c", "6826001e0b6112518546235d", "6826001e0b6112518546235e", "6826001e0b6112518546235f" ]
    }, {
      "title" : "Đen",
      "slug" : "den",
      "label" : "",
      "images" : [ "6826001f0b61125185462360", "6826001f0b61125185462361", "6826001f0b61125185462362", "6826001f0b61125185462363", "6826001f0b61125185462364", "6826001f0b61125185462365" ]
    }, {
      "title" : "Be",
      "slug" : "be",
      "label" : "",
      "images" : [ "6826001f0b61125185462366", "6826001f0b61125185462367", "6826001f0b61125185462368", "6826001f0b61125185462369", "682600200b6112518546236a", "682600200b6112518546236b" ]
    } ]
  } ],
  "collection_id" : "6825e99e8eaaa408c6aaf61c",
  "display_order" : 999,
  "youtube_video" : "",
  "coming_soon" : false,
  "display_name_open" : "",
  "gender_type" : "MALE",
  "icon_thumbnail" : null,
  "compare_price" : 299000.0,
  "regular_price" : 239000.0
}