{
  "title" : "Áo Thun Thỏ 7 Màu ông Năm Hên",
  "vendor" : "5c482438000c695cfa6f8d22",
  "tags" : [ "CLEARANCE_SALE", "OUTLET" ],
  "options" : [ {
    "type" : "COLOR",
    "title" : "Màu sắc",
    "values" : [ "Đen" ]
  }, {
    "type" : "SIZE",
    "title" : "Kích thước",
    "values" : [ "S" ]
  } ],
  "images" : [ "682600420b61125185462414", "682600420b61125185462415", "682600420b61125185462416" ],
  "discount" : null,
  "seo_alias" : "ao-thun-oversize-tho-7-mau-ong-nam-hen",
  "options_values" : [ {
    "title" : "Màu sắc",
    "type" : "COLOR",
    "options" : [ {
      "title" : "Đen",
      "slug" : "den",
      "label" : "",
      "images" : [ "682600420b61125185462417", "682600430b61125185462418", "682600430b61125185462419", "682600430b6112518546241a", "682600430b6112518546241b", "682600430b6112518546241c", "682600430b6112518546241d", "682600430b6112518546241e" ]
    } ]
  } ],
  "collection_id" : "6825e99e8eaaa408c6aaf61c",
  "display_order" : 180,
  "youtube_video" : "",
  "coming_soon" : false,
  "display_name_open" : "Coolmate x T7M",
  "gender_type" : "MALE",
  "icon_thumbnail" : null,
  "compare_price" : 399000.0,
  "regular_price" : 179000.0
}