{
  "title" : "Áo Cotton Compact CARE SHARE In Lụa VỤN ART - TẾT RẮN RỎI VI",
  "vendor" : "5c482438000c695cfa6f8d22",
  "tags" : [ ],
  "options" : [ {
    "type" : "COLOR",
    "title" : "Màu sắc",
    "values" : [ "Trắng", "Đen" ]
  }, {
    "type" : "SIZE",
    "title" : "Kích thước Áo",
    "values" : [ "S", "M", "L", "XL", "2XL", "3XL" ]
  } ],
  "images" : [ "681fdace1f583b08bcb3f554", "681fdace1f583b08bcb3f555", "681fdace1f583b08bcb3f556", "681fdace1f583b08bcb3f557", "681fdace1f583b08bcb3f558", "681fdace1f583b08bcb3f559", "681fdace1f583b08bcb3f55a", "681fdace1f583b08bcb3f55b", "681fdace1f583b08bcb3f55c", "681fdacf1f583b08bcb3f55d" ],
  "discount" : null,
  "seo_alias" : "ao-in-cotton-compact-care-share-in-lua-vun-art-tet-ran-roi-vi",
  "options_values" : [ {
    "title" : "Màu sắc",
    "type" : "COLOR",
    "options" : [ {
      "title" : "Trắng",
      "slug" : "trang",
      "label" : "",
      "images" : [ "681fdacf1f583b08bcb3f55e", "681fdacf1f583b08bcb3f55f", "681fdacf1f583b08bcb3f560", "681fdacf1f583b08bcb3f561", "681fdacf1f583b08bcb3f562", "681fdacf1f583b08bcb3f563", "681fdacf1f583b08bcb3f564", "681fdacf1f583b08bcb3f565", "681fdacf1f583b08bcb3f566", "681fdacf1f583b08bcb3f567" ]
    }, {
      "title" : "Đen",
      "slug" : "den",
      "label" : "",
      "images" : [ "681fdacf1f583b08bcb3f568", "681fdacf1f583b08bcb3f569", "681fdacf1f583b08bcb3f56a", "681fdad01f583b08bcb3f56b", "681fdad01f583b08bcb3f56c", "681fdad01f583b08bcb3f56d", "681fdad01f583b08bcb3f56e", "681fdad01f583b08bcb3f56f", "681fdad01f583b08bcb3f570", "681fdad01f583b08bcb3f571" ]
    } ]
  } ],
  "collection_id" : "681ca20a2a59db3110ec0b8f",
  "display_order" : 512,
  "youtube_video" : "",
  "coming_soon" : false,
  "display_name_open" : "Care & Share",
  "gender_type" : "MALE",
  "icon_thumbnail" : null,
  "compare_price" : 299000.0,
  "regular_price" : 239000.0
}