{
  "title" : "Áo Sweatshirt Thể Thao Active",
  "vendor" : "5c482438000c695cfa6f8d22",
  "tags" : [ "CLEARANCE_SALE", "OUTLET" ],
  "options" : [ {
    "type" : "COLOR",
    "title" : "Màu sắc",
    "values" : [ "Xám đậm", "Nâu", "Đen", "Xanh Navy" ]
  }, {
    "type" : "SIZE",
    "title" : "Kích thước",
    "values" : [ "XL", "2XL", "3XL", "S" ]
  } ],
  "images" : [ "681fd9511f583b08bcb3eddf", "681fd9511f583b08bcb3ede0", "681fd9511f583b08bcb3ede1", "681fd9511f583b08bcb3ede2", "681fd9511f583b08bcb3ede3", "681fd9511f583b08bcb3ede4", "681fd9511f583b08bcb3ede5", "681fd9511f583b08bcb3ede6" ],
  "discount" : null,
  "seo_alias" : "ao-sweatshirt-the-thao-active-mem-mai",
  "options_values" : [ {
    "title" : "Màu sắc",
    "type" : "COLOR",
    "options" : [ {
      "title" : "Xám đậm",
      "slug" : "xam-dam",
      "label" : "",
      "images" : [ "681fd9511f583b08bcb3ede7", "681fd9511f583b08bcb3ede8", "681fd9521f583b08bcb3ede9", "681fd9521f583b08bcb3edea", "681fd9521f583b08bcb3edeb", "681fd9521f583b08bcb3edec", "681fd9521f583b08bcb3eded", "681fd9521f583b08bcb3edee" ]
    }, {
      "title" : "Nâu",
      "slug" : "nau",
      "label" : "",
      "images" : [ "681fd9521f583b08bcb3edef", "681fd9521f583b08bcb3edf0", "681fd9521f583b08bcb3edf1", "681fd9521f583b08bcb3edf2", "681fd9521f583b08bcb3edf3", "681fd9531f583b08bcb3edf4", "681fd9531f583b08bcb3edf5", "681fd9531f583b08bcb3edf6" ]
    }, {
      "title" : "Đen",
      "slug" : "den",
      "label" : "",
      "images" : [ "681fd9531f583b08bcb3edf7", "681fd9531f583b08bcb3edf8", "681fd9531f583b08bcb3edf9", "681fd9531f583b08bcb3edfa", "681fd9531f583b08bcb3edfb", "681fd9531f583b08bcb3edfc", "681fd9531f583b08bcb3edfd", "681fd9541f583b08bcb3edfe" ]
    }, {
      "title" : "Xanh Navy",
      "slug" : "xanh-navy",
      "label" : "",
      "images" : [ "681fd9541f583b08bcb3edff", "681fd9541f583b08bcb3ee00", "681fd9541f583b08bcb3ee01", "681fd9541f583b08bcb3ee02", "681fd9541f583b08bcb3ee03", "681fd9541f583b08bcb3ee04", "681fd9541f583b08bcb3ee05", "681fd9541f583b08bcb3ee06" ]
    } ]
  } ],
  "collection_id" : "681ca20a2a59db3110ec0b8f",
  "display_order" : 200,
  "youtube_video" : "",
  "coming_soon" : false,
  "display_name_open" : "Vải Cotton / 360GSM",
  "gender_type" : "MALE",
  "icon_thumbnail" : null,
  "compare_price" : 399000.0,
  "regular_price" : 179000.0
}