{
  "title" : "Áo thun Cotton Compact In Lụa VỤN ART Cướp Cờ",
  "vendor" : "5c482438000c695cfa6f8d22",
  "tags" : [ ],
  "options" : [ {
    "type" : "COLOR",
    "title" : "Màu sắc",
    "values" : [ "Trắng", "Đen" ]
  }, {
    "type" : "SIZE",
    "title" : "Kích thước Áo",
    "values" : [ "S", "M", "L", "XL", "2XL", "3XL" ]
  } ],
  "images" : [ "6825fe550b61125185461bf1", "6825fe550b61125185461bf2", "6825fe550b61125185461bf3" ],
  "discount" : null,
  "seo_alias" : "ao-thun-cotton-compact-care-share-vun-art-cuop-co",
  "options_values" : [ {
    "title" : "Màu sắc",
    "type" : "COLOR",
    "options" : [ {
      "title" : "Trắng",
      "slug" : "trang",
      "label" : "",
      "images" : [ "6825fe550b61125185461bf4", "6825fe550b61125185461bf5", "6825fe550b61125185461bf6", "6825fe560b61125185461bf7", "6825fe560b61125185461bf8", "6825fe560b61125185461bf9" ]
    }, {
      "title" : "Đen",
      "slug" : "den",
      "label" : "",
      "images" : [ "6825fe560b61125185461bfa", "6825fe560b61125185461bfb", "6825fe560b61125185461bfc", "6825fe560b61125185461bfd", "6825fe570b61125185461bfe" ]
    } ]
  } ],
  "collection_id" : "6825e99e8eaaa408c6aaf61c",
  "display_order" : 260,
  "youtube_video" : "",
  "coming_soon" : false,
  "display_name_open" : "Care & Share",
  "gender_type" : "MALE",
  "icon_thumbnail" : null,
  "compare_price" : 299000.0,
  "regular_price" : 239000.0
}