{
  "title" : "Áo in Cotton Compact CARE SHARE In Lụa VỤN ART III - [Chung tay xây nhà mới]",
  "vendor" : "5c482438000c695cfa6f8d22",
  "tags" : [ ],
  "options" : [ {
    "type" : "COLOR",
    "title" : "Màu sắc",
    "values" : [ "Trắng" ]
  }, {
    "type" : "SIZE",
    "title" : "Kích thước Áo",
    "values" : [ "S", "M", "L", "XL", "2XL", "3XL" ]
  } ],
  "images" : [ "6825ff8f0b61125185462083", "6825ff8f0b61125185462084", "6825ff8f0b61125185462085", "6825ff900b61125185462086", "6825ff900b61125185462087", "6825ff900b61125185462088" ],
  "discount" : null,
  "seo_alias" : "ao-in-cotton-compact-care-share-in-lua-vun-art-iii-chung-tay-xay-nha-moi",
  "options_values" : [ {
    "title" : "Màu sắc",
    "type" : "COLOR",
    "options" : [ {
      "title" : "Trắng",
      "slug" : "trang",
      "label" : "",
      "images" : [ "6825ff900b61125185462089", "6825ff900b6112518546208a", "6825ff900b6112518546208b", "6825ff900b6112518546208c", "6825ff900b6112518546208d", "6825ff910b6112518546208e", "6825ff910b6112518546208f" ]
    } ]
  } ],
  "collection_id" : "6825e99e8eaaa408c6aaf61c",
  "display_order" : 504,
  "youtube_video" : "",
  "coming_soon" : false,
  "display_name_open" : "Care & Share",
  "gender_type" : "MALE",
  "icon_thumbnail" : null,
  "compare_price" : 299000.0,
  "regular_price" : 239000.0
}