{
  "title" : "Áo Thun Nam C&S Chubby Corgi",
  "vendor" : "5c482438000c695cfa6f8d22",
  "tags" : [ ],
  "options" : [ {
    "type" : "COLOR",
    "title" : "Màu sắc",
    "values" : [ "Đen", "Trắng", "Be" ]
  }, {
    "type" : "SIZE",
    "title" : "Kích thước Áo",
    "values" : [ "S", "M", "XL", "2XL", "3XL" ]
  } ],
  "images" : [ "681fda5c1f583b08bcb3f316", "681fda5c1f583b08bcb3f317", "681fda5c1f583b08bcb3f318", "681fda5c1f583b08bcb3f319", "681fda5c1f583b08bcb3f31a", "681fda5c1f583b08bcb3f31b" ],
  "discount" : null,
  "seo_alias" : "ao-thun-100-cotton-care-share-chubby-corgi",
  "options_values" : [ {
    "title" : "Màu sắc",
    "type" : "COLOR",
    "options" : [ {
      "title" : "Đen",
      "slug" : "den",
      "label" : "",
      "images" : [ "681fda5c1f583b08bcb3f31c", "681fda5c1f583b08bcb3f31d", "681fda5c1f583b08bcb3f31e", "681fda5c1f583b08bcb3f31f", "681fda5c1f583b08bcb3f320", "681fda5c1f583b08bcb3f321" ]
    }, {
      "title" : "Trắng",
      "slug" : "trang",
      "label" : "",
      "images" : [ "681fda5c1f583b08bcb3f322", "681fda5c1f583b08bcb3f323", "681fda5d1f583b08bcb3f324", "681fda5d1f583b08bcb3f325", "681fda5d1f583b08bcb3f326", "681fda5d1f583b08bcb3f327" ]
    }, {
      "title" : "Be",
      "slug" : "be",
      "label" : "",
      "images" : [ "681fda5e1f583b08bcb3f328", "681fda5e1f583b08bcb3f329", "681fda5e1f583b08bcb3f32a", "681fda5e1f583b08bcb3f32b", "681fda5e1f583b08bcb3f32c", "681fda5e1f583b08bcb3f32d" ]
    } ]
  } ],
  "collection_id" : "681ca20a2a59db3110ec0b8f",
  "display_order" : 493,
  "youtube_video" : "",
  "coming_soon" : false,
  "display_name_open" : "Cat & Dog",
  "gender_type" : "MALE",
  "icon_thumbnail" : null,
  "compare_price" : 229000.0,
  "regular_price" : 199000.0
}