{
  "title" : "Áo in Cotton Compact CARE SHARE In Lụa VỤN ART I - [Chung tay xây nhà mới] ",
  "vendor" : "5c482438000c695cfa6f8d22",
  "tags" : [ ],
  "options" : [ {
    "type" : "COLOR",
    "title" : "Màu sắc",
    "values" : [ "Trắng", "Đen" ]
  }, {
    "type" : "SIZE",
    "title" : "Kích thước Áo",
    "values" : [ "S", "M", "L", "XL", "2XL", "3XL" ]
  } ],
  "images" : [ "681fda531f583b08bcb3f2e0", "681fda531f583b08bcb3f2e1", "681fda531f583b08bcb3f2e2", "681fda531f583b08bcb3f2e3", "681fda531f583b08bcb3f2e4", "681fda531f583b08bcb3f2e5" ],
  "discount" : null,
  "seo_alias" : "ao-in-cotton-compact-care-share-in-lua-vun-art-i-chung-tay-xay-nha-moi",
  "options_values" : [ {
    "title" : "Màu sắc",
    "type" : "COLOR",
    "options" : [ {
      "title" : "Trắng",
      "slug" : "trang",
      "label" : "",
      "images" : [ "681fda531f583b08bcb3f2e6", "681fda531f583b08bcb3f2e7", "681fda531f583b08bcb3f2e8", "681fda531f583b08bcb3f2e9", "681fda531f583b08bcb3f2ea", "681fda541f583b08bcb3f2eb" ]
    }, {
      "title" : "Đen",
      "slug" : "den",
      "label" : "",
      "images" : [ "681fda541f583b08bcb3f2ec", "681fda541f583b08bcb3f2ed", "681fda541f583b08bcb3f2ee", "681fda541f583b08bcb3f2ef", "681fda541f583b08bcb3f2f0", "681fda541f583b08bcb3f2f1" ]
    } ]
  } ],
  "collection_id" : "681ca20a2a59db3110ec0b8f",
  "display_order" : 486,
  "youtube_video" : "",
  "coming_soon" : false,
  "display_name_open" : "Care & Share",
  "gender_type" : "MALE",
  "icon_thumbnail" : null,
  "compare_price" : 299000.0,
  "regular_price" : 239000.0
}