{
  "title" : "Áo thun Relaxed Fit 84RISING Marvel Captain America - American Symbol",
  "vendor" : "635a0ae7a3ff9a6c51456f3c",
  "tags" : [ ],
  "options" : [ {
    "type" : "COLOR",
    "title" : "Màu sắc",
    "values" : [ "Đen", "Trắng" ]
  }, {
    "type" : "SIZE",
    "title" : "Kích thước",
    "values" : [ "S", "M", "L", "XL" ]
  } ],
  "images" : [ "6825fe0b0b61125185461af0", "6825fe0c0b61125185461af1", "6825fe0c0b61125185461af2", "6825fe0c0b61125185461af3" ],
  "discount" : null,
  "seo_alias" : "ao-thun-relaxed-fit-84rising-american-symbol",
  "options_values" : [ {
    "title" : "Màu sắc",
    "type" : "COLOR",
    "options" : [ {
      "title" : "Đen",
      "slug" : "den",
      "label" : "",
      "images" : [ "6825fe0c0b61125185461af4", "6825fe0c0b61125185461af5", "6825fe0c0b61125185461af6", "6825fe0c0b61125185461af7", "6825fe0d0b61125185461af8", "6825fe0d0b61125185461af9" ]
    }, {
      "title" : "Trắng",
      "slug" : "trang",
      "label" : "",
      "images" : [ "6825fe0d0b61125185461afa", "6825fe0d0b61125185461afb", "6825fe0d0b61125185461afc", "6825fe0d0b61125185461afd", "6825fe0e0b61125185461afe" ]
    } ]
  } ],
  "collection_id" : "6825e99e8eaaa408c6aaf61c",
  "display_order" : 239,
  "youtube_video" : "",
  "coming_soon" : false,
  "display_name_open" : "",
  "gender_type" : "MALE",
  "icon_thumbnail" : null,
  "compare_price" : 399000.0,
  "regular_price" : 319000.0
}