{
  "title" : "Áo thun Relaxed Fit 84RISING Legend Club",
  "vendor" : "635a0ae7a3ff9a6c51456f3c",
  "tags" : [ ],
  "options" : [ {
    "type" : "COLOR",
    "title" : "Màu sắc",
    "values" : [ "Đen" ]
  }, {
    "type" : "SIZE",
    "title" : "Kích thước",
    "values" : [ "S", "M", "L", "XL" ]
  } ],
  "images" : [ "6825fd190b611251854617fa", "6825fd190b611251854617fb", "6825fd1a0b611251854617fc", "6825fd1a0b611251854617fd", "6825fd1a0b611251854617fe", "6825fd1a0b611251854617ff", "6825fd1a0b61125185461800", "6825fd1a0b61125185461801", "6825fd1b0b61125185461802" ],
  "discount" : null,
  "seo_alias" : "ao-thun-oversize-84rising-mickey-legend-club",
  "options_values" : [ {
    "title" : "Màu sắc",
    "type" : "COLOR",
    "options" : [ {
      "title" : "Đen",
      "slug" : "den",
      "label" : "",
      "images" : [ "6825fd1b0b61125185461803", "6825fd1b0b61125185461804", "6825fd1b0b61125185461805", "6825fd1b0b61125185461806", "6825fd1b0b61125185461807", "6825fd1c0b61125185461808", "6825fd1c0b61125185461809" ]
    } ]
  } ],
  "collection_id" : "6825e99e8eaaa408c6aaf61c",
  "display_order" : 1,
  "youtube_video" : "",
  "coming_soon" : false,
  "display_name_open" : "",
  "gender_type" : "MALE",
  "icon_thumbnail" : null,
  "compare_price" : 299000.0,
  "regular_price" : 239000.0
}