{
  "title" : "Áo Thun Nam C&S Happy Cat",
  "vendor" : "5c482438000c695cfa6f8d22",
  "tags" : [ ],
  "options" : [ {
    "type" : "COLOR",
    "title" : "Màu sắc",
    "values" : [ "Trắng", "Đen", "Be" ]
  }, {
    "type" : "SIZE",
    "title" : "Kích thước Áo",
    "values" : [ "S", "M", "XL", "2XL", "3XL" ]
  } ],
  "images" : [ "681fda451f583b08bcb3f294", "681fda461f583b08bcb3f295", "681fda461f583b08bcb3f296", "681fda461f583b08bcb3f297", "681fda461f583b08bcb3f298", "681fda461f583b08bcb3f299", "681fda461f583b08bcb3f29a" ],
  "discount" : null,
  "seo_alias" : "ao-thun-100-cotton-care-share-happy-cat",
  "options_values" : [ {
    "title" : "Màu sắc",
    "type" : "COLOR",
    "options" : [ {
      "title" : "Trắng",
      "slug" : "trang",
      "label" : "",
      "images" : [ "681fda461f583b08bcb3f29b", "681fda461f583b08bcb3f29c", "681fda471f583b08bcb3f29d", "681fda471f583b08bcb3f29e", "681fda471f583b08bcb3f29f", "681fda471f583b08bcb3f2a0", "681fda471f583b08bcb3f2a1" ]
    }, {
      "title" : "Đen",
      "slug" : "den",
      "label" : "",
      "images" : [ "681fda471f583b08bcb3f2a2", "681fda471f583b08bcb3f2a3", "681fda471f583b08bcb3f2a4", "681fda471f583b08bcb3f2a5", "681fda471f583b08bcb3f2a6", "681fda471f583b08bcb3f2a7", "681fda471f583b08bcb3f2a8" ]
    }, {
      "title" : "Be",
      "slug" : "be",
      "label" : "",
      "images" : [ "681fda471f583b08bcb3f2a9", "681fda481f583b08bcb3f2aa", "681fda481f583b08bcb3f2ab", "681fda481f583b08bcb3f2ac", "681fda481f583b08bcb3f2ad", "681fda481f583b08bcb3f2ae", "681fda481f583b08bcb3f2af" ]
    } ]
  } ],
  "collection_id" : "681ca20a2a59db3110ec0b8f",
  "display_order" : 481,
  "youtube_video" : "",
  "coming_soon" : false,
  "display_name_open" : "Cat & Dog",
  "gender_type" : "MALE",
  "icon_thumbnail" : null,
  "compare_price" : 229000.0,
  "regular_price" : 171000.0
}