{
  "title" : "Áo thun dài tay Jersey SofM",
  "vendor" : "5c482438000c695cfa6f8d22",
  "tags" : [ "CLEARANCE_SALE", "OUTLET" ],
  "options" : [ {
    "type" : "SIZE",
    "title" : "Kích thước",
    "values" : [ "S", "M", "L", "XL", "2XL", "3XL" ]
  } ],
  "images" : [ "6825fd8f0b61125185461962", "6825fd8f0b61125185461963", "6825fd8f0b61125185461964", "6825fd900b61125185461965", "6825fd900b61125185461966" ],
  "discount" : null,
  "seo_alias" : "ao-jersey-the-thao-sofm-dai-tay",
  "options_values" : [ ],
  "collection_id" : "6825e99e8eaaa408c6aaf61c",
  "display_order" : 40,
  "youtube_video" : "",
  "coming_soon" : false,
  "display_name_open" : "Dài tay",
  "gender_type" : "MALE",
  "icon_thumbnail" : null,
  "compare_price" : 499000.0,
  "regular_price" : 249000.0
}