{
  "title" : "Áo Thun Chạy Bộ Graphic Jungle",
  "vendor" : "5c482438000c695cfa6f8d22",
  "tags" : [ "BEST_SELLER" ],
  "options" : [ {
    "type" : "COLOR",
    "title" : "Màu sắc",
    "values" : [ "Nâu", "Xanh lá", "Xám" ]
  }, {
    "type" : "SIZE",
    "title" : "Kích thước",
    "values" : [ "S", "M", "L", "XL", "2XL", "3XL" ]
  } ],
  "images" : [ "6825fcdf0b6112518546173c", "6825fce00b6112518546173d", "6825fce00b6112518546173e", "6825fce00b6112518546173f", "6825fce00b61125185461740", "6825fce00b61125185461741" ],
  "discount" : null,
  "seo_alias" : "ao-thun-nam-chay-bo-hoat-tiet-graphic-jungle-thoang-mat-sieu-nhe",
  "options_values" : [ {
    "title" : "Màu sắc",
    "type" : "COLOR",
    "options" : [ {
      "title" : "Nâu",
      "slug" : "nau",
      "label" : "",
      "images" : [ "6825fce00b61125185461742", "6825fce00b61125185461743", "6825fce00b61125185461744", "6825fce10b61125185461745", "6825fce10b61125185461746", "6825fce10b61125185461747", "6825fce10b61125185461748" ]
    }, {
      "title" : "Xanh lá",
      "slug" : "xanh-la",
      "label" : "",
      "images" : [ "6825fce10b61125185461749", "6825fce10b6112518546174a", "6825fce20b6112518546174b", "6825fce20b6112518546174c", "6825fce20b6112518546174d", "6825fce20b6112518546174e", "6825fce20b6112518546174f" ]
    }, {
      "title" : "Xám",
      "slug" : "xam",
      "label" : "",
      "images" : [ "6825fce20b61125185461750", "6825fce20b61125185461751", "6825fce30b61125185461752", "6825fce30b61125185461753", "6825fce30b61125185461754", "6825fce30b61125185461755", "6825fce30b61125185461756" ]
    } ]
  } ],
  "collection_id" : "6825e99e8eaaa408c6aaf61c",
  "display_order" : 419,
  "youtube_video" : "https://media.coolmate.me/uploads/videos/Listing_Graphic_Jungle.mp4",
  "coming_soon" : false,
  "display_name_open" : "ExDry",
  "gender_type" : "MALE",
  "icon_thumbnail" : null,
  "compare_price" : 199000.0,
  "regular_price" : 99000.0
}