{
  "title" : "Áo thun chạy bộ Advanced Vent Tech",
  "vendor" : "",
  "tags" : [ ],
  "options" : [ {
    "type" : "COLOR",
    "title" : "Màu sắc",
    "values" : [ "Xanh Đen", "Tím Hồng", "Vàng Đen" ]
  }, {
    "type" : "SIZE",
    "title" : "Kích thước",
    "values" : [ "S", "M", "L", "XL", "2XL", "3XL" ]
  } ],
  "images" : [ "681fd88c1f583b08bcb3e961", "681fd88c1f583b08bcb3e962", "681fd88c1f583b08bcb3e963", "681fd88c1f583b08bcb3e964", "681fd88c1f583b08bcb3e965", "681fd88c1f583b08bcb3e966", "681fd88d1f583b08bcb3e967", "681fd88d1f583b08bcb3e968", "681fd88d1f583b08bcb3e969" ],
  "discount" : null,
  "seo_alias" : "ao-thun-chay-bo-advanced-vent-tech",
  "options_values" : [ {
    "title" : "Màu sắc",
    "type" : "COLOR",
    "options" : [ {
      "title" : "Xanh Đen",
      "slug" : "xanh-den",
      "label" : "",
      "images" : [ "681fd88d1f583b08bcb3e96a", "681fd88e1f583b08bcb3e96b", "681fd88e1f583b08bcb3e96c", "681fd88e1f583b08bcb3e96d", "681fd88e1f583b08bcb3e96e", "681fd88e1f583b08bcb3e96f", "681fd88e1f583b08bcb3e970", "681fd88e1f583b08bcb3e971", "681fd88e1f583b08bcb3e972" ]
    }, {
      "title" : "Tím Hồng",
      "slug" : "tim-hong",
      "label" : "",
      "images" : [ "681fd88f1f583b08bcb3e973", "681fd88f1f583b08bcb3e974", "681fd88f1f583b08bcb3e975", "681fd88f1f583b08bcb3e976", "681fd88f1f583b08bcb3e977", "681fd88f1f583b08bcb3e978", "681fd88f1f583b08bcb3e979", "681fd88f1f583b08bcb3e97a", "681fd88f1f583b08bcb3e97b" ]
    }, {
      "title" : "Vàng Đen",
      "slug" : "vang-den",
      "label" : "",
      "images" : [ "681fd8901f583b08bcb3e97c", "681fd8901f583b08bcb3e97d", "681fd8901f583b08bcb3e97e", "681fd8901f583b08bcb3e97f", "681fd8901f583b08bcb3e980", "681fd8901f583b08bcb3e981", "681fd8901f583b08bcb3e982", "681fd8901f583b08bcb3e983", "681fd8901f583b08bcb3e984" ]
    } ]
  } ],
  "collection_id" : "681ca20a2a59db3110ec0b8f",
  "display_order" : 407,
  "youtube_video" : "",
  "coming_soon" : false,
  "display_name_open" : "ExDry - Thoáng khí",
  "gender_type" : "MALE",
  "icon_thumbnail" : null,
  "compare_price" : 219000.0,
  "regular_price" : 219000.0
}