{
  "title" : "Áo Thun Chạy Bộ Graphic Photic",
  "vendor" : "5c482438000c695cfa6f8d22",
  "tags" : [ ],
  "options" : [ {
    "type" : "COLOR",
    "title" : "Màu sắc",
    "values" : [ "Xanh dương", "Đỏ" ]
  }, {
    "type" : "SIZE",
    "title" : "Kích thước",
    "values" : [ "S", "M", "L", "XL", "2XL", "3XL" ]
  } ],
  "images" : [ "681fda391f583b08bcb3f251", "681fda391f583b08bcb3f252", "681fda391f583b08bcb3f253", "681fda391f583b08bcb3f254", "681fda391f583b08bcb3f255", "681fda391f583b08bcb3f256" ],
  "discount" : null,
  "seo_alias" : "ao-thun-nam-chay-bo-graphic-photic-zone",
  "options_values" : [ {
    "title" : "Màu sắc",
    "type" : "COLOR",
    "options" : [ {
      "title" : "Xanh dương",
      "slug" : "xanh-duong",
      "label" : "",
      "images" : [ "681fda391f583b08bcb3f257", "681fda3a1f583b08bcb3f258", "681fda3a1f583b08bcb3f259", "681fda3a1f583b08bcb3f25a", "681fda3a1f583b08bcb3f25b", "681fda3a1f583b08bcb3f25c" ]
    }, {
      "title" : "Đỏ",
      "slug" : "do",
      "label" : "",
      "images" : [ "681fda3b1f583b08bcb3f25d", "681fda3b1f583b08bcb3f25e", "681fda3b1f583b08bcb3f25f", "681fda3b1f583b08bcb3f260", "681fda3b1f583b08bcb3f261", "681fda3b1f583b08bcb3f262" ]
    } ]
  } ],
  "collection_id" : "681ca20a2a59db3110ec0b8f",
  "display_order" : 473,
  "youtube_video" : "",
  "coming_soon" : false,
  "display_name_open" : "ExDry",
  "gender_type" : "MALE",
  "icon_thumbnail" : null,
  "compare_price" : 199000.0,
  "regular_price" : 99000.0
}