{
  "title" : "Áo Thun Nam Viet Devils - The Devil's Heart 2",
  "vendor" : "5c482438000c695cfa6f8d22",
  "tags" : [ ],
  "options" : [ {
    "type" : "COLOR",
    "title" : "Màu sắc",
    "values" : [ "Đen" ]
  }, {
    "type" : "SIZE",
    "title" : "Kích thước",
    "values" : [ "S", "3XL" ]
  } ],
  "images" : [ "681fda131f583b08bcb3f1bd", "681fda131f583b08bcb3f1be", "681fda131f583b08bcb3f1bf" ],
  "discount" : null,
  "seo_alias" : "ao-thun-nam-phien-ban-viet-devils-the-devils-heart-2",
  "options_values" : [ {
    "title" : "Màu sắc",
    "type" : "COLOR",
    "options" : [ {
      "title" : "Đen",
      "slug" : "den",
      "label" : "",
      "images" : [ "681fda131f583b08bcb3f1c0", "681fda131f583b08bcb3f1c1", "681fda131f583b08bcb3f1c2" ]
    } ]
  } ],
  "collection_id" : "681ca20a2a59db3110ec0b8f",
  "display_order" : 464,
  "youtube_video" : "",
  "coming_soon" : false,
  "display_name_open" : "Vải 100% Cotton",
  "gender_type" : "MALE",
  "icon_thumbnail" : null,
  "compare_price" : 329000.0,
  "regular_price" : 263000.0
}