{
  "title" : "Áo in Cotton 100% CARE SHARE - ÁO ẤM CHO EM - RẤT TỐT BỤNG",
  "vendor" : "5c482438000c695cfa6f8d22",
  "tags" : [ ],
  "options" : [ {
    "type" : "COLOR",
    "title" : "Màu sắc",
    "values" : [ "Be", "Trắng", "Đen" ]
  }, {
    "type" : "SIZE",
    "title" : "Kích thước",
    "values" : [ "S", "M", "L", "XL", "2XL", "3XL" ]
  } ],
  "images" : [ "6825fee20b61125185461df5", "6825fee20b61125185461df6", "6825fee20b61125185461df7" ],
  "discount" : null,
  "seo_alias" : "ao-in-cotton-100-care-share-ao-am-cho-em-rat-tot-bung",
  "options_values" : [ {
    "title" : "Màu sắc",
    "type" : "COLOR",
    "options" : [ {
      "title" : "Be",
      "slug" : "be",
      "label" : "",
      "images" : [ "6825fee30b61125185461df8", "6825fee30b61125185461df9", "6825fee30b61125185461dfa", "6825fee30b61125185461dfb", "6825fee30b61125185461dfc" ]
    }, {
      "title" : "Trắng",
      "slug" : "trang",
      "label" : "",
      "images" : [ "6825fee30b61125185461dfd", "6825fee40b61125185461dfe", "6825fee40b61125185461dff", "6825fee40b61125185461e00", "6825fee40b61125185461e01" ]
    }, {
      "title" : "Đen",
      "slug" : "den",
      "label" : "",
      "images" : [ "6825fee40b61125185461e02", "6825fee40b61125185461e03", "6825fee40b61125185461e04", "6825fee50b61125185461e05", "6825fee50b61125185461e06" ]
    } ]
  } ],
  "collection_id" : "6825e99e8eaaa408c6aaf61c",
  "display_order" : 435,
  "youtube_video" : "",
  "coming_soon" : false,
  "display_name_open" : "Care & Share",
  "gender_type" : "MALE",
  "icon_thumbnail" : null,
  "compare_price" : 199000.0,
  "regular_price" : 159000.0
}