{
  "title" : "Áo thun Relaxed Fit 84RISING Starring Mickey Mouse",
  "vendor" : "635a0ae7a3ff9a6c51456f3c",
  "tags" : [ ],
  "options" : [ {
    "type" : "COLOR",
    "title" : "Màu sắc",
    "values" : [ "Trắng", "Đen" ]
  }, {
    "type" : "SIZE",
    "title" : "Kích thước",
    "values" : [ "S", "M", "L", "XL" ]
  } ],
  "images" : [ "6825fe260b61125185461b4c", "6825fe270b61125185461b4d", "6825fe270b61125185461b4e", "6825fe270b61125185461b4f", "6825fe270b61125185461b50", "6825fe270b61125185461b51" ],
  "discount" : null,
  "seo_alias" : "ao-thun-relaxed-fit-84rising-starring-mickey-mouse",
  "options_values" : [ {
    "title" : "Màu sắc",
    "type" : "COLOR",
    "options" : [ {
      "title" : "Trắng",
      "slug" : "trang",
      "label" : "",
      "images" : [ "6825fe270b61125185461b52", "6825fe280b61125185461b53", "6825fe280b61125185461b54", "6825fe280b61125185461b55", "6825fe280b61125185461b56", "6825fe280b61125185461b57" ]
    }, {
      "title" : "Đen",
      "slug" : "den",
      "label" : "",
      "images" : [ "6825fe280b61125185461b58", "6825fe280b61125185461b59", "6825fe280b61125185461b5a", "6825fe290b61125185461b5b", "6825fe290b61125185461b5c", "6825fe290b61125185461b5d", "6825fe290b61125185461b5e" ]
    } ]
  } ],
  "collection_id" : "6825e99e8eaaa408c6aaf61c",
  "display_order" : 243,
  "youtube_video" : "",
  "coming_soon" : false,
  "display_name_open" : "",
  "gender_type" : "MALE",
  "icon_thumbnail" : null,
  "compare_price" : 299000.0,
  "regular_price" : 239000.0
}