{
  "title" : "Áo Thun Nam C&S Vui Trung thu",
  "vendor" : "5c482438000c695cfa6f8d22",
  "tags" : [ ],
  "options" : [ {
    "type" : "COLOR",
    "title" : "Màu sắc",
    "values" : [ "Đen", "Be", "Trắng" ]
  }, {
    "type" : "SIZE",
    "title" : "Kích thước Áo",
    "values" : [ "S", "M", "XL", "2XL", "3XL" ]
  } ],
  "images" : [ "681fdae11f583b08bcb3f5c0", "681fdae21f583b08bcb3f5c1", "681fdae21f583b08bcb3f5c2", "681fdae21f583b08bcb3f5c3", "681fdae21f583b08bcb3f5c4", "681fdae21f583b08bcb3f5c5" ],
  "discount" : null,
  "seo_alias" : "ao-thun-100-cotton-care-share-vui-trung-thu",
  "options_values" : [ {
    "title" : "Màu sắc",
    "type" : "COLOR",
    "options" : [ {
      "title" : "Đen",
      "slug" : "den",
      "label" : "",
      "images" : [ "681fdae21f583b08bcb3f5c6", "681fdae31f583b08bcb3f5c7", "681fdae31f583b08bcb3f5c8", "681fdae31f583b08bcb3f5c9", "681fdae31f583b08bcb3f5ca", "681fdae31f583b08bcb3f5cb" ]
    }, {
      "title" : "Be",
      "slug" : "be",
      "label" : "",
      "images" : [ "681fdae31f583b08bcb3f5cc", "681fdae31f583b08bcb3f5cd", "681fdae31f583b08bcb3f5ce", "681fdae31f583b08bcb3f5cf", "681fdae31f583b08bcb3f5d0", "681fdae31f583b08bcb3f5d1" ]
    }, {
      "title" : "Trắng",
      "slug" : "trang",
      "label" : "",
      "images" : [ "681fdae31f583b08bcb3f5d2", "681fdae31f583b08bcb3f5d3", "681fdae31f583b08bcb3f5d4", "681fdae41f583b08bcb3f5d5", "681fdae41f583b08bcb3f5d6", "681fdae41f583b08bcb3f5d7" ]
    } ]
  } ],
  "collection_id" : "681ca20a2a59db3110ec0b8f",
  "display_order" : 516,
  "youtube_video" : "",
  "coming_soon" : false,
  "display_name_open" : "Cat & Dog",
  "gender_type" : "MALE",
  "icon_thumbnail" : null,
  "compare_price" : 229000.0,
  "regular_price" : 171000.0
}