{
  "title" : "Áo thun Training Comfort",
  "vendor" : "",
  "tags" : [ ],
  "options" : [ {
    "type" : "COLOR",
    "title" : "Màu sắc",
    "values" : [ "Cam Sadalwood", "Xám Shark", "Xanh Bluebell", "Xanh Cypess" ]
  }, {
    "type" : "SIZE",
    "title" : "Kích thước",
    "values" : [ "S", "M", "L", "XL", "2XL", "3XL" ]
  } ],
  "images" : [ "681fd8821f583b08bcb3e933", "681fd8821f583b08bcb3e934", "681fd8821f583b08bcb3e935", "681fd8821f583b08bcb3e936", "681fd8821f583b08bcb3e937", "681fd8821f583b08bcb3e938", "681fd8821f583b08bcb3e939", "681fd8831f583b08bcb3e93a" ],
  "discount" : null,
  "seo_alias" : "ao-thun-training-comfort",
  "options_values" : [ {
    "title" : "Màu sắc",
    "type" : "COLOR",
    "options" : [ {
      "title" : "Cam Sadalwood",
      "slug" : "cam-sadalwood",
      "label" : "",
      "images" : [ "681fd8831f583b08bcb3e93b", "681fd8831f583b08bcb3e93c", "681fd8831f583b08bcb3e93d", "681fd8831f583b08bcb3e93e", "681fd8831f583b08bcb3e93f", "681fd8841f583b08bcb3e940", "681fd8841f583b08bcb3e941", "681fd8841f583b08bcb3e942" ]
    }, {
      "title" : "Xám Shark",
      "slug" : "xam-shark",
      "label" : "",
      "images" : [ "681fd8841f583b08bcb3e943", "681fd8841f583b08bcb3e944", "681fd8841f583b08bcb3e945", "681fd8841f583b08bcb3e946", "681fd8841f583b08bcb3e947", "681fd8841f583b08bcb3e948", "681fd8851f583b08bcb3e949", "681fd8851f583b08bcb3e94a" ]
    }, {
      "title" : "Xanh Bluebell",
      "slug" : "xanh-bluebell",
      "label" : "",
      "images" : [ "681fd8851f583b08bcb3e94b", "681fd8851f583b08bcb3e94c", "681fd8851f583b08bcb3e94d", "681fd8851f583b08bcb3e94e", "681fd8851f583b08bcb3e94f", "681fd8851f583b08bcb3e950", "681fd8851f583b08bcb3e951", "681fd8851f583b08bcb3e952" ]
    }, {
      "title" : "Xanh Cypess",
      "slug" : "xanh-cypess",
      "label" : "",
      "images" : [ "681fd8851f583b08bcb3e953", "681fd8861f583b08bcb3e954", "681fd8861f583b08bcb3e955", "681fd8861f583b08bcb3e956", "681fd8861f583b08bcb3e957", "681fd8861f583b08bcb3e958", "681fd8861f583b08bcb3e959", "681fd8861f583b08bcb3e95a" ]
    } ]
  } ],
  "collection_id" : "681ca20a2a59db3110ec0b8f",
  "display_order" : 374,
  "youtube_video" : "",
  "coming_soon" : false,
  "display_name_open" : "ExDry - Thoáng khí",
  "gender_type" : "MALE",
  "icon_thumbnail" : null,
  "compare_price" : 279000.0,
  "regular_price" : 249000.0
}