{
  "title" : "Áo thun Relaxed Fit 84RISING We are Venom",
  "vendor" : "635a0ae7a3ff9a6c51456f3c",
  "tags" : [ ],
  "options" : [ {
    "type" : "COLOR",
    "title" : "Màu sắc",
    "values" : [ "Trắng" ]
  }, {
    "type" : "SIZE",
    "title" : "Kích thước",
    "values" : [ "S", "M", "L", "XL" ]
  } ],
  "images" : [ "6825fcc30b611251854616e5", "6825fcc30b611251854616e6", "6825fcc30b611251854616e7" ],
  "discount" : null,
  "seo_alias" : "ao-thun-oversize-basic-84rising-we-are-venom",
  "options_values" : [ {
    "title" : "Màu sắc",
    "type" : "COLOR",
    "options" : [ {
      "title" : "Trắng",
      "slug" : "trang",
      "label" : "",
      "images" : [ "6825fcc40b611251854616e8", "6825fcc40b611251854616e9", "6825fcc40b611251854616ea", "6825fcc40b611251854616eb", "6825fcc40b611251854616ec", "6825fcc40b611251854616ed" ]
    } ]
  } ],
  "collection_id" : "6825e99e8eaaa408c6aaf61c",
  "display_order" : 999,
  "youtube_video" : "",
  "coming_soon" : false,
  "display_name_open" : "",
  "gender_type" : "MALE",
  "icon_thumbnail" : null,
  "compare_price" : 399000.0,
  "regular_price" : 319000.0
}