{
  "title" : "Áo Thun Nam Thể Thao Coolmate Basics - Outlet ",
  "vendor" : "5c482438000c695cfa6f8d22",
  "tags" : [ "CLEARANCE_SALE", "OUTLET" ],
  "options" : [ {
    "type" : "COLOR",
    "title" : "Màu sắc",
    "values" : [ "Xám nhạt" ]
  }, {
    "type" : "SIZE",
    "title" : "Kích thước",
    "values" : [ "S" ]
  } ],
  "images" : [ "6825fdb40b611251854619c3", "6825fdb40b611251854619c4", "6825fdb50b611251854619c5", "6825fdb50b611251854619c6", "6825fdb50b611251854619c7", "6825fdb50b611251854619c8", "6825fdb50b611251854619c9", "6825fdb50b611251854619ca", "6825fdb50b611251854619cb" ],
  "discount" : null,
  "seo_alias" : "ao-the-thao-nam-promax-recycle-basics1-sale-off",
  "options_values" : [ {
    "title" : "Màu sắc",
    "type" : "COLOR",
    "options" : [ {
      "title" : "Xám nhạt",
      "slug" : "xam-nhat",
      "label" : "",
      "images" : [ "6825fdb50b611251854619cc", "6825fdb60b611251854619cd", "6825fdb60b611251854619ce", "6825fdb60b611251854619cf", "6825fdb60b611251854619d0", "6825fdb60b611251854619d1", "6825fdb60b611251854619d2", "6825fdb60b611251854619d3" ]
    } ]
  } ],
  "collection_id" : "6825e99e8eaaa408c6aaf61c",
  "display_order" : 171,
  "youtube_video" : "",
  "coming_soon" : false,
  "display_name_open" : "ExDry",
  "gender_type" : "MALE",
  "icon_thumbnail" : null,
  "compare_price" : 99000.0,
  "regular_price" : 49000.0
}