{
  "title" : "Áo Thun Care & Share Ver1",
  "vendor" : "5c482438000c695cfa6f8d22",
  "tags" : [ "LIMITED" ],
  "options" : [ {
    "type" : "COLOR",
    "title" : "Màu sắc",
    "values" : [ "Đen", "Trắng", "Be", "Xanh đậm" ]
  }, {
    "type" : "SIZE",
    "title" : "Kích thước",
    "values" : [ "S", "M", "L", "XL", "2XL", "3XL" ]
  } ],
  "images" : [ "6825ffda0b611251854621e6", "6825ffda0b611251854621e7", "6825ffda0b611251854621e8", "6825ffda0b611251854621e9", "6825ffda0b611251854621ea", "6825ffdb0b611251854621eb" ],
  "discount" : null,
  "seo_alias" : "ao-thun-100-cotton-care-share-ver1-tet-collection",
  "options_values" : [ {
    "title" : "Màu sắc",
    "type" : "COLOR",
    "options" : [ {
      "title" : "Đen",
      "slug" : "den",
      "label" : "",
      "images" : [ "6825ffdb0b611251854621ec", "6825ffdb0b611251854621ed", "6825ffdb0b611251854621ee" ]
    }, {
      "title" : "Trắng",
      "slug" : "trang",
      "label" : "",
      "images" : [ "6825ffdb0b611251854621ef", "6825ffdb0b611251854621f0", "6825ffdb0b611251854621f1" ]
    }, {
      "title" : "Be",
      "slug" : "be",
      "label" : "",
      "images" : [ "6825ffdc0b611251854621f2", "6825ffdc0b611251854621f3" ]
    }, {
      "title" : "Xanh đậm",
      "slug" : "xanh-dam",
      "label" : "",
      "images" : [ "6825ffdc0b611251854621f4", "6825ffdc0b611251854621f5" ]
    } ]
  } ],
  "collection_id" : "6825e99e8eaaa408c6aaf61c",
  "display_order" : 515,
  "youtube_video" : "",
  "coming_soon" : false,
  "display_name_open" : "TET Collection",
  "gender_type" : "MALE",
  "icon_thumbnail" : null,
  "compare_price" : 199000.0,
  "regular_price" : 159000.0
}