{
  "title" : "Áo Thun Nam Viet Devils - The Devil's Heart 2",
  "vendor" : "5c482438000c695cfa6f8d22",
  "tags" : [ ],
  "options" : [ {
    "type" : "COLOR",
    "title" : "Màu sắc",
    "values" : [ "Đen" ]
  }, {
    "type" : "SIZE",
    "title" : "Kích thước",
    "values" : [ "S", "3XL" ]
  } ],
  "images" : [ "6825ff230b61125185461edd", "6825ff240b61125185461ede", "6825ff240b61125185461edf" ],
  "discount" : null,
  "seo_alias" : "ao-thun-nam-phien-ban-viet-devils-the-devils-heart-2",
  "options_values" : [ {
    "title" : "Màu sắc",
    "type" : "COLOR",
    "options" : [ {
      "title" : "Đen",
      "slug" : "den",
      "label" : "",
      "images" : [ "6825ff240b61125185461ee0", "6825ff240b61125185461ee1", "6825ff240b61125185461ee2", "6825ff240b61125185461ee3", "6825ff240b61125185461ee4", "6825ff240b61125185461ee5", "6825ff250b61125185461ee6" ]
    } ]
  } ],
  "collection_id" : "6825e99e8eaaa408c6aaf61c",
  "display_order" : 464,
  "youtube_video" : "",
  "coming_soon" : false,
  "display_name_open" : "Vải 100% Cotton",
  "gender_type" : "MALE",
  "icon_thumbnail" : null,
  "compare_price" : 329000.0,
  "regular_price" : 263000.0
}