{
  "title" : "Áo thun thể thao Jacquard Seamless",
  "vendor" : "",
  "tags" : [ ],
  "options" : [ {
    "type" : "COLOR",
    "title" : "Màu sắc",
    "values" : [ "Xanh", "Đen", "Xám" ]
  }, {
    "type" : "SIZE",
    "title" : "Kích thước",
    "values" : [ "M", "L", "XL", "2XL", "3XL" ]
  } ],
  "images" : [ "681fd8671f583b08bcb3e8b4", "681fd8671f583b08bcb3e8b5", "681fd8671f583b08bcb3e8b6", "681fd8671f583b08bcb3e8b7", "681fd8671f583b08bcb3e8b8", "681fd8671f583b08bcb3e8b9" ],
  "discount" : null,
  "seo_alias" : "ao-thun-the-thao-jacquard-seamless",
  "options_values" : [ {
    "title" : "Màu sắc",
    "type" : "COLOR",
    "options" : [ {
      "title" : "Xanh",
      "slug" : "xanh",
      "label" : "",
      "images" : [ "681fd8671f583b08bcb3e8ba", "681fd8681f583b08bcb3e8bb", "681fd8681f583b08bcb3e8bc", "681fd8681f583b08bcb3e8bd", "681fd8681f583b08bcb3e8be", "681fd8681f583b08bcb3e8bf" ]
    }, {
      "title" : "Đen",
      "slug" : "den",
      "label" : "",
      "images" : [ "681fd8681f583b08bcb3e8c0", "681fd8681f583b08bcb3e8c1", "681fd8681f583b08bcb3e8c2", "681fd8681f583b08bcb3e8c3", "681fd8681f583b08bcb3e8c4", "681fd8691f583b08bcb3e8c5" ]
    }, {
      "title" : "Xám",
      "slug" : "xam",
      "label" : "",
      "images" : [ "681fd8691f583b08bcb3e8c6", "681fd8691f583b08bcb3e8c7", "681fd8691f583b08bcb3e8c8", "681fd8691f583b08bcb3e8c9", "681fd8691f583b08bcb3e8ca", "681fd8691f583b08bcb3e8cb" ]
    } ]
  } ],
  "collection_id" : "681ca20a2a59db3110ec0b8f",
  "display_order" : 310,
  "youtube_video" : "",
  "coming_soon" : false,
  "display_name_open" : "ExDry - Thoáng khí - Không đường may",
  "gender_type" : "MALE",
  "icon_thumbnail" : null,
  "compare_price" : 349000.0,
  "regular_price" : 349000.0
}