{
  "title" : "Áo Thun Thể Thao Active Basics",
  "vendor" : "5c482438000c695cfa6f8d22",
  "tags" : [ ],
  "options" : [ {
    "type" : "COLOR",
    "title" : "Màu sắc",
    "values" : [ "Xám đậm", "Xám nhạt", "Xanh Navy", "Xanh ngọc", "Xanh rêu" ]
  }, {
    "type" : "SIZE",
    "title" : "Kích thước",
    "values" : [ "S", "M", "L", "XL", "2XL", "3XL" ]
  } ],
  "images" : [ "6825fdc10b611251854619f2", "6825fdc10b611251854619f3", "6825fdc10b611251854619f4", "6825fdc10b611251854619f5", "6825fdc20b611251854619f6", "6825fdc20b611251854619f7", "6825fdc20b611251854619f8", "6825fdc20b611251854619f9", "6825fdc20b611251854619fa", "6825fdc20b611251854619fb", "6825fdc20b611251854619fc", "6825fdc20b611251854619fd", "6825fdc30b611251854619fe", "6825fdc30b611251854619ff" ],
  "discount" : null,
  "seo_alias" : "ao-thun-the-thao-nam-active-basics-nhanh-kho-ex-dry",
  "options_values" : [ {
    "title" : "Màu sắc",
    "type" : "COLOR",
    "options" : [ {
      "title" : "Xám đậm",
      "slug" : "xam-dam",
      "label" : "",
      "images" : [ "6825fdc30b61125185461a00", "6825fdc30b61125185461a01", "6825fdc30b61125185461a02", "6825fdc30b61125185461a03", "6825fdc30b61125185461a04", "6825fdc40b61125185461a05", "6825fdc40b61125185461a06" ]
    }, {
      "title" : "Xám nhạt",
      "slug" : "xam-nhat",
      "label" : "",
      "images" : [ "6825fdc40b61125185461a07", "6825fdc40b61125185461a08", "6825fdc40b61125185461a09", "6825fdc40b61125185461a0a", "6825fdc40b61125185461a0b", "6825fdc50b61125185461a0c", "6825fdc50b61125185461a0d" ]
    }, {
      "title" : "Xanh Navy",
      "slug" : "xanh-navy",
      "label" : "",
      "images" : [ "6825fdc50b61125185461a0e", "6825fdc50b61125185461a0f", "6825fdc50b61125185461a10", "6825fdc50b61125185461a11", "6825fdc50b61125185461a12", "6825fdc50b61125185461a13", "6825fdc60b61125185461a14" ]
    }, {
      "title" : "Xanh ngọc",
      "slug" : "xanh-ngoc",
      "label" : "",
      "images" : [ "6825fdc60b61125185461a15", "6825fdc60b61125185461a16", "6825fdc60b61125185461a17", "6825fdc60b61125185461a18", "6825fdc60b61125185461a19", "6825fdc70b61125185461a1a", "6825fdc70b61125185461a1b" ]
    }, {
      "title" : "Xanh rêu",
      "slug" : "xanh-reu",
      "label" : "",
      "images" : [ "6825fdc70b61125185461a1c", "6825fdc70b61125185461a1d", "6825fdc70b61125185461a1e", "6825fdc80b61125185461a1f", "6825fdc80b61125185461a20", "6825fdc80b61125185461a21" ]
    } ]
  } ],
  "collection_id" : "6825e99e8eaaa408c6aaf61c",
  "display_order" : 176,
  "youtube_video" : "",
  "coming_soon" : false,
  "display_name_open" : "ExDry",
  "gender_type" : "MALE",
  "icon_thumbnail" : null,
  "compare_price" : 159000.0,
  "regular_price" : 139000.0
}