{
  "title" : "Áo Dài Tay Thể Thao Slim Fit",
  "vendor" : "5c482438000c695cfa6f8d22",
  "tags" : [ ],
  "options" : [ {
    "type" : "COLOR",
    "title" : "Màu sắc",
    "values" : [ "Đen", "Xám", "Xanh Academy", "Xanh Colony" ]
  }, {
    "type" : "SIZE",
    "title" : "Kích thước",
    "values" : [ "M", "L", "XL", "2XL", "3XL" ]
  } ],
  "images" : [ "681fda211f583b08bcb3f1ed", "681fda221f583b08bcb3f1ee", "681fda231f583b08bcb3f1ef", "681fda241f583b08bcb3f1f0", "681fda251f583b08bcb3f1f1", "681fda251f583b08bcb3f1f2", "681fda261f583b08bcb3f1f3", "681fda271f583b08bcb3f1f4" ],
  "discount" : null,
  "seo_alias" : "ao-dai-tay-the-thao-slim-fit",
  "options_values" : [ {
    "title" : "Màu sắc",
    "type" : "COLOR",
    "options" : [ {
      "title" : "Đen",
      "slug" : "den",
      "label" : "",
      "images" : [ "681fda271f583b08bcb3f1f5", "681fda271f583b08bcb3f1f6", "681fda281f583b08bcb3f1f7", "681fda281f583b08bcb3f1f8", "681fda281f583b08bcb3f1f9", "681fda281f583b08bcb3f1fa", "681fda281f583b08bcb3f1fb", "681fda291f583b08bcb3f1fc" ]
    }, {
      "title" : "Xám",
      "slug" : "xam",
      "label" : "",
      "images" : [ "681fda291f583b08bcb3f1fd", "681fda291f583b08bcb3f1fe", "681fda291f583b08bcb3f1ff", "681fda2a1f583b08bcb3f200", "681fda2a1f583b08bcb3f201", "681fda2a1f583b08bcb3f202", "681fda2a1f583b08bcb3f203", "681fda2a1f583b08bcb3f204" ]
    }, {
      "title" : "Xanh Academy",
      "slug" : "xanh-academy",
      "label" : "",
      "images" : [ "681fda2b1f583b08bcb3f205", "681fda2b1f583b08bcb3f206", "681fda2b1f583b08bcb3f207", "681fda2b1f583b08bcb3f208", "681fda2b1f583b08bcb3f209", "681fda2b1f583b08bcb3f20a", "681fda2b1f583b08bcb3f20b", "681fda2b1f583b08bcb3f20c" ]
    }, {
      "title" : "Xanh Colony",
      "slug" : "xanh-colony",
      "label" : "",
      "images" : [ "681fda2c1f583b08bcb3f20d", "681fda2c1f583b08bcb3f20e", "681fda2c1f583b08bcb3f20f", "681fda2c1f583b08bcb3f210", "681fda2c1f583b08bcb3f211", "681fda2c1f583b08bcb3f212", "681fda2c1f583b08bcb3f213", "681fda2c1f583b08bcb3f214" ]
    } ]
  } ],
  "collection_id" : "681ca20a2a59db3110ec0b8f",
  "display_order" : 470,
  "youtube_video" : "",
  "coming_soon" : false,
  "display_name_open" : "ExDry - Co giãn ",
  "gender_type" : "MALE",
  "icon_thumbnail" : null,
  "compare_price" : 269000.0,
  "regular_price" : 199000.0
}