{
  "title" : "Áo thun Stitch Summer Beach",
  "vendor" : "5c482438000c695cfa6f8d22",
  "tags" : [ ],
  "options" : [ {
    "type" : "COLOR",
    "title" : "Màu sắc",
    "values" : [ "Trắng", "Be", "Xanh Pastel", "Đen" ]
  }, {
    "type" : "SIZE",
    "title" : "Kích thước",
    "values" : [ "S", "XL", "2XL", "3XL", "M", "L" ]
  } ],
  "images" : [ "681fd9bc1f583b08bcb3effc", "681fd9bd1f583b08bcb3effd" ],
  "discount" : null,
  "seo_alias" : "ao-thun-cotton-stitch-summer-beach-mem-mai",
  "options_values" : [ {
    "title" : "Màu sắc",
    "type" : "COLOR",
    "options" : [ {
      "title" : "Trắng",
      "slug" : "trang",
      "label" : "",
      "images" : [ "681fd9bd1f583b08bcb3effe", "681fd9bd1f583b08bcb3efff" ]
    }, {
      "title" : "Be",
      "slug" : "be",
      "label" : "",
      "images" : [ "681fd9bd1f583b08bcb3f000", "681fd9bd1f583b08bcb3f001" ]
    }, {
      "title" : "Xanh Pastel",
      "slug" : "xanh-pastel",
      "label" : "",
      "images" : [ "681fd9bd1f583b08bcb3f002", "681fd9bd1f583b08bcb3f003" ]
    }, {
      "title" : "Đen",
      "slug" : "den",
      "label" : "",
      "images" : [ "681fd9bd1f583b08bcb3f004", "681fd9bd1f583b08bcb3f005" ]
    } ]
  } ],
  "collection_id" : "681ca20a2a59db3110ec0b8f",
  "display_order" : 288,
  "youtube_video" : "",
  "coming_soon" : false,
  "display_name_open" : "100% Cotton",
  "gender_type" : "MALE",
  "icon_thumbnail" : null,
  "compare_price" : 249000.0,
  "regular_price" : 186000.0
}