{
  "title" : "Áo thun Relaxed Fit 84RISING Mickey Mouse Club House",
  "vendor" : "635a0ae7a3ff9a6c51456f3c",
  "tags" : [ ],
  "options" : [ {
    "type" : "COLOR",
    "title" : "Màu Áo",
    "values" : [ "Trắng", "Đen" ]
  }, {
    "type" : "SIZE",
    "title" : "Kích thước",
    "values" : [ "S", "M", "L", "XL" ]
  } ],
  "images" : [ "681fd8f51f583b08bcb3ebf5", "681fd8f51f583b08bcb3ebf6", "681fd8f61f583b08bcb3ebf7", "681fd8f61f583b08bcb3ebf8", "681fd8f61f583b08bcb3ebf9", "681fd8f61f583b08bcb3ebfa" ],
  "discount" : null,
  "seo_alias" : "ao-thun-relaxed-fit-84rising-mickey-mouse-club-house",
  "options_values" : [ {
    "title" : "Màu Áo",
    "type" : "COLOR",
    "options" : [ {
      "title" : "Trắng",
      "slug" : "trang",
      "label" : "",
      "images" : [ "681fd8f61f583b08bcb3ebfb", "681fd8f61f583b08bcb3ebfc", "681fd8f61f583b08bcb3ebfd", "681fd8f61f583b08bcb3ebfe", "681fd8f61f583b08bcb3ebff", "681fd8f61f583b08bcb3ec00" ]
    }, {
      "title" : "Đen",
      "slug" : "den",
      "label" : "",
      "images" : [ "681fd8f61f583b08bcb3ec01", "681fd8f61f583b08bcb3ec02", "681fd8f71f583b08bcb3ec03", "681fd8f71f583b08bcb3ec04", "681fd8f71f583b08bcb3ec05", "681fd8f71f583b08bcb3ec06" ]
    } ]
  } ],
  "collection_id" : "681ca20a2a59db3110ec0b8f",
  "display_order" : 1,
  "youtube_video" : "",
  "coming_soon" : false,
  "display_name_open" : "",
  "gender_type" : "MALE",
  "icon_thumbnail" : null,
  "compare_price" : 299000.0,
  "regular_price" : 239000.0
}