{
  "title" : "Áo thun thể thao Pro Active 1595",
  "vendor" : "5c482438000c695cfa6f8d22",
  "tags" : [ ],
  "options" : [ {
    "type" : "COLOR",
    "title" : "Màu sắc",
    "values" : [ "Nâu", "Xanh Navy", "Đen" ]
  }, {
    "type" : "SIZE",
    "title" : "Kích thước",
    "values" : [ "S", "M", "L", "XL", "2XL", "3XL" ]
  } ],
  "images" : [ "681fda601f583b08bcb3f32e", "681fda611f583b08bcb3f32f", "681fda611f583b08bcb3f330", "681fda611f583b08bcb3f331", "681fda611f583b08bcb3f332", "681fda611f583b08bcb3f333" ],
  "discount" : null,
  "seo_alias" : "ao-thun-the-thao-pro-active-1595-thoang-mat-exdry",
  "options_values" : [ {
    "title" : "Màu sắc",
    "type" : "COLOR",
    "options" : [ {
      "title" : "Nâu",
      "slug" : "nau",
      "label" : "",
      "images" : [ "681fda611f583b08bcb3f334", "681fda621f583b08bcb3f335", "681fda621f583b08bcb3f336", "681fda621f583b08bcb3f337", "681fda621f583b08bcb3f338", "681fda621f583b08bcb3f339" ]
    }, {
      "title" : "Xanh Navy",
      "slug" : "xanh-navy",
      "label" : "",
      "images" : [ "681fda621f583b08bcb3f33a", "681fda621f583b08bcb3f33b", "681fda621f583b08bcb3f33c", "681fda621f583b08bcb3f33d", "681fda621f583b08bcb3f33e", "681fda621f583b08bcb3f33f" ]
    }, {
      "title" : "Đen",
      "slug" : "den",
      "label" : "",
      "images" : [ "681fda631f583b08bcb3f340", "681fda631f583b08bcb3f341", "681fda631f583b08bcb3f342", "681fda631f583b08bcb3f343", "681fda631f583b08bcb3f344", "681fda631f583b08bcb3f345" ]
    } ]
  } ],
  "collection_id" : "681ca20a2a59db3110ec0b8f",
  "display_order" : 495,
  "youtube_video" : "",
  "coming_soon" : false,
  "display_name_open" : "ExDry",
  "gender_type" : "MALE",
  "icon_thumbnail" : null,
  "compare_price" : 179000.0,
  "regular_price" : 159000.0
}