{
  "title" : "Áo Thun Nam Thể Thao Coolmate Basics - Outlet ",
  "vendor" : "5c482438000c695cfa6f8d22",
  "tags" : [ "CLEARANCE_SALE", "OUTLET" ],
  "options" : [ {
    "type" : "COLOR",
    "title" : "Màu sắc",
    "values" : [ "Xám nhạt" ]
  }, {
    "type" : "SIZE",
    "title" : "Kích thước",
    "values" : [ "S" ]
  } ],
  "images" : [ "681fd92c1f583b08bcb3ed09", "681fd92c1f583b08bcb3ed0a", "681fd92c1f583b08bcb3ed0b", "681fd92c1f583b08bcb3ed0c", "681fd92c1f583b08bcb3ed0d", "681fd92c1f583b08bcb3ed0e", "681fd92c1f583b08bcb3ed0f", "681fd92c1f583b08bcb3ed10", "681fd92c1f583b08bcb3ed11" ],
  "discount" : null,
  "seo_alias" : "ao-the-thao-nam-promax-recycle-basics1-sale-off",
  "options_values" : [ {
    "title" : "Màu sắc",
    "type" : "COLOR",
    "options" : [ {
      "title" : "Xám nhạt",
      "slug" : "xam-nhat",
      "label" : "",
      "images" : [ "681fd92c1f583b08bcb3ed12", "681fd92d1f583b08bcb3ed13", "681fd92d1f583b08bcb3ed14", "681fd92d1f583b08bcb3ed15", "681fd92d1f583b08bcb3ed16", "681fd92d1f583b08bcb3ed17", "681fd92d1f583b08bcb3ed18", "681fd92e1f583b08bcb3ed19", "681fd92e1f583b08bcb3ed1a" ]
    } ]
  } ],
  "collection_id" : "681ca20a2a59db3110ec0b8f",
  "display_order" : 171,
  "youtube_video" : "",
  "coming_soon" : false,
  "display_name_open" : "ExDry",
  "gender_type" : "MALE",
  "icon_thumbnail" : null,
  "compare_price" : 99000.0,
  "regular_price" : 49000.0
}