{
  "title" : "Áo Thun Care & Share Ty",
  "vendor" : "5c482438000c695cfa6f8d22",
  "tags" : [ "LIMITED" ],
  "options" : [ {
    "type" : "COLOR",
    "title" : "Màu sắc",
    "values" : [ "Trắng", "Đen", "Be" ]
  }, {
    "type" : "SIZE",
    "title" : "Kích thước",
    "values" : [ "2XL", "3XL", "M", "XL", "S", "L" ]
  } ],
  "images" : [ "681fdaf71f583b08bcb3f634", "681fdaf71f583b08bcb3f635" ],
  "discount" : null,
  "seo_alias" : "ao-thun-100-cotton-care-share-ty-12-con-giap-collection",
  "options_values" : [ {
    "title" : "Màu sắc",
    "type" : "COLOR",
    "options" : [ {
      "title" : "Trắng",
      "slug" : "trang",
      "label" : "",
      "images" : [ "681fdaf71f583b08bcb3f636", "681fdaf71f583b08bcb3f637" ]
    }, {
      "title" : "Đen",
      "slug" : "den",
      "label" : "",
      "images" : [ "681fdaf71f583b08bcb3f638", "681fdaf71f583b08bcb3f639" ]
    }, {
      "title" : "Be",
      "slug" : "be",
      "label" : "",
      "images" : [ "681fdaf71f583b08bcb3f63a", "681fdaf71f583b08bcb3f63b" ]
    } ]
  } ],
  "collection_id" : "681ca20a2a59db3110ec0b8f",
  "display_order" : 538,
  "youtube_video" : "",
  "coming_soon" : false,
  "display_name_open" : "12 Con Giap Collection",
  "gender_type" : "MALE",
  "icon_thumbnail" : null,
  "compare_price" : 199000.0,
  "regular_price" : 149000.0
}