{
  "title" : "Áo thun Cotton Compact In Phê Game",
  "vendor" : "",
  "tags" : [ ],
  "options" : [ {
    "type" : "COLOR",
    "title" : "Màu sắc",
    "values" : [ "Đen", "Trắng" ]
  }, {
    "type" : "SIZE",
    "title" : "Kích thước",
    "values" : [ "S", "M", "L", "XL", "2XL", "3XL" ]
  } ],
  "images" : [ "681fdb471f583b08bcb3f7d6", "681fdb471f583b08bcb3f7d7", "681fdb471f583b08bcb3f7d8", "681fdb471f583b08bcb3f7d9", "681fdb481f583b08bcb3f7da" ],
  "discount" : null,
  "seo_alias" : "ao-thun-cotton-compact-in-phe-game",
  "options_values" : [ {
    "title" : "Màu sắc",
    "type" : "COLOR",
    "options" : [ {
      "title" : "Đen",
      "slug" : "den",
      "label" : "",
      "images" : [ "681fdb481f583b08bcb3f7db", "681fdb481f583b08bcb3f7dc", "681fdb481f583b08bcb3f7dd", "681fdb481f583b08bcb3f7de", "681fdb481f583b08bcb3f7df" ]
    }, {
      "title" : "Trắng",
      "slug" : "trang",
      "label" : "",
      "images" : [ "681fdb481f583b08bcb3f7e0", "681fdb481f583b08bcb3f7e1", "681fdb481f583b08bcb3f7e2", "681fdb491f583b08bcb3f7e3", "681fdb491f583b08bcb3f7e4" ]
    } ]
  } ],
  "collection_id" : "681ca20a2a59db3110ec0b8f",
  "display_order" : 999,
  "youtube_video" : "",
  "coming_soon" : false,
  "display_name_open" : "Thoáng khí",
  "gender_type" : "MALE",
  "icon_thumbnail" : null,
  "compare_price" : 320000.0,
  "regular_price" : 275000.0
}