{
  "title" : "Áo Thun Chạy Bộ Graphic Tropical",
  "vendor" : "5c482438000c695cfa6f8d22",
  "tags" : [ "BEST_SELLER" ],
  "options" : [ {
    "type" : "COLOR",
    "title" : "Màu sắc",
    "values" : [ "Xanh lá", "Xanh rêu", "Xám" ]
  }, {
    "type" : "SIZE",
    "title" : "Kích thước",
    "values" : [ "S", "M", "L", "XL", "2XL", "3XL" ]
  } ],
  "images" : [ "681fda151f583b08bcb3f1c9", "681fda161f583b08bcb3f1ca", "681fda161f583b08bcb3f1cb", "681fda161f583b08bcb3f1cc", "681fda161f583b08bcb3f1cd", "681fda161f583b08bcb3f1ce" ],
  "discount" : null,
  "seo_alias" : "ao-thun-nam-chay-bo-hoat-tiet-graphic-tropical-sieu-nhe-thoang-mat",
  "options_values" : [ {
    "title" : "Màu sắc",
    "type" : "COLOR",
    "options" : [ {
      "title" : "Xanh lá",
      "slug" : "xanh-la",
      "label" : "",
      "images" : [ "681fda171f583b08bcb3f1cf", "681fda171f583b08bcb3f1d0", "681fda171f583b08bcb3f1d1", "681fda171f583b08bcb3f1d2", "681fda171f583b08bcb3f1d3", "681fda171f583b08bcb3f1d4" ]
    }, {
      "title" : "Xanh rêu",
      "slug" : "xanh-reu",
      "label" : "",
      "images" : [ "681fda171f583b08bcb3f1d5", "681fda171f583b08bcb3f1d6", "681fda171f583b08bcb3f1d7", "681fda181f583b08bcb3f1d8", "681fda181f583b08bcb3f1d9", "681fda181f583b08bcb3f1da" ]
    }, {
      "title" : "Xám",
      "slug" : "xam",
      "label" : "",
      "images" : [ "681fda181f583b08bcb3f1db", "681fda181f583b08bcb3f1dc", "681fda181f583b08bcb3f1dd", "681fda181f583b08bcb3f1de", "681fda181f583b08bcb3f1df", "681fda191f583b08bcb3f1e0" ]
    } ]
  } ],
  "collection_id" : "681ca20a2a59db3110ec0b8f",
  "display_order" : 466,
  "youtube_video" : "",
  "coming_soon" : false,
  "display_name_open" : "ExDry",
  "gender_type" : "MALE",
  "icon_thumbnail" : null,
  "compare_price" : 199000.0,
  "regular_price" : 199000.0
}