{
  "title" : "Áo thun Stitch Summer Beach",
  "vendor" : "5c482438000c695cfa6f8d22",
  "tags" : [ ],
  "options" : [ {
    "type" : "COLOR",
    "title" : "Màu sắc",
    "values" : [ "Trắng", "Be", "Xanh Pastel", "Đen" ]
  }, {
    "type" : "SIZE",
    "title" : "Kích thước",
    "values" : [ "S", "XL", "2XL", "3XL", "M", "L" ]
  } ],
  "images" : [ "6825fe8c0b61125185461cc6", "6825fe8c0b61125185461cc7" ],
  "discount" : null,
  "seo_alias" : "ao-thun-cotton-stitch-summer-beach-mem-mai",
  "options_values" : [ {
    "title" : "Màu sắc",
    "type" : "COLOR",
    "options" : [ {
      "title" : "Trắng",
      "slug" : "trang",
      "label" : "",
      "images" : [ "6825fe8c0b61125185461cc8", "6825fe8c0b61125185461cc9", "6825fe8d0b61125185461cca", "6825fe8d0b61125185461ccb", "6825fe8d0b61125185461ccc" ]
    }, {
      "title" : "Be",
      "slug" : "be",
      "label" : "",
      "images" : [ "6825fe8d0b61125185461ccd", "6825fe8d0b61125185461cce", "6825fe8e0b61125185461ccf", "6825fe8e0b61125185461cd0", "6825fe8e0b61125185461cd1" ]
    }, {
      "title" : "Xanh Pastel",
      "slug" : "xanh-pastel",
      "label" : "",
      "images" : [ "6825fe8e0b61125185461cd2", "6825fe8e0b61125185461cd3", "6825fe8e0b61125185461cd4", "6825fe8e0b61125185461cd5", "6825fe8f0b61125185461cd6" ]
    }, {
      "title" : "Đen",
      "slug" : "den",
      "label" : "",
      "images" : [ "6825fe8f0b61125185461cd7" ]
    } ]
  } ],
  "collection_id" : "6825e99e8eaaa408c6aaf61c",
  "display_order" : 288,
  "youtube_video" : "",
  "coming_soon" : false,
  "display_name_open" : "100% Cotton",
  "gender_type" : "MALE",
  "icon_thumbnail" : null,
  "compare_price" : 249000.0,
  "regular_price" : 186000.0
}