{
  "title" : "Áo thun Denim Swatches",
  "vendor" : "",
  "tags" : [ ],
  "options" : [ {
    "type" : "COLOR",
    "title" : "Màu sắc",
    "values" : [ "Đen" ]
  }, {
    "type" : "SIZE",
    "title" : "Kích thước",
    "values" : [ "S", "M", "L", "XL", "2XL", "3XL" ]
  } ],
  "images" : [ "681fd97c1f583b08bcb3eec1", "681fd97c1f583b08bcb3eec2", "681fd97c1f583b08bcb3eec3", "681fd97c1f583b08bcb3eec4", "681fd97c1f583b08bcb3eec5" ],
  "discount" : null,
  "seo_alias" : "ao-thun-denim-swatches",
  "options_values" : [ {
    "title" : "Màu sắc",
    "type" : "COLOR",
    "options" : [ {
      "title" : "Đen",
      "slug" : "den",
      "label" : "",
      "images" : [ "681fd97c1f583b08bcb3eec6", "681fd97d1f583b08bcb3eec7", "681fd97d1f583b08bcb3eec8", "681fd97e1f583b08bcb3eec9", "681fd97e1f583b08bcb3eeca" ]
    } ]
  } ],
  "collection_id" : "681ca20a2a59db3110ec0b8f",
  "display_order" : 248,
  "youtube_video" : "",
  "coming_soon" : false,
  "display_name_open" : "100% Cotton 220 Gsm",
  "gender_type" : "MALE",
  "icon_thumbnail" : null,
  "compare_price" : 299000.0,
  "regular_price" : 159000.0
}