{
  "title" : "Áo thun Cotton Care & Share in Fire Signs ",
  "vendor" : "5c482438000c695cfa6f8d22",
  "tags" : [ ],
  "options" : [ {
    "type" : "COLOR",
    "title" : "Màu sắc",
    "values" : [ "Be", "Trắng", "Đen" ]
  }, {
    "type" : "SIZE",
    "title" : "Kích thước",
    "values" : [ "S", "M", "XL", "2XL", "3XL", "L" ]
  } ],
  "images" : [ "681fda2f1f583b08bcb3f215", "681fda2f1f583b08bcb3f216", "681fda2f1f583b08bcb3f217", "681fda2f1f583b08bcb3f218", "681fda2f1f583b08bcb3f219", "681fda2f1f583b08bcb3f21a" ],
  "discount" : null,
  "seo_alias" : "ao-thun-cotton-care-share-in-fire-signs-cung-hoang-dao-collection",
  "options_values" : [ {
    "title" : "Màu sắc",
    "type" : "COLOR",
    "options" : [ {
      "title" : "Be",
      "slug" : "be",
      "label" : "",
      "images" : [ "681fda2f1f583b08bcb3f21b", "681fda2f1f583b08bcb3f21c", "681fda2f1f583b08bcb3f21d", "681fda301f583b08bcb3f21e", "681fda301f583b08bcb3f21f", "681fda301f583b08bcb3f220" ]
    }, {
      "title" : "Trắng",
      "slug" : "trang",
      "label" : "",
      "images" : [ "681fda301f583b08bcb3f221", "681fda301f583b08bcb3f222", "681fda301f583b08bcb3f223", "681fda301f583b08bcb3f224", "681fda311f583b08bcb3f225", "681fda311f583b08bcb3f226" ]
    }, {
      "title" : "Đen",
      "slug" : "den",
      "label" : "",
      "images" : [ "681fda311f583b08bcb3f227", "681fda311f583b08bcb3f228", "681fda311f583b08bcb3f229", "681fda311f583b08bcb3f22a", "681fda311f583b08bcb3f22b", "681fda311f583b08bcb3f22c" ]
    } ]
  } ],
  "collection_id" : "681ca20a2a59db3110ec0b8f",
  "display_order" : 471,
  "youtube_video" : "",
  "coming_soon" : false,
  "display_name_open" : "Cung Hoàng Đạo Collection ",
  "gender_type" : "MALE",
  "icon_thumbnail" : null,
  "compare_price" : 199000.0,
  "regular_price" : 149000.0
}