{
  "title" : "Áo Thun Care & Share Dau",
  "vendor" : "5c482438000c695cfa6f8d22",
  "tags" : [ "LIMITED" ],
  "options" : [ {
    "type" : "COLOR",
    "title" : "Màu sắc",
    "values" : [ "Be", "Đen", "Trắng" ]
  }, {
    "type" : "SIZE",
    "title" : "Kích thước",
    "values" : [ "2XL", "3XL", "M", "XL", "L", "S" ]
  } ],
  "images" : [ "6825ffe10b6112518546220d", "6825ffe20b6112518546220e" ],
  "discount" : null,
  "seo_alias" : "ao-thun-100-cotton-care-share-dau-12-con-giap-collection",
  "options_values" : [ {
    "title" : "Màu sắc",
    "type" : "COLOR",
    "options" : [ {
      "title" : "Be",
      "slug" : "be",
      "label" : "",
      "images" : [ "6825ffe20b6112518546220f", "6825ffe20b61125185462210" ]
    }, {
      "title" : "Đen",
      "slug" : "den",
      "label" : "",
      "images" : [ "6825ffe20b61125185462211", "6825ffe20b61125185462212" ]
    }, {
      "title" : "Trắng",
      "slug" : "trang",
      "label" : "",
      "images" : [ "6825ffe20b61125185462213", "6825ffe20b61125185462214" ]
    } ]
  } ],
  "collection_id" : "6825e99e8eaaa408c6aaf61c",
  "display_order" : 519,
  "youtube_video" : "",
  "coming_soon" : false,
  "display_name_open" : "12 Con Giap Collection",
  "gender_type" : "MALE",
  "icon_thumbnail" : null,
  "compare_price" : 199000.0,
  "regular_price" : 149000.0
}