{
  "title" : "Áo Thun Nam Thể Thao Promax-S1",
  "vendor" : "5c482438000c695cfa6f8d22",
  "tags" : [ ],
  "options" : [ {
    "type" : "COLOR",
    "title" : "Màu sắc",
    "values" : [ "Trắng", "Xanh Aqua", "Đen", "Xanh bóng đêm", "Xanh navy", "Xanh rêu", "Nâu đậm Ganache", "Xám Brushed Nickel", "Xanh Deep Cobalt", "Nâu Atmosphere" ]
  }, {
    "type" : "SIZE",
    "title" : "Kích thước Áo",
    "values" : [ "S", "M", "L", "XL", "2XL", "3XL" ]
  } ],
  "images" : [ "681fd8d71f583b08bcb3eb5c", "681fd8d81f583b08bcb3eb5d", "681fd8d81f583b08bcb3eb5e", "681fd8d81f583b08bcb3eb5f", "681fd8d81f583b08bcb3eb60", "681fd8d81f583b08bcb3eb61", "681fd8d81f583b08bcb3eb62" ],
  "discount" : null,
  "seo_alias" : "ao-thun-the-thao-nam-promax-s1",
  "options_values" : [ {
    "title" : "Màu sắc",
    "type" : "COLOR",
    "options" : [ {
      "title" : "Trắng",
      "slug" : "trang",
      "label" : "",
      "images" : [ "681fd8d81f583b08bcb3eb63", "681fd8d81f583b08bcb3eb64", "681fd8d81f583b08bcb3eb65", "681fd8d81f583b08bcb3eb66", "681fd8d81f583b08bcb3eb67", "681fd8d81f583b08bcb3eb68", "681fd8d81f583b08bcb3eb69" ]
    }, {
      "title" : "Xanh Aqua",
      "slug" : "xanh-aqua",
      "label" : "",
      "images" : [ "681fd8d91f583b08bcb3eb6a", "681fd8d91f583b08bcb3eb6b", "681fd8d91f583b08bcb3eb6c", "681fd8d91f583b08bcb3eb6d", "681fd8d91f583b08bcb3eb6e", "681fd8d91f583b08bcb3eb6f", "681fd8d91f583b08bcb3eb70" ]
    }, {
      "title" : "Đen",
      "slug" : "den",
      "label" : "",
      "images" : [ "681fd8d91f583b08bcb3eb71", "681fd8d91f583b08bcb3eb72", "681fd8d91f583b08bcb3eb73", "681fd8d91f583b08bcb3eb74", "681fd8d91f583b08bcb3eb75", "681fd8d91f583b08bcb3eb76", "681fd8da1f583b08bcb3eb77" ]
    }, {
      "title" : "Xanh bóng đêm",
      "slug" : "xanh-bong-dem",
      "label" : "",
      "images" : [ "681fd8da1f583b08bcb3eb78", "681fd8da1f583b08bcb3eb79", "681fd8da1f583b08bcb3eb7a", "681fd8da1f583b08bcb3eb7b", "681fd8da1f583b08bcb3eb7c", "681fd8da1f583b08bcb3eb7d", "681fd8da1f583b08bcb3eb7e" ]
    }, {
      "title" : "Xanh navy",
      "slug" : "xanh-navy",
      "label" : "",
      "images" : [ "681fd8da1f583b08bcb3eb7f", "681fd8da1f583b08bcb3eb80", "681fd8da1f583b08bcb3eb81", "681fd8da1f583b08bcb3eb82", "681fd8da1f583b08bcb3eb83", "681fd8da1f583b08bcb3eb84", "681fd8da1f583b08bcb3eb85" ]
    }, {
      "title" : "Xanh rêu",
      "slug" : "xanh-reu",
      "label" : "",
      "images" : [ "681fd8da1f583b08bcb3eb86", "681fd8db1f583b08bcb3eb87", "681fd8db1f583b08bcb3eb88", "681fd8db1f583b08bcb3eb89", "681fd8dc1f583b08bcb3eb8a", "681fd8dc1f583b08bcb3eb8b", "681fd8dc1f583b08bcb3eb8c" ]
    }, {
      "title" : "Nâu đậm Ganache",
      "slug" : "nau-dam-ganache",
      "label" : "",
      "images" : [ "681fd8dc1f583b08bcb3eb8d", "681fd8dc1f583b08bcb3eb8e", "681fd8dc1f583b08bcb3eb8f", "681fd8dc1f583b08bcb3eb90", "681fd8dd1f583b08bcb3eb91", "681fd8dd1f583b08bcb3eb92", "681fd8dd1f583b08bcb3eb93" ]
    }, {
      "title" : "Xám Brushed Nickel",
      "slug" : "xam-brushed-nickel",
      "label" : "",
      "images" : [ "681fd8dd1f583b08bcb3eb94", "681fd8dd1f583b08bcb3eb95", "681fd8dd1f583b08bcb3eb96", "681fd8dd1f583b08bcb3eb97", "681fd8dd1f583b08bcb3eb98", "681fd8dd1f583b08bcb3eb99", "681fd8dd1f583b08bcb3eb9a" ]
    }, {
      "title" : "Xanh Deep Cobalt",
      "slug" : "xanh-deep-cobalt",
      "label" : "",
      "images" : [ "681fd8dd1f583b08bcb3eb9b", "681fd8dd1f583b08bcb3eb9c", "681fd8dd1f583b08bcb3eb9d", "681fd8dd1f583b08bcb3eb9e", "681fd8dd1f583b08bcb3eb9f", "681fd8de1f583b08bcb3eba0", "681fd8de1f583b08bcb3eba1" ]
    }, {
      "title" : "Nâu Atmosphere",
      "slug" : "nau-atmosphere",
      "label" : "",
      "images" : [ "681fd8de1f583b08bcb3eba2", "681fd8de1f583b08bcb3eba3", "681fd8de1f583b08bcb3eba4", "681fd8de1f583b08bcb3eba5", "681fd8de1f583b08bcb3eba6", "681fd8de1f583b08bcb3eba7", "681fd8de1f583b08bcb3eba8" ]
    } ]
  } ],
  "collection_id" : "681ca20a2a59db3110ec0b8f",
  "display_order" : 312,
  "youtube_video" : "",
  "coming_soon" : false,
  "display_name_open" : "Thoáng khí",
  "gender_type" : "MALE",
  "icon_thumbnail" : null,
  "compare_price" : 179000.0,
  "regular_price" : 179000.0
}