{
  "title" : "Áo thun Relaxed Fit 84RISING Lethal Protector #1",
  "vendor" : "635a0ae7a3ff9a6c51456f3c",
  "tags" : [ ],
  "options" : [ {
    "type" : "COLOR",
    "title" : "Màu sắc",
    "values" : [ "Đen" ]
  }, {
    "type" : "SIZE",
    "title" : "Kích thước",
    "values" : [ "S", "M", "L", "XL" ]
  } ],
  "images" : [ "6825fcd70b61125185461724", "6825fcd70b61125185461725" ],
  "discount" : null,
  "seo_alias" : "ao-thun-oversize-basic-84rising-lethal-protector-11",
  "options_values" : [ {
    "title" : "Màu sắc",
    "type" : "COLOR",
    "options" : [ {
      "title" : "Đen",
      "slug" : "den",
      "label" : "",
      "images" : [ "6825fcd80b61125185461726", "6825fcd80b61125185461727", "6825fcd80b61125185461728", "6825fcd80b61125185461729", "6825fcd80b6112518546172a", "6825fcd90b6112518546172b" ]
    } ]
  } ],
  "collection_id" : "6825e99e8eaaa408c6aaf61c",
  "display_order" : 999,
  "youtube_video" : "",
  "coming_soon" : false,
  "display_name_open" : "",
  "gender_type" : "MALE",
  "icon_thumbnail" : null,
  "compare_price" : 399000.0,
  "regular_price" : 319000.0
}