{
  "title" : "Áo in Cotton Compact CARE SHARE In Lụa VỤN ART II - [Chung tay xây nhà mới]",
  "vendor" : "5c482438000c695cfa6f8d22",
  "tags" : [ ],
  "options" : [ {
    "type" : "COLOR",
    "title" : "Màu sắc",
    "values" : [ "Trắng", "Đen" ]
  }, {
    "type" : "SIZE",
    "title" : "Kích thước Áo",
    "values" : [ "S", "M", "L", "XL", "2XL", "3XL" ]
  } ],
  "images" : [ "681fda6f1f583b08bcb3f37a", "681fda6f1f583b08bcb3f37b", "681fda701f583b08bcb3f37c", "681fda701f583b08bcb3f37d", "681fda701f583b08bcb3f37e", "681fda701f583b08bcb3f37f" ],
  "discount" : null,
  "seo_alias" : "ao-in-cotton-compact-care-share-in-lua-vun-art-ii-chung-tay-xay-nha-moi",
  "options_values" : [ {
    "title" : "Màu sắc",
    "type" : "COLOR",
    "options" : [ {
      "title" : "Trắng",
      "slug" : "trang",
      "label" : "",
      "images" : [ "681fda701f583b08bcb3f380", "681fda701f583b08bcb3f381", "681fda701f583b08bcb3f382", "681fda701f583b08bcb3f383", "681fda701f583b08bcb3f384", "681fda701f583b08bcb3f385" ]
    }, {
      "title" : "Đen",
      "slug" : "den",
      "label" : "",
      "images" : [ "681fda701f583b08bcb3f386", "681fda701f583b08bcb3f387", "681fda711f583b08bcb3f388", "681fda711f583b08bcb3f389", "681fda711f583b08bcb3f38a", "681fda711f583b08bcb3f38b" ]
    } ]
  } ],
  "collection_id" : "681ca20a2a59db3110ec0b8f",
  "display_order" : 505,
  "youtube_video" : "",
  "coming_soon" : false,
  "display_name_open" : "Care & Share",
  "gender_type" : "MALE",
  "icon_thumbnail" : null,
  "compare_price" : 299000.0,
  "regular_price" : 239000.0
}