{
  "title" : "Áo Thun Chạy Bộ Graphic Tropical",
  "vendor" : "5c482438000c695cfa6f8d22",
  "tags" : [ "BEST_SELLER" ],
  "options" : [ {
    "type" : "COLOR",
    "title" : "Màu sắc",
    "values" : [ "Xanh lá", "Xanh rêu", "Xám" ]
  }, {
    "type" : "SIZE",
    "title" : "Kích thước",
    "values" : [ "S", "M", "L", "XL", "2XL", "3XL" ]
  } ],
  "images" : [ "6825ff280b61125185461ef1", "6825ff280b61125185461ef2", "6825ff280b61125185461ef3", "6825ff280b61125185461ef4", "6825ff280b61125185461ef5", "6825ff280b61125185461ef6" ],
  "discount" : null,
  "seo_alias" : "ao-thun-nam-chay-bo-hoat-tiet-graphic-tropical-sieu-nhe-thoang-mat",
  "options_values" : [ {
    "title" : "Màu sắc",
    "type" : "COLOR",
    "options" : [ {
      "title" : "Xanh lá",
      "slug" : "xanh-la",
      "label" : "",
      "images" : [ "6825ff290b61125185461ef7", "6825ff290b61125185461ef8", "6825ff290b61125185461ef9", "6825ff290b61125185461efa", "6825ff290b61125185461efb", "6825ff290b61125185461efc", "6825ff290b61125185461efd", "6825ff2a0b61125185461efe" ]
    }, {
      "title" : "Xanh rêu",
      "slug" : "xanh-reu",
      "label" : "",
      "images" : [ "6825ff2a0b61125185461eff", "6825ff2a0b61125185461f00", "6825ff2a0b61125185461f01", "6825ff2a0b61125185461f02", "6825ff2a0b61125185461f03", "6825ff2a0b61125185461f04", "6825ff2a0b61125185461f05" ]
    }, {
      "title" : "Xám",
      "slug" : "xam",
      "label" : "",
      "images" : [ "6825ff2b0b61125185461f06", "6825ff2b0b61125185461f07", "6825ff2b0b61125185461f08", "6825ff2b0b61125185461f09", "6825ff2b0b61125185461f0a", "6825ff2b0b61125185461f0b", "6825ff2c0b61125185461f0c" ]
    } ]
  } ],
  "collection_id" : "6825e99e8eaaa408c6aaf61c",
  "display_order" : 466,
  "youtube_video" : "",
  "coming_soon" : false,
  "display_name_open" : "ExDry",
  "gender_type" : "MALE",
  "icon_thumbnail" : null,
  "compare_price" : 199000.0,
  "regular_price" : 199000.0
}