{
  "title" : "Áo thun Relaxed Fit 84RISING Marvel Captain America - Sam Wilson",
  "vendor" : "635a0ae7a3ff9a6c51456f3c",
  "tags" : [ ],
  "options" : [ {
    "type" : "COLOR",
    "title" : "Màu sắc",
    "values" : [ "Đen", "Trắng" ]
  }, {
    "type" : "SIZE",
    "title" : "Kích thước",
    "values" : [ "S", "M", "L", "XL" ]
  } ],
  "images" : [ "681fd9781f583b08bcb3eea6", "681fd9781f583b08bcb3eea7", "681fd9781f583b08bcb3eea8" ],
  "discount" : null,
  "seo_alias" : "ao-thun-relaxed-fit-84rising-sam-wilson",
  "options_values" : [ {
    "title" : "Màu sắc",
    "type" : "COLOR",
    "options" : [ {
      "title" : "Đen",
      "slug" : "den",
      "label" : "",
      "images" : [ "681fd9781f583b08bcb3eea9", "681fd9791f583b08bcb3eeaa", "681fd9791f583b08bcb3eeab" ]
    }, {
      "title" : "Trắng",
      "slug" : "trang",
      "label" : "",
      "images" : [ "681fd9791f583b08bcb3eeac", "681fd9791f583b08bcb3eead", "681fd9791f583b08bcb3eeae" ]
    } ]
  } ],
  "collection_id" : "681ca20a2a59db3110ec0b8f",
  "display_order" : 239,
  "youtube_video" : "",
  "coming_soon" : false,
  "display_name_open" : "",
  "gender_type" : "MALE",
  "icon_thumbnail" : null,
  "compare_price" : 399000.0,
  "regular_price" : 319000.0
}