{
  "title" : "Áo Thun Chạy Bộ Advanced Fast & Free II",
  "vendor" : "5c482438000c695cfa6f8d22",
  "tags" : [ ],
  "options" : [ {
    "type" : "COLOR",
    "title" : "Màu sắc",
    "values" : [ "Vàng Beach Ball", "Xanh bóng đêm", "Đen", "Đỏ Barbados" ]
  }, {
    "type" : "SIZE",
    "title" : "Kích thước",
    "values" : [ "S", "M", "L", "XL", "2XL", "3XL" ]
  } ],
  "images" : [ "6825ff550b61125185461f97", "6825ff550b61125185461f98", "6825ff550b61125185461f99", "6825ff550b61125185461f9a", "6825ff550b61125185461f9b" ],
  "discount" : null,
  "seo_alias" : "ao-thun-nam-chay-bo-advanced-fast-free-run-v2-thoang-mat",
  "options_values" : [ {
    "title" : "Màu sắc",
    "type" : "COLOR",
    "options" : [ {
      "title" : "Vàng Beach Ball",
      "slug" : "vang-beach-ball",
      "label" : "",
      "images" : [ "6825ff550b61125185461f9c", "6825ff560b61125185461f9d", "6825ff560b61125185461f9e", "6825ff560b61125185461f9f", "6825ff560b61125185461fa0", "6825ff560b61125185461fa1", "6825ff560b61125185461fa2", "6825ff570b61125185461fa3", "6825ff570b61125185461fa4" ]
    }, {
      "title" : "Xanh bóng đêm",
      "slug" : "xanh-bong-dem",
      "label" : "",
      "images" : [ "6825ff570b61125185461fa5", "6825ff570b61125185461fa6", "6825ff570b61125185461fa7", "6825ff570b61125185461fa8", "6825ff580b61125185461fa9", "6825ff580b61125185461faa", "6825ff580b61125185461fab", "6825ff580b61125185461fac", "6825ff580b61125185461fad" ]
    }, {
      "title" : "Đen",
      "slug" : "den",
      "label" : "",
      "images" : [ "6825ff590b61125185461fae", "6825ff590b61125185461faf", "6825ff590b61125185461fb0", "6825ff590b61125185461fb1", "6825ff590b61125185461fb2", "6825ff590b61125185461fb3", "6825ff590b61125185461fb4", "6825ff590b61125185461fb5" ]
    }, {
      "title" : "Đỏ Barbados",
      "slug" : "do-barbados",
      "label" : "",
      "images" : [ "6825ff590b61125185461fb6", "6825ff5a0b61125185461fb7", "6825ff5a0b61125185461fb8", "6825ff5a0b61125185461fb9", "6825ff5a0b61125185461fba", "6825ff5a0b61125185461fbb", "6825ff5a0b61125185461fbc", "6825ff5a0b61125185461fbd", "6825ff5a0b61125185461fbe" ]
    } ]
  } ],
  "collection_id" : "6825e99e8eaaa408c6aaf61c",
  "display_order" : 479,
  "youtube_video" : "",
  "coming_soon" : false,
  "display_name_open" : "ExDry",
  "gender_type" : "MALE",
  "icon_thumbnail" : null,
  "compare_price" : 199000.0,
  "regular_price" : 199000.0
}