{
  "title" : "Áo thun Cotton Compact In Lụa VỤN ART Chơi Chuyền",
  "vendor" : "5c482438000c695cfa6f8d22",
  "tags" : [ ],
  "options" : [ {
    "type" : "COLOR",
    "title" : "Màu sắc",
    "values" : [ "Trắng", "Đen" ]
  }, {
    "type" : "SIZE",
    "title" : "Kích thước Áo",
    "values" : [ "S", "M", "L", "XL", "2XL", "3XL" ]
  } ],
  "images" : [ "6825fe4c0b61125185461bd2", "6825fe4d0b61125185461bd3", "6825fe4d0b61125185461bd4" ],
  "discount" : null,
  "seo_alias" : "ao-thun-cotton-compact-care-share-vun-art-choi-chuyen",
  "options_values" : [ {
    "title" : "Màu sắc",
    "type" : "COLOR",
    "options" : [ {
      "title" : "Trắng",
      "slug" : "trang",
      "label" : "",
      "images" : [ "6825fe4d0b61125185461bd5", "6825fe4d0b61125185461bd6", "6825fe4d0b61125185461bd7", "6825fe4d0b61125185461bd8", "6825fe4d0b61125185461bd9" ]
    }, {
      "title" : "Đen",
      "slug" : "den",
      "label" : "",
      "images" : [ "6825fe4d0b61125185461bda", "6825fe4e0b61125185461bdb", "6825fe4e0b61125185461bdc", "6825fe4e0b61125185461bdd", "6825fe4e0b61125185461bde", "6825fe4e0b61125185461bdf" ]
    } ]
  } ],
  "collection_id" : "6825e99e8eaaa408c6aaf61c",
  "display_order" : 257,
  "youtube_video" : "",
  "coming_soon" : false,
  "display_name_open" : "Care & Share",
  "gender_type" : "MALE",
  "icon_thumbnail" : null,
  "compare_price" : 299000.0,
  "regular_price" : 239000.0
}