{
  "title" : "Áo Thun Care & Share",
  "vendor" : "5c482438000c695cfa6f8d22",
  "tags" : [ ],
  "options" : [ {
    "type" : "COLOR",
    "title" : "Màu sắc",
    "values" : [ "Đen", "Trắng" ]
  }, {
    "type" : "SIZE",
    "title" : "Kích thước",
    "values" : [ "S", "M", "L", "XL", "2XL" ]
  } ],
  "images" : [ "681fda4c1f583b08bcb3f2bc", "681fda4d1f583b08bcb3f2bd", "681fda4d1f583b08bcb3f2be", "681fda4d1f583b08bcb3f2bf" ],
  "discount" : null,
  "seo_alias" : "ao-thun-cotton-compact-in-careshare-phien-ban-van-phong",
  "options_values" : [ {
    "title" : "Màu sắc",
    "type" : "COLOR",
    "options" : [ {
      "title" : "Đen",
      "slug" : "den",
      "label" : "",
      "images" : [ "681fda4d1f583b08bcb3f2c0", "681fda4d1f583b08bcb3f2c1", "681fda4d1f583b08bcb3f2c2", "681fda4d1f583b08bcb3f2c3" ]
    }, {
      "title" : "Trắng",
      "slug" : "trang",
      "label" : "",
      "images" : [ "681fda4e1f583b08bcb3f2c4", "681fda4e1f583b08bcb3f2c5", "681fda4e1f583b08bcb3f2c6", "681fda4e1f583b08bcb3f2c7" ]
    } ]
  } ],
  "collection_id" : "681ca20a2a59db3110ec0b8f",
  "display_order" : 483,
  "youtube_video" : "",
  "coming_soon" : false,
  "display_name_open" : "Cotton Compact",
  "gender_type" : "MALE",
  "icon_thumbnail" : null,
  "compare_price" : 259000.0,
  "regular_price" : 194000.0
}