{
  "title" : "Áo thun Relaxed Fit 84RISING Classic Venom",
  "vendor" : "635a0ae7a3ff9a6c51456f3c",
  "tags" : [ ],
  "options" : [ {
    "type" : "COLOR",
    "title" : "Màu sắc",
    "values" : [ "Đen" ]
  }, {
    "type" : "SIZE",
    "title" : "Kích thước",
    "values" : [ "S", "M", "L", "XL" ]
  } ],
  "images" : [ "6825fc690b6112518546160b", "6825fc6a0b6112518546160c", "6825fc6a0b6112518546160d" ],
  "discount" : null,
  "seo_alias" : "ao-thun-oversize-basic-84rising-classic-venom",
  "options_values" : [ {
    "title" : "Màu sắc",
    "type" : "COLOR",
    "options" : [ {
      "title" : "Đen",
      "slug" : "den",
      "label" : "",
      "images" : [ "6825fc6a0b6112518546160e", "6825fc6a0b6112518546160f", "6825fc6a0b61125185461610", "6825fc6a0b61125185461611", "6825fc6a0b61125185461612", "6825fc6b0b61125185461613", "6825fc6b0b61125185461614" ]
    } ]
  } ],
  "collection_id" : "6825e99e8eaaa408c6aaf61c",
  "display_order" : 474,
  "youtube_video" : "",
  "coming_soon" : false,
  "display_name_open" : "",
  "gender_type" : "MALE",
  "icon_thumbnail" : null,
  "compare_price" : 399000.0,
  "regular_price" : 319000.0
}