{
  "title" : "Áo in Cotton Compact CARE SHARE In Lụa VỤN ART III - [Chung tay xây nhà mới]",
  "vendor" : "5c482438000c695cfa6f8d22",
  "tags" : [ ],
  "options" : [ {
    "type" : "COLOR",
    "title" : "Màu sắc",
    "values" : [ "Trắng" ]
  }, {
    "type" : "SIZE",
    "title" : "Kích thước Áo",
    "values" : [ "S", "M", "L", "XL", "2XL", "3XL" ]
  } ],
  "images" : [ "681fda6c1f583b08bcb3f36e", "681fda6c1f583b08bcb3f36f", "681fda6c1f583b08bcb3f370", "681fda6c1f583b08bcb3f371", "681fda6c1f583b08bcb3f372", "681fda6d1f583b08bcb3f373" ],
  "discount" : null,
  "seo_alias" : "ao-in-cotton-compact-care-share-in-lua-vun-art-iii-chung-tay-xay-nha-moi",
  "options_values" : [ {
    "title" : "Màu sắc",
    "type" : "COLOR",
    "options" : [ {
      "title" : "Trắng",
      "slug" : "trang",
      "label" : "",
      "images" : [ "681fda6d1f583b08bcb3f374", "681fda6d1f583b08bcb3f375", "681fda6d1f583b08bcb3f376", "681fda6d1f583b08bcb3f377", "681fda6d1f583b08bcb3f378", "681fda6d1f583b08bcb3f379" ]
    } ]
  } ],
  "collection_id" : "681ca20a2a59db3110ec0b8f",
  "display_order" : 504,
  "youtube_video" : "",
  "coming_soon" : false,
  "display_name_open" : "Care & Share",
  "gender_type" : "MALE",
  "icon_thumbnail" : null,
  "compare_price" : 299000.0,
  "regular_price" : 239000.0
}