{
  "title" : "Áo dài tay Cotton Compact",
  "vendor" : "5c482438000c695cfa6f8d22",
  "tags" : [ ],
  "options" : [ {
    "type" : "COLOR",
    "title" : "Màu sắc",
    "values" : [ "Nâu Chicory Coffee", "Xanh Navy", "Xám nhạt", "Trắng", "Xanh rêu", "Đen", "Xám đậm", "Be Pumice Stone" ]
  }, {
    "type" : "SIZE",
    "title" : "Kích thước",
    "values" : [ "M", "L", "XL", "2XL", "3XL" ]
  } ],
  "images" : [ "681fd9931f583b08bcb3ef34", "681fd9931f583b08bcb3ef35", "681fd9931f583b08bcb3ef36", "681fd9931f583b08bcb3ef37", "681fd9931f583b08bcb3ef38", "681fd9931f583b08bcb3ef39", "681fd9941f583b08bcb3ef3a", "681fd9941f583b08bcb3ef3b", "681fd9941f583b08bcb3ef3c", "681fd9941f583b08bcb3ef3d", "681fd9951f583b08bcb3ef3e", "681fd9951f583b08bcb3ef3f", "681fd9951f583b08bcb3ef40", "681fd9951f583b08bcb3ef41" ],
  "discount" : null,
  "seo_alias" : "ao-dai-tay-cotton-compact",
  "options_values" : [ {
    "title" : "Màu sắc",
    "type" : "COLOR",
    "options" : [ {
      "title" : "Nâu Chicory Coffee",
      "slug" : "nau-chicory-coffee",
      "label" : "",
      "images" : [ "681fd9961f583b08bcb3ef42", "681fd9961f583b08bcb3ef43", "681fd9961f583b08bcb3ef44", "681fd9961f583b08bcb3ef45", "681fd9961f583b08bcb3ef46", "681fd9961f583b08bcb3ef47", "681fd9961f583b08bcb3ef48", "681fd9961f583b08bcb3ef49", "681fd9961f583b08bcb3ef4a", "681fd9961f583b08bcb3ef4b", "681fd9961f583b08bcb3ef4c", "681fd9971f583b08bcb3ef4d", "681fd9971f583b08bcb3ef4e", "681fd9971f583b08bcb3ef4f" ]
    }, {
      "title" : "Xanh Navy",
      "slug" : "xanh-navy",
      "label" : "",
      "images" : [ "681fd9971f583b08bcb3ef50", "681fd9971f583b08bcb3ef51", "681fd9971f583b08bcb3ef52", "681fd9971f583b08bcb3ef53", "681fd9971f583b08bcb3ef54", "681fd9971f583b08bcb3ef55", "681fd9971f583b08bcb3ef56", "681fd9971f583b08bcb3ef57", "681fd9981f583b08bcb3ef58", "681fd9981f583b08bcb3ef59", "681fd9981f583b08bcb3ef5a", "681fd9981f583b08bcb3ef5b", "681fd9981f583b08bcb3ef5c", "681fd9981f583b08bcb3ef5d" ]
    }, {
      "title" : "Xám nhạt",
      "slug" : "xam-nhat",
      "label" : "",
      "images" : [ "681fd9981f583b08bcb3ef5e", "681fd9981f583b08bcb3ef5f", "681fd9981f583b08bcb3ef60", "681fd9981f583b08bcb3ef61", "681fd9981f583b08bcb3ef62", "681fd99a1f583b08bcb3ef63", "681fd99a1f583b08bcb3ef64", "681fd99a1f583b08bcb3ef65", "681fd99a1f583b08bcb3ef66", "681fd99a1f583b08bcb3ef67", "681fd99a1f583b08bcb3ef68", "681fd99a1f583b08bcb3ef69", "681fd99a1f583b08bcb3ef6a", "681fd99b1f583b08bcb3ef6b" ]
    }, {
      "title" : "Trắng",
      "slug" : "trang",
      "label" : "",
      "images" : [ "681fd99b1f583b08bcb3ef6c", "681fd99b1f583b08bcb3ef6d", "681fd99b1f583b08bcb3ef6e", "681fd99b1f583b08bcb3ef6f", "681fd99b1f583b08bcb3ef70", "681fd99b1f583b08bcb3ef71", "681fd99b1f583b08bcb3ef72", "681fd99b1f583b08bcb3ef73", "681fd99b1f583b08bcb3ef74", "681fd99b1f583b08bcb3ef75", "681fd99c1f583b08bcb3ef76", "681fd99c1f583b08bcb3ef77", "681fd99c1f583b08bcb3ef78", "681fd99c1f583b08bcb3ef79" ]
    }, {
      "title" : "Xanh rêu",
      "slug" : "xanh-reu",
      "label" : "",
      "images" : [ "681fd99c1f583b08bcb3ef7a", "681fd99c1f583b08bcb3ef7b", "681fd99c1f583b08bcb3ef7c", "681fd99c1f583b08bcb3ef7d", "681fd99d1f583b08bcb3ef7e", "681fd99d1f583b08bcb3ef7f", "681fd99d1f583b08bcb3ef80", "681fd99e1f583b08bcb3ef81", "681fd99e1f583b08bcb3ef82", "681fd99e1f583b08bcb3ef83", "681fd99e1f583b08bcb3ef84", "681fd99e1f583b08bcb3ef85", "681fd99e1f583b08bcb3ef86", "681fd99e1f583b08bcb3ef87" ]
    }, {
      "title" : "Đen",
      "slug" : "den",
      "label" : "",
      "images" : [ "681fd99e1f583b08bcb3ef88", "681fd99e1f583b08bcb3ef89", "681fd99e1f583b08bcb3ef8a", "681fd99e1f583b08bcb3ef8b", "681fd99f1f583b08bcb3ef8c", "681fd99f1f583b08bcb3ef8d", "681fd99f1f583b08bcb3ef8e", "681fd99f1f583b08bcb3ef8f", "681fd99f1f583b08bcb3ef90", "681fd99f1f583b08bcb3ef91", "681fd99f1f583b08bcb3ef92", "681fd99f1f583b08bcb3ef93", "681fd99f1f583b08bcb3ef94", "681fd9a01f583b08bcb3ef95" ]
    }, {
      "title" : "Xám đậm",
      "slug" : "xam-dam",
      "label" : "",
      "images" : [ "681fd9a01f583b08bcb3ef96", "681fd9a01f583b08bcb3ef97", "681fd9a01f583b08bcb3ef98", "681fd9a01f583b08bcb3ef99", "681fd9a01f583b08bcb3ef9a", "681fd9a01f583b08bcb3ef9b", "681fd9a01f583b08bcb3ef9c", "681fd9a01f583b08bcb3ef9d", "681fd9a01f583b08bcb3ef9e", "681fd9a11f583b08bcb3ef9f", "681fd9a11f583b08bcb3efa0", "681fd9a11f583b08bcb3efa1", "681fd9a11f583b08bcb3efa2", "681fd9a11f583b08bcb3efa3" ]
    }, {
      "title" : "Be Pumice Stone",
      "slug" : "be-pumice-stone",
      "label" : "",
      "images" : [ "681fd9a11f583b08bcb3efa4", "681fd9a11f583b08bcb3efa5", "681fd9a11f583b08bcb3efa6", "681fd9a11f583b08bcb3efa7", "681fd9a11f583b08bcb3efa8", "681fd9a21f583b08bcb3efa9", "681fd9a21f583b08bcb3efaa", "681fd9a21f583b08bcb3efab", "681fd9a21f583b08bcb3efac", "681fd9a21f583b08bcb3efad", "681fd9a21f583b08bcb3efae", "681fd9a21f583b08bcb3efaf", "681fd9a21f583b08bcb3efb0", "681fd9a21f583b08bcb3efb1" ]
    } ]
  } ],
  "collection_id" : "681ca20a2a59db3110ec0b8f",
  "display_order" : 262,
  "youtube_video" : "",
  "coming_soon" : false,
  "display_name_open" : "Thoáng mát",
  "gender_type" : "MALE",
  "icon_thumbnail" : null,
  "compare_price" : 269000.0,
  "regular_price" : 199000.0
}