{
  "title" : "Áo thun Relaxed Fit 84RISING Marvel Captain America - The Soldier",
  "vendor" : "635a0ae7a3ff9a6c51456f3c",
  "tags" : [ ],
  "options" : [ {
    "type" : "COLOR",
    "title" : "Màu sắc",
    "values" : [ "Đen", "Trắng" ]
  }, {
    "type" : "SIZE",
    "title" : "Kích thước",
    "values" : [ "S", "M", "L", "XL" ]
  } ],
  "images" : [ "681fd96d1f583b08bcb3ee6c", "681fd96d1f583b08bcb3ee6d", "681fd96d1f583b08bcb3ee6e", "681fd96e1f583b08bcb3ee6f", "681fd96e1f583b08bcb3ee70", "681fd96e1f583b08bcb3ee71" ],
  "discount" : null,
  "seo_alias" : "ao-thun-relaxed-fit-84rising-the-soldier",
  "options_values" : [ {
    "title" : "Màu sắc",
    "type" : "COLOR",
    "options" : [ {
      "title" : "Đen",
      "slug" : "den",
      "label" : "",
      "images" : [ "681fd96e1f583b08bcb3ee72", "681fd96e1f583b08bcb3ee73", "681fd96e1f583b08bcb3ee74", "681fd96e1f583b08bcb3ee75", "681fd96e1f583b08bcb3ee76", "681fd96e1f583b08bcb3ee77" ]
    }, {
      "title" : "Trắng",
      "slug" : "trang",
      "label" : "",
      "images" : [ "681fd96e1f583b08bcb3ee78", "681fd96e1f583b08bcb3ee79", "681fd96f1f583b08bcb3ee7a", "681fd96f1f583b08bcb3ee7b", "681fd96f1f583b08bcb3ee7c", "681fd96f1f583b08bcb3ee7d" ]
    } ]
  } ],
  "collection_id" : "681ca20a2a59db3110ec0b8f",
  "display_order" : 239,
  "youtube_video" : "",
  "coming_soon" : false,
  "display_name_open" : "",
  "gender_type" : "MALE",
  "icon_thumbnail" : null,
  "compare_price" : 399000.0,
  "regular_price" : 319000.0
}