{
  "title" : "Áo Thun Thỏ 7 Màu chị Xô",
  "vendor" : "5c482438000c695cfa6f8d22",
  "tags" : [ ],
  "options" : [ {
    "type" : "COLOR",
    "title" : "Màu sắc",
    "values" : [ "Đen" ]
  }, {
    "type" : "SIZE",
    "title" : "Kích thước",
    "values" : [ "S", "M" ]
  } ],
  "images" : [ "6825fdce0b61125185461a22", "6825fdce0b61125185461a23", "6825fdce0b61125185461a24" ],
  "discount" : null,
  "seo_alias" : "ao-thun-oversize-tho-7-mau-phien-ban-chi-xo",
  "options_values" : [ {
    "title" : "Màu sắc",
    "type" : "COLOR",
    "options" : [ {
      "title" : "Đen",
      "slug" : "den",
      "label" : "",
      "images" : [ "6825fdce0b61125185461a25", "6825fdcf0b61125185461a26", "6825fdcf0b61125185461a27", "6825fdcf0b61125185461a28", "6825fdcf0b61125185461a29", "6825fdcf0b61125185461a2a", "6825fdcf0b61125185461a2b", "6825fdcf0b61125185461a2c" ]
    } ]
  } ],
  "collection_id" : "6825e99e8eaaa408c6aaf61c",
  "display_order" : 178,
  "youtube_video" : "",
  "coming_soon" : false,
  "display_name_open" : "Coolmate x T7M",
  "gender_type" : "MALE",
  "icon_thumbnail" : null,
  "compare_price" : 399000.0,
  "regular_price" : 139000.0
}