{
  "title" : "Áo Thun Nam Love More",
  "vendor" : "5c482438000c695cfa6f8d22",
  "tags" : [ "CLEARANCE_SALE", "OUTLET" ],
  "options" : [ {
    "type" : "SIZE",
    "title" : "Kích thước Áo",
    "values" : [ "S", "M", "L", "XL", "2XL", "3XL" ]
  } ],
  "images" : [ "681fd9271f583b08bcb3ecf7", "681fd9271f583b08bcb3ecf8", "681fd9271f583b08bcb3ecf9", "681fd9271f583b08bcb3ecfa", "681fd9271f583b08bcb3ecfb", "681fd9271f583b08bcb3ecfc", "681fd9271f583b08bcb3ecfd" ],
  "discount" : null,
  "seo_alias" : "ao-thun-in-love-more-clean-vietnam-mau-den",
  "options_values" : [ ],
  "collection_id" : "681ca20a2a59db3110ec0b8f",
  "display_order" : 133,
  "youtube_video" : "",
  "coming_soon" : false,
  "display_name_open" : "Clean VietNam",
  "gender_type" : "MALE",
  "icon_thumbnail" : null,
  "compare_price" : 299000.0,
  "regular_price" : 99000.0
}