{
  "title" : "Áo Thun Nam Thể Thao V1",
  "vendor" : "5c482438000c695cfa6f8d22",
  "tags" : [ "CLEARANCE_SALE", "OUTLET" ],
  "options" : [ {
    "type" : "COLOR",
    "title" : "Màu Áo",
    "values" : [ "Đỏ", "Nâu", "Đen", "Xanh Navy", "Xám đậm", "Xám nhạt" ]
  }, {
    "type" : "SIZE",
    "title" : "Kích thước",
    "values" : [ "S", "M", "L", "XL", "2XL", "3XL" ]
  } ],
  "images" : [ "681fd9451f583b08bcb3ed99", "681fd9451f583b08bcb3ed9a", "681fd9451f583b08bcb3ed9b", "681fd9451f583b08bcb3ed9c", "681fd9451f583b08bcb3ed9d", "681fd9451f583b08bcb3ed9e", "681fd9451f583b08bcb3ed9f", "681fd9451f583b08bcb3eda0", "681fd9451f583b08bcb3eda1", "681fd9461f583b08bcb3eda2" ],
  "discount" : null,
  "seo_alias" : "ao-thun-the-thao-nam-recycle-active-v1",
  "options_values" : [ {
    "title" : "Màu Áo",
    "type" : "COLOR",
    "options" : [ {
      "title" : "Đỏ",
      "slug" : "do",
      "label" : "",
      "images" : [ "681fd9461f583b08bcb3eda3", "681fd9461f583b08bcb3eda4", "681fd9461f583b08bcb3eda5", "681fd9461f583b08bcb3eda6", "681fd9461f583b08bcb3eda7", "681fd9461f583b08bcb3eda8", "681fd9471f583b08bcb3eda9", "681fd9471f583b08bcb3edaa", "681fd9471f583b08bcb3edab", "681fd9471f583b08bcb3edac" ]
    }, {
      "title" : "Nâu",
      "slug" : "nau",
      "label" : "",
      "images" : [ "681fd9471f583b08bcb3edad", "681fd9471f583b08bcb3edae", "681fd9471f583b08bcb3edaf", "681fd9471f583b08bcb3edb0", "681fd9471f583b08bcb3edb1", "681fd9471f583b08bcb3edb2", "681fd9471f583b08bcb3edb3", "681fd9471f583b08bcb3edb4", "681fd9471f583b08bcb3edb5", "681fd9481f583b08bcb3edb6" ]
    }, {
      "title" : "Đen",
      "slug" : "den",
      "label" : "",
      "images" : [ "681fd9481f583b08bcb3edb7", "681fd9481f583b08bcb3edb8", "681fd9481f583b08bcb3edb9", "681fd9481f583b08bcb3edba", "681fd9481f583b08bcb3edbb", "681fd9481f583b08bcb3edbc", "681fd9481f583b08bcb3edbd", "681fd9481f583b08bcb3edbe", "681fd9481f583b08bcb3edbf", "681fd9481f583b08bcb3edc0" ]
    }, {
      "title" : "Xanh Navy",
      "slug" : "xanh-navy",
      "label" : "",
      "images" : [ "681fd9481f583b08bcb3edc1", "681fd9481f583b08bcb3edc2", "681fd9481f583b08bcb3edc3", "681fd9491f583b08bcb3edc4", "681fd9491f583b08bcb3edc5", "681fd9491f583b08bcb3edc6", "681fd9491f583b08bcb3edc7", "681fd9491f583b08bcb3edc8", "681fd9491f583b08bcb3edc9", "681fd9491f583b08bcb3edca" ]
    }, {
      "title" : "Xám đậm",
      "slug" : "xam-dam",
      "label" : "",
      "images" : [ "681fd9491f583b08bcb3edcb", "681fd9491f583b08bcb3edcc", "681fd9491f583b08bcb3edcd", "681fd9491f583b08bcb3edce", "681fd9491f583b08bcb3edcf", "681fd9491f583b08bcb3edd0", "681fd9491f583b08bcb3edd1", "681fd94a1f583b08bcb3edd2", "681fd94a1f583b08bcb3edd3", "681fd94a1f583b08bcb3edd4" ]
    }, {
      "title" : "Xám nhạt",
      "slug" : "xam-nhat",
      "label" : "",
      "images" : [ "681fd94b1f583b08bcb3edd5", "681fd94b1f583b08bcb3edd6", "681fd94b1f583b08bcb3edd7", "681fd94b1f583b08bcb3edd8", "681fd94b1f583b08bcb3edd9", "681fd94b1f583b08bcb3edda", "681fd94b1f583b08bcb3eddb", "681fd94b1f583b08bcb3eddc", "681fd94b1f583b08bcb3eddd", "681fd94b1f583b08bcb3edde" ]
    } ]
  } ],
  "collection_id" : "681ca20a2a59db3110ec0b8f",
  "display_order" : 198,
  "youtube_video" : "",
  "coming_soon" : false,
  "display_name_open" : "Thoáng khí",
  "gender_type" : "MALE",
  "icon_thumbnail" : null,
  "compare_price" : 169000.0,
  "regular_price" : 89000.0
}