{
  "title" : "Áo thun thể thao Melange Essentials",
  "vendor" : "5c482438000c695cfa6f8d22",
  "tags" : [ "CLEARANCE_SALE", "OUTLET" ],
  "options" : [ {
    "type" : "COLOR",
    "title" : "Màu sắc",
    "values" : [ "Nâu Rain", "Xanh Bijou", "Xám" ]
  }, {
    "type" : "SIZE",
    "title" : "Kích thước",
    "values" : [ "S", "M", "XL", "2XL" ]
  } ],
  "images" : [ "6825fdb90b611251854619d4", "6825fdb90b611251854619d5", "6825fdb90b611251854619d6", "6825fdb90b611251854619d7", "6825fdb90b611251854619d8", "6825fdb90b611251854619d9", "6825fdba0b611251854619da", "6825fdba0b611251854619db", "6825fdba0b611251854619dc" ],
  "discount" : null,
  "seo_alias" : "ao-thun-the-thao-melange-essentials-thoang-mat-exdry",
  "options_values" : [ {
    "title" : "Màu sắc",
    "type" : "COLOR",
    "options" : [ {
      "title" : "Nâu Rain",
      "slug" : "nau-rain",
      "label" : "",
      "images" : [ "6825fdba0b611251854619dd", "6825fdba0b611251854619de", "6825fdba0b611251854619df", "6825fdba0b611251854619e0", "6825fdbb0b611251854619e1", "6825fdbb0b611251854619e2" ]
    }, {
      "title" : "Xanh Bijou",
      "slug" : "xanh-bijou",
      "label" : "",
      "images" : [ "6825fdbb0b611251854619e3", "6825fdbb0b611251854619e4", "6825fdbb0b611251854619e5", "6825fdbb0b611251854619e6", "6825fdbb0b611251854619e7", "6825fdbb0b611251854619e8", "6825fdbc0b611251854619e9" ]
    }, {
      "title" : "Xám",
      "slug" : "xam",
      "label" : "",
      "images" : [ "6825fdbc0b611251854619ea", "6825fdbc0b611251854619eb", "6825fdbc0b611251854619ec", "6825fdbd0b611251854619ed", "6825fdbd0b611251854619ee", "6825fdbd0b611251854619ef", "6825fdbd0b611251854619f0", "6825fdbd0b611251854619f1" ]
    } ]
  } ],
  "collection_id" : "6825e99e8eaaa408c6aaf61c",
  "display_order" : 175,
  "youtube_video" : "",
  "coming_soon" : false,
  "display_name_open" : "ExDry",
  "gender_type" : "MALE",
  "icon_thumbnail" : null,
  "compare_price" : 219000.0,
  "regular_price" : 109000.0
}