{
  "title" : "Áo Thun Chạy Bộ Teamwear",
  "vendor" : "5c482438000c695cfa6f8d22",
  "tags" : [ ],
  "options" : [ {
    "type" : "COLOR",
    "title" : "Màu sắc",
    "values" : [ "Cam Paprika", "Xanh Directoire", "Xanh Sharp" ]
  }, {
    "type" : "SIZE",
    "title" : "Kích thước",
    "values" : [ "S", "M", "L", "XL", "2XL", "3XL" ]
  } ],
  "images" : [ "6825fe990b61125185461cf6", "6825fe990b61125185461cf7", "6825fe9a0b61125185461cf8", "6825fe9a0b61125185461cf9", "6825fe9a0b61125185461cfa", "6825fe9a0b61125185461cfb", "6825fe9a0b61125185461cfc" ],
  "discount" : null,
  "seo_alias" : "ao-thun-chay-bo-teamwear-mong-nhe-thoang-mat",
  "options_values" : [ {
    "title" : "Màu sắc",
    "type" : "COLOR",
    "options" : [ {
      "title" : "Cam Paprika",
      "slug" : "cam-paprika",
      "label" : "",
      "images" : [ "6825fe9a0b61125185461cfd", "6825fe9a0b61125185461cfe", "6825fe9b0b61125185461cff", "6825fe9b0b61125185461d00", "6825fe9b0b61125185461d01", "6825fe9b0b61125185461d02", "6825fe9b0b61125185461d03", "6825fe9c0b61125185461d04" ]
    }, {
      "title" : "Xanh Directoire",
      "slug" : "xanh-directoire",
      "label" : "",
      "images" : [ "6825fe9c0b61125185461d05", "6825fe9c0b61125185461d06", "6825fe9c0b61125185461d07", "6825fe9c0b61125185461d08", "6825fe9c0b61125185461d09", "6825fe9c0b61125185461d0a", "6825fe9d0b61125185461d0b", "6825fe9d0b61125185461d0c" ]
    }, {
      "title" : "Xanh Sharp",
      "slug" : "xanh-sharp",
      "label" : "",
      "images" : [ "6825fe9d0b61125185461d0d", "6825fe9d0b61125185461d0e", "6825fe9d0b61125185461d0f", "6825fe9d0b61125185461d10", "6825fe9d0b61125185461d11", "6825fe9e0b61125185461d12", "6825fe9e0b61125185461d13", "6825fe9e0b61125185461d14" ]
    } ]
  } ],
  "collection_id" : "6825e99e8eaaa408c6aaf61c",
  "display_order" : 311,
  "youtube_video" : "",
  "coming_soon" : false,
  "display_name_open" : "ExDry - Siêu nhẹ",
  "gender_type" : "MALE",
  "icon_thumbnail" : null,
  "compare_price" : 169000.0,
  "regular_price" : 139000.0
}