{
  "title" : "Áo Thun Care & Share Hoi",
  "vendor" : "5c482438000c695cfa6f8d22",
  "tags" : [ "LIMITED" ],
  "options" : [ {
    "type" : "COLOR",
    "title" : "Màu sắc",
    "values" : [ "Đen", "Be", "Trắng" ]
  }, {
    "type" : "SIZE",
    "title" : "Kích thước",
    "values" : [ "L", "2XL", "3XL", "M", "XL", "S" ]
  } ],
  "images" : [ "6825ff870b61125185462060", "6825ff870b61125185462061" ],
  "discount" : null,
  "seo_alias" : "ao-thun-100-cotton-care-share-hoi-12-con-giap-collection",
  "options_values" : [ {
    "title" : "Màu sắc",
    "type" : "COLOR",
    "options" : [ {
      "title" : "Đen",
      "slug" : "den",
      "label" : "",
      "images" : [ "6825ff870b61125185462062", "6825ff870b61125185462063" ]
    }, {
      "title" : "Be",
      "slug" : "be",
      "label" : "",
      "images" : [ "6825ff870b61125185462064", "6825ff870b61125185462065" ]
    }, {
      "title" : "Trắng",
      "slug" : "trang",
      "label" : "",
      "images" : [ "6825ff870b61125185462066", "6825ff880b61125185462067" ]
    } ]
  } ],
  "collection_id" : "6825e99e8eaaa408c6aaf61c",
  "display_order" : 496,
  "youtube_video" : "",
  "coming_soon" : false,
  "display_name_open" : "12 Con Giap Collection",
  "gender_type" : "MALE",
  "icon_thumbnail" : null,
  "compare_price" : 199000.0,
  "regular_price" : 149000.0
}