{
  "title" : "Áo thun Relaxed Fit 84RISING Marvel Captain America - Sam Wilson",
  "vendor" : "635a0ae7a3ff9a6c51456f3c",
  "tags" : [ ],
  "options" : [ {
    "type" : "COLOR",
    "title" : "Màu sắc",
    "values" : [ "Đen", "Trắng" ]
  }, {
    "type" : "SIZE",
    "title" : "Kích thước",
    "values" : [ "S", "M", "L", "XL" ]
  } ],
  "images" : [ "6825fe220b61125185461b3d", "6825fe220b61125185461b3e", "6825fe220b61125185461b3f" ],
  "discount" : null,
  "seo_alias" : "ao-thun-relaxed-fit-84rising-sam-wilson",
  "options_values" : [ {
    "title" : "Màu sắc",
    "type" : "COLOR",
    "options" : [ {
      "title" : "Đen",
      "slug" : "den",
      "label" : "",
      "images" : [ "6825fe220b61125185461b40", "6825fe230b61125185461b41", "6825fe230b61125185461b42", "6825fe230b61125185461b43", "6825fe230b61125185461b44", "6825fe230b61125185461b45" ]
    }, {
      "title" : "Trắng",
      "slug" : "trang",
      "label" : "",
      "images" : [ "6825fe230b61125185461b46", "6825fe230b61125185461b47", "6825fe240b61125185461b48", "6825fe240b61125185461b49", "6825fe240b61125185461b4a", "6825fe240b61125185461b4b" ]
    } ]
  } ],
  "collection_id" : "6825e99e8eaaa408c6aaf61c",
  "display_order" : 239,
  "youtube_video" : "",
  "coming_soon" : false,
  "display_name_open" : "",
  "gender_type" : "MALE",
  "icon_thumbnail" : null,
  "compare_price" : 399000.0,
  "regular_price" : 319000.0
}