{
  "title" : "Áo jersey 84RISING Mickey",
  "vendor" : "",
  "tags" : [ ],
  "options" : [ {
    "type" : "COLOR",
    "title" : "Màu sắc",
    "values" : [ "Đen", "Trắng" ]
  }, {
    "type" : "SIZE",
    "title" : "Kích thước",
    "values" : [ "S", "M", "L" ]
  } ],
  "images" : [ "6825fdec0b61125185461a87", "6825fdec0b61125185461a88", "6825fdec0b61125185461a89", "6825fdec0b61125185461a8a", "6825fded0b61125185461a8b", "6825fded0b61125185461a8c", "6825fded0b61125185461a8d", "6825fdee0b61125185461a8e", "6825fdee0b61125185461a8f" ],
  "discount" : null,
  "seo_alias" : "ao-jersey-84rising-mickey",
  "options_values" : [ {
    "title" : "Màu sắc",
    "type" : "COLOR",
    "options" : [ {
      "title" : "Đen",
      "slug" : "den",
      "label" : "",
      "images" : [ "6825fdee0b61125185461a90", "6825fdee0b61125185461a91", "6825fdee0b61125185461a92", "6825fdef0b61125185461a93", "6825fdef0b61125185461a94", "6825fdf00b61125185461a95", "6825fdf00b61125185461a96" ]
    }, {
      "title" : "Trắng",
      "slug" : "trang",
      "label" : "",
      "images" : [ "6825fdf00b61125185461a97", "6825fdf00b61125185461a98", "6825fdf00b61125185461a99", "6825fdf00b61125185461a9a", "6825fdf00b61125185461a9b", "6825fdf10b61125185461a9c", "6825fdf10b61125185461a9d" ]
    } ]
  } ],
  "collection_id" : "6825e99e8eaaa408c6aaf61c",
  "display_order" : 212,
  "youtube_video" : "",
  "coming_soon" : false,
  "display_name_open" : "Thoáng khí",
  "gender_type" : "MALE",
  "icon_thumbnail" : null,
  "compare_price" : 399000.0,
  "regular_price" : 319000.0
}