{
  "title" : "Áo thun Cotton Compact In Phê Game",
  "vendor" : "",
  "tags" : [ ],
  "options" : [ {
    "type" : "COLOR",
    "title" : "Màu sắc",
    "values" : [ "Đen", "Trắng" ]
  }, {
    "type" : "SIZE",
    "title" : "Kích thước",
    "values" : [ "S", "M", "L", "XL", "2XL", "3XL" ]
  } ],
  "images" : [ "6826002d0b611251854623a7", "6826002d0b611251854623a8", "6826002d0b611251854623a9", "6826002e0b611251854623aa", "6826002e0b611251854623ab" ],
  "discount" : null,
  "seo_alias" : "ao-thun-cotton-compact-in-phe-game",
  "options_values" : [ {
    "title" : "Màu sắc",
    "type" : "COLOR",
    "options" : [ {
      "title" : "Đen",
      "slug" : "den",
      "label" : "",
      "images" : [ "6826002e0b611251854623ac", "6826002e0b611251854623ad", "6826002e0b611251854623ae", "6826002e0b611251854623af", "6826002e0b611251854623b0", "6826002e0b611251854623b1" ]
    }, {
      "title" : "Trắng",
      "slug" : "trang",
      "label" : "",
      "images" : [ "6826002e0b611251854623b2", "6826002e0b611251854623b3", "6826002e0b611251854623b4", "6826002f0b611251854623b5", "6826002f0b611251854623b6" ]
    } ]
  } ],
  "collection_id" : "6825e99e8eaaa408c6aaf61c",
  "display_order" : 999,
  "youtube_video" : "",
  "coming_soon" : false,
  "display_name_open" : "Thoáng khí",
  "gender_type" : "MALE",
  "icon_thumbnail" : null,
  "compare_price" : 320000.0,
  "regular_price" : 275000.0
}