{
  "title" : "Áo Thun Nam Cotton Compact in Coolmate",
  "vendor" : "5c482438000c695cfa6f8d22",
  "tags" : [ "CLEARANCE_SALE", "OUTLET" ],
  "options" : [ {
    "type" : "COLOR",
    "title" : "Màu sắc",
    "values" : [ "Trắng", "Đen" ]
  }, {
    "type" : "SIZE",
    "title" : "Kích thước Áo",
    "values" : [ "S", "M", "L", "XL", "2XL", "3XL" ]
  } ],
  "images" : [ "6825fecf0b61125185461db6", "6825fed00b61125185461db7", "6825fed00b61125185461db8" ],
  "discount" : null,
  "seo_alias" : "ao-thun-nam-in-coolmate-cotton-compact-mau-trang-5",
  "options_values" : [ {
    "title" : "Màu sắc",
    "type" : "COLOR",
    "options" : [ {
      "title" : "Trắng",
      "slug" : "trang",
      "label" : "",
      "images" : [ "6825fed00b61125185461db9", "6825fed00b61125185461dba", "6825fed00b61125185461dbb" ]
    }, {
      "title" : "Đen",
      "slug" : "den",
      "label" : "",
      "images" : [ "6825fed00b61125185461dbc", "6825fed10b61125185461dbd", "6825fed10b61125185461dbe", "6825fed10b61125185461dbf" ]
    } ]
  } ],
  "collection_id" : "6825e99e8eaaa408c6aaf61c",
  "display_order" : 406,
  "youtube_video" : "",
  "coming_soon" : false,
  "display_name_open" : "Premium",
  "gender_type" : "MALE",
  "icon_thumbnail" : null,
  "compare_price" : 259000.0,
  "regular_price" : 99000.0
}