{
  "title" : "Áo thun thể thao Melange Exdry",
  "vendor" : "",
  "tags" : [ ],
  "options" : [ {
    "type" : "COLOR",
    "title" : "Màu sắc",
    "values" : [ "Xanh Dress", "Xám Quiet", "Xanh Dương", "Đen" ]
  }, {
    "type" : "SIZE",
    "title" : "Kích thước",
    "values" : [ "S", "M", "L", "XL", "2XL", "3Xl" ]
  } ],
  "images" : [ "681fd8e51f583b08bcb3eba9", "681fd8e51f583b08bcb3ebaa", "681fd8e51f583b08bcb3ebab", "681fd8e51f583b08bcb3ebac", "681fd8e51f583b08bcb3ebad", "681fd8e51f583b08bcb3ebae", "681fd8e51f583b08bcb3ebaf", "681fd8e51f583b08bcb3ebb0" ],
  "discount" : null,
  "seo_alias" : "ao-thun-the-thao-melange-exdry",
  "options_values" : [ {
    "title" : "Màu sắc",
    "type" : "COLOR",
    "options" : [ {
      "title" : "Xanh Dress",
      "slug" : "xanh-dress",
      "label" : "",
      "images" : [ "681fd8e61f583b08bcb3ebb1", "681fd8e61f583b08bcb3ebb2", "681fd8e61f583b08bcb3ebb3", "681fd8e61f583b08bcb3ebb4", "681fd8e61f583b08bcb3ebb5", "681fd8e61f583b08bcb3ebb6", "681fd8e61f583b08bcb3ebb7", "681fd8e61f583b08bcb3ebb8" ]
    }, {
      "title" : "Xám Quiet",
      "slug" : "xam-quiet",
      "label" : "",
      "images" : [ "681fd8e71f583b08bcb3ebb9", "681fd8e71f583b08bcb3ebba", "681fd8e71f583b08bcb3ebbb", "681fd8e71f583b08bcb3ebbc", "681fd8e71f583b08bcb3ebbd", "681fd8e71f583b08bcb3ebbe", "681fd8e71f583b08bcb3ebbf", "681fd8e71f583b08bcb3ebc0" ]
    }, {
      "title" : "Xanh Dương",
      "slug" : "xanh-duong",
      "label" : "",
      "images" : [ "681fd8e71f583b08bcb3ebc1", "681fd8e71f583b08bcb3ebc2", "681fd8e71f583b08bcb3ebc3", "681fd8e71f583b08bcb3ebc4", "681fd8e71f583b08bcb3ebc5", "681fd8e71f583b08bcb3ebc6", "681fd8e81f583b08bcb3ebc7", "681fd8e81f583b08bcb3ebc8" ]
    }, {
      "title" : "Đen",
      "slug" : "den",
      "label" : "",
      "images" : [ "681fd8e81f583b08bcb3ebc9", "681fd8e81f583b08bcb3ebca", "681fd8e81f583b08bcb3ebcb", "681fd8e81f583b08bcb3ebcc", "681fd8e91f583b08bcb3ebcd", "681fd8e91f583b08bcb3ebce", "681fd8ea1f583b08bcb3ebcf", "681fd8ea1f583b08bcb3ebd0" ]
    } ]
  } ],
  "collection_id" : "681ca20a2a59db3110ec0b8f",
  "display_order" : 423,
  "youtube_video" : "",
  "coming_soon" : false,
  "display_name_open" : "ExDry - Thoáng khí",
  "gender_type" : "MALE",
  "icon_thumbnail" : null,
  "compare_price" : 189000.0,
  "regular_price" : 169000.0
}