{
  "title" : "Áo thun Relaxed Fit 84RISING Marvel Captain America - #Takebacktheshield",
  "vendor" : "635a0ae7a3ff9a6c51456f3c",
  "tags" : [ ],
  "options" : [ {
    "type" : "COLOR",
    "title" : "Màu sắc",
    "values" : [ "Đen" ]
  }, {
    "type" : "SIZE",
    "title" : "Kích thước",
    "values" : [ "S", "M", "L", "XL" ]
  } ],
  "images" : [ "6825fe1a0b61125185461b23", "6825fe1a0b61125185461b24" ],
  "discount" : null,
  "seo_alias" : "ao-thun-relaxed-fit-84rising--takebacktheshield",
  "options_values" : [ {
    "title" : "Màu sắc",
    "type" : "COLOR",
    "options" : [ {
      "title" : "Đen",
      "slug" : "den",
      "label" : "",
      "images" : [ "6825fe1a0b61125185461b25", "6825fe1a0b61125185461b26", "6825fe1a0b61125185461b27", "6825fe1b0b61125185461b28", "6825fe1b0b61125185461b29", "6825fe1b0b61125185461b2a" ]
    } ]
  } ],
  "collection_id" : "6825e99e8eaaa408c6aaf61c",
  "display_order" : 239,
  "youtube_video" : "",
  "coming_soon" : false,
  "display_name_open" : "",
  "gender_type" : "MALE",
  "icon_thumbnail" : null,
  "compare_price" : 399000.0,
  "regular_price" : 319000.0
}