{
  "title" : "Áo thun Care & Share in Enjoy Summer",
  "vendor" : "5c482438000c695cfa6f8d22",
  "tags" : [ ],
  "options" : [ {
    "type" : "COLOR",
    "title" : "Màu sắc",
    "values" : [ "Xanh dương", "Đen", "Trắng", "Be" ]
  }, {
    "type" : "SIZE",
    "title" : "Kích thước",
    "values" : [ "S", "M", "L", "XL" ]
  } ],
  "images" : [ "681fdb191f583b08bcb3f6f5", "681fdb191f583b08bcb3f6f6", "681fdb191f583b08bcb3f6f7", "681fdb191f583b08bcb3f6f8", "681fdb191f583b08bcb3f6f9", "681fdb1a1f583b08bcb3f6fa", "681fdb1a1f583b08bcb3f6fb", "681fdb1a1f583b08bcb3f6fc", "681fdb1a1f583b08bcb3f6fd" ],
  "discount" : null,
  "seo_alias" : "ao-thun-oversize-cotton-care-share-in-enjoy-summer-dang-relaxed-fit-summer-holiday-collection",
  "options_values" : [ {
    "title" : "Màu sắc",
    "type" : "COLOR",
    "options" : [ {
      "title" : "Xanh dương",
      "slug" : "xanh-duong",
      "label" : "",
      "images" : [ "681fdb1b1f583b08bcb3f6fe", "681fdb1b1f583b08bcb3f6ff", "681fdb1b1f583b08bcb3f700", "681fdb1b1f583b08bcb3f701", "681fdb1b1f583b08bcb3f702", "681fdb1b1f583b08bcb3f703", "681fdb1b1f583b08bcb3f704", "681fdb1b1f583b08bcb3f705", "681fdb1b1f583b08bcb3f706" ]
    }, {
      "title" : "Đen",
      "slug" : "den",
      "label" : "",
      "images" : [ "681fdb1b1f583b08bcb3f707", "681fdb1b1f583b08bcb3f708", "681fdb1b1f583b08bcb3f709", "681fdb1b1f583b08bcb3f70a", "681fdb1c1f583b08bcb3f70b", "681fdb1c1f583b08bcb3f70c", "681fdb1c1f583b08bcb3f70d", "681fdb1c1f583b08bcb3f70e", "681fdb1c1f583b08bcb3f70f" ]
    }, {
      "title" : "Trắng",
      "slug" : "trang",
      "label" : "",
      "images" : [ "681fdb1c1f583b08bcb3f710", "681fdb1c1f583b08bcb3f711", "681fdb1c1f583b08bcb3f712", "681fdb1c1f583b08bcb3f713", "681fdb1c1f583b08bcb3f714", "681fdb1c1f583b08bcb3f715", "681fdb1c1f583b08bcb3f716", "681fdb1c1f583b08bcb3f717", "681fdb1c1f583b08bcb3f718" ]
    }, {
      "title" : "Be",
      "slug" : "be",
      "label" : "",
      "images" : [ "681fdb1d1f583b08bcb3f719", "681fdb1d1f583b08bcb3f71a", "681fdb1d1f583b08bcb3f71b", "681fdb1d1f583b08bcb3f71c", "681fdb1d1f583b08bcb3f71d", "681fdb1d1f583b08bcb3f71e", "681fdb1e1f583b08bcb3f71f", "681fdb1e1f583b08bcb3f720", "681fdb1e1f583b08bcb3f721" ]
    } ]
  } ],
  "collection_id" : "681ca20a2a59db3110ec0b8f",
  "display_order" : 545,
  "youtube_video" : "",
  "coming_soon" : false,
  "display_name_open" : "Dáng Relaxed Fit / Summer Holiday Collection",
  "gender_type" : "MALE",
  "icon_thumbnail" : null,
  "compare_price" : 249000.0,
  "regular_price" : 199000.0
}