{
  "title" : "Áo Thun Nam Peace",
  "vendor" : "5c482438000c695cfa6f8d22",
  "tags" : [ "CLEARANCE_SALE", "OUTLET" ],
  "options" : [ {
    "type" : "SIZE",
    "title" : "Kích thước Áo",
    "values" : [ "S", "M", "L", "XL", "2XL", "3XL" ]
  } ],
  "images" : [ "6825fd6e0b61125185461923", "6825fd6f0b61125185461924", "6825fd6f0b61125185461925", "6825fd6f0b61125185461926", "6825fd6f0b61125185461927", "6825fd6f0b61125185461928" ],
  "discount" : null,
  "seo_alias" : "ao-thun-in-peace-clean-vietnam-mau-den",
  "options_values" : [ ],
  "collection_id" : "6825e99e8eaaa408c6aaf61c",
  "display_order" : 10,
  "youtube_video" : "",
  "coming_soon" : false,
  "display_name_open" : "Clean VietNam",
  "gender_type" : "MALE",
  "icon_thumbnail" : null,
  "compare_price" : 299000.0,
  "regular_price" : 99000.0
}