{
  "title" : "Áo thun nam Excool logo Coolmate",
  "vendor" : "",
  "tags" : [ ],
  "options" : [ {
    "type" : "COLOR",
    "title" : "Màu sắc",
    "values" : [ "Đen" ]
  }, {
    "type" : "SIZE",
    "title" : "Kích thước",
    "values" : [ "S", "M", "L", "XL", "2XL", "3Xl" ]
  } ],
  "images" : [ "6825fe090b61125185461ae7", "6825fe090b61125185461ae8" ],
  "discount" : null,
  "seo_alias" : "ao-thun-nam-excool",
  "options_values" : [ {
    "title" : "Màu sắc",
    "type" : "COLOR",
    "options" : [ {
      "title" : "Đen",
      "slug" : "den",
      "label" : "",
      "images" : [ "6825fe090b61125185461ae9", "6825fe090b61125185461aea", "6825fe090b61125185461aeb", "6825fe090b61125185461aec", "6825fe0a0b61125185461aed", "6825fe0a0b61125185461aee", "6825fe0a0b61125185461aef" ]
    } ]
  } ],
  "collection_id" : "6825e99e8eaaa408c6aaf61c",
  "display_order" : 229,
  "youtube_video" : "",
  "coming_soon" : false,
  "display_name_open" : "Excool - Thoáng khí",
  "gender_type" : "MALE",
  "icon_thumbnail" : null,
  "compare_price" : 199000.0,
  "regular_price" : 99000.0
}