{
  "title" : "Áo thun Nam Thể thao Phối bo cổ",
  "vendor" : "5c482438000c695cfa6f8d22",
  "tags" : [ ],
  "options" : [ {
    "type" : "COLOR",
    "title" : "Màu sắc",
    "values" : [ "Đen", "Trắng", "Xanh Poseidon", "Đỏ Rthymic" ]
  }, {
    "type" : "SIZE",
    "title" : "Kích thước",
    "values" : [ "S", "M", "L", "XL", "2XL", "3XL" ]
  } ],
  "images" : [ "681fd8421f583b08bcb3e7de", "681fd8421f583b08bcb3e7df", "681fd8421f583b08bcb3e7e0", "681fd8421f583b08bcb3e7e1" ],
  "discount" : null,
  "seo_alias" : "ao-thun-nam-the-thao-phoi-bo-co",
  "options_values" : [ {
    "title" : "Màu sắc",
    "type" : "COLOR",
    "options" : [ {
      "title" : "Đen",
      "slug" : "den",
      "label" : "",
      "images" : [ "681fd8421f583b08bcb3e7e2", "681fd8421f583b08bcb3e7e3", "681fd8421f583b08bcb3e7e4", "681fd8421f583b08bcb3e7e5" ]
    }, {
      "title" : "Trắng",
      "slug" : "trang",
      "label" : "",
      "images" : [ "681fd8421f583b08bcb3e7e6", "681fd8421f583b08bcb3e7e7", "681fd8421f583b08bcb3e7e8", "681fd8421f583b08bcb3e7e9" ]
    }, {
      "title" : "Xanh Poseidon",
      "slug" : "xanh-poseidon",
      "label" : "",
      "images" : [ "681fd8421f583b08bcb3e7ea", "681fd8431f583b08bcb3e7eb", "681fd8431f583b08bcb3e7ec", "681fd8431f583b08bcb3e7ed" ]
    }, {
      "title" : "Đỏ Rthymic",
      "slug" : "do-rthymic",
      "label" : "",
      "images" : [ "681fd8431f583b08bcb3e7ee", "681fd8431f583b08bcb3e7ef", "681fd8431f583b08bcb3e7f0", "681fd8431f583b08bcb3e7f1" ]
    } ]
  } ],
  "collection_id" : "681ca20a2a59db3110ec0b8f",
  "display_order" : 998,
  "youtube_video" : "",
  "coming_soon" : false,
  "display_name_open" : "ExDry",
  "gender_type" : "MALE",
  "icon_thumbnail" : null,
  "compare_price" : 249000.0,
  "regular_price" : 219000.0
}