{
  "title" : "Áo Thun Gym Comfort Oversize",
  "vendor" : "5c482438000c695cfa6f8d22",
  "tags" : [ ],
  "options" : [ {
    "type" : "COLOR",
    "title" : "Màu sắc",
    "values" : [ "Trắng", "Đen" ]
  }, {
    "type" : "SIZE",
    "title" : "Kích thước",
    "values" : [ "S", "M", "L", "XL", "2XL", "3XL" ]
  } ],
  "images" : [ "681fd9e81f583b08bcb3f0d9", "681fd9e81f583b08bcb3f0da", "681fd9e81f583b08bcb3f0db", "681fd9e81f583b08bcb3f0dc", "681fd9e81f583b08bcb3f0dd", "681fd9e81f583b08bcb3f0de" ],
  "discount" : null,
  "seo_alias" : "ao-thun-gym-oversize-comfort-100-cotton",
  "options_values" : [ {
    "title" : "Màu sắc",
    "type" : "COLOR",
    "options" : [ {
      "title" : "Trắng",
      "slug" : "trang",
      "label" : "",
      "images" : [ "681fd9e81f583b08bcb3f0df", "681fd9e81f583b08bcb3f0e0", "681fd9e91f583b08bcb3f0e1", "681fd9e91f583b08bcb3f0e2", "681fd9e91f583b08bcb3f0e3", "681fd9e91f583b08bcb3f0e4" ]
    }, {
      "title" : "Đen",
      "slug" : "den",
      "label" : "",
      "images" : [ "681fd9e91f583b08bcb3f0e5", "681fd9ea1f583b08bcb3f0e6", "681fd9ea1f583b08bcb3f0e7", "681fd9ea1f583b08bcb3f0e8", "681fd9ea1f583b08bcb3f0e9", "681fd9ea1f583b08bcb3f0ea" ]
    } ]
  } ],
  "collection_id" : "681ca20a2a59db3110ec0b8f",
  "display_order" : 410,
  "youtube_video" : "",
  "coming_soon" : false,
  "display_name_open" : "100% Cotton",
  "gender_type" : "MALE",
  "icon_thumbnail" : null,
  "compare_price" : 199000.0,
  "regular_price" : 199000.0
}