{
  "title" : "Áo in cotton Care & Share - Cười lên cho vui",
  "vendor" : "5c482438000c695cfa6f8d22",
  "tags" : [ "NEW" ],
  "options" : [ {
    "type" : "COLOR",
    "title" : "Màu sắc",
    "values" : [ "Trắng", "Xanh Coban", "Đen" ]
  }, {
    "type" : "SIZE",
    "title" : "Size",
    "values" : [ "S", "M", "L", "XL", "2XL", "3XL" ]
  } ],
  "images" : [ "681fda7a1f583b08bcb3f3b0", "681fda7b1f583b08bcb3f3b1", "681fda7b1f583b08bcb3f3b2", "681fda7b1f583b08bcb3f3b3", "681fda7b1f583b08bcb3f3b4", "681fda7b1f583b08bcb3f3b5", "681fda7b1f583b08bcb3f3b6", "681fda7b1f583b08bcb3f3b7", "681fda7b1f583b08bcb3f3b8", "681fda7b1f583b08bcb3f3b9", "681fda7c1f583b08bcb3f3ba", "681fda7c1f583b08bcb3f3bb", "681fda7c1f583b08bcb3f3bc", "681fda7c1f583b08bcb3f3bd", "681fda7c1f583b08bcb3f3be", "681fda7d1f583b08bcb3f3bf", "681fda7d1f583b08bcb3f3c0", "681fda7d1f583b08bcb3f3c1", "681fda7d1f583b08bcb3f3c2", "681fda7d1f583b08bcb3f3c3", "681fda7d1f583b08bcb3f3c4" ],
  "discount" : null,
  "seo_alias" : "ao-in-cotton-care-share-cuoi-len-cho-vui",
  "options_values" : [ {
    "title" : "Màu sắc",
    "type" : "COLOR",
    "options" : [ {
      "title" : "Trắng",
      "slug" : "trang",
      "label" : "",
      "images" : [ "681fda7d1f583b08bcb3f3c5", "681fda7d1f583b08bcb3f3c6", "681fda7d1f583b08bcb3f3c7", "681fda7d1f583b08bcb3f3c8", "681fda7e1f583b08bcb3f3c9", "681fda7e1f583b08bcb3f3ca", "681fda7e1f583b08bcb3f3cb", "681fda7e1f583b08bcb3f3cc", "681fda7e1f583b08bcb3f3cd", "681fda7e1f583b08bcb3f3ce", "681fda7e1f583b08bcb3f3cf", "681fda7f1f583b08bcb3f3d0", "681fda7f1f583b08bcb3f3d1", "681fda7f1f583b08bcb3f3d2", "681fda7f1f583b08bcb3f3d3", "681fda7f1f583b08bcb3f3d4", "681fda7f1f583b08bcb3f3d5", "681fda7f1f583b08bcb3f3d6", "681fda7f1f583b08bcb3f3d7", "681fda7f1f583b08bcb3f3d8", "681fda7f1f583b08bcb3f3d9" ]
    }, {
      "title" : "Xanh Coban",
      "slug" : "xanh-coban",
      "label" : "",
      "images" : [ "681fda7f1f583b08bcb3f3da", "681fda7f1f583b08bcb3f3db", "681fda801f583b08bcb3f3dc", "681fda801f583b08bcb3f3dd", "681fda801f583b08bcb3f3de", "681fda801f583b08bcb3f3df", "681fda801f583b08bcb3f3e0", "681fda801f583b08bcb3f3e1", "681fda801f583b08bcb3f3e2", "681fda811f583b08bcb3f3e3", "681fda811f583b08bcb3f3e4", "681fda811f583b08bcb3f3e5", "681fda811f583b08bcb3f3e6", "681fda811f583b08bcb3f3e7", "681fda811f583b08bcb3f3e8", "681fda811f583b08bcb3f3e9", "681fda811f583b08bcb3f3ea", "681fda811f583b08bcb3f3eb", "681fda811f583b08bcb3f3ec", "681fda811f583b08bcb3f3ed", "681fda821f583b08bcb3f3ee" ]
    }, {
      "title" : "Đen",
      "slug" : "den",
      "label" : "",
      "images" : [ "681fda821f583b08bcb3f3ef", "681fda821f583b08bcb3f3f0", "681fda821f583b08bcb3f3f1", "681fda821f583b08bcb3f3f2", "681fda821f583b08bcb3f3f3", "681fda821f583b08bcb3f3f4", "681fda821f583b08bcb3f3f5", "681fda821f583b08bcb3f3f6", "681fda821f583b08bcb3f3f7", "681fda821f583b08bcb3f3f8", "681fda831f583b08bcb3f3f9", "681fda831f583b08bcb3f3fa", "681fda831f583b08bcb3f3fb", "681fda831f583b08bcb3f3fc", "681fda831f583b08bcb3f3fd", "681fda831f583b08bcb3f3fe", "681fda831f583b08bcb3f3ff", "681fda831f583b08bcb3f400", "681fda831f583b08bcb3f401", "681fda841f583b08bcb3f402", "681fda841f583b08bcb3f403" ]
    } ]
  } ],
  "collection_id" : "681ca20a2a59db3110ec0b8f",
  "display_order" : 512,
  "youtube_video" : "",
  "coming_soon" : false,
  "display_name_open" : "Care & Share",
  "gender_type" : "UNISEX",
  "icon_thumbnail" : null,
  "compare_price" : 199000.0,
  "regular_price" : 199000.0
}