{
  "title" : "Áo thun Relaxed Fit 84RISING Disney Corner in TẾT - Mickey Mouse",
  "vendor" : "635a0ae7a3ff9a6c51456f3c",
  "tags" : [ ],
  "options" : [ {
    "type" : "COLOR",
    "title" : "Màu sắc",
    "values" : [ "Đen", "Trắng" ]
  }, {
    "type" : "SIZE",
    "title" : "Kích thước",
    "values" : [ "S", "M", "L", "XL" ]
  } ],
  "images" : [ "681fdb301f583b08bcb3f76a", "681fdb301f583b08bcb3f76b", "681fdb301f583b08bcb3f76c", "681fdb301f583b08bcb3f76d", "681fdb311f583b08bcb3f76e", "681fdb311f583b08bcb3f76f" ],
  "discount" : null,
  "seo_alias" : "ao-thun-oversize-basic-84rising-disney-corner-in-mickey-mouse",
  "options_values" : [ {
    "title" : "Màu sắc",
    "type" : "COLOR",
    "options" : [ {
      "title" : "Đen",
      "slug" : "den",
      "label" : "",
      "images" : [ "681fdb311f583b08bcb3f770", "681fdb311f583b08bcb3f771", "681fdb311f583b08bcb3f772", "681fdb311f583b08bcb3f773", "681fdb311f583b08bcb3f774", "681fdb321f583b08bcb3f775" ]
    }, {
      "title" : "Trắng",
      "slug" : "trang",
      "label" : "",
      "images" : [ "681fdb321f583b08bcb3f776", "681fdb321f583b08bcb3f777", "681fdb321f583b08bcb3f778", "681fdb321f583b08bcb3f779", "681fdb321f583b08bcb3f77a", "681fdb321f583b08bcb3f77b" ]
    } ]
  } ],
  "collection_id" : "681ca20a2a59db3110ec0b8f",
  "display_order" : 999,
  "youtube_video" : "",
  "coming_soon" : false,
  "display_name_open" : "",
  "gender_type" : "MALE",
  "icon_thumbnail" : null,
  "compare_price" : 399000.0,
  "regular_price" : 319000.0
}