{
  "title" : "Áo thun Cotton Care & Share in Air Signs ",
  "vendor" : "5c482438000c695cfa6f8d22",
  "tags" : [ ],
  "options" : [ {
    "type" : "COLOR",
    "title" : "Màu sắc",
    "values" : [ "Xanh mint", "Xanh tím", "Đen" ]
  }, {
    "type" : "SIZE",
    "title" : "Kích thước",
    "values" : [ "S", "M", "L", "XL", "2XL", "3XL" ]
  } ],
  "images" : [ "6825ff6c0b61125185461ff2", "6825ff6d0b61125185461ff3", "6825ff6d0b61125185461ff4", "6825ff6d0b61125185461ff5", "6825ff6d0b61125185461ff6", "6825ff6d0b61125185461ff7" ],
  "discount" : null,
  "seo_alias" : "ao-thun-cotton-care-share-in-air-signs-cung-hoang-dao-collection",
  "options_values" : [ {
    "title" : "Màu sắc",
    "type" : "COLOR",
    "options" : [ {
      "title" : "Xanh mint",
      "slug" : "xanh-mint",
      "label" : "",
      "images" : [ "6825ff6d0b61125185461ff8", "6825ff6d0b61125185461ff9", "6825ff6d0b61125185461ffa", "6825ff6e0b61125185461ffb", "6825ff6e0b61125185461ffc" ]
    }, {
      "title" : "Xanh tím",
      "slug" : "xanh-tim",
      "label" : "",
      "images" : [ "6825ff6e0b61125185461ffd", "6825ff6e0b61125185461ffe", "6825ff6e0b61125185461fff", "6825ff6e0b61125185462000", "6825ff6e0b61125185462001" ]
    }, {
      "title" : "Đen",
      "slug" : "den",
      "label" : "",
      "images" : [ "6825ff6e0b61125185462002", "6825ff6e0b61125185462003", "6825ff6f0b61125185462004" ]
    } ]
  } ],
  "collection_id" : "6825e99e8eaaa408c6aaf61c",
  "display_order" : 484,
  "youtube_video" : "",
  "coming_soon" : false,
  "display_name_open" : "Cung Hoàng Đạo Collection ",
  "gender_type" : "MALE",
  "icon_thumbnail" : null,
  "compare_price" : 199000.0,
  "regular_price" : 159000.0
}