{
  "title" : "Áo thun Cotton Compact In Lụa VỤN ART Logo Trái V2",
  "vendor" : "5c482438000c695cfa6f8d22",
  "tags" : [ ],
  "options" : [ {
    "type" : "COLOR",
    "title" : "Màu sắc",
    "values" : [ "Trắng" ]
  }, {
    "type" : "SIZE",
    "title" : "Kích thước Áo",
    "values" : [ "S", "M", "L", "XL", "2XL", "3XL" ]
  } ],
  "images" : [ "6825fe520b61125185461be9", "6825fe520b61125185461bea", "6825fe530b61125185461beb" ],
  "discount" : null,
  "seo_alias" : "ao-thun-cotton-compact-care-share-vun-art-logo-trai-v2",
  "options_values" : [ {
    "title" : "Màu sắc",
    "type" : "COLOR",
    "options" : [ {
      "title" : "Trắng",
      "slug" : "trang",
      "label" : "",
      "images" : [ "6825fe530b61125185461bec", "6825fe530b61125185461bed", "6825fe530b61125185461bee", "6825fe530b61125185461bef", "6825fe530b61125185461bf0" ]
    } ]
  } ],
  "collection_id" : "6825e99e8eaaa408c6aaf61c",
  "display_order" : 259,
  "youtube_video" : "",
  "coming_soon" : false,
  "display_name_open" : "Care & Share",
  "gender_type" : "MALE",
  "icon_thumbnail" : null,
  "compare_price" : 299000.0,
  "regular_price" : 239000.0
}