{
  "title" : "Áo in Cotton Compact CARE SHARE In Lụa VỤN ART IV - [Chung tay xây nhà mới]",
  "vendor" : "5c482438000c695cfa6f8d22",
  "tags" : [ ],
  "options" : [ {
    "type" : "COLOR",
    "title" : "Màu sắc",
    "values" : [ "Trắng", "Đen" ]
  }, {
    "type" : "SIZE",
    "title" : "Kích thước Áo",
    "values" : [ "S", "M", "L", "XL", "2XL", "3XL" ]
  } ],
  "images" : [ "681fdad91f583b08bcb3f590", "681fdad91f583b08bcb3f591", "681fdad91f583b08bcb3f592", "681fdad91f583b08bcb3f593", "681fdad91f583b08bcb3f594", "681fdad91f583b08bcb3f595" ],
  "discount" : null,
  "seo_alias" : "ao-in-cotton-compact-care-share-in-lua-vun-art-iv-chung-tay-xay-nha-moi",
  "options_values" : [ {
    "title" : "Màu sắc",
    "type" : "COLOR",
    "options" : [ {
      "title" : "Trắng",
      "slug" : "trang",
      "label" : "",
      "images" : [ "681fdad91f583b08bcb3f596", "681fdad91f583b08bcb3f597", "681fdad91f583b08bcb3f598", "681fdad91f583b08bcb3f599", "681fdad91f583b08bcb3f59a", "681fdada1f583b08bcb3f59b" ]
    }, {
      "title" : "Đen",
      "slug" : "den",
      "label" : "",
      "images" : [ "681fdada1f583b08bcb3f59c", "681fdada1f583b08bcb3f59d", "681fdada1f583b08bcb3f59e", "681fdada1f583b08bcb3f59f", "681fdada1f583b08bcb3f5a0", "681fdada1f583b08bcb3f5a1" ]
    } ]
  } ],
  "collection_id" : "681ca20a2a59db3110ec0b8f",
  "display_order" : 512,
  "youtube_video" : "",
  "coming_soon" : false,
  "display_name_open" : "Care & Share",
  "gender_type" : "MALE",
  "icon_thumbnail" : null,
  "compare_price" : 299000.0,
  "regular_price" : 239000.0
}