{
  "title" : "Áo Thun Nam Thể Thao Active logo",
  "vendor" : "5c482438000c695cfa6f8d22",
  "tags" : [ "CLEARANCE_SALE", "OUTLET" ],
  "options" : [ {
    "type" : "COLOR",
    "title" : "Màu sắc",
    "values" : [ "Xanh Navy", "Đen", "Xám nhạt" ]
  }, {
    "type" : "SIZE",
    "title" : "Kích thước",
    "values" : [ "S" ]
  } ],
  "images" : [ "6825fda00b6112518546198a", "6825fda00b6112518546198b", "6825fda00b6112518546198c", "6825fda00b6112518546198d", "6825fda00b6112518546198e", "6825fda10b6112518546198f", "6825fda10b61125185461990" ],
  "discount" : null,
  "seo_alias" : "ao-thun-the-thao-active-logo-thoang-khi",
  "options_values" : [ {
    "title" : "Màu sắc",
    "type" : "COLOR",
    "options" : [ {
      "title" : "Xanh Navy",
      "slug" : "xanh-navy",
      "label" : "",
      "images" : [ "6825fda10b61125185461991", "6825fda10b61125185461992", "6825fda10b61125185461993", "6825fda20b61125185461994", "6825fda20b61125185461995", "6825fda20b61125185461996", "6825fda20b61125185461997" ]
    }, {
      "title" : "Đen",
      "slug" : "den",
      "label" : "",
      "images" : [ "6825fda30b61125185461998", "6825fda30b61125185461999", "6825fda30b6112518546199a", "6825fda30b6112518546199b", "6825fda30b6112518546199c", "6825fda30b6112518546199d" ]
    }, {
      "title" : "Xám nhạt",
      "slug" : "xam-nhat",
      "label" : "",
      "images" : [ "6825fda30b6112518546199e", "6825fda40b6112518546199f", "6825fda40b611251854619a0", "6825fda40b611251854619a1", "6825fda40b611251854619a2" ]
    } ]
  } ],
  "collection_id" : "6825e99e8eaaa408c6aaf61c",
  "display_order" : 122,
  "youtube_video" : "",
  "coming_soon" : false,
  "display_name_open" : "Thoáng khí",
  "gender_type" : "MALE",
  "icon_thumbnail" : null,
  "compare_price" : 199000.0,
  "regular_price" : 79000.0
}