{
  "title" : "Áo thun thể thao Melange Essentials",
  "vendor" : "5c482438000c695cfa6f8d22",
  "tags" : [ "CLEARANCE_SALE", "OUTLET" ],
  "options" : [ {
    "type" : "COLOR",
    "title" : "Màu sắc",
    "values" : [ "Nâu Rain", "Xanh Bijou", "Xám" ]
  }, {
    "type" : "SIZE",
    "title" : "Kích thước",
    "values" : [ "S", "M", "XL", "2XL" ]
  } ],
  "images" : [ "681fd92f1f583b08bcb3ed1b", "681fd9301f583b08bcb3ed1c", "681fd9301f583b08bcb3ed1d", "681fd9301f583b08bcb3ed1e", "681fd9301f583b08bcb3ed1f", "681fd9301f583b08bcb3ed20", "681fd9301f583b08bcb3ed21", "681fd9301f583b08bcb3ed22", "681fd9301f583b08bcb3ed23" ],
  "discount" : null,
  "seo_alias" : "ao-thun-the-thao-melange-essentials-thoang-mat-exdry",
  "options_values" : [ {
    "title" : "Màu sắc",
    "type" : "COLOR",
    "options" : [ {
      "title" : "Nâu Rain",
      "slug" : "nau-rain",
      "label" : "",
      "images" : [ "681fd9301f583b08bcb3ed24", "681fd9301f583b08bcb3ed25", "681fd9301f583b08bcb3ed26", "681fd9301f583b08bcb3ed27", "681fd9311f583b08bcb3ed28", "681fd9311f583b08bcb3ed29", "681fd9311f583b08bcb3ed2a", "681fd9311f583b08bcb3ed2b", "681fd9311f583b08bcb3ed2c" ]
    }, {
      "title" : "Xanh Bijou",
      "slug" : "xanh-bijou",
      "label" : "",
      "images" : [ "681fd9321f583b08bcb3ed2d", "681fd9321f583b08bcb3ed2e", "681fd9321f583b08bcb3ed2f", "681fd9321f583b08bcb3ed30", "681fd9321f583b08bcb3ed31", "681fd9321f583b08bcb3ed32", "681fd9321f583b08bcb3ed33", "681fd9321f583b08bcb3ed34", "681fd9321f583b08bcb3ed35" ]
    }, {
      "title" : "Xám",
      "slug" : "xam",
      "label" : "",
      "images" : [ "681fd9321f583b08bcb3ed36", "681fd9321f583b08bcb3ed37", "681fd9321f583b08bcb3ed38", "681fd9321f583b08bcb3ed39", "681fd9321f583b08bcb3ed3a", "681fd9331f583b08bcb3ed3b", "681fd9331f583b08bcb3ed3c", "681fd9331f583b08bcb3ed3d", "681fd9331f583b08bcb3ed3e" ]
    } ]
  } ],
  "collection_id" : "681ca20a2a59db3110ec0b8f",
  "display_order" : 175,
  "youtube_video" : "",
  "coming_soon" : false,
  "display_name_open" : "ExDry",
  "gender_type" : "MALE",
  "icon_thumbnail" : null,
  "compare_price" : 219000.0,
  "regular_price" : 109000.0
}