{
  "title" : "Áo Thun Chạy Bộ Graphic Heartbeat",
  "vendor" : "5c482438000c695cfa6f8d22",
  "tags" : [ "BEST_SELLER" ],
  "options" : [ {
    "type" : "COLOR",
    "title" : "Màu sắc",
    "values" : [ "Hồng", "Tím", "Đen", "Xanh rêu" ]
  }, {
    "type" : "SIZE",
    "title" : "Kích thước",
    "values" : [ "S", "M", "L", "XL", "2XL", "3XL" ]
  } ],
  "images" : [ "6825feb90b61125185461d5f", "6825feb90b61125185461d60", "6825feb90b61125185461d61", "6825feba0b61125185461d62", "6825feba0b61125185461d63", "6825feba0b61125185461d64", "6825feba0b61125185461d65", "6825feba0b61125185461d66" ],
  "discount" : null,
  "seo_alias" : "ao-thun-nam-chay-bo-hoat-tiet-graphic-heartbeat-sieu-nhe-thoang-mat",
  "options_values" : [ {
    "title" : "Màu sắc",
    "type" : "COLOR",
    "options" : [ {
      "title" : "Hồng",
      "slug" : "hong",
      "label" : "",
      "images" : [ "6825feba0b61125185461d67", "6825febb0b61125185461d68", "6825febb0b61125185461d69", "6825febb0b61125185461d6a", "6825febb0b61125185461d6b", "6825febb0b61125185461d6c", "6825febb0b61125185461d6d", "6825febb0b61125185461d6e", "6825febc0b61125185461d6f" ]
    }, {
      "title" : "Tím",
      "slug" : "tim",
      "label" : "",
      "images" : [ "6825febc0b61125185461d70", "6825febc0b61125185461d71", "6825febc0b61125185461d72", "6825febc0b61125185461d73", "6825febc0b61125185461d74", "6825febc0b61125185461d75", "6825febc0b61125185461d76", "6825febc0b61125185461d77" ]
    }, {
      "title" : "Đen",
      "slug" : "den",
      "label" : "",
      "images" : [ "6825febd0b61125185461d78", "6825febd0b61125185461d79", "6825febd0b61125185461d7a", "6825febd0b61125185461d7b", "6825febd0b61125185461d7c", "6825febd0b61125185461d7d", "6825febe0b61125185461d7e", "6825febe0b61125185461d7f" ]
    }, {
      "title" : "Xanh rêu",
      "slug" : "xanh-reu",
      "label" : "",
      "images" : [ "6825febe0b61125185461d80", "6825febe0b61125185461d81", "6825febe0b61125185461d82", "6825febe0b61125185461d83", "6825febe0b61125185461d84", "6825febf0b61125185461d85", "6825febf0b61125185461d86" ]
    } ]
  } ],
  "collection_id" : "6825e99e8eaaa408c6aaf61c",
  "display_order" : 387,
  "youtube_video" : "",
  "coming_soon" : false,
  "display_name_open" : "ExDry",
  "gender_type" : "MALE",
  "icon_thumbnail" : null,
  "compare_price" : 199000.0,
  "regular_price" : 199000.0
}