{
  "title" : "Áo thun Relaxed Fit 84RISING Venom Signature",
  "vendor" : "635a0ae7a3ff9a6c51456f3c",
  "tags" : [ ],
  "options" : [ {
    "type" : "COLOR",
    "title" : "Màu sắc",
    "values" : [ "Đen", "Trắng" ]
  }, {
    "type" : "SIZE",
    "title" : "Kích thước",
    "values" : [ "S", "M", "L", "XL" ]
  } ],
  "images" : [ "6825fc430b611251854615b6", "6825fc430b611251854615b7", "6825fc430b611251854615b8", "6825fc430b611251854615b9" ],
  "discount" : null,
  "seo_alias" : "ao-thun-oversize-basic-84rising-venom-signature",
  "options_values" : [ {
    "title" : "Màu sắc",
    "type" : "COLOR",
    "options" : [ {
      "title" : "Đen",
      "slug" : "den",
      "label" : "",
      "images" : [ "6825fc440b611251854615ba", "6825fc440b611251854615bb", "6825fc440b611251854615bc", "6825fc440b611251854615bd", "6825fc440b611251854615be", "6825fc450b611251854615bf" ]
    }, {
      "title" : "Trắng",
      "slug" : "trang",
      "label" : "",
      "images" : [ "6825fc450b611251854615c0", "6825fc450b611251854615c1", "6825fc450b611251854615c2", "6825fc450b611251854615c3", "6825fc460b611251854615c4", "6825fc460b611251854615c5" ]
    } ]
  } ],
  "collection_id" : "6825e99e8eaaa408c6aaf61c",
  "display_order" : 999,
  "youtube_video" : "",
  "coming_soon" : false,
  "display_name_open" : "",
  "gender_type" : "MALE",
  "icon_thumbnail" : null,
  "compare_price" : 399000.0,
  "regular_price" : 319000.0
}