{
  "title" : "Áo Dài Tay Thể Thao Essentials",
  "vendor" : "5c482438000c695cfa6f8d22",
  "tags" : [ ],
  "options" : [ {
    "type" : "COLOR",
    "title" : "Màu sắc",
    "values" : [ "Đen", "Xám", "Xanh Naval Academy", "Trắng", "Xanh Conoly", "Be" ]
  }, {
    "type" : "SIZE",
    "title" : "Kích thước",
    "values" : [ "M", "L", "XL", "2XL", "3XL" ]
  } ],
  "images" : [ "681fd9071f583b08bcb3ec4f", "681fd9081f583b08bcb3ec50", "681fd9081f583b08bcb3ec51", "681fd9081f583b08bcb3ec52", "681fd9081f583b08bcb3ec53", "681fd9081f583b08bcb3ec54", "681fd9081f583b08bcb3ec55", "681fd9081f583b08bcb3ec56", "681fd9081f583b08bcb3ec57", "681fd9081f583b08bcb3ec58", "681fd9081f583b08bcb3ec59", "681fd9091f583b08bcb3ec5a" ],
  "discount" : null,
  "seo_alias" : "ao-dai-tay-the-thao-essentials",
  "options_values" : [ {
    "title" : "Màu sắc",
    "type" : "COLOR",
    "options" : [ {
      "title" : "Đen",
      "slug" : "den",
      "label" : "",
      "images" : [ "681fd9091f583b08bcb3ec5b", "681fd9091f583b08bcb3ec5c", "681fd9091f583b08bcb3ec5d", "681fd90a1f583b08bcb3ec5e", "681fd90a1f583b08bcb3ec5f", "681fd90a1f583b08bcb3ec60", "681fd90a1f583b08bcb3ec61", "681fd90a1f583b08bcb3ec62", "681fd90a1f583b08bcb3ec63", "681fd90a1f583b08bcb3ec64", "681fd90a1f583b08bcb3ec65", "681fd90a1f583b08bcb3ec66" ]
    }, {
      "title" : "Xám",
      "slug" : "xam",
      "label" : "",
      "images" : [ "681fd90a1f583b08bcb3ec67", "681fd90a1f583b08bcb3ec68", "681fd90a1f583b08bcb3ec69", "681fd90a1f583b08bcb3ec6a", "681fd90b1f583b08bcb3ec6b", "681fd90b1f583b08bcb3ec6c", "681fd90b1f583b08bcb3ec6d", "681fd90b1f583b08bcb3ec6e", "681fd90b1f583b08bcb3ec6f", "681fd90b1f583b08bcb3ec70", "681fd90b1f583b08bcb3ec71", "681fd90b1f583b08bcb3ec72" ]
    }, {
      "title" : "Xanh Naval Academy",
      "slug" : "xanh-naval-academy",
      "label" : "",
      "images" : [ "681fd90b1f583b08bcb3ec73", "681fd90b1f583b08bcb3ec74", "681fd90b1f583b08bcb3ec75", "681fd90b1f583b08bcb3ec76", "681fd90b1f583b08bcb3ec77", "681fd90b1f583b08bcb3ec78", "681fd90b1f583b08bcb3ec79", "681fd90c1f583b08bcb3ec7a", "681fd90c1f583b08bcb3ec7b", "681fd90d1f583b08bcb3ec7c", "681fd90d1f583b08bcb3ec7d", "681fd90d1f583b08bcb3ec7e" ]
    }, {
      "title" : "Trắng",
      "slug" : "trang",
      "label" : "",
      "images" : [ "681fd90d1f583b08bcb3ec7f", "681fd90d1f583b08bcb3ec80", "681fd90d1f583b08bcb3ec81", "681fd90d1f583b08bcb3ec82", "681fd90e1f583b08bcb3ec83", "681fd90e1f583b08bcb3ec84", "681fd90e1f583b08bcb3ec85", "681fd90e1f583b08bcb3ec86", "681fd90e1f583b08bcb3ec87", "681fd90e1f583b08bcb3ec88", "681fd90e1f583b08bcb3ec89", "681fd90f1f583b08bcb3ec8a" ]
    }, {
      "title" : "Xanh Conoly",
      "slug" : "xanh-conoly",
      "label" : "",
      "images" : [ "681fd90f1f583b08bcb3ec8b", "681fd90f1f583b08bcb3ec8c", "681fd90f1f583b08bcb3ec8d", "681fd90f1f583b08bcb3ec8e", "681fd90f1f583b08bcb3ec8f", "681fd90f1f583b08bcb3ec90", "681fd90f1f583b08bcb3ec91", "681fd90f1f583b08bcb3ec92", "681fd90f1f583b08bcb3ec93", "681fd90f1f583b08bcb3ec94", "681fd90f1f583b08bcb3ec95", "681fd90f1f583b08bcb3ec96" ]
    }, {
      "title" : "Be",
      "slug" : "be",
      "label" : "",
      "images" : [ "681fd90f1f583b08bcb3ec97", "681fd90f1f583b08bcb3ec98", "681fd90f1f583b08bcb3ec99", "681fd9101f583b08bcb3ec9a", "681fd9101f583b08bcb3ec9b", "681fd9101f583b08bcb3ec9c", "681fd9101f583b08bcb3ec9d", "681fd9101f583b08bcb3ec9e", "681fd9101f583b08bcb3ec9f", "681fd9101f583b08bcb3eca0", "681fd9101f583b08bcb3eca1", "681fd9101f583b08bcb3eca2" ]
    } ]
  } ],
  "collection_id" : "681ca20a2a59db3110ec0b8f",
  "display_order" : 20,
  "youtube_video" : "",
  "coming_soon" : false,
  "display_name_open" : "ExDry - Co giãn ",
  "gender_type" : "MALE",
  "icon_thumbnail" : null,
  "compare_price" : 199000.0,
  "regular_price" : 159000.0
}