{
  "title" : "Áo in Cotton 100% CARE SHARE - ÁO ẤM CHO EM - RẤT TỐT BỤNG",
  "vendor" : "5c482438000c695cfa6f8d22",
  "tags" : [ ],
  "options" : [ {
    "type" : "COLOR",
    "title" : "Màu sắc",
    "values" : [ "Be", "Trắng", "Đen" ]
  }, {
    "type" : "SIZE",
    "title" : "Kích thước",
    "values" : [ "S", "M", "L", "XL", "2XL", "3XL" ]
  } ],
  "images" : [ "681fd9eb1f583b08bcb3f0eb", "681fd9ec1f583b08bcb3f0ec", "681fd9ec1f583b08bcb3f0ed" ],
  "discount" : null,
  "seo_alias" : "ao-in-cotton-100-care-share-ao-am-cho-em-rat-tot-bung",
  "options_values" : [ {
    "title" : "Màu sắc",
    "type" : "COLOR",
    "options" : [ {
      "title" : "Be",
      "slug" : "be",
      "label" : "",
      "images" : [ "681fd9ec1f583b08bcb3f0ee", "681fd9ec1f583b08bcb3f0ef", "681fd9ec1f583b08bcb3f0f0" ]
    }, {
      "title" : "Trắng",
      "slug" : "trang",
      "label" : "",
      "images" : [ "681fd9ec1f583b08bcb3f0f1", "681fd9ec1f583b08bcb3f0f2", "681fd9ec1f583b08bcb3f0f3" ]
    }, {
      "title" : "Đen",
      "slug" : "den",
      "label" : "",
      "images" : [ "681fd9ec1f583b08bcb3f0f4", "681fd9ec1f583b08bcb3f0f5", "681fd9ec1f583b08bcb3f0f6" ]
    } ]
  } ],
  "collection_id" : "681ca20a2a59db3110ec0b8f",
  "display_order" : 435,
  "youtube_video" : "",
  "coming_soon" : false,
  "display_name_open" : "Care & Share",
  "gender_type" : "MALE",
  "icon_thumbnail" : null,
  "compare_price" : 199000.0,
  "regular_price" : 159000.0
}