{
  "title" : "Áo Thun Care & Share",
  "vendor" : "5c482438000c695cfa6f8d22",
  "tags" : [ ],
  "options" : [ {
    "type" : "COLOR",
    "title" : "Màu sắc",
    "values" : [ "Đen", "Trắng" ]
  }, {
    "type" : "SIZE",
    "title" : "Kích thước",
    "values" : [ "S", "M", "L", "XL", "2XL" ]
  } ],
  "images" : [ "6825ff680b61125185461fe2", "6825ff680b61125185461fe3", "6825ff680b61125185461fe4", "6825ff690b61125185461fe5" ],
  "discount" : null,
  "seo_alias" : "ao-thun-cotton-compact-in-careshare-phien-ban-van-phong",
  "options_values" : [ {
    "title" : "Màu sắc",
    "type" : "COLOR",
    "options" : [ {
      "title" : "Đen",
      "slug" : "den",
      "label" : "",
      "images" : [ "6825ff690b61125185461fe6", "6825ff690b61125185461fe7", "6825ff690b61125185461fe8", "6825ff690b61125185461fe9", "6825ff690b61125185461fea", "6825ff690b61125185461feb", "6825ff690b61125185461fec" ]
    }, {
      "title" : "Trắng",
      "slug" : "trang",
      "label" : "",
      "images" : [ "6825ff6a0b61125185461fed", "6825ff6a0b61125185461fee", "6825ff6a0b61125185461fef", "6825ff6a0b61125185461ff0", "6825ff6a0b61125185461ff1" ]
    } ]
  } ],
  "collection_id" : "6825e99e8eaaa408c6aaf61c",
  "display_order" : 483,
  "youtube_video" : "",
  "coming_soon" : false,
  "display_name_open" : "Cotton Compact",
  "gender_type" : "MALE",
  "icon_thumbnail" : null,
  "compare_price" : 259000.0,
  "regular_price" : 194000.0
}