{
  "title" : "Áo thun Relaxed Fit 84RISING Symbiotes",
  "vendor" : "635a0ae7a3ff9a6c51456f3c",
  "tags" : [ ],
  "options" : [ {
    "type" : "COLOR",
    "title" : "Màu sắc",
    "values" : [ "Trắng" ]
  }, {
    "type" : "SIZE",
    "title" : "Kích thước",
    "values" : [ "S", "M", "L", "XL" ]
  } ],
  "images" : [ "6825fcbe0b611251854616d5", "6825fcbe0b611251854616d6" ],
  "discount" : null,
  "seo_alias" : "ao-thun-oversize-basic-84rising-symbiotes",
  "options_values" : [ {
    "title" : "Màu sắc",
    "type" : "COLOR",
    "options" : [ {
      "title" : "Trắng",
      "slug" : "trang",
      "label" : "",
      "images" : [ "6825fcbe0b611251854616d7", "6825fcbe0b611251854616d8", "6825fcbe0b611251854616d9", "6825fcbe0b611251854616da", "6825fcbf0b611251854616db", "6825fcbf0b611251854616dc" ]
    } ]
  } ],
  "collection_id" : "6825e99e8eaaa408c6aaf61c",
  "display_order" : 453,
  "youtube_video" : "",
  "coming_soon" : false,
  "display_name_open" : "",
  "gender_type" : "MALE",
  "icon_thumbnail" : null,
  "compare_price" : 399000.0,
  "regular_price" : 319000.0
}