{
  "title" : "Áo Thun Care & Share Mui",
  "vendor" : "5c482438000c695cfa6f8d22",
  "tags" : [ "LIMITED" ],
  "options" : [ {
    "type" : "COLOR",
    "title" : "Màu sắc",
    "values" : [ "Be", "Đen", "Trắng" ]
  }, {
    "type" : "SIZE",
    "title" : "Kích thước",
    "values" : [ "2XL", "3XL", "M", "XL", "L", "S" ]
  } ],
  "images" : [ "6825ffed0b6112518546224d", "6825ffed0b6112518546224e" ],
  "discount" : null,
  "seo_alias" : "ao-thun-100-cotton-care-share-mui-12-con-giap-collection",
  "options_values" : [ {
    "title" : "Màu sắc",
    "type" : "COLOR",
    "options" : [ {
      "title" : "Be",
      "slug" : "be",
      "label" : "",
      "images" : [ "6825ffee0b6112518546224f", "6825ffee0b61125185462250" ]
    }, {
      "title" : "Đen",
      "slug" : "den",
      "label" : "",
      "images" : [ "6825ffee0b61125185462251", "6825ffee0b61125185462252" ]
    }, {
      "title" : "Trắng",
      "slug" : "trang",
      "label" : "",
      "images" : [ "6825ffee0b61125185462253", "6825ffee0b61125185462254" ]
    } ]
  } ],
  "collection_id" : "6825e99e8eaaa408c6aaf61c",
  "display_order" : 536,
  "youtube_video" : "",
  "coming_soon" : false,
  "display_name_open" : "12 Con Giap Collection",
  "gender_type" : "MALE",
  "icon_thumbnail" : null,
  "compare_price" : 199000.0,
  "regular_price" : 149000.0
}