{
  "title" : "Áo thun Relaxed Fit 84RISING Marvel Captain America - Stars and stripes",
  "vendor" : "635a0ae7a3ff9a6c51456f3c",
  "tags" : [ ],
  "options" : [ {
    "type" : "COLOR",
    "title" : "Màu sắc",
    "values" : [ "Đen", "Trắng" ]
  }, {
    "type" : "SIZE",
    "title" : "Kích thước",
    "values" : [ "S", "M", "L", "XL" ]
  } ],
  "images" : [ "6825fe1c0b61125185461b2b", "6825fe1c0b61125185461b2c", "6825fe1d0b61125185461b2d", "6825fe1d0b61125185461b2e", "6825fe1d0b61125185461b2f", "6825fe1d0b61125185461b30" ],
  "discount" : null,
  "seo_alias" : "ao-thun-relaxed-fit-84rising-stars-and-stripes",
  "options_values" : [ {
    "title" : "Màu sắc",
    "type" : "COLOR",
    "options" : [ {
      "title" : "Đen",
      "slug" : "den",
      "label" : "",
      "images" : [ "6825fe1d0b61125185461b31", "6825fe1d0b61125185461b32", "6825fe1e0b61125185461b33", "6825fe1e0b61125185461b34", "6825fe1e0b61125185461b35", "6825fe1e0b61125185461b36" ]
    }, {
      "title" : "Trắng",
      "slug" : "trang",
      "label" : "",
      "images" : [ "6825fe1e0b61125185461b37", "6825fe1e0b61125185461b38", "6825fe1e0b61125185461b39", "6825fe1e0b61125185461b3a", "6825fe1f0b61125185461b3b", "6825fe1f0b61125185461b3c" ]
    } ]
  } ],
  "collection_id" : "6825e99e8eaaa408c6aaf61c",
  "display_order" : 239,
  "youtube_video" : "",
  "coming_soon" : false,
  "display_name_open" : "",
  "gender_type" : "MALE",
  "icon_thumbnail" : null,
  "compare_price" : 399000.0,
  "regular_price" : 319000.0
}