{
  "title" : "Áo thun Stitch Summer Surfing",
  "vendor" : "5c482438000c695cfa6f8d22",
  "tags" : [ ],
  "options" : [ {
    "type" : "COLOR",
    "title" : "Màu sắc",
    "values" : [ "Đen", "Trắng", "Be", "Xanh Pastel" ]
  }, {
    "type" : "SIZE",
    "title" : "Kích thước",
    "values" : [ "S", "M", "XL", "2XL", "3XL", "L" ]
  } ],
  "images" : [ "681fd9bb1f583b08bcb3eff2", "681fd9bb1f583b08bcb3eff3" ],
  "discount" : null,
  "seo_alias" : "ao-thun-cotton-stitch-summer-surfing-thoang-mat",
  "options_values" : [ {
    "title" : "Màu sắc",
    "type" : "COLOR",
    "options" : [ {
      "title" : "Đen",
      "slug" : "den",
      "label" : "",
      "images" : [ "681fd9bb1f583b08bcb3eff4", "681fd9bb1f583b08bcb3eff5" ]
    }, {
      "title" : "Trắng",
      "slug" : "trang",
      "label" : "",
      "images" : [ "681fd9bb1f583b08bcb3eff6", "681fd9bb1f583b08bcb3eff7" ]
    }, {
      "title" : "Be",
      "slug" : "be",
      "label" : "",
      "images" : [ "681fd9bb1f583b08bcb3eff8", "681fd9bb1f583b08bcb3eff9" ]
    }, {
      "title" : "Xanh Pastel",
      "slug" : "xanh-pastel",
      "label" : "",
      "images" : [ "681fd9bb1f583b08bcb3effa", "681fd9bb1f583b08bcb3effb" ]
    } ]
  } ],
  "collection_id" : "681ca20a2a59db3110ec0b8f",
  "display_order" : 287,
  "youtube_video" : "",
  "coming_soon" : false,
  "display_name_open" : "100% Cotton",
  "gender_type" : "MALE",
  "icon_thumbnail" : null,
  "compare_price" : 249000.0,
  "regular_price" : 199000.0
}