{
  "title" : "Áo Thun Oversize 84RISING logo US",
  "vendor" : "635a0ae7a3ff9a6c51456f3c",
  "tags" : [ ],
  "options" : [ {
    "type" : "COLOR",
    "title" : "Màu sắc",
    "values" : [ "Trắng" ]
  }, {
    "type" : "SIZE",
    "title" : "Kích thước Áo",
    "values" : [ "S", "M", "L" ]
  } ],
  "images" : [ "6825fe6f0b61125185461c53", "6825fe6f0b61125185461c54", "6825fe6f0b61125185461c55", "6825fe6f0b61125185461c56", "6825fe6f0b61125185461c57", "6825fe6f0b61125185461c58", "6825fe700b61125185461c59" ],
  "discount" : null,
  "seo_alias" : "ao-thun-oversize-84rising-logo",
  "options_values" : [ {
    "title" : "Màu sắc",
    "type" : "COLOR",
    "options" : [ {
      "title" : "Trắng",
      "slug" : "trang",
      "label" : "",
      "images" : [ "6825fe700b61125185461c5a", "6825fe700b61125185461c5b", "6825fe700b61125185461c5c", "6825fe700b61125185461c5d", "6825fe700b61125185461c5e", "6825fe700b61125185461c5f", "6825fe700b61125185461c60" ]
    } ]
  } ],
  "collection_id" : "6825e99e8eaaa408c6aaf61c",
  "display_order" : 264,
  "youtube_video" : "",
  "coming_soon" : false,
  "display_name_open" : "US Collection",
  "gender_type" : "MALE",
  "icon_thumbnail" : null,
  "compare_price" : 384000.0,
  "regular_price" : 307000.0
}