{
  "title" : "Áo thun Care & Share in Graphic Summer",
  "vendor" : "5c482438000c695cfa6f8d22",
  "tags" : [ ],
  "options" : [ {
    "type" : "COLOR",
    "title" : "Màu sắc",
    "values" : [ "Be", "Đen", "Trắng", "Xanh dương" ]
  }, {
    "type" : "SIZE",
    "title" : "Kích thước",
    "values" : [ "S", "M", "L", "XL" ]
  } ],
  "images" : [ "6825fff80b61125185462287", "6825fff80b61125185462288", "6825fff80b61125185462289", "6825fff80b6112518546228a", "6825fff90b6112518546228b", "6825fff90b6112518546228c", "6825fff90b6112518546228d", "6825fff90b6112518546228e", "6825fff90b6112518546228f", "6825fff90b61125185462290" ],
  "discount" : null,
  "seo_alias" : "ao-thun-oversize-cotton-care-share-in-graphic-summer-summer-holiday-collection",
  "options_values" : [ {
    "title" : "Màu sắc",
    "type" : "COLOR",
    "options" : [ {
      "title" : "Be",
      "slug" : "be",
      "label" : "",
      "images" : [ "6825fff90b61125185462291", "6825fff90b61125185462292", "6825fff90b61125185462293", "6825fff90b61125185462294", "6825fff90b61125185462295", "6825fffa0b61125185462296" ]
    }, {
      "title" : "Đen",
      "slug" : "den",
      "label" : "",
      "images" : [ "6825fffa0b61125185462297", "6825fffa0b61125185462298", "6825fffa0b61125185462299", "6825fffa0b6112518546229a", "6825fffa0b6112518546229b", "6825fffa0b6112518546229c" ]
    }, {
      "title" : "Trắng",
      "slug" : "trang",
      "label" : "",
      "images" : [ "6825fffa0b6112518546229d", "6825fffa0b6112518546229e", "6825fffa0b6112518546229f", "6825fffb0b611251854622a0", "6825fffb0b611251854622a1", "6825fffb0b611251854622a2" ]
    }, {
      "title" : "Xanh dương",
      "slug" : "xanh-duong",
      "label" : "",
      "images" : [ "6825fffb0b611251854622a3", "6825fffb0b611251854622a4", "6825fffb0b611251854622a5", "6825fffb0b611251854622a6", "6825fffb0b611251854622a7", "6825fffb0b611251854622a8" ]
    } ]
  } ],
  "collection_id" : "6825e99e8eaaa408c6aaf61c",
  "display_order" : 542,
  "youtube_video" : "",
  "coming_soon" : false,
  "display_name_open" : "Dáng Relaxed Fit / Summer Holiday Collection",
  "gender_type" : "MALE",
  "icon_thumbnail" : null,
  "compare_price" : 249000.0,
  "regular_price" : 199000.0
}