{
  "title" : "Áo Dài Tay Thể Thao Slim Fit",
  "vendor" : "5c482438000c695cfa6f8d22",
  "tags" : [ ],
  "options" : [ {
    "type" : "COLOR",
    "title" : "Màu sắc",
    "values" : [ "Đen", "Xám", "Xanh Academy", "Xanh Colony" ]
  }, {
    "type" : "SIZE",
    "title" : "Kích thước",
    "values" : [ "M", "L", "XL", "2XL", "3XL" ]
  } ],
  "images" : [ "6825ff350b61125185461f1f", "6825ff350b61125185461f20", "6825ff350b61125185461f21", "6825ff350b61125185461f22", "6825ff350b61125185461f23", "6825ff360b61125185461f24", "6825ff360b61125185461f25", "6825ff360b61125185461f26" ],
  "discount" : null,
  "seo_alias" : "ao-dai-tay-the-thao-slim-fit",
  "options_values" : [ {
    "title" : "Màu sắc",
    "type" : "COLOR",
    "options" : [ {
      "title" : "Đen",
      "slug" : "den",
      "label" : "",
      "images" : [ "6825ff360b61125185461f27", "6825ff360b61125185461f28", "6825ff360b61125185461f29", "6825ff370b61125185461f2a", "6825ff370b61125185461f2b", "6825ff370b61125185461f2c", "6825ff370b61125185461f2d" ]
    }, {
      "title" : "Xám",
      "slug" : "xam",
      "label" : "",
      "images" : [ "6825ff370b61125185461f2e", "6825ff370b61125185461f2f", "6825ff370b61125185461f30", "6825ff380b61125185461f31", "6825ff380b61125185461f32", "6825ff380b61125185461f33" ]
    }, {
      "title" : "Xanh Academy",
      "slug" : "xanh-academy",
      "label" : "",
      "images" : [ "6825ff380b61125185461f34", "6825ff380b61125185461f35", "6825ff380b61125185461f36", "6825ff380b61125185461f37", "6825ff390b61125185461f38", "6825ff390b61125185461f39" ]
    }, {
      "title" : "Xanh Colony",
      "slug" : "xanh-colony",
      "label" : "",
      "images" : [ "6825ff390b61125185461f3a", "6825ff390b61125185461f3b", "6825ff390b61125185461f3c", "6825ff390b61125185461f3d", "6825ff3a0b61125185461f3e", "6825ff3a0b61125185461f3f", "6825ff3a0b61125185461f40" ]
    } ]
  } ],
  "collection_id" : "6825e99e8eaaa408c6aaf61c",
  "display_order" : 470,
  "youtube_video" : "",
  "coming_soon" : false,
  "display_name_open" : "ExDry - Co giãn ",
  "gender_type" : "MALE",
  "icon_thumbnail" : null,
  "compare_price" : 269000.0,
  "regular_price" : 199000.0
}