{
  "title" : "Áo thun chạy bộ không đường may CoolFast",
  "vendor" : "",
  "tags" : [ ],
  "options" : [ {
    "type" : "COLOR",
    "title" : "Màu sắc",
    "values" : [ "Xanh Slate Grey", "Vàng Snap Dragon", "Cam Tigerlily", "Xanh danube", "Xanh Navy" ]
  }, {
    "type" : "SIZE",
    "title" : "Kích thước",
    "values" : [ "S", "M", "L", "XL", "2XL", "3XL" ]
  } ],
  "images" : [ "6825fcc80b611251854616f6", "6825fcc80b611251854616f7", "6825fcc80b611251854616f8", "6825fcc90b611251854616f9", "6825fcc90b611251854616fa", "6825fcc90b611251854616fb", "6825fcc90b611251854616fc", "6825fcc90b611251854616fd", "6825fcc90b611251854616fe", "6825fcca0b611251854616ff" ],
  "discount" : null,
  "seo_alias" : "ao-thun-nam-chay-bo-khong-duong-may-coolfast",
  "options_values" : [ {
    "title" : "Màu sắc",
    "type" : "COLOR",
    "options" : [ {
      "title" : "Xanh Slate Grey",
      "slug" : "xanh-slate-grey",
      "label" : "",
      "images" : [ "6825fcca0b61125185461700", "6825fcca0b61125185461701", "6825fcca0b61125185461702", "6825fcca0b61125185461703", "6825fcca0b61125185461704", "6825fccb0b61125185461705", "6825fccb0b61125185461706" ]
    }, {
      "title" : "Vàng Snap Dragon",
      "slug" : "vang-snap-dragon",
      "label" : "",
      "images" : [ "6825fccb0b61125185461707", "6825fccb0b61125185461708", "6825fccb0b61125185461709", "6825fccc0b6112518546170a", "6825fccc0b6112518546170b", "6825fccc0b6112518546170c", "6825fccc0b6112518546170d", "6825fccd0b6112518546170e" ]
    }, {
      "title" : "Cam Tigerlily",
      "slug" : "cam-tigerlily",
      "label" : "",
      "images" : [ "6825fccd0b6112518546170f", "6825fccd0b61125185461710", "6825fccd0b61125185461711", "6825fccd0b61125185461712", "6825fccd0b61125185461713", "6825fccd0b61125185461714", "6825fcce0b61125185461715" ]
    }, {
      "title" : "Xanh danube",
      "slug" : "xanh-danube",
      "label" : "",
      "images" : [ "6825fcce0b61125185461716", "6825fcce0b61125185461717", "6825fcce0b61125185461718", "6825fcce0b61125185461719", "6825fcce0b6112518546171a", "6825fccf0b6112518546171b", "6825fccf0b6112518546171c" ]
    }, {
      "title" : "Xanh Navy",
      "slug" : "xanh-navy",
      "label" : "",
      "images" : [ "6825fccf0b6112518546171d", "6825fccf0b6112518546171e", "6825fccf0b6112518546171f", "6825fcd00b61125185461720", "6825fcd00b61125185461721", "6825fcd00b61125185461722", "6825fcd00b61125185461723" ]
    } ]
  } ],
  "collection_id" : "6825e99e8eaaa408c6aaf61c",
  "display_order" : 362,
  "youtube_video" : "https://media3.coolmate.me/uploads/videos/AO_SINGLET.mp4",
  "coming_soon" : false,
  "display_name_open" : "ExDry - Siêu nhẹ - Seamless",
  "gender_type" : "MALE",
  "icon_thumbnail" : null,
  "compare_price" : 399000.0,
  "regular_price" : 319000.0
}