{
  "title" : "Áo thun Care & Share in Surf Never Ends ",
  "vendor" : "5c482438000c695cfa6f8d22",
  "tags" : [ ],
  "options" : [ {
    "type" : "COLOR",
    "title" : "Màu sắc",
    "values" : [ "Xanh dương", "Đen", "Trắng", "Be" ]
  }, {
    "type" : "SIZE",
    "title" : "Kích thước",
    "values" : [ "S", "M", "L", "XL" ]
  } ],
  "images" : [ "681fdb0b1f583b08bcb3f6a0", "681fdb0b1f583b08bcb3f6a1", "681fdb0b1f583b08bcb3f6a2", "681fdb0c1f583b08bcb3f6a3", "681fdb0c1f583b08bcb3f6a4", "681fdb0c1f583b08bcb3f6a5", "681fdb0c1f583b08bcb3f6a6", "681fdb0d1f583b08bcb3f6a7", "681fdb0d1f583b08bcb3f6a8" ],
  "discount" : null,
  "seo_alias" : "ao-thun-cotton-care-share-in-surf-never-ends-dang-relaxed-fit-summer-holiday-collection",
  "options_values" : [ {
    "title" : "Màu sắc",
    "type" : "COLOR",
    "options" : [ {
      "title" : "Xanh dương",
      "slug" : "xanh-duong",
      "label" : "",
      "images" : [ "681fdb0d1f583b08bcb3f6a9", "681fdb0d1f583b08bcb3f6aa", "681fdb0d1f583b08bcb3f6ab", "681fdb0d1f583b08bcb3f6ac", "681fdb0d1f583b08bcb3f6ad", "681fdb0d1f583b08bcb3f6ae", "681fdb0d1f583b08bcb3f6af", "681fdb0d1f583b08bcb3f6b0", "681fdb0d1f583b08bcb3f6b1" ]
    }, {
      "title" : "Đen",
      "slug" : "den",
      "label" : "",
      "images" : [ "681fdb0d1f583b08bcb3f6b2", "681fdb0d1f583b08bcb3f6b3", "681fdb0d1f583b08bcb3f6b4", "681fdb0d1f583b08bcb3f6b5", "681fdb0d1f583b08bcb3f6b6", "681fdb0e1f583b08bcb3f6b7", "681fdb0e1f583b08bcb3f6b8", "681fdb0e1f583b08bcb3f6b9", "681fdb0e1f583b08bcb3f6ba" ]
    }, {
      "title" : "Trắng",
      "slug" : "trang",
      "label" : "",
      "images" : [ "681fdb0e1f583b08bcb3f6bb", "681fdb0e1f583b08bcb3f6bc", "681fdb0e1f583b08bcb3f6bd", "681fdb0e1f583b08bcb3f6be", "681fdb0e1f583b08bcb3f6bf", "681fdb0e1f583b08bcb3f6c0", "681fdb0e1f583b08bcb3f6c1", "681fdb0e1f583b08bcb3f6c2", "681fdb0e1f583b08bcb3f6c3" ]
    }, {
      "title" : "Be",
      "slug" : "be",
      "label" : "",
      "images" : [ "681fdb0e1f583b08bcb3f6c4", "681fdb0f1f583b08bcb3f6c5", "681fdb0f1f583b08bcb3f6c6", "681fdb0f1f583b08bcb3f6c7", "681fdb0f1f583b08bcb3f6c8", "681fdb0f1f583b08bcb3f6c9", "681fdb0f1f583b08bcb3f6ca", "681fdb0f1f583b08bcb3f6cb", "681fdb0f1f583b08bcb3f6cc" ]
    } ]
  } ],
  "collection_id" : "681ca20a2a59db3110ec0b8f",
  "display_order" : 543,
  "youtube_video" : "",
  "coming_soon" : false,
  "display_name_open" : "Dáng Relaxed Fit / Summer Holiday Collection",
  "gender_type" : "MALE",
  "icon_thumbnail" : null,
  "compare_price" : 249000.0,
  "regular_price" : 199000.0
}