{
  "title" : "Áo Thun Bóng Đá Cổ Tròn CFA24",
  "vendor" : "5c482438000c695cfa6f8d22",
  "tags" : [ ],
  "options" : [ {
    "type" : "COLOR",
    "title" : "Màu sắc",
    "values" : [ "Xanh Poseidon", "Xanh Diva", "Đỏ Rhythmic" ]
  }, {
    "type" : "SIZE",
    "title" : "Kích thước",
    "values" : [ "S", "M", "L", "XL", "2XL", "3XL" ]
  } ],
  "images" : [ "681fda331f583b08bcb3f22d", "681fda331f583b08bcb3f22e", "681fda331f583b08bcb3f22f", "681fda331f583b08bcb3f230", "681fda331f583b08bcb3f231", "681fda331f583b08bcb3f232", "681fda331f583b08bcb3f233", "681fda331f583b08bcb3f234", "681fda341f583b08bcb3f235" ],
  "discount" : null,
  "seo_alias" : "ao-thun-nam-bong-da-co-tron-cfa24-tham-hut-nhanh-kho-exdry",
  "options_values" : [ {
    "title" : "Màu sắc",
    "type" : "COLOR",
    "options" : [ {
      "title" : "Xanh Poseidon",
      "slug" : "xanh-poseidon",
      "label" : "",
      "images" : [ "681fda341f583b08bcb3f236", "681fda341f583b08bcb3f237", "681fda341f583b08bcb3f238", "681fda351f583b08bcb3f239", "681fda351f583b08bcb3f23a", "681fda351f583b08bcb3f23b", "681fda351f583b08bcb3f23c", "681fda351f583b08bcb3f23d", "681fda351f583b08bcb3f23e" ]
    }, {
      "title" : "Xanh Diva",
      "slug" : "xanh-diva",
      "label" : "",
      "images" : [ "681fda351f583b08bcb3f23f", "681fda351f583b08bcb3f240", "681fda351f583b08bcb3f241", "681fda351f583b08bcb3f242", "681fda361f583b08bcb3f243", "681fda361f583b08bcb3f244", "681fda361f583b08bcb3f245", "681fda361f583b08bcb3f246", "681fda361f583b08bcb3f247" ]
    }, {
      "title" : "Đỏ Rhythmic",
      "slug" : "do-rhythmic",
      "label" : "",
      "images" : [ "681fda361f583b08bcb3f248", "681fda361f583b08bcb3f249", "681fda361f583b08bcb3f24a", "681fda361f583b08bcb3f24b", "681fda361f583b08bcb3f24c", "681fda361f583b08bcb3f24d", "681fda361f583b08bcb3f24e", "681fda371f583b08bcb3f24f", "681fda371f583b08bcb3f250" ]
    } ]
  } ],
  "collection_id" : "681ca20a2a59db3110ec0b8f",
  "display_order" : 472,
  "youtube_video" : "https://media3.coolmate.me/uploads/videos/27cfacflat.mp4",
  "coming_soon" : false,
  "display_name_open" : "Thấm hút ExDry",
  "gender_type" : "MALE",
  "icon_thumbnail" : null,
  "compare_price" : 249000.0,
  "regular_price" : 219000.0
}