{
  "title" : "Áo Thun Gym Essentials II",
  "vendor" : "5c482438000c695cfa6f8d22",
  "tags" : [ ],
  "options" : [ {
    "type" : "COLOR",
    "title" : "Màu sắc",
    "values" : [ "Xanh Titan", "Xanh Stone", "Đen" ]
  }, {
    "type" : "SIZE",
    "title" : "Kích thước",
    "values" : [ "S", "M", "L", "XL", "2XL", "3XL" ]
  } ],
  "images" : [ "681fdae91f583b08bcb3f5e8", "681fdae91f583b08bcb3f5e9", "681fdae91f583b08bcb3f5ea", "681fdae91f583b08bcb3f5eb", "681fdae91f583b08bcb3f5ec", "681fdae91f583b08bcb3f5ed" ],
  "discount" : null,
  "seo_alias" : "ao-thun-nam-gym-essentials-vai-mesh-co-gian-exdry-nhanh-kho",
  "options_values" : [ {
    "title" : "Màu sắc",
    "type" : "COLOR",
    "options" : [ {
      "title" : "Xanh Titan",
      "slug" : "xanh-titan",
      "label" : "",
      "images" : [ "681fdae91f583b08bcb3f5ee", "681fdae91f583b08bcb3f5ef", "681fdae91f583b08bcb3f5f0", "681fdae91f583b08bcb3f5f1", "681fdae91f583b08bcb3f5f2", "681fdaea1f583b08bcb3f5f3" ]
    }, {
      "title" : "Xanh Stone",
      "slug" : "xanh-stone",
      "label" : "",
      "images" : [ "681fdaea1f583b08bcb3f5f4", "681fdaea1f583b08bcb3f5f5", "681fdaea1f583b08bcb3f5f6", "681fdaea1f583b08bcb3f5f7", "681fdaea1f583b08bcb3f5f8", "681fdaea1f583b08bcb3f5f9" ]
    }, {
      "title" : "Đen",
      "slug" : "den",
      "label" : "",
      "images" : [ "681fdaea1f583b08bcb3f5fa", "681fdaea1f583b08bcb3f5fb", "681fdaea1f583b08bcb3f5fc", "681fdaea1f583b08bcb3f5fd", "681fdaeb1f583b08bcb3f5fe", "681fdaeb1f583b08bcb3f5ff" ]
    } ]
  } ],
  "collection_id" : "681ca20a2a59db3110ec0b8f",
  "display_order" : 532,
  "youtube_video" : "",
  "coming_soon" : false,
  "display_name_open" : "ExDry - Co giãn",
  "gender_type" : "MALE",
  "icon_thumbnail" : null,
  "compare_price" : 199000.0,
  "regular_price" : 179000.0
}