{
  "title" : "Áo Thun Chạy Bộ Essential I",
  "vendor" : "5c482438000c695cfa6f8d22",
  "tags" : [ ],
  "options" : [ {
    "type" : "COLOR",
    "title" : "Màu sắc",
    "values" : [ "Xanh Amparo", "Xanh Mosaic", "Tím", "Xanh bóng đêm", "Xanh Sharp", "Đen", "Cam", "Xanh Coban" ]
  }, {
    "type" : "SIZE",
    "title" : "Kích thước",
    "values" : [ "S", "M", "L", "XL", "2XL", "3XL" ]
  } ],
  "images" : [ "681fd8c81f583b08bcb3eb0b", "681fd8c81f583b08bcb3eb0c", "681fd8c81f583b08bcb3eb0d", "681fd8c81f583b08bcb3eb0e", "681fd8c81f583b08bcb3eb0f", "681fd8c91f583b08bcb3eb10", "681fd8c91f583b08bcb3eb11", "681fd8c91f583b08bcb3eb12", "681fd8c91f583b08bcb3eb13" ],
  "discount" : null,
  "seo_alias" : "ao-thun-chay-bo-nam-essential-fast-free-run",
  "options_values" : [ {
    "title" : "Màu sắc",
    "type" : "COLOR",
    "options" : [ {
      "title" : "Xanh Amparo",
      "slug" : "xanh-amparo",
      "label" : "",
      "images" : [ "681fd8c91f583b08bcb3eb14", "681fd8c91f583b08bcb3eb15", "681fd8ca1f583b08bcb3eb16", "681fd8ca1f583b08bcb3eb17", "681fd8ca1f583b08bcb3eb18", "681fd8ca1f583b08bcb3eb19", "681fd8ca1f583b08bcb3eb1a", "681fd8ca1f583b08bcb3eb1b", "681fd8ca1f583b08bcb3eb1c" ]
    }, {
      "title" : "Xanh Mosaic",
      "slug" : "xanh-mosaic",
      "label" : "",
      "images" : [ "681fd8ca1f583b08bcb3eb1d", "681fd8ca1f583b08bcb3eb1e", "681fd8cb1f583b08bcb3eb1f", "681fd8cb1f583b08bcb3eb20", "681fd8cb1f583b08bcb3eb21", "681fd8cb1f583b08bcb3eb22", "681fd8cc1f583b08bcb3eb23", "681fd8cc1f583b08bcb3eb24", "681fd8cc1f583b08bcb3eb25" ]
    }, {
      "title" : "Tím",
      "slug" : "tim",
      "label" : "",
      "images" : [ "681fd8cc1f583b08bcb3eb26", "681fd8cc1f583b08bcb3eb27", "681fd8cc1f583b08bcb3eb28", "681fd8cc1f583b08bcb3eb29", "681fd8cc1f583b08bcb3eb2a", "681fd8cc1f583b08bcb3eb2b", "681fd8cc1f583b08bcb3eb2c", "681fd8cd1f583b08bcb3eb2d", "681fd8cd1f583b08bcb3eb2e" ]
    }, {
      "title" : "Xanh bóng đêm",
      "slug" : "xanh-bong-dem",
      "label" : "",
      "images" : [ "681fd8cd1f583b08bcb3eb2f", "681fd8cd1f583b08bcb3eb30", "681fd8cd1f583b08bcb3eb31", "681fd8cd1f583b08bcb3eb32", "681fd8cd1f583b08bcb3eb33", "681fd8cd1f583b08bcb3eb34", "681fd8cd1f583b08bcb3eb35", "681fd8cd1f583b08bcb3eb36", "681fd8cd1f583b08bcb3eb37" ]
    }, {
      "title" : "Xanh Sharp",
      "slug" : "xanh-sharp",
      "label" : "",
      "images" : [ "681fd8cd1f583b08bcb3eb38", "681fd8cd1f583b08bcb3eb39", "681fd8ce1f583b08bcb3eb3a", "681fd8ce1f583b08bcb3eb3b", "681fd8ce1f583b08bcb3eb3c", "681fd8ce1f583b08bcb3eb3d", "681fd8ce1f583b08bcb3eb3e", "681fd8ce1f583b08bcb3eb3f", "681fd8ce1f583b08bcb3eb40" ]
    }, {
      "title" : "Đen",
      "slug" : "den",
      "label" : "",
      "images" : [ "681fd8ce1f583b08bcb3eb41", "681fd8ce1f583b08bcb3eb42", "681fd8ce1f583b08bcb3eb43", "681fd8ce1f583b08bcb3eb44", "681fd8ce1f583b08bcb3eb45", "681fd8ce1f583b08bcb3eb46", "681fd8ce1f583b08bcb3eb47", "681fd8cf1f583b08bcb3eb48", "681fd8cf1f583b08bcb3eb49" ]
    }, {
      "title" : "Cam",
      "slug" : "cam",
      "label" : "",
      "images" : [ "681fd8cf1f583b08bcb3eb4a", "681fd8cf1f583b08bcb3eb4b", "681fd8cf1f583b08bcb3eb4c", "681fd8cf1f583b08bcb3eb4d", "681fd8cf1f583b08bcb3eb4e", "681fd8cf1f583b08bcb3eb4f", "681fd8cf1f583b08bcb3eb50", "681fd8cf1f583b08bcb3eb51", "681fd8cf1f583b08bcb3eb52" ]
    }, {
      "title" : "Xanh Coban",
      "slug" : "xanh-coban",
      "label" : "",
      "images" : [ "681fd8cf1f583b08bcb3eb53", "681fd8cf1f583b08bcb3eb54", "681fd8cf1f583b08bcb3eb55", "681fd8cf1f583b08bcb3eb56", "681fd8d01f583b08bcb3eb57", "681fd8d01f583b08bcb3eb58", "681fd8d01f583b08bcb3eb59", "681fd8d01f583b08bcb3eb5a", "681fd8d01f583b08bcb3eb5b" ]
    } ]
  } ],
  "collection_id" : "681ca20a2a59db3110ec0b8f",
  "display_order" : 265,
  "youtube_video" : "",
  "coming_soon" : false,
  "display_name_open" : "Mỏng nhẹ",
  "gender_type" : "MALE",
  "icon_thumbnail" : null,
  "compare_price" : 159000.0,
  "regular_price" : 159000.0
}