{
  "title" : "Áo Thun Chạy Bộ Graphic Heartbeat",
  "vendor" : "5c482438000c695cfa6f8d22",
  "tags" : [ "BEST_SELLER" ],
  "options" : [ {
    "type" : "COLOR",
    "title" : "Màu sắc",
    "values" : [ "Hồng", "Tím", "Đen", "Xanh rêu" ]
  }, {
    "type" : "SIZE",
    "title" : "Kích thước",
    "values" : [ "S", "M", "L", "XL", "2XL", "3XL" ]
  } ],
  "images" : [ "681fd9d71f583b08bcb3f08a", "681fd9d81f583b08bcb3f08b", "681fd9d81f583b08bcb3f08c", "681fd9d81f583b08bcb3f08d", "681fd9d81f583b08bcb3f08e", "681fd9d91f583b08bcb3f08f", "681fd9d91f583b08bcb3f090", "681fd9d91f583b08bcb3f091" ],
  "discount" : null,
  "seo_alias" : "ao-thun-nam-chay-bo-hoat-tiet-graphic-heartbeat-sieu-nhe-thoang-mat",
  "options_values" : [ {
    "title" : "Màu sắc",
    "type" : "COLOR",
    "options" : [ {
      "title" : "Hồng",
      "slug" : "hong",
      "label" : "",
      "images" : [ "681fd9d91f583b08bcb3f092", "681fd9d91f583b08bcb3f093", "681fd9d91f583b08bcb3f094", "681fd9d91f583b08bcb3f095", "681fd9d91f583b08bcb3f096", "681fd9d91f583b08bcb3f097", "681fd9d91f583b08bcb3f098", "681fd9d91f583b08bcb3f099" ]
    }, {
      "title" : "Tím",
      "slug" : "tim",
      "label" : "",
      "images" : [ "681fd9d91f583b08bcb3f09a", "681fd9d91f583b08bcb3f09b", "681fd9da1f583b08bcb3f09c", "681fd9da1f583b08bcb3f09d", "681fd9da1f583b08bcb3f09e", "681fd9da1f583b08bcb3f09f", "681fd9da1f583b08bcb3f0a0", "681fd9da1f583b08bcb3f0a1" ]
    }, {
      "title" : "Đen",
      "slug" : "den",
      "label" : "",
      "images" : [ "681fd9da1f583b08bcb3f0a2", "681fd9da1f583b08bcb3f0a3", "681fd9da1f583b08bcb3f0a4", "681fd9da1f583b08bcb3f0a5", "681fd9da1f583b08bcb3f0a6", "681fd9da1f583b08bcb3f0a7", "681fd9da1f583b08bcb3f0a8", "681fd9da1f583b08bcb3f0a9" ]
    }, {
      "title" : "Xanh rêu",
      "slug" : "xanh-reu",
      "label" : "",
      "images" : [ "681fd9da1f583b08bcb3f0aa", "681fd9db1f583b08bcb3f0ab", "681fd9db1f583b08bcb3f0ac", "681fd9db1f583b08bcb3f0ad", "681fd9db1f583b08bcb3f0ae", "681fd9db1f583b08bcb3f0af", "681fd9db1f583b08bcb3f0b0", "681fd9db1f583b08bcb3f0b1" ]
    } ]
  } ],
  "collection_id" : "681ca20a2a59db3110ec0b8f",
  "display_order" : 387,
  "youtube_video" : "",
  "coming_soon" : false,
  "display_name_open" : "ExDry",
  "gender_type" : "MALE",
  "icon_thumbnail" : null,
  "compare_price" : 199000.0,
  "regular_price" : 199000.0
}