{
  "title" : "Áo thun Relaxed Fit 84RISING Claw Marks",
  "vendor" : "635a0ae7a3ff9a6c51456f3c",
  "tags" : [ ],
  "options" : [ {
    "type" : "COLOR",
    "title" : "Màu sắc",
    "values" : [ "Đen" ]
  }, {
    "type" : "SIZE",
    "title" : "Kích thước",
    "values" : [ "S", "M", "L", "XL" ]
  } ],
  "images" : [ "6825fc6e0b61125185461615", "6825fc6e0b61125185461616" ],
  "discount" : null,
  "seo_alias" : "ao-thun-oversize-basic-84rising-claw-marks",
  "options_values" : [ {
    "title" : "Màu sắc",
    "type" : "COLOR",
    "options" : [ {
      "title" : "Đen",
      "slug" : "den",
      "label" : "",
      "images" : [ "6825fc6e0b61125185461617", "6825fc6e0b61125185461618", "6825fc6e0b61125185461619", "6825fc6e0b6112518546161a", "6825fc6e0b6112518546161b", "6825fc6e0b6112518546161c" ]
    } ]
  } ],
  "collection_id" : "6825e99e8eaaa408c6aaf61c",
  "display_order" : 240,
  "youtube_video" : "",
  "coming_soon" : false,
  "display_name_open" : "",
  "gender_type" : "MALE",
  "icon_thumbnail" : null,
  "compare_price" : 399000.0,
  "regular_price" : 319000.0
}