{
  "title" : "Áo Thun Gym Essentials II",
  "vendor" : "5c482438000c695cfa6f8d22",
  "tags" : [ ],
  "options" : [ {
    "type" : "COLOR",
    "title" : "Màu sắc",
    "values" : [ "Xanh Titan", "Xanh Stone", "Đen" ]
  }, {
    "type" : "SIZE",
    "title" : "Kích thước",
    "values" : [ "S", "M", "L", "XL", "2XL", "3XL" ]
  } ],
  "images" : [ "6825ffe30b61125185462215", "6825ffe30b61125185462216", "6825ffe30b61125185462217", "6825ffe30b61125185462218", "6825ffe30b61125185462219", "6825ffe30b6112518546221a" ],
  "discount" : null,
  "seo_alias" : "ao-thun-nam-gym-essentials-vai-mesh-co-gian-exdry-nhanh-kho",
  "options_values" : [ {
    "title" : "Màu sắc",
    "type" : "COLOR",
    "options" : [ {
      "title" : "Xanh Titan",
      "slug" : "xanh-titan",
      "label" : "",
      "images" : [ "6825ffe40b6112518546221b", "6825ffe40b6112518546221c", "6825ffe40b6112518546221d", "6825ffe40b6112518546221e", "6825ffe40b6112518546221f", "6825ffe40b61125185462220" ]
    }, {
      "title" : "Xanh Stone",
      "slug" : "xanh-stone",
      "label" : "",
      "images" : [ "6825ffe40b61125185462221", "6825ffe40b61125185462222", "6825ffe40b61125185462223", "6825ffe40b61125185462224", "6825ffe50b61125185462225", "6825ffe50b61125185462226" ]
    }, {
      "title" : "Đen",
      "slug" : "den",
      "label" : "",
      "images" : [ "6825ffe50b61125185462227", "6825ffe50b61125185462228", "6825ffe50b61125185462229", "6825ffe50b6112518546222a", "6825ffe50b6112518546222b", "6825ffe50b6112518546222c" ]
    } ]
  } ],
  "collection_id" : "6825e99e8eaaa408c6aaf61c",
  "display_order" : 532,
  "youtube_video" : "",
  "coming_soon" : false,
  "display_name_open" : "ExDry - Co giãn",
  "gender_type" : "MALE",
  "icon_thumbnail" : null,
  "compare_price" : 199000.0,
  "regular_price" : 179000.0
}