{
  "title" : "Áo thun Relaxed Fit 84RISING Mickey Retro Jam",
  "vendor" : "635a0ae7a3ff9a6c51456f3c",
  "tags" : [ ],
  "options" : [ {
    "type" : "COLOR",
    "title" : "Màu sắc",
    "values" : [ "Đen", "Trắng" ]
  }, {
    "type" : "SIZE",
    "title" : "Kích thước",
    "values" : [ "S", "M", "L", "XL" ]
  } ],
  "images" : [ "682600220b6112518546236c", "682600220b6112518546236d", "682600220b6112518546236e", "682600220b6112518546236f", "682600230b61125185462370", "682600230b61125185462371", "682600230b61125185462372", "682600230b61125185462373", "682600230b61125185462374", "682600230b61125185462375", "682600230b61125185462376", "682600230b61125185462377" ],
  "discount" : null,
  "seo_alias" : "ao-thun-oversize-basic-84rising-mickey-retro-jam",
  "options_values" : [ {
    "title" : "Màu sắc",
    "type" : "COLOR",
    "options" : [ {
      "title" : "Đen",
      "slug" : "den",
      "label" : "",
      "images" : [ "682600230b61125185462378", "682600230b61125185462379", "682600230b6112518546237a", "682600240b6112518546237b", "682600240b6112518546237c" ]
    }, {
      "title" : "Trắng",
      "slug" : "trang",
      "label" : "",
      "images" : [ "682600240b6112518546237d", "682600240b6112518546237e", "682600240b6112518546237f", "682600240b61125185462380", "682600240b61125185462381", "682600240b61125185462382" ]
    } ]
  } ],
  "collection_id" : "6825e99e8eaaa408c6aaf61c",
  "display_order" : 999,
  "youtube_video" : "",
  "coming_soon" : false,
  "display_name_open" : "",
  "gender_type" : "MALE",
  "icon_thumbnail" : null,
  "compare_price" : 299000.0,
  "regular_price" : 269000.0
}