{
  "title" : "Áo Cotton Compact CARE SHARE In Lụa VỤN ART - TẾT RẮN RỎI IV",
  "vendor" : "5c482438000c695cfa6f8d22",
  "tags" : [ ],
  "options" : [ {
    "type" : "COLOR",
    "title" : "Màu sắc",
    "values" : [ "Trắng", "Đen" ]
  }, {
    "type" : "SIZE",
    "title" : "Kích thước Áo",
    "values" : [ "S", "M", "L", "XL", "2XL", "3XL" ]
  } ],
  "images" : [ "681fdad21f583b08bcb3f572", "681fdad21f583b08bcb3f573", "681fdad21f583b08bcb3f574", "681fdad31f583b08bcb3f575", "681fdad41f583b08bcb3f576", "681fdad41f583b08bcb3f577", "681fdad41f583b08bcb3f578", "681fdad41f583b08bcb3f579", "681fdad41f583b08bcb3f57a", "681fdad41f583b08bcb3f57b" ],
  "discount" : null,
  "seo_alias" : "ao-in-cotton-compact-care-share-in-lua-vun-art-tet-ran-roi-iv",
  "options_values" : [ {
    "title" : "Màu sắc",
    "type" : "COLOR",
    "options" : [ {
      "title" : "Trắng",
      "slug" : "trang",
      "label" : "",
      "images" : [ "681fdad41f583b08bcb3f57c", "681fdad41f583b08bcb3f57d", "681fdad41f583b08bcb3f57e", "681fdad41f583b08bcb3f57f", "681fdad41f583b08bcb3f580", "681fdad41f583b08bcb3f581", "681fdad41f583b08bcb3f582", "681fdad41f583b08bcb3f583", "681fdad41f583b08bcb3f584", "681fdad51f583b08bcb3f585" ]
    }, {
      "title" : "Đen",
      "slug" : "den",
      "label" : "",
      "images" : [ "681fdad51f583b08bcb3f586", "681fdad51f583b08bcb3f587", "681fdad51f583b08bcb3f588", "681fdad51f583b08bcb3f589", "681fdad51f583b08bcb3f58a", "681fdad51f583b08bcb3f58b", "681fdad61f583b08bcb3f58c", "681fdad61f583b08bcb3f58d", "681fdad61f583b08bcb3f58e", "681fdad61f583b08bcb3f58f" ]
    } ]
  } ],
  "collection_id" : "681ca20a2a59db3110ec0b8f",
  "display_order" : 512,
  "youtube_video" : "",
  "coming_soon" : false,
  "display_name_open" : "Care & Share",
  "gender_type" : "MALE",
  "icon_thumbnail" : null,
  "compare_price" : 299000.0,
  "regular_price" : 239000.0
}