{
  "title" : "Áo thun Care & Share in Graphic Summer II",
  "vendor" : "5c482438000c695cfa6f8d22",
  "tags" : [ ],
  "options" : [ {
    "type" : "COLOR",
    "title" : "Màu sắc",
    "values" : [ "Xanh dương", "Đen", "Trắng", "Be" ]
  }, {
    "type" : "SIZE",
    "title" : "Kích thước",
    "values" : [ "S", "M", "L", "XL" ]
  } ],
  "images" : [ "681fdb121f583b08bcb3f6cd", "681fdb131f583b08bcb3f6ce", "681fdb131f583b08bcb3f6cf", "681fdb131f583b08bcb3f6d0", "681fdb131f583b08bcb3f6d1", "681fdb131f583b08bcb3f6d2", "681fdb131f583b08bcb3f6d3", "681fdb131f583b08bcb3f6d4" ],
  "discount" : null,
  "seo_alias" : "ao-thun-oversize-cotton-care-share-in-graphic-summer-ii-dang-relaxed-fit-summer-holiday-collection",
  "options_values" : [ {
    "title" : "Màu sắc",
    "type" : "COLOR",
    "options" : [ {
      "title" : "Xanh dương",
      "slug" : "xanh-duong",
      "label" : "",
      "images" : [ "681fdb131f583b08bcb3f6d5", "681fdb131f583b08bcb3f6d6", "681fdb131f583b08bcb3f6d7", "681fdb131f583b08bcb3f6d8", "681fdb131f583b08bcb3f6d9", "681fdb141f583b08bcb3f6da", "681fdb141f583b08bcb3f6db", "681fdb141f583b08bcb3f6dc" ]
    }, {
      "title" : "Đen",
      "slug" : "den",
      "label" : "",
      "images" : [ "681fdb141f583b08bcb3f6dd", "681fdb141f583b08bcb3f6de", "681fdb141f583b08bcb3f6df", "681fdb141f583b08bcb3f6e0", "681fdb141f583b08bcb3f6e1", "681fdb141f583b08bcb3f6e2", "681fdb151f583b08bcb3f6e3", "681fdb151f583b08bcb3f6e4" ]
    }, {
      "title" : "Trắng",
      "slug" : "trang",
      "label" : "",
      "images" : [ "681fdb151f583b08bcb3f6e5", "681fdb151f583b08bcb3f6e6", "681fdb151f583b08bcb3f6e7", "681fdb151f583b08bcb3f6e8", "681fdb151f583b08bcb3f6e9", "681fdb151f583b08bcb3f6ea", "681fdb151f583b08bcb3f6eb", "681fdb151f583b08bcb3f6ec" ]
    }, {
      "title" : "Be",
      "slug" : "be",
      "label" : "",
      "images" : [ "681fdb151f583b08bcb3f6ed", "681fdb151f583b08bcb3f6ee", "681fdb151f583b08bcb3f6ef", "681fdb151f583b08bcb3f6f0", "681fdb151f583b08bcb3f6f1", "681fdb151f583b08bcb3f6f2", "681fdb161f583b08bcb3f6f3", "681fdb161f583b08bcb3f6f4" ]
    } ]
  } ],
  "collection_id" : "681ca20a2a59db3110ec0b8f",
  "display_order" : 544,
  "youtube_video" : "",
  "coming_soon" : false,
  "display_name_open" : "Dáng Relaxed Fit / Summer Holiday Collection",
  "gender_type" : "MALE",
  "icon_thumbnail" : null,
  "compare_price" : 249000.0,
  "regular_price" : 199000.0
}