{
  "title" : "Áo in Cotton 100% CARE SHARE - ÁO ẤM CHO EM",
  "vendor" : "5c482438000c695cfa6f8d22",
  "tags" : [ ],
  "options" : [ {
    "type" : "COLOR",
    "title" : "Màu sắc",
    "values" : [ "Be", "Trắng", "Đen" ]
  }, {
    "type" : "SIZE",
    "title" : "Kích thước",
    "values" : [ "S", "M", "L", "XL", "2XL", "3XL" ]
  } ],
  "images" : [ "6825ff640b61125185461fd0", "6825ff640b61125185461fd1", "6825ff640b61125185461fd2" ],
  "discount" : null,
  "seo_alias" : "ao-in-cotton-100-care-share-ao-am-cho-em",
  "options_values" : [ {
    "title" : "Màu sắc",
    "type" : "COLOR",
    "options" : [ {
      "title" : "Be",
      "slug" : "be",
      "label" : "",
      "images" : [ "6825ff640b61125185461fd3", "6825ff640b61125185461fd4", "6825ff640b61125185461fd5", "6825ff640b61125185461fd6", "6825ff650b61125185461fd7" ]
    }, {
      "title" : "Trắng",
      "slug" : "trang",
      "label" : "",
      "images" : [ "6825ff650b61125185461fd8", "6825ff650b61125185461fd9", "6825ff650b61125185461fda", "6825ff650b61125185461fdb", "6825ff650b61125185461fdc" ]
    }, {
      "title" : "Đen",
      "slug" : "den",
      "label" : "",
      "images" : [ "6825ff650b61125185461fdd", "6825ff650b61125185461fde", "6825ff660b61125185461fdf", "6825ff660b61125185461fe0", "6825ff660b61125185461fe1" ]
    } ]
  } ],
  "collection_id" : "6825e99e8eaaa408c6aaf61c",
  "display_order" : 482,
  "youtube_video" : "",
  "coming_soon" : false,
  "display_name_open" : "Care & Share",
  "gender_type" : "MALE",
  "icon_thumbnail" : null,
  "compare_price" : 199000.0,
  "regular_price" : 159000.0
}