{
  "title" : "Áo Thun Thể Thao Active Basics",
  "vendor" : "5c482438000c695cfa6f8d22",
  "tags" : [ ],
  "options" : [ {
    "type" : "COLOR",
    "title" : "Màu sắc",
    "values" : [ "Xám đậm", "Xám nhạt", "Xanh Navy", "Xanh ngọc", "Xanh rêu" ]
  }, {
    "type" : "SIZE",
    "title" : "Kích thước",
    "values" : [ "S", "M", "L", "XL", "2XL", "3XL" ]
  } ],
  "images" : [ "681fd9361f583b08bcb3ed3f", "681fd9361f583b08bcb3ed40", "681fd9361f583b08bcb3ed41", "681fd9361f583b08bcb3ed42", "681fd9361f583b08bcb3ed43", "681fd9361f583b08bcb3ed44", "681fd9361f583b08bcb3ed45", "681fd9361f583b08bcb3ed46", "681fd9371f583b08bcb3ed47", "681fd9371f583b08bcb3ed48", "681fd9371f583b08bcb3ed49", "681fd9381f583b08bcb3ed4a", "681fd9381f583b08bcb3ed4b", "681fd9381f583b08bcb3ed4c" ],
  "discount" : null,
  "seo_alias" : "ao-thun-the-thao-nam-active-basics-nhanh-kho-ex-dry",
  "options_values" : [ {
    "title" : "Màu sắc",
    "type" : "COLOR",
    "options" : [ {
      "title" : "Xám đậm",
      "slug" : "xam-dam",
      "label" : "",
      "images" : [ "681fd9381f583b08bcb3ed4d", "681fd9381f583b08bcb3ed4e", "681fd9381f583b08bcb3ed4f", "681fd9381f583b08bcb3ed50", "681fd9381f583b08bcb3ed51", "681fd9381f583b08bcb3ed52", "681fd9381f583b08bcb3ed53", "681fd9381f583b08bcb3ed54", "681fd9381f583b08bcb3ed55", "681fd9381f583b08bcb3ed56", "681fd9381f583b08bcb3ed57", "681fd9381f583b08bcb3ed58", "681fd9381f583b08bcb3ed59", "681fd9391f583b08bcb3ed5a" ]
    }, {
      "title" : "Xám nhạt",
      "slug" : "xam-nhat",
      "label" : "",
      "images" : [ "681fd9391f583b08bcb3ed5b", "681fd9391f583b08bcb3ed5c", "681fd9391f583b08bcb3ed5d", "681fd9391f583b08bcb3ed5e", "681fd9391f583b08bcb3ed5f", "681fd9391f583b08bcb3ed60", "681fd9391f583b08bcb3ed61", "681fd9391f583b08bcb3ed62", "681fd9391f583b08bcb3ed63", "681fd9391f583b08bcb3ed64", "681fd9391f583b08bcb3ed65", "681fd9391f583b08bcb3ed66", "681fd9391f583b08bcb3ed67", "681fd93a1f583b08bcb3ed68" ]
    }, {
      "title" : "Xanh Navy",
      "slug" : "xanh-navy",
      "label" : "",
      "images" : [ "681fd93a1f583b08bcb3ed69", "681fd93a1f583b08bcb3ed6a", "681fd93a1f583b08bcb3ed6b", "681fd93a1f583b08bcb3ed6c", "681fd93a1f583b08bcb3ed6d", "681fd93a1f583b08bcb3ed6e", "681fd93a1f583b08bcb3ed6f", "681fd93a1f583b08bcb3ed70", "681fd93a1f583b08bcb3ed71", "681fd93a1f583b08bcb3ed72", "681fd93a1f583b08bcb3ed73", "681fd93a1f583b08bcb3ed74", "681fd93a1f583b08bcb3ed75", "681fd93a1f583b08bcb3ed76" ]
    }, {
      "title" : "Xanh ngọc",
      "slug" : "xanh-ngoc",
      "label" : "",
      "images" : [ "681fd93b1f583b08bcb3ed77", "681fd93b1f583b08bcb3ed78", "681fd93b1f583b08bcb3ed79", "681fd93b1f583b08bcb3ed7a", "681fd93b1f583b08bcb3ed7b", "681fd93b1f583b08bcb3ed7c", "681fd93b1f583b08bcb3ed7d", "681fd93b1f583b08bcb3ed7e", "681fd93b1f583b08bcb3ed7f", "681fd93b1f583b08bcb3ed80", "681fd93b1f583b08bcb3ed81", "681fd93b1f583b08bcb3ed82", "681fd93b1f583b08bcb3ed83", "681fd93b1f583b08bcb3ed84" ]
    }, {
      "title" : "Xanh rêu",
      "slug" : "xanh-reu",
      "label" : "",
      "images" : [ "681fd93c1f583b08bcb3ed85", "681fd93c1f583b08bcb3ed86", "681fd93c1f583b08bcb3ed87", "681fd93c1f583b08bcb3ed88", "681fd93c1f583b08bcb3ed89", "681fd93c1f583b08bcb3ed8a", "681fd93c1f583b08bcb3ed8b", "681fd93c1f583b08bcb3ed8c", "681fd93c1f583b08bcb3ed8d", "681fd93c1f583b08bcb3ed8e", "681fd93c1f583b08bcb3ed8f", "681fd93d1f583b08bcb3ed90", "681fd93d1f583b08bcb3ed91", "681fd93d1f583b08bcb3ed92" ]
    } ]
  } ],
  "collection_id" : "681ca20a2a59db3110ec0b8f",
  "display_order" : 176,
  "youtube_video" : "",
  "coming_soon" : false,
  "display_name_open" : "ExDry",
  "gender_type" : "MALE",
  "icon_thumbnail" : null,
  "compare_price" : 159000.0,
  "regular_price" : 139000.0
}