{
  "title" : "Áo thun nam Cotton Compact ",
  "vendor" : "5c482438000c695cfa6f8d22",
  "tags" : [ "BEST_SELLER" ],
  "options" : [ {
    "type" : "COLOR",
    "title" : "Màu sắc",
    "values" : [ "Đen", "Xám", "Xanh Navy", "Trắng" ]
  }, {
    "type" : "SIZE",
    "title" : "Kích thước Áo",
    "values" : [ "S", "M", "L", "XL", "2XL", "3XL", "4XL" ]
  } ],
  "images" : [ "6825fc240b6112518546155a", "6825fc240b6112518546155b", "6825fc240b6112518546155c", "6825fc250b6112518546155d", "6825fc250b6112518546155e", "6825fc250b6112518546155f", "6825fc250b61125185461560", "6825fc250b61125185461561" ],
  "discount" : null,
  "seo_alias" : "ao-thun-nam-cotton-compact-chong-nhan",
  "options_values" : [ {
    "title" : "Màu sắc",
    "type" : "COLOR",
    "options" : [ {
      "title" : "Đen",
      "slug" : "den",
      "label" : "",
      "images" : [ "6825fc250b61125185461562", "6825fc260b61125185461563", "6825fc260b61125185461564", "6825fc260b61125185461565", "6825fc260b61125185461566" ]
    }, {
      "title" : "Xám",
      "slug" : "xam",
      "label" : "",
      "images" : [ "6825fc260b61125185461567", "6825fc260b61125185461568", "6825fc260b61125185461569", "6825fc260b6112518546156a", "6825fc270b6112518546156b" ]
    }, {
      "title" : "Xanh Navy",
      "slug" : "xanh-navy",
      "label" : "",
      "images" : [ "6825fc270b6112518546156c", "6825fc270b6112518546156d", "6825fc270b6112518546156e", "6825fc270b6112518546156f", "6825fc270b61125185461570", "6825fc280b61125185461571" ]
    }, {
      "title" : "Trắng",
      "slug" : "trang",
      "label" : "",
      "images" : [ "6825fc280b61125185461572", "6825fc280b61125185461573", "6825fc280b61125185461574", "6825fc280b61125185461575", "6825fc290b61125185461576", "6825fc290b61125185461577" ]
    } ]
  } ],
  "collection_id" : "6825e99e8eaaa408c6aaf61c",
  "display_order" : 270,
  "youtube_video" : "https://mcdn.coolmate.me/uploads/videos/TEE_COTTON_COMPACT.mp4",
  "coming_soon" : false,
  "display_name_open" : "Premium",
  "gender_type" : "MALE",
  "icon_thumbnail" : null,
  "compare_price" : 259000.0,
  "regular_price" : 229000.0
}