{
  "title" : "Áo thun Racquet Sport Graphic Slash",
  "vendor" : "",
  "tags" : [ ],
  "options" : [ {
    "type" : "SIZE",
    "title" : "Kích thước",
    "values" : [ "S", "M", "L", "XL", "2XL", "3XL" ]
  } ],
  "images" : [ "681fd88a1f583b08bcb3e95b", "681fd88a1f583b08bcb3e95c", "681fd88a1f583b08bcb3e95d", "681fd88a1f583b08bcb3e95e", "681fd88a1f583b08bcb3e95f", "681fd88b1f583b08bcb3e960" ],
  "discount" : null,
  "seo_alias" : "ao-thun-racquet-sport-graphic-slash",
  "options_values" : [ ],
  "collection_id" : "681ca20a2a59db3110ec0b8f",
  "display_order" : 403,
  "youtube_video" : "",
  "coming_soon" : false,
  "display_name_open" : "ExDry - Thoáng khí",
  "gender_type" : "MALE",
  "icon_thumbnail" : null,
  "compare_price" : 249000.0,
  "regular_price" : 219000.0
}