{
  "title" : "Áo thun dài tay 100% Cotton Relax fit",
  "vendor" : "5c482438000c695cfa6f8d22",
  "tags" : [ ],
  "options" : [ {
    "type" : "COLOR",
    "title" : "Màu sắc",
    "values" : [ "Rêu", "Trắng", "Đen" ]
  }, {
    "type" : "SIZE",
    "title" : "Kích thước",
    "values" : [ "S", "M", "L", "XL" ]
  } ],
  "images" : [ "681fd8fd1f583b08bcb3ec25", "681fd8fe1f583b08bcb3ec26", "681fd8fe1f583b08bcb3ec27", "681fd8fe1f583b08bcb3ec28", "681fd8fe1f583b08bcb3ec29", "681fd8fe1f583b08bcb3ec2a", "681fd8fe1f583b08bcb3ec2b", "681fd8fe1f583b08bcb3ec2c", "681fd8fe1f583b08bcb3ec2d" ],
  "discount" : null,
  "seo_alias" : "ao-dai-tay-100-cotton-relax-fit",
  "options_values" : [ {
    "title" : "Màu sắc",
    "type" : "COLOR",
    "options" : [ {
      "title" : "Rêu",
      "slug" : "reu",
      "label" : "",
      "images" : [ "681fd8fe1f583b08bcb3ec2e", "681fd8ff1f583b08bcb3ec2f", "681fd8ff1f583b08bcb3ec30", "681fd8ff1f583b08bcb3ec31", "681fd8ff1f583b08bcb3ec32", "681fd9001f583b08bcb3ec33", "681fd9001f583b08bcb3ec34", "681fd9001f583b08bcb3ec35", "681fd9001f583b08bcb3ec36" ]
    }, {
      "title" : "Trắng",
      "slug" : "trang",
      "label" : "",
      "images" : [ "681fd9011f583b08bcb3ec37", "681fd9011f583b08bcb3ec38", "681fd9011f583b08bcb3ec39", "681fd9011f583b08bcb3ec3a", "681fd9011f583b08bcb3ec3b", "681fd9011f583b08bcb3ec3c", "681fd9021f583b08bcb3ec3d", "681fd9021f583b08bcb3ec3e", "681fd9021f583b08bcb3ec3f" ]
    }, {
      "title" : "Đen",
      "slug" : "den",
      "label" : "",
      "images" : [ "681fd9021f583b08bcb3ec40", "681fd9021f583b08bcb3ec41", "681fd9021f583b08bcb3ec42", "681fd9021f583b08bcb3ec43", "681fd9021f583b08bcb3ec44", "681fd9021f583b08bcb3ec45", "681fd9021f583b08bcb3ec46", "681fd9021f583b08bcb3ec47", "681fd9021f583b08bcb3ec48" ]
    } ]
  } ],
  "collection_id" : "681ca20a2a59db3110ec0b8f",
  "display_order" : 5,
  "youtube_video" : "",
  "coming_soon" : false,
  "display_name_open" : "",
  "gender_type" : "MALE",
  "icon_thumbnail" : null,
  "compare_price" : 299000.0,
  "regular_price" : 219000.0
}