{
  "title" : "Áo Dài Tay Gym Powerfit",
  "vendor" : "5c482438000c695cfa6f8d22",
  "tags" : [ ],
  "options" : [ {
    "type" : "COLOR",
    "title" : "Màu sắc",
    "values" : [ "Xanh Navy", "Đỏ", "Nâu", "Xám nhạt", "Đen" ]
  }, {
    "type" : "SIZE",
    "title" : "Kích thước",
    "values" : [ "S", "M", "L", "XL", "2XL", "3XL" ]
  } ],
  "images" : [ "6825fd920b61125185461967", "6825fd920b61125185461968", "6825fd920b61125185461969", "6825fd920b6112518546196a", "6825fd920b6112518546196b", "6825fd920b6112518546196c", "6825fd920b6112518546196d", "6825fd930b6112518546196e" ],
  "discount" : null,
  "seo_alias" : "ao-dai-tay-tap-gym-powerfit",
  "options_values" : [ {
    "title" : "Màu sắc",
    "type" : "COLOR",
    "options" : [ {
      "title" : "Xanh Navy",
      "slug" : "xanh-navy",
      "label" : "",
      "images" : [ "6825fd930b6112518546196f", "6825fd930b61125185461970", "6825fd930b61125185461971", "6825fd930b61125185461972", "6825fd930b61125185461973", "6825fd930b61125185461974" ]
    }, {
      "title" : "Đỏ",
      "slug" : "do",
      "label" : "",
      "images" : [ "6825fd940b61125185461975", "6825fd940b61125185461976", "6825fd940b61125185461977", "6825fd940b61125185461978", "6825fd950b61125185461979" ]
    }, {
      "title" : "Nâu",
      "slug" : "nau",
      "label" : "",
      "images" : [ "6825fd960b6112518546197a", "6825fd960b6112518546197b", "6825fd960b6112518546197c", "6825fd970b6112518546197d", "6825fd970b6112518546197e" ]
    }, {
      "title" : "Xám nhạt",
      "slug" : "xam-nhat",
      "label" : "",
      "images" : [ "6825fd970b6112518546197f", "6825fd970b61125185461980", "6825fd970b61125185461981", "6825fd980b61125185461982", "6825fd980b61125185461983" ]
    }, {
      "title" : "Đen",
      "slug" : "den",
      "label" : "",
      "images" : [ "6825fd980b61125185461984", "6825fd980b61125185461985", "6825fd980b61125185461986", "6825fd990b61125185461987", "6825fd990b61125185461988", "6825fd990b61125185461989" ]
    } ]
  } ],
  "collection_id" : "6825e99e8eaaa408c6aaf61c",
  "display_order" : 45,
  "youtube_video" : "",
  "coming_soon" : false,
  "display_name_open" : "Co giãn",
  "gender_type" : "MALE",
  "icon_thumbnail" : null,
  "compare_price" : 249000.0,
  "regular_price" : 199000.0
}