{
  "title" : "Áo Thun Nam C&S Chubby Corgi Papa",
  "vendor" : "5c482438000c695cfa6f8d22",
  "tags" : [ ],
  "options" : [ {
    "type" : "COLOR",
    "title" : "Màu sắc",
    "values" : [ "Đen", "Be", "Trắng" ]
  }, {
    "type" : "SIZE",
    "title" : "Kích thước Áo",
    "values" : [ "S", "M", "XL", "2XL", "3XL" ]
  } ],
  "images" : [ "6825ff510b61125185461f88", "6825ff510b61125185461f89", "6825ff520b61125185461f8a", "6825ff520b61125185461f8b", "6825ff520b61125185461f8c", "6825ff520b61125185461f8d" ],
  "discount" : null,
  "seo_alias" : "ao-thun-100-cotton-care-share-chubby-corgi-papa",
  "options_values" : [ {
    "title" : "Màu sắc",
    "type" : "COLOR",
    "options" : [ {
      "title" : "Đen",
      "slug" : "den",
      "label" : "",
      "images" : [ "6825ff520b61125185461f8e", "6825ff520b61125185461f8f", "6825ff520b61125185461f90" ]
    }, {
      "title" : "Be",
      "slug" : "be",
      "label" : "",
      "images" : [ "6825ff520b61125185461f91", "6825ff530b61125185461f92", "6825ff530b61125185461f93" ]
    }, {
      "title" : "Trắng",
      "slug" : "trang",
      "label" : "",
      "images" : [ "6825ff530b61125185461f94", "6825ff530b61125185461f95", "6825ff530b61125185461f96" ]
    } ]
  } ],
  "collection_id" : "6825e99e8eaaa408c6aaf61c",
  "display_order" : 476,
  "youtube_video" : "",
  "coming_soon" : false,
  "display_name_open" : "Cat & Dog",
  "gender_type" : "MALE",
  "icon_thumbnail" : null,
  "compare_price" : 229000.0,
  "regular_price" : 199000.0
}