{
  "title" : "Áo in Cotton 100% CARE SHARE - ÁO ẤM CHO EM - NGOAN XINH YÊU",
  "vendor" : "5c482438000c695cfa6f8d22",
  "tags" : [ ],
  "options" : [ {
    "type" : "COLOR",
    "title" : "Màu sắc",
    "values" : [ "Trắng", "Đen", "Be" ]
  }, {
    "type" : "SIZE",
    "title" : "Kích thước",
    "values" : [ "S", "M", "L", "XL", "2XL", "3XL" ]
  } ],
  "images" : [ "681fda041f583b08bcb3f16b", "681fda041f583b08bcb3f16c", "681fda041f583b08bcb3f16d" ],
  "discount" : null,
  "seo_alias" : "ao-in-cotton-100-care-share-ao-am-cho-em-ngoan-xinh-yeu",
  "options_values" : [ {
    "title" : "Màu sắc",
    "type" : "COLOR",
    "options" : [ {
      "title" : "Trắng",
      "slug" : "trang",
      "label" : "",
      "images" : [ "681fda041f583b08bcb3f16e", "681fda051f583b08bcb3f16f", "681fda051f583b08bcb3f170" ]
    }, {
      "title" : "Đen",
      "slug" : "den",
      "label" : "",
      "images" : [ "681fda051f583b08bcb3f171", "681fda051f583b08bcb3f172", "681fda051f583b08bcb3f173" ]
    }, {
      "title" : "Be",
      "slug" : "be",
      "label" : "",
      "images" : [ "681fda051f583b08bcb3f174", "681fda051f583b08bcb3f175", "681fda051f583b08bcb3f176" ]
    } ]
  } ],
  "collection_id" : "681ca20a2a59db3110ec0b8f",
  "display_order" : 458,
  "youtube_video" : "",
  "coming_soon" : false,
  "display_name_open" : "Care & Share",
  "gender_type" : "MALE",
  "icon_thumbnail" : null,
  "compare_price" : 199000.0,
  "regular_price" : 159000.0
}