{
  "title" : "Áo Thun Gym Slim Fit 1952",
  "vendor" : "5c482438000c695cfa6f8d22",
  "tags" : [ ],
  "options" : [ {
    "type" : "COLOR",
    "title" : "Màu sắc",
    "values" : [ "Đỏ", "Đen", "Be", "Nâu", "Xanh Navy", "Xám sáng", "Xanh Legion", "Xanh bóng đêm" ]
  }, {
    "type" : "SIZE",
    "title" : "Kích thước",
    "values" : [ "S", "M", "L", "XL", "2XL", "3XL" ]
  } ],
  "images" : [ "681fdb4c1f583b08bcb3f7e5", "681fdb4c1f583b08bcb3f7e6", "681fdb4c1f583b08bcb3f7e7", "681fdb4c1f583b08bcb3f7e8", "681fdb4c1f583b08bcb3f7e9", "681fdb4c1f583b08bcb3f7ea", "681fdb4c1f583b08bcb3f7eb", "681fdb4c1f583b08bcb3f7ec", "681fdb4c1f583b08bcb3f7ed", "681fdb4c1f583b08bcb3f7ee", "681fdb4e1f583b08bcb3f7ef", "681fdb4e1f583b08bcb3f7f0", "681fdb4e1f583b08bcb3f7f1", "681fdb4e1f583b08bcb3f7f2" ],
  "discount" : null,
  "seo_alias" : "ao-thun-nam-gym-powerfit-dang-slim-fit-1952-co-gian-exdry-thoang-khi",
  "options_values" : [ {
    "title" : "Màu sắc",
    "type" : "COLOR",
    "options" : [ {
      "title" : "Đỏ",
      "slug" : "do",
      "label" : "",
      "images" : [ "681fdb4e1f583b08bcb3f7f3", "681fdb4e1f583b08bcb3f7f4", "681fdb4e1f583b08bcb3f7f5", "681fdb4e1f583b08bcb3f7f6", "681fdb4e1f583b08bcb3f7f7", "681fdb4e1f583b08bcb3f7f8", "681fdb4f1f583b08bcb3f7f9", "681fdb4f1f583b08bcb3f7fa", "681fdb4f1f583b08bcb3f7fb", "681fdb4f1f583b08bcb3f7fc", "681fdb4f1f583b08bcb3f7fd", "681fdb4f1f583b08bcb3f7fe", "681fdb4f1f583b08bcb3f7ff", "681fdb4f1f583b08bcb3f800" ]
    }, {
      "title" : "Đen",
      "slug" : "den",
      "label" : "",
      "images" : [ "681fdb501f583b08bcb3f801", "681fdb501f583b08bcb3f802", "681fdb501f583b08bcb3f803", "681fdb501f583b08bcb3f804", "681fdb501f583b08bcb3f805", "681fdb501f583b08bcb3f806", "681fdb501f583b08bcb3f807", "681fdb501f583b08bcb3f808", "681fdb501f583b08bcb3f809", "681fdb511f583b08bcb3f80a", "681fdb511f583b08bcb3f80b", "681fdb511f583b08bcb3f80c", "681fdb511f583b08bcb3f80d", "681fdb511f583b08bcb3f80e" ]
    }, {
      "title" : "Be",
      "slug" : "be",
      "label" : "",
      "images" : [ "681fdb511f583b08bcb3f80f", "681fdb511f583b08bcb3f810", "681fdb511f583b08bcb3f811", "681fdb511f583b08bcb3f812", "681fdb511f583b08bcb3f813", "681fdb511f583b08bcb3f814", "681fdb511f583b08bcb3f815", "681fdb511f583b08bcb3f816", "681fdb511f583b08bcb3f817", "681fdb511f583b08bcb3f818", "681fdb521f583b08bcb3f819", "681fdb521f583b08bcb3f81a", "681fdb521f583b08bcb3f81b", "681fdb521f583b08bcb3f81c" ]
    }, {
      "title" : "Nâu",
      "slug" : "nau",
      "label" : "",
      "images" : [ "681fdb521f583b08bcb3f81d", "681fdb521f583b08bcb3f81e", "681fdb521f583b08bcb3f81f", "681fdb521f583b08bcb3f820", "681fdb521f583b08bcb3f821", "681fdb521f583b08bcb3f822", "681fdb521f583b08bcb3f823", "681fdb521f583b08bcb3f824", "681fdb521f583b08bcb3f825", "681fdb521f583b08bcb3f826", "681fdb521f583b08bcb3f827", "681fdb531f583b08bcb3f828", "681fdb531f583b08bcb3f829", "681fdb531f583b08bcb3f82a" ]
    }, {
      "title" : "Xanh Navy",
      "slug" : "xanh-navy",
      "label" : "",
      "images" : [ "681fdb531f583b08bcb3f82b", "681fdb531f583b08bcb3f82c", "681fdb531f583b08bcb3f82d", "681fdb531f583b08bcb3f82e", "681fdb541f583b08bcb3f82f", "681fdb541f583b08bcb3f830", "681fdb541f583b08bcb3f831", "681fdb541f583b08bcb3f832", "681fdb541f583b08bcb3f833", "681fdb541f583b08bcb3f834", "681fdb541f583b08bcb3f835", "681fdb541f583b08bcb3f836", "681fdb541f583b08bcb3f837", "681fdb541f583b08bcb3f838" ]
    }, {
      "title" : "Xám sáng",
      "slug" : "xam-sang",
      "label" : "",
      "images" : [ "681fdb541f583b08bcb3f839", "681fdb551f583b08bcb3f83a", "681fdb551f583b08bcb3f83b", "681fdb551f583b08bcb3f83c", "681fdb551f583b08bcb3f83d", "681fdb551f583b08bcb3f83e", "681fdb551f583b08bcb3f83f", "681fdb551f583b08bcb3f840", "681fdb551f583b08bcb3f841", "681fdb551f583b08bcb3f842", "681fdb561f583b08bcb3f843", "681fdb561f583b08bcb3f844", "681fdb561f583b08bcb3f845", "681fdb561f583b08bcb3f846" ]
    }, {
      "title" : "Xanh Legion",
      "slug" : "xanh-legion",
      "label" : "",
      "images" : [ "681fdb561f583b08bcb3f847", "681fdb571f583b08bcb3f848", "681fdb571f583b08bcb3f849", "681fdb571f583b08bcb3f84a", "681fdb571f583b08bcb3f84b", "681fdb571f583b08bcb3f84c", "681fdb571f583b08bcb3f84d", "681fdb571f583b08bcb3f84e", "681fdb571f583b08bcb3f84f", "681fdb581f583b08bcb3f850", "681fdb581f583b08bcb3f851", "681fdb581f583b08bcb3f852", "681fdb581f583b08bcb3f853", "681fdb581f583b08bcb3f854" ]
    }, {
      "title" : "Xanh bóng đêm",
      "slug" : "xanh-bong-dem",
      "label" : "",
      "images" : [ "681fdb581f583b08bcb3f855", "681fdb581f583b08bcb3f856", "681fdb581f583b08bcb3f857", "681fdb581f583b08bcb3f858", "681fdb581f583b08bcb3f859", "681fdb581f583b08bcb3f85a", "681fdb591f583b08bcb3f85b", "681fdb591f583b08bcb3f85c", "681fdb591f583b08bcb3f85d", "681fdb591f583b08bcb3f85e", "681fdb591f583b08bcb3f85f", "681fdb591f583b08bcb3f860", "681fdb591f583b08bcb3f861", "681fdb591f583b08bcb3f862" ]
    } ]
  } ],
  "collection_id" : "681ca20a2a59db3110ec0b8f",
  "display_order" : 999,
  "youtube_video" : "",
  "coming_soon" : false,
  "display_name_open" : "ExDry - Co giãn",
  "gender_type" : "MALE",
  "icon_thumbnail" : null,
  "compare_price" : 249000.0,
  "regular_price" : 219000.0
}