{
  "title" : "Áo Thun Care & Share Mao",
  "vendor" : "5c482438000c695cfa6f8d22",
  "tags" : [ "LIMITED" ],
  "options" : [ {
    "type" : "COLOR",
    "title" : "Màu sắc",
    "values" : [ "Trắng", "Đen", "Be" ]
  }, {
    "type" : "SIZE",
    "title" : "Kích thước",
    "values" : [ "2XL", "3XL", "M", "XL", "S", "L" ]
  } ],
  "images" : [ "681fda751f583b08bcb3f394", "681fda751f583b08bcb3f395" ],
  "discount" : null,
  "seo_alias" : "ao-thun-100-cotton-care-share-mao-12-con-giap-collection",
  "options_values" : [ {
    "title" : "Màu sắc",
    "type" : "COLOR",
    "options" : [ {
      "title" : "Trắng",
      "slug" : "trang",
      "label" : "",
      "images" : [ "681fda751f583b08bcb3f396", "681fda751f583b08bcb3f397" ]
    }, {
      "title" : "Đen",
      "slug" : "den",
      "label" : "",
      "images" : [ "681fda751f583b08bcb3f398", "681fda751f583b08bcb3f399" ]
    }, {
      "title" : "Be",
      "slug" : "be",
      "label" : "",
      "images" : [ "681fda751f583b08bcb3f39a", "681fda751f583b08bcb3f39b" ]
    } ]
  } ],
  "collection_id" : "681ca20a2a59db3110ec0b8f",
  "display_order" : 507,
  "youtube_video" : "",
  "coming_soon" : false,
  "display_name_open" : "12 Con Giap Collection",
  "gender_type" : "MALE",
  "icon_thumbnail" : null,
  "compare_price" : 199000.0,
  "regular_price" : 149000.0
}