{
  "title" : "Áo Thun Nam C&S Chubby Corgi",
  "vendor" : "5c482438000c695cfa6f8d22",
  "tags" : [ ],
  "options" : [ {
    "type" : "COLOR",
    "title" : "Màu sắc",
    "values" : [ "Đen", "Trắng", "Be" ]
  }, {
    "type" : "SIZE",
    "title" : "Kích thước Áo",
    "values" : [ "S", "M", "XL", "2XL", "3XL" ]
  } ],
  "images" : [ "6825ff7d0b61125185462038", "6825ff7d0b61125185462039", "6825ff7e0b6112518546203a", "6825ff7e0b6112518546203b", "6825ff7e0b6112518546203c", "6825ff7e0b6112518546203d" ],
  "discount" : null,
  "seo_alias" : "ao-thun-100-cotton-care-share-chubby-corgi",
  "options_values" : [ {
    "title" : "Màu sắc",
    "type" : "COLOR",
    "options" : [ {
      "title" : "Đen",
      "slug" : "den",
      "label" : "",
      "images" : [ "6825ff7e0b6112518546203e", "6825ff7e0b6112518546203f", "6825ff7e0b61125185462040" ]
    }, {
      "title" : "Trắng",
      "slug" : "trang",
      "label" : "",
      "images" : [ "6825ff7e0b61125185462041", "6825ff7f0b61125185462042", "6825ff7f0b61125185462043" ]
    }, {
      "title" : "Be",
      "slug" : "be",
      "label" : "",
      "images" : [ "6825ff7f0b61125185462044", "6825ff7f0b61125185462045", "6825ff7f0b61125185462046" ]
    } ]
  } ],
  "collection_id" : "6825e99e8eaaa408c6aaf61c",
  "display_order" : 493,
  "youtube_video" : "",
  "coming_soon" : false,
  "display_name_open" : "Cat & Dog",
  "gender_type" : "MALE",
  "icon_thumbnail" : null,
  "compare_price" : 229000.0,
  "regular_price" : 199000.0
}