{
  "title" : "Áo Thun Bóng Đá Cổ V CFA24",
  "vendor" : "5c482438000c695cfa6f8d22",
  "tags" : [ ],
  "options" : [ {
    "type" : "COLOR",
    "title" : "Màu sắc",
    "values" : [ "Đen", "Đỏ Rhythmic", "Trắng" ]
  }, {
    "type" : "SIZE",
    "title" : "Kích thước",
    "values" : [ "S", "M", "L", "XL", "2XL", "3XL" ]
  } ],
  "images" : [ "6825ff760b61125185462019", "6825ff760b6112518546201a", "6825ff760b6112518546201b", "6825ff760b6112518546201c", "6825ff760b6112518546201d", "6825ff770b6112518546201e", "6825ff770b6112518546201f", "6825ff770b61125185462020", "6825ff770b61125185462021" ],
  "discount" : null,
  "seo_alias" : "ao-thun-nam-bong-da-co-v-cfa24-tham-hut-nhanh-kho-exdry",
  "options_values" : [ {
    "title" : "Màu sắc",
    "type" : "COLOR",
    "options" : [ {
      "title" : "Đen",
      "slug" : "den",
      "label" : "",
      "images" : [ "6825ff770b61125185462022", "6825ff770b61125185462023", "6825ff770b61125185462024", "6825ff770b61125185462025", "6825ff780b61125185462026", "6825ff780b61125185462027", "6825ff780b61125185462028" ]
    }, {
      "title" : "Đỏ Rhythmic",
      "slug" : "do-rhythmic",
      "label" : "",
      "images" : [ "6825ff780b61125185462029", "6825ff780b6112518546202a", "6825ff780b6112518546202b", "6825ff780b6112518546202c", "6825ff790b6112518546202d", "6825ff790b6112518546202e", "6825ff790b6112518546202f", "6825ff790b61125185462030" ]
    }, {
      "title" : "Trắng",
      "slug" : "trang",
      "label" : "",
      "images" : [ "6825ff790b61125185462031", "6825ff790b61125185462032", "6825ff790b61125185462033", "6825ff790b61125185462034", "6825ff790b61125185462035", "6825ff7a0b61125185462036", "6825ff7a0b61125185462037" ]
    } ]
  } ],
  "collection_id" : "6825e99e8eaaa408c6aaf61c",
  "display_order" : 488,
  "youtube_video" : "https://media3.coolmate.me/uploads/videos/27cfa24vflat.mp4",
  "coming_soon" : false,
  "display_name_open" : "Thấm hút ExDry - Co giãn",
  "gender_type" : "MALE",
  "icon_thumbnail" : null,
  "compare_price" : 249000.0,
  "regular_price" : 219000.0
}