{
  "title" : "Áo Thun Nam Thể Thao Active logo",
  "vendor" : "5c482438000c695cfa6f8d22",
  "tags" : [ "CLEARANCE_SALE", "OUTLET" ],
  "options" : [ {
    "type" : "COLOR",
    "title" : "Màu sắc",
    "values" : [ "Xanh Navy", "Đen", "Xám nhạt" ]
  }, {
    "type" : "SIZE",
    "title" : "Kích thước",
    "values" : [ "S" ]
  } ],
  "images" : [ "681fd9201f583b08bcb3ecd8", "681fd9201f583b08bcb3ecd9", "681fd9201f583b08bcb3ecda", "681fd9201f583b08bcb3ecdb", "681fd9201f583b08bcb3ecdc", "681fd9211f583b08bcb3ecdd", "681fd9211f583b08bcb3ecde" ],
  "discount" : null,
  "seo_alias" : "ao-thun-the-thao-active-logo-thoang-khi",
  "options_values" : [ {
    "title" : "Màu sắc",
    "type" : "COLOR",
    "options" : [ {
      "title" : "Xanh Navy",
      "slug" : "xanh-navy",
      "label" : "",
      "images" : [ "681fd9211f583b08bcb3ecdf", "681fd9211f583b08bcb3ece0", "681fd9211f583b08bcb3ece1", "681fd9211f583b08bcb3ece2", "681fd9211f583b08bcb3ece3", "681fd9211f583b08bcb3ece4", "681fd9211f583b08bcb3ece5" ]
    }, {
      "title" : "Đen",
      "slug" : "den",
      "label" : "",
      "images" : [ "681fd9211f583b08bcb3ece6", "681fd9211f583b08bcb3ece7", "681fd9211f583b08bcb3ece8", "681fd9221f583b08bcb3ece9", "681fd9221f583b08bcb3ecea", "681fd9221f583b08bcb3eceb", "681fd9221f583b08bcb3ecec" ]
    }, {
      "title" : "Xám nhạt",
      "slug" : "xam-nhat",
      "label" : "",
      "images" : [ "681fd9221f583b08bcb3eced", "681fd9221f583b08bcb3ecee", "681fd9221f583b08bcb3ecef", "681fd9221f583b08bcb3ecf0", "681fd9221f583b08bcb3ecf1", "681fd9231f583b08bcb3ecf2", "681fd9231f583b08bcb3ecf3" ]
    } ]
  } ],
  "collection_id" : "681ca20a2a59db3110ec0b8f",
  "display_order" : 122,
  "youtube_video" : "",
  "coming_soon" : false,
  "display_name_open" : "Thoáng khí",
  "gender_type" : "MALE",
  "icon_thumbnail" : null,
  "compare_price" : 199000.0,
  "regular_price" : 79000.0
}