{
  "title" : "Áo Giữ Nhiệt Modal Ultra",
  "vendor" : "5c482438000c695cfa6f8d22",
  "tags" : [ "CLEARANCE_SALE", "OUTLET" ],
  "options" : [ {
    "type" : "COLOR",
    "title" : "Màu sắc",
    "values" : [ "Trắng", "Xám", "Đen" ]
  }, {
    "type" : "SIZE",
    "title" : "Kích thước",
    "values" : [ "S", "M", "L", "XL", "2XL", "3XL" ]
  } ],
  "images" : [ "681fdb671f583b08bcb3f86a", "681fdb671f583b08bcb3f86b", "681fdb671f583b08bcb3f86c", "681fdb671f583b08bcb3f86d", "681fdb671f583b08bcb3f86e", "681fdb671f583b08bcb3f86f" ],
  "discount" : null,
  "seo_alias" : "ao-giu-nhiet-nam-modal-ultra-warm-mac-la-am-thoang-khi",
  "options_values" : [ {
    "title" : "Màu sắc",
    "type" : "COLOR",
    "options" : [ {
      "title" : "Trắng",
      "slug" : "trang",
      "label" : "",
      "images" : [ "681fdb671f583b08bcb3f870", "681fdb671f583b08bcb3f871", "681fdb671f583b08bcb3f872", "681fdb671f583b08bcb3f873", "681fdb671f583b08bcb3f874", "681fdb671f583b08bcb3f875" ]
    }, {
      "title" : "Xám",
      "slug" : "xam",
      "label" : "",
      "images" : [ "681fdb671f583b08bcb3f876", "681fdb681f583b08bcb3f877", "681fdb681f583b08bcb3f878", "681fdb681f583b08bcb3f879", "681fdb681f583b08bcb3f87a", "681fdb681f583b08bcb3f87b" ]
    }, {
      "title" : "Đen",
      "slug" : "den",
      "label" : "",
      "images" : [ "681fdb691f583b08bcb3f87c", "681fdb691f583b08bcb3f87d", "681fdb691f583b08bcb3f87e", "681fdb691f583b08bcb3f87f", "681fdb691f583b08bcb3f880", "681fdb691f583b08bcb3f881" ]
    } ]
  } ],
  "collection_id" : "681ca20a2a59db3110ec0b8f",
  "display_order" : 165,
  "youtube_video" : "",
  "coming_soon" : false,
  "display_name_open" : "Giữ ấm",
  "gender_type" : "MALE",
  "icon_thumbnail" : null,
  "compare_price" : 289000.0,
  "regular_price" : 149000.0
}