{
  "title" : "Áo thun Cotton Care & Share in Earth Signs ",
  "vendor" : "5c482438000c695cfa6f8d22",
  "tags" : [ ],
  "options" : [ {
    "type" : "COLOR",
    "title" : "Màu sắc",
    "values" : [ "Nâu", "Đen", "Trắng" ]
  }, {
    "type" : "SIZE",
    "title" : "Kích thước",
    "values" : [ "S", "M", "L", "XL", "2XL", "3XL" ]
  } ],
  "images" : [ "6825ff8a0b61125185462070", "6825ff8b0b61125185462071", "6825ff8b0b61125185462072", "6825ff8b0b61125185462073", "6825ff8b0b61125185462074", "6825ff8b0b61125185462075" ],
  "discount" : null,
  "seo_alias" : "ao-thun-cotton-care-share-in-earth-signs-cung-hoang-dao-collection",
  "options_values" : [ {
    "title" : "Màu sắc",
    "type" : "COLOR",
    "options" : [ {
      "title" : "Nâu",
      "slug" : "nau",
      "label" : "",
      "images" : [ "6825ff8b0b61125185462076", "6825ff8b0b61125185462077", "6825ff8b0b61125185462078", "6825ff8b0b61125185462079", "6825ff8c0b6112518546207a" ]
    }, {
      "title" : "Đen",
      "slug" : "den",
      "label" : "",
      "images" : [ "6825ff8c0b6112518546207b", "6825ff8c0b6112518546207c", "6825ff8c0b6112518546207d" ]
    }, {
      "title" : "Trắng",
      "slug" : "trang",
      "label" : "",
      "images" : [ "6825ff8c0b6112518546207e", "6825ff8c0b6112518546207f", "6825ff8c0b61125185462080", "6825ff8c0b61125185462081", "6825ff8d0b61125185462082" ]
    } ]
  } ],
  "collection_id" : "6825e99e8eaaa408c6aaf61c",
  "display_order" : 503,
  "youtube_video" : "",
  "coming_soon" : false,
  "display_name_open" : "Cung Hoàng Đạo Collection ",
  "gender_type" : "MALE",
  "icon_thumbnail" : null,
  "compare_price" : 199000.0,
  "regular_price" : 159000.0
}