{
  "title" : "Áo thun Cotton Trạm Phóng Tương Lai",
  "vendor" : "5c482438000c695cfa6f8d22",
  "tags" : [ ],
  "options" : [ {
    "type" : "COLOR",
    "title" : "Màu sắc",
    "values" : [ "Đen" ]
  }, {
    "type" : "SIZE",
    "title" : "Kích thước Áo",
    "values" : [ "S", "M", "L", "XL", "2XL", "3XL", "4XL" ]
  } ],
  "images" : [ "681fd8f21f583b08bcb3ebe9", "681fd8f21f583b08bcb3ebea", "681fd8f21f583b08bcb3ebeb" ],
  "discount" : null,
  "seo_alias" : "ao-thun-cotton-compact-tram-phong-tuong-lai",
  "options_values" : [ {
    "title" : "Màu sắc",
    "type" : "COLOR",
    "options" : [ {
      "title" : "Đen",
      "slug" : "den",
      "label" : "",
      "images" : [ "681fd8f21f583b08bcb3ebec", "681fd8f21f583b08bcb3ebed", "681fd8f21f583b08bcb3ebee" ]
    } ]
  } ],
  "collection_id" : "681ca20a2a59db3110ec0b8f",
  "display_order" : 0,
  "youtube_video" : "https://mcdn.coolmate.me/uploads/videos/TEE_COTTON_COMPACT.mp4",
  "coming_soon" : false,
  "display_name_open" : "Cotton Compact",
  "gender_type" : "MALE",
  "icon_thumbnail" : null,
  "compare_price" : 259000.0,
  "regular_price" : 207000.0
}