{
  "title" : "Áo thun Relaxed Fit 84RISING Disney Corner in TẾT - Múa Lân",
  "vendor" : "635a0ae7a3ff9a6c51456f3c",
  "tags" : [ ],
  "options" : [ {
    "type" : "COLOR",
    "title" : "Màu sắc",
    "values" : [ "Đen", "Trắng" ]
  }, {
    "type" : "SIZE",
    "title" : "Kích thước",
    "values" : [ "S", "M", "L", "XL" ]
  } ],
  "images" : [ "681fdb291f583b08bcb3f746", "681fdb291f583b08bcb3f747", "681fdb2a1f583b08bcb3f748", "681fdb2a1f583b08bcb3f749", "681fdb2a1f583b08bcb3f74a", "681fdb2a1f583b08bcb3f74b", "681fdb2a1f583b08bcb3f74c", "681fdb2a1f583b08bcb3f74d", "681fdb2a1f583b08bcb3f74e", "681fdb2a1f583b08bcb3f74f", "681fdb2b1f583b08bcb3f750", "681fdb2b1f583b08bcb3f751" ],
  "discount" : null,
  "seo_alias" : "ao-thun-oversize-basic-84rising-disney-corner-in-mua-lan",
  "options_values" : [ {
    "title" : "Màu sắc",
    "type" : "COLOR",
    "options" : [ {
      "title" : "Đen",
      "slug" : "den",
      "label" : "",
      "images" : [ "681fdb2b1f583b08bcb3f752", "681fdb2b1f583b08bcb3f753", "681fdb2b1f583b08bcb3f754", "681fdb2c1f583b08bcb3f755", "681fdb2c1f583b08bcb3f756", "681fdb2c1f583b08bcb3f757", "681fdb2c1f583b08bcb3f758", "681fdb2c1f583b08bcb3f759", "681fdb2c1f583b08bcb3f75a", "681fdb2c1f583b08bcb3f75b", "681fdb2c1f583b08bcb3f75c", "681fdb2c1f583b08bcb3f75d" ]
    }, {
      "title" : "Trắng",
      "slug" : "trang",
      "label" : "",
      "images" : [ "681fdb2c1f583b08bcb3f75e", "681fdb2c1f583b08bcb3f75f", "681fdb2d1f583b08bcb3f760", "681fdb2d1f583b08bcb3f761", "681fdb2d1f583b08bcb3f762", "681fdb2d1f583b08bcb3f763", "681fdb2d1f583b08bcb3f764", "681fdb2d1f583b08bcb3f765", "681fdb2d1f583b08bcb3f766", "681fdb2d1f583b08bcb3f767", "681fdb2d1f583b08bcb3f768", "681fdb2d1f583b08bcb3f769" ]
    } ]
  } ],
  "collection_id" : "681ca20a2a59db3110ec0b8f",
  "display_order" : 999,
  "youtube_video" : "",
  "coming_soon" : false,
  "display_name_open" : "",
  "gender_type" : "MALE",
  "icon_thumbnail" : null,
  "compare_price" : 399000.0,
  "regular_price" : 319000.0
}