{
  "title" : "Áo Thun Nam Thể Thao V1",
  "vendor" : "5c482438000c695cfa6f8d22",
  "tags" : [ "CLEARANCE_SALE", "OUTLET" ],
  "options" : [ {
    "type" : "COLOR",
    "title" : "Màu Áo",
    "values" : [ "Đỏ", "Nâu", "Đen", "Xanh Navy", "Xám đậm", "Xám nhạt" ]
  }, {
    "type" : "SIZE",
    "title" : "Kích thước",
    "values" : [ "S", "M", "L", "XL", "2XL", "3XL" ]
  } ],
  "images" : [ "6825fdd10b61125185461a2d", "6825fdd10b61125185461a2e", "6825fdd10b61125185461a2f", "6825fdd10b61125185461a30", "6825fdd10b61125185461a31", "6825fdd20b61125185461a32", "6825fdd20b61125185461a33", "6825fdd20b61125185461a34", "6825fdd20b61125185461a35", "6825fdd20b61125185461a36" ],
  "discount" : null,
  "seo_alias" : "ao-thun-the-thao-nam-recycle-active-v1",
  "options_values" : [ {
    "title" : "Màu Áo",
    "type" : "COLOR",
    "options" : [ {
      "title" : "Đỏ",
      "slug" : "do",
      "label" : "",
      "images" : [ "6825fdd20b61125185461a37", "6825fdd30b61125185461a38", "6825fdd30b61125185461a39", "6825fdd30b61125185461a3a", "6825fdd30b61125185461a3b" ]
    }, {
      "title" : "Nâu",
      "slug" : "nau",
      "label" : "",
      "images" : [ "6825fdd30b61125185461a3c", "6825fdd30b61125185461a3d", "6825fdd30b61125185461a3e", "6825fdd40b61125185461a3f", "6825fdd40b61125185461a40" ]
    }, {
      "title" : "Đen",
      "slug" : "den",
      "label" : "",
      "images" : [ "6825fdd40b61125185461a41", "6825fdd40b61125185461a42", "6825fdd40b61125185461a43", "6825fdd40b61125185461a44", "6825fdd40b61125185461a45", "6825fdd50b61125185461a46", "6825fdd50b61125185461a47" ]
    }, {
      "title" : "Xanh Navy",
      "slug" : "xanh-navy",
      "label" : "",
      "images" : [ "6825fdd50b61125185461a48", "6825fdd50b61125185461a49", "6825fdd60b61125185461a4a", "6825fdd60b61125185461a4b", "6825fdd60b61125185461a4c", "6825fdd60b61125185461a4d" ]
    }, {
      "title" : "Xám đậm",
      "slug" : "xam-dam",
      "label" : "",
      "images" : [ "6825fdd60b61125185461a4e", "6825fdd70b61125185461a4f", "6825fdd70b61125185461a50", "6825fdd70b61125185461a51", "6825fdd70b61125185461a52", "6825fdd70b61125185461a53" ]
    }, {
      "title" : "Xám nhạt",
      "slug" : "xam-nhat",
      "label" : "",
      "images" : [ "6825fdd70b61125185461a54", "6825fdd80b61125185461a55", "6825fdd80b61125185461a56", "6825fdd80b61125185461a57", "6825fdd80b61125185461a58", "6825fdd80b61125185461a59", "6825fdd90b61125185461a5a" ]
    } ]
  } ],
  "collection_id" : "6825e99e8eaaa408c6aaf61c",
  "display_order" : 198,
  "youtube_video" : "",
  "coming_soon" : false,
  "display_name_open" : "Thoáng khí",
  "gender_type" : "MALE",
  "icon_thumbnail" : null,
  "compare_price" : 169000.0,
  "regular_price" : 89000.0
}