{
  "title" : "Áo thun Cotton Compact In Phê Game Xbox",
  "vendor" : "",
  "tags" : [ ],
  "options" : [ {
    "type" : "COLOR",
    "title" : "Màu sắc",
    "values" : [ "Đen", "Trắng" ]
  }, {
    "type" : "SIZE",
    "title" : "Kích thước",
    "values" : [ "S", "M", "L", "XL", "2XL", "3Xl" ]
  } ],
  "images" : [ "682600260b61125185462383", "682600260b61125185462384" ],
  "discount" : null,
  "seo_alias" : "ao-thun-cotton-compact-in-phe-game-xbox",
  "options_values" : [ {
    "title" : "Màu sắc",
    "type" : "COLOR",
    "options" : [ {
      "title" : "Đen",
      "slug" : "den",
      "label" : "",
      "images" : [ "682600270b61125185462385", "682600270b61125185462386", "682600270b61125185462387", "682600270b61125185462388", "682600270b61125185462389" ]
    }, {
      "title" : "Trắng",
      "slug" : "trang",
      "label" : "",
      "images" : [ "682600270b6112518546238a", "682600270b6112518546238b", "682600270b6112518546238c", "682600270b6112518546238d", "682600270b6112518546238e" ]
    } ]
  } ],
  "collection_id" : "6825e99e8eaaa408c6aaf61c",
  "display_order" : 999,
  "youtube_video" : "",
  "coming_soon" : false,
  "display_name_open" : "Thoáng khí",
  "gender_type" : "MALE",
  "icon_thumbnail" : null,
  "compare_price" : 320000.0,
  "regular_price" : 275000.0
}