{
  "title" : "Áo thun Copper Denim in CoolMÁTe",
  "vendor" : "5c482438000c695cfa6f8d22",
  "tags" : [ ],
  "options" : [ {
    "type" : "COLOR",
    "title" : "Màu sắc",
    "values" : [ "Trắng", "Đen", "Xanh đậm" ]
  }, {
    "type" : "SIZE",
    "title" : "Kích thước",
    "values" : [ "S", "M", "L", "XL", "2XL", "3XL" ]
  } ],
  "images" : [ "681fd9f11f583b08bcb3f109", "681fd9f11f583b08bcb3f10a", "681fd9f11f583b08bcb3f10b", "681fd9f11f583b08bcb3f10c", "681fd9f11f583b08bcb3f10d", "681fd9f11f583b08bcb3f10e", "681fd9f11f583b08bcb3f10f", "681fd9f11f583b08bcb3f110" ],
  "discount" : null,
  "seo_alias" : "coolmate-x-copper-denim-ao-thun-nam-cotton-in-coolmate",
  "options_values" : [ {
    "title" : "Màu sắc",
    "type" : "COLOR",
    "options" : [ {
      "title" : "Trắng",
      "slug" : "trang",
      "label" : "",
      "images" : [ "681fd9f21f583b08bcb3f111", "681fd9f21f583b08bcb3f112", "681fd9f21f583b08bcb3f113", "681fd9f31f583b08bcb3f114", "681fd9f31f583b08bcb3f115", "681fd9f31f583b08bcb3f116", "681fd9f31f583b08bcb3f117", "681fd9f31f583b08bcb3f118" ]
    }, {
      "title" : "Đen",
      "slug" : "den",
      "label" : "",
      "images" : [ "681fd9f31f583b08bcb3f119", "681fd9f31f583b08bcb3f11a", "681fd9f31f583b08bcb3f11b", "681fd9f31f583b08bcb3f11c", "681fd9f41f583b08bcb3f11d", "681fd9f41f583b08bcb3f11e", "681fd9f41f583b08bcb3f11f", "681fd9f41f583b08bcb3f120" ]
    }, {
      "title" : "Xanh đậm",
      "slug" : "xanh-dam",
      "label" : "",
      "images" : [ "681fd9f41f583b08bcb3f121", "681fd9f41f583b08bcb3f122", "681fd9f41f583b08bcb3f123", "681fd9f41f583b08bcb3f124", "681fd9f41f583b08bcb3f125", "681fd9f41f583b08bcb3f126", "681fd9f41f583b08bcb3f127", "681fd9f41f583b08bcb3f128" ]
    } ]
  } ],
  "collection_id" : "681ca20a2a59db3110ec0b8f",
  "display_order" : 450,
  "youtube_video" : "",
  "coming_soon" : false,
  "display_name_open" : "100% Cotton",
  "gender_type" : "MALE",
  "icon_thumbnail" : null,
  "compare_price" : 299000.0,
  "regular_price" : 179000.0
}