{
  "title" : "Áo Thun Gym Powerfit",
  "vendor" : "5c482438000c695cfa6f8d22",
  "tags" : [ "CLEARANCE_SALE", "OUTLET" ],
  "options" : [ {
    "type" : "COLOR",
    "title" : "Màu sắc",
    "values" : [ "Nâu", "Be" ]
  }, {
    "type" : "SIZE",
    "title" : "Kích thước",
    "values" : [ "M", "L", "XL", "2XL", "3XL" ]
  } ],
  "images" : [ "681fd8a61f583b08bcb3e9fb", "681fd8a61f583b08bcb3e9fc", "681fd8a61f583b08bcb3e9fd", "681fd8a61f583b08bcb3e9fe", "681fd8a61f583b08bcb3e9ff", "681fd8a61f583b08bcb3ea00", "681fd8a61f583b08bcb3ea01" ],
  "discount" : null,
  "seo_alias" : "ao-thun-gym-powerfit",
  "options_values" : [ {
    "title" : "Màu sắc",
    "type" : "COLOR",
    "options" : [ {
      "title" : "Nâu",
      "slug" : "nau",
      "label" : "",
      "images" : [ "681fd8a61f583b08bcb3ea02", "681fd8a61f583b08bcb3ea03", "681fd8a61f583b08bcb3ea04", "681fd8a71f583b08bcb3ea05", "681fd8a71f583b08bcb3ea06", "681fd8a71f583b08bcb3ea07", "681fd8a71f583b08bcb3ea08" ]
    }, {
      "title" : "Be",
      "slug" : "be",
      "label" : "",
      "images" : [ "681fd8a71f583b08bcb3ea09", "681fd8a71f583b08bcb3ea0a", "681fd8a71f583b08bcb3ea0b", "681fd8a71f583b08bcb3ea0c", "681fd8a71f583b08bcb3ea0d", "681fd8a71f583b08bcb3ea0e", "681fd8a71f583b08bcb3ea0f" ]
    } ]
  } ],
  "collection_id" : "681ca20a2a59db3110ec0b8f",
  "display_order" : 163,
  "youtube_video" : "https://mcdn.coolmate.me/uploads/6_Tee_Gym.mp4",
  "coming_soon" : false,
  "display_name_open" : "Co giãn",
  "gender_type" : "MALE",
  "icon_thumbnail" : null,
  "compare_price" : 299000.0,
  "regular_price" : 149000.0
}