{
  "title" : "Áo Thun Chạy bộ Economy II",
  "vendor" : "5c482438000c695cfa6f8d22",
  "tags" : [ ],
  "options" : [ {
    "type" : "COLOR",
    "title" : "Màu sắc",
    "values" : [ "Cam", "Xanh Coban", "Đen" ]
  }, {
    "type" : "SIZE",
    "title" : "Kích thước",
    "values" : [ "S", "M", "L", "XL", "2XL", "3XL" ]
  } ],
  "images" : [ "681fda061f583b08bcb3f177", "681fda061f583b08bcb3f178", "681fda061f583b08bcb3f179", "681fda061f583b08bcb3f17a", "681fda071f583b08bcb3f17b", "681fda071f583b08bcb3f17c", "681fda071f583b08bcb3f17d", "681fda071f583b08bcb3f17e" ],
  "discount" : null,
  "seo_alias" : "ao-thun-nam-chay-bo-basic-v2-tham-hut-mo-hoi-nhanh-chong-exdry",
  "options_values" : [ {
    "title" : "Màu sắc",
    "type" : "COLOR",
    "options" : [ {
      "title" : "Cam",
      "slug" : "cam",
      "label" : "",
      "images" : [ "681fda071f583b08bcb3f17f", "681fda071f583b08bcb3f180", "681fda071f583b08bcb3f181", "681fda071f583b08bcb3f182", "681fda071f583b08bcb3f183", "681fda071f583b08bcb3f184", "681fda071f583b08bcb3f185", "681fda071f583b08bcb3f186" ]
    }, {
      "title" : "Xanh Coban",
      "slug" : "xanh-coban",
      "label" : "",
      "images" : [ "681fda081f583b08bcb3f187", "681fda081f583b08bcb3f188", "681fda081f583b08bcb3f189", "681fda081f583b08bcb3f18a", "681fda081f583b08bcb3f18b", "681fda081f583b08bcb3f18c", "681fda081f583b08bcb3f18d", "681fda081f583b08bcb3f18e" ]
    }, {
      "title" : "Đen",
      "slug" : "den",
      "label" : "",
      "images" : [ "681fda081f583b08bcb3f18f", "681fda081f583b08bcb3f190", "681fda081f583b08bcb3f191", "681fda081f583b08bcb3f192", "681fda081f583b08bcb3f193", "681fda081f583b08bcb3f194", "681fda091f583b08bcb3f195", "681fda091f583b08bcb3f196" ]
    } ]
  } ],
  "collection_id" : "681ca20a2a59db3110ec0b8f",
  "display_order" : 459,
  "youtube_video" : "",
  "coming_soon" : false,
  "display_name_open" : "ExDry",
  "gender_type" : "MALE",
  "icon_thumbnail" : null,
  "compare_price" : 199000.0,
  "regular_price" : 99000.0
}