{
  "title" : "Combo 2 Tất Thể Thao Cổ Trung Cushion",
  "vendor" : "5c482438000c695cfa6f8d22",
  "tags" : [ ],
  "options" : [ {
    "type" : "COLOR",
    "title" : "Màu sắc",
    "values" : [ "Trắng" ]
  } ],
  "images" : [ "6826043c0b61125185462c4d", "6826043c0b61125185462c4e", "6826043c0b61125185462c4f", "6826043c0b61125185462c50", "6826043c0b61125185462c51", "6826043d0b61125185462c52" ],
  "discount" : null,
  "seo_alias" : "tat-the-thao-co-trung-cotton-cushion-thoang-khi",
  "options_values" : [ {
    "title" : "Màu sắc",
    "type" : "COLOR",
    "options" : [ {
      "title" : "Trắng",
      "slug" : "trang",
      "label" : "",
      "images" : [ "6826043d0b61125185462c53", "6826043d0b61125185462c54", "6826043d0b61125185462c55", "6826043d0b61125185462c56", "6826043d0b61125185462c57", "6826043e0b61125185462c58", "6826043e0b61125185462c59" ]
    } ]
  } ],
  "collection_id" : "6825e9d68eaaa408c6aaf621",
  "display_order" : 525,
  "youtube_video" : "",
  "coming_soon" : false,
  "display_name_open" : "Thoáng khí",
  "gender_type" : "MALE",
  "icon_thumbnail" : null,
  "compare_price" : 119000.0,
  "regular_price" : 108000.0
}