{
  "title" : "Combo 2 Tất Nam Thể Thao Active",
  "vendor" : "5c482438000c695cfa6f8d22",
  "tags" : [ ],
  "options" : [ {
    "type" : "COLOR",
    "title" : "Màu sắc",
    "values" : [ "Xám", "Xanh lá", "Xanh Navy" ]
  } ],
  "images" : [ "682604370b61125185462c35", "682604370b61125185462c36", "682604370b61125185462c37", "682604370b61125185462c38" ],
  "discount" : null,
  "seo_alias" : "combo-02-doi-tat-the-thao-active-co-dai",
  "options_values" : [ {
    "title" : "Màu sắc",
    "type" : "COLOR",
    "options" : [ {
      "title" : "Xám",
      "slug" : "xam",
      "label" : "",
      "images" : [ "682604370b61125185462c39", "682604370b61125185462c3a", "682604380b61125185462c3b", "682604380b61125185462c3c", "682604380b61125185462c3d", "682604380b61125185462c3e" ]
    }, {
      "title" : "Xanh lá",
      "slug" : "xanh-la",
      "label" : "",
      "images" : [ "682604380b61125185462c3f", "682604380b61125185462c40", "682604380b61125185462c41", "682604380b61125185462c42", "682604380b61125185462c43", "682604390b61125185462c44", "682604390b61125185462c45" ]
    }, {
      "title" : "Xanh Navy",
      "slug" : "xanh-navy",
      "label" : "",
      "images" : [ "682604390b61125185462c46", "682604390b61125185462c47", "682604390b61125185462c48", "682604390b61125185462c49", "682604390b61125185462c4a", "682604390b61125185462c4b", "682604390b61125185462c4c" ]
    } ]
  } ],
  "collection_id" : "6825e9d68eaaa408c6aaf621",
  "display_order" : 369,
  "youtube_video" : "",
  "coming_soon" : false,
  "display_name_open" : "Cổ dài",
  "gender_type" : "MALE",
  "icon_thumbnail" : null,
  "compare_price" : 98000.0,
  "regular_price" : 98000.0
}