{
  "title" : "Quần Shorts thể thao 7\" Pro Active",
  "vendor" : "5c482438000c695cfa6f8d22",
  "tags" : [ ],
  "options" : [ {
    "type" : "COLOR",
    "title" : "Màu sắc",
    "values" : [ "Nâu", "Xanh Navy", "Đen" ]
  }, {
    "type" : "SIZE",
    "title" : "Kích thước",
    "values" : [ "M", "L", "XL", "2XL", "3XL" ]
  } ],
  "images" : [ "682604230b61125185462bd8", "682604240b61125185462bd9", "682604240b61125185462bda", "682604240b61125185462bdb", "682604240b61125185462bdc", "682604240b61125185462bdd" ],
  "discount" : null,
  "seo_alias" : "quan-shorts-the-thao-7-pro-active-1595-thoang-mat-exdry",
  "options_values" : [ {
    "title" : "Màu sắc",
    "type" : "COLOR",
    "options" : [ {
      "title" : "Nâu",
      "slug" : "nau",
      "label" : "",
      "images" : [ "682604240b61125185462bde", "682604240b61125185462bdf", "682604240b61125185462be0", "682604240b61125185462be1", "682604250b61125185462be2", "682604250b61125185462be3", "682604250b61125185462be4" ]
    }, {
      "title" : "Xanh Navy",
      "slug" : "xanh-navy",
      "label" : "",
      "images" : [ "682604250b61125185462be5", "682604250b61125185462be6", "682604250b61125185462be7", "682604250b61125185462be8", "682604250b61125185462be9", "682604250b61125185462bea", "682604250b61125185462beb", "682604260b61125185462bec" ]
    }, {
      "title" : "Đen",
      "slug" : "den",
      "label" : "",
      "images" : [ "682604260b61125185462bed", "682604260b61125185462bee", "682604260b61125185462bef", "682604260b61125185462bf0", "682604260b61125185462bf1", "682604260b61125185462bf2" ]
    } ]
  } ],
  "collection_id" : "6825e9d68eaaa408c6aaf621",
  "display_order" : 396,
  "youtube_video" : "",
  "coming_soon" : false,
  "display_name_open" : "ExDry",
  "gender_type" : "MALE",
  "icon_thumbnail" : null,
  "compare_price" : 189000.0,
  "regular_price" : 169000.0
}