{
  "title" : "Combo 3 Quần Lót Nam Brief Bamboo",
  "vendor" : "5c482438000c695cfa6f8d22",
  "tags" : [ ],
  "options" : [ {
    "type" : "COLOR",
    "title" : "Màu sắc",
    "values" : [ "Phối màu", "Xanh Navy", "Đen", "Trắng" ]
  }, {
    "type" : "SIZE",
    "title" : "Kích thước Quần",
    "values" : [ "M", "L", "XL", "2XL", "3XL" ]
  } ],
  "images" : [ "681feb2e1f583b08bcb40ef0", "681feb2e1f583b08bcb40ef1", "681feb2e1f583b08bcb40ef2", "681feb2f1f583b08bcb40ef3", "681feb2f1f583b08bcb40ef4", "681feb2f1f583b08bcb40ef5" ],
  "discount" : null,
  "seo_alias" : "03-quan-lot-nam-brief-bamboo-khang-khuan",
  "options_values" : [ {
    "title" : "Màu sắc",
    "type" : "COLOR",
    "options" : [ {
      "title" : "Phối màu",
      "slug" : "phoi-mau",
      "label" : "",
      "images" : [ "681feb2f1f583b08bcb40ef6", "681feb2f1f583b08bcb40ef7", "681feb2f1f583b08bcb40ef8", "681feb2f1f583b08bcb40ef9", "681feb2f1f583b08bcb40efa", "681feb2f1f583b08bcb40efb" ]
    }, {
      "title" : "Xanh Navy",
      "slug" : "xanh-navy",
      "label" : "",
      "images" : [ "681feb2f1f583b08bcb40efc", "681feb2f1f583b08bcb40efd", "681feb301f583b08bcb40efe", "681feb301f583b08bcb40eff", "681feb301f583b08bcb40f00", "681feb301f583b08bcb40f01" ]
    }, {
      "title" : "Đen",
      "slug" : "den",
      "label" : "",
      "images" : [ "681feb301f583b08bcb40f02", "681feb301f583b08bcb40f03", "681feb301f583b08bcb40f04", "681feb301f583b08bcb40f05", "681feb301f583b08bcb40f06", "681feb301f583b08bcb40f07" ]
    }, {
      "title" : "Trắng",
      "slug" : "trang",
      "label" : "",
      "images" : [ "681feb301f583b08bcb40f08", "681feb311f583b08bcb40f09", "681feb311f583b08bcb40f0a", "681feb311f583b08bcb40f0b", "681feb311f583b08bcb40f0c", "681feb311f583b08bcb40f0d" ]
    } ]
  } ],
  "collection_id" : "681ca2c72a59db3110ec0b99",
  "display_order" : 349,
  "youtube_video" : "",
  "coming_soon" : false,
  "display_name_open" : "Kháng khuẩn",
  "gender_type" : "MALE",
  "icon_thumbnail" : null,
  "compare_price" : 229000.0,
  "regular_price" : 179000.0
}