{
  "title" : "Combo 3 Quần Lót Nam Brief Cotton Compact",
  "vendor" : "5c482438000c695cfa6f8d22",
  "tags" : [ ],
  "options" : [ {
    "type" : "COLOR",
    "title" : "Màu sắc",
    "values" : [ "Đen", "Xám", "Xanh Navy", "Phối màu" ]
  }, {
    "type" : "SIZE",
    "title" : "Kích thước Quần",
    "values" : [ "M", "L", "XL", "2XL", "3XL" ]
  } ],
  "images" : [ "681feb3e1f583b08bcb40f4d", "681feb3e1f583b08bcb40f4e", "681feb3e1f583b08bcb40f4f" ],
  "discount" : null,
  "seo_alias" : "03-quan-lot-nam-brief-cotton-compact-co-gian-v1",
  "options_values" : [ {
    "title" : "Màu sắc",
    "type" : "COLOR",
    "options" : [ {
      "title" : "Đen",
      "slug" : "den",
      "label" : "",
      "images" : [ "681feb3e1f583b08bcb40f50", "681feb3e1f583b08bcb40f51", "681feb3e1f583b08bcb40f52" ]
    }, {
      "title" : "Xám",
      "slug" : "xam",
      "label" : "",
      "images" : [ "681feb3e1f583b08bcb40f53", "681feb3e1f583b08bcb40f54", "681feb3e1f583b08bcb40f55" ]
    }, {
      "title" : "Xanh Navy",
      "slug" : "xanh-navy",
      "label" : "",
      "images" : [ "681feb3e1f583b08bcb40f56", "681feb3e1f583b08bcb40f57", "681feb3f1f583b08bcb40f58" ]
    }, {
      "title" : "Phối màu",
      "slug" : "phoi-mau",
      "label" : "",
      "images" : [ "681feb3f1f583b08bcb40f59", "681feb3f1f583b08bcb40f5a", "681feb3f1f583b08bcb40f5b" ]
    } ]
  } ],
  "collection_id" : "681ca2c72a59db3110ec0b99",
  "display_order" : 352,
  "youtube_video" : "",
  "coming_soon" : false,
  "display_name_open" : "",
  "gender_type" : "MALE",
  "icon_thumbnail" : null,
  "compare_price" : 199000.0,
  "regular_price" : 169000.0
}