{
  "title" : "Áo khoác WindBreaker Nylon Taslan",
  "vendor" : "5c482438000c695cfa6f8d22",
  "tags" : [ ],
  "options" : [ {
    "type" : "COLOR",
    "title" : "Màu sắc",
    "values" : [ "Đen phối xanh lá", "Xám phối trắng", "Navy phối đen" ]
  }, {
    "type" : "SIZE",
    "title" : "Kích thước",
    "values" : [ "S", "M", "L", "XL" ]
  } ],
  "images" : [ "681df5bec47228653a982df9", "681df5bec47228653a982dfa", "681df5bec47228653a982dfb", "681df5bec47228653a982dfc", "681df5bec47228653a982dfd", "681df5bec47228653a982dfe", "681df5bec47228653a982dff", "681df5bec47228653a982e00", "681df5bfc47228653a982e01" ],
  "discount" : null,
  "options_values" : [ {
    "title" : "Màu sắc",
    "type" : "COLOR",
    "options" : [ {
      "title" : "Đen phối xanh lá",
      "slug" : "den-phoi-xanh-la",
      "label" : "",
      "images" : [ "681df5bfc47228653a982e02", "681df5bfc47228653a982e03", "681df5bfc47228653a982e04", "681df5bfc47228653a982e05", "681df5bfc47228653a982e06", "681df5bfc47228653a982e07", "681df5bfc47228653a982e08", "681df5bfc47228653a982e09", "681df5bfc47228653a982e0a" ]
    }, {
      "title" : "Xám phối trắng",
      "slug" : "xam-phoi-trang",
      "label" : "",
      "images" : [ "681df5bfc47228653a982e0b", "681df5bfc47228653a982e0c", "681df5c0c47228653a982e0d", "681df5c0c47228653a982e0e", "681df5c0c47228653a982e0f", "681df5c0c47228653a982e10", "681df5c0c47228653a982e11", "681df5c0c47228653a982e12", "681df5c0c47228653a982e13" ]
    }, {
      "title" : "Navy phối đen",
      "slug" : "navy-phoi-den",
      "label" : "",
      "images" : [ "681df5c0c47228653a982e14", "681df5c0c47228653a982e15", "681df5c0c47228653a982e16", "681df5c0c47228653a982e17", "681df5c1c47228653a982e18", "681df5c1c47228653a982e19", "681df5c1c47228653a982e1a", "681df5c1c47228653a982e1b", "681df5c1c47228653a982e1c" ]
    } ]
  } ],
  "collection_id" : "681ca1c12a59db3110ec0b8a",
  "display_order" : 5,
  "youtube_video" : "",
  "coming_soon" : false,
  "display_name_open" : "Cản gió và Trượt nước",
  "gender_type" : "MALE",
  "icon_thumbnail" : null,
  "compare_price" : 590000.0,
  "regular_price" : 449000.0
}