{
  "title" : "Áo phao dày Ultrawarm Puffer",
  "vendor" : "5c482438000c695cfa6f8d22",
  "tags" : [ ],
  "options" : [ {
    "type" : "COLOR",
    "title" : "Màu sắc",
    "values" : [ "Đen", "Xám sáng", "Xanh Navy", "Rêu" ]
  }, {
    "type" : "SIZE",
    "title" : "Kích thước",
    "values" : [ "S", "M", "L", "XL" ]
  } ],
  "images" : [ "681df5c6c47228653a982e1d", "681df5c6c47228653a982e1e", "681df5c6c47228653a982e1f", "681df5c6c47228653a982e20" ],
  "discount" : null,
  "options_values" : [ {
    "title" : "Màu sắc",
    "type" : "COLOR",
    "options" : [ {
      "title" : "Đen",
      "slug" : "den",
      "label" : "",
      "images" : [ "681df5c6c47228653a982e21", "681df5c6c47228653a982e22", "681df5c6c47228653a982e23", "681df5c6c47228653a982e24" ]
    }, {
      "title" : "Xám sáng",
      "slug" : "xam-sang",
      "label" : "",
      "images" : [ "681df5c6c47228653a982e25", "681df5c7c47228653a982e26", "681df5c7c47228653a982e27", "681df5c7c47228653a982e28" ]
    }, {
      "title" : "Xanh Navy",
      "slug" : "xanh-navy",
      "label" : "",
      "images" : [ "681df5c7c47228653a982e29", "681df5c7c47228653a982e2a", "681df5c7c47228653a982e2b", "681df5c7c47228653a982e2c" ]
    }, {
      "title" : "Rêu",
      "slug" : "reu",
      "label" : "",
      "images" : [ "681df5c7c47228653a982e2d", "681df5c7c47228653a982e2e", "681df5c7c47228653a982e2f", "681df5c7c47228653a982e30" ]
    } ]
  } ],
  "collection_id" : "681ca1c12a59db3110ec0b8a",
  "display_order" : 328,
  "youtube_video" : "",
  "coming_soon" : false,
  "display_name_open" : "Giữ ấm - Chống gió",
  "gender_type" : "MALE",
  "icon_thumbnail" : null,
  "compare_price" : 899000.0,
  "regular_price" : 699000.0
}