{
  "title" : "Áo khoác thể thao Windbreaker Ripstop",
  "vendor" : "5c482438000c695cfa6f8d22",
  "tags" : [ ],
  "options" : [ {
    "type" : "COLOR",
    "title" : "Màu sắc",
    "values" : [ "Xám", "Cam", "Xanh Blue" ]
  }, {
    "type" : "SIZE",
    "title" : "Kích thước",
    "values" : [ "M", "L", "XL", "2XL", "3XL" ]
  } ],
  "images" : [ "681df5cac47228653a982e31", "681df5cac47228653a982e32", "681df5cbc47228653a982e33", "681df5cbc47228653a982e34", "681df5cbc47228653a982e35", "681df5cbc47228653a982e36" ],
  "discount" : null,
  "options_values" : [ {
    "title" : "Màu sắc",
    "type" : "COLOR",
    "options" : [ {
      "title" : "Xám",
      "slug" : "xam",
      "label" : "",
      "images" : [ "681df5cbc47228653a982e37", "681df5cbc47228653a982e38", "681df5cbc47228653a982e39", "681df5ccc47228653a982e3a", "681df5ccc47228653a982e3b", "681df5ccc47228653a982e3c" ]
    }, {
      "title" : "Cam",
      "slug" : "cam",
      "label" : "",
      "images" : [ "681df5ccc47228653a982e3d", "681df5ccc47228653a982e3e", "681df5ccc47228653a982e3f", "681df5ccc47228653a982e40", "681df5ccc47228653a982e41", "681df5ccc47228653a982e42" ]
    }, {
      "title" : "Xanh Blue",
      "slug" : "xanh-blue",
      "label" : "",
      "images" : [ "681df5ccc47228653a982e43", "681df5ccc47228653a982e44", "681df5ccc47228653a982e45", "681df5cdc47228653a982e46", "681df5cdc47228653a982e47", "681df5cdc47228653a982e48" ]
    } ]
  } ],
  "collection_id" : "681ca1c12a59db3110ec0b8a",
  "display_order" : 5,
  "youtube_video" : "https://media3.coolmate.me/uploads/videos/nguoi-mau-cach-gap-ao-khoac-the-thao-windbreaker.mp4",
  "coming_soon" : false,
  "display_name_open" : "Trượt nước và Siêu nhẹ",
  "gender_type" : "MALE",
  "icon_thumbnail" : null,
  "compare_price" : 549000.0,
  "regular_price" : 439000.0
}