{
  "title" : "Áo Khoác Nam gió Thể Thao phối màu",
  "vendor" : "5c482438000c695cfa6f8d22",
  "tags" : [ ],
  "options" : [ {
    "type" : "COLOR",
    "title" : "Màu sắc",
    "values" : [ "Rêu phối đen" ]
  }, {
    "type" : "SIZE",
    "title" : "Kích thước",
    "values" : [ "M", "L", "XL", "2XL", "3XL" ]
  } ],
  "images" : [ "6825f4d10b611251854608b7", "6825f4d10b611251854608b8", "6825f4d20b611251854608b9", "6825f4d20b611251854608ba", "6825f4d20b611251854608bb" ],
  "discount" : null,
  "seo_alias" : "ao-khoac-gio-the-thao-phoi-mau",
  "options_values" : [ {
    "title" : "Màu sắc",
    "type" : "COLOR",
    "options" : [ {
      "title" : "Rêu phối đen",
      "slug" : "reu-phoi-den",
      "label" : "",
      "images" : [ "6825f4d20b611251854608bc", "6825f4d20b611251854608bd", "6825f4d20b611251854608be", "6825f4d20b611251854608bf", "6825f4d30b611251854608c0", "6825f4d30b611251854608c1", "6825f4d30b611251854608c2", "6825f4d30b611251854608c3" ]
    } ]
  } ],
  "collection_id" : "6825e9688eaaa408c6aaf617",
  "display_order" : 55,
  "youtube_video" : "https://mcdn.coolmate.me/uploads/videos/24_outfit1.mp4",
  "coming_soon" : false,
  "display_name_open" : "Chống UV 99%",
  "gender_type" : "MALE",
  "icon_thumbnail" : null,
  "compare_price" : 499000.0,
  "regular_price" : 449000.0
}