{
  "title" : "Áo Khoác Nam gió Thể Thao phối màu",
  "vendor" : "5c482438000c695cfa6f8d22",
  "tags" : [ ],
  "options" : [ {
    "type" : "COLOR",
    "title" : "Màu sắc",
    "values" : [ "Rêu phối đen" ]
  }, {
    "type" : "SIZE",
    "title" : "Kích thước",
    "values" : [ "M", "L", "XL", "2XL", "3XL" ]
  } ],
  "images" : [ "681df5d1c47228653a982e49", "681df5d1c47228653a982e4a", "681df5d1c47228653a982e4b", "681df5d1c47228653a982e4c", "681df5d1c47228653a982e4d" ],
  "discount" : null,
  "options_values" : [ {
    "title" : "Màu sắc",
    "type" : "COLOR",
    "options" : [ {
      "title" : "Rêu phối đen",
      "slug" : "reu-phoi-den",
      "label" : "",
      "images" : [ "681df5d1c47228653a982e4e", "681df5d1c47228653a982e4f", "681df5d1c47228653a982e50", "681df5d2c47228653a982e51", "681df5d2c47228653a982e52" ]
    } ]
  } ],
  "collection_id" : "681ca1c12a59db3110ec0b8a",
  "display_order" : 55,
  "youtube_video" : "https://mcdn.coolmate.me/uploads/videos/24_outfit1.mp4",
  "coming_soon" : false,
  "display_name_open" : "Chống UV 99%",
  "gender_type" : "MALE",
  "icon_thumbnail" : null,
  "compare_price" : 499000.0,
  "regular_price" : 449000.0
}