{
  "title" : "Áo Khoác Nam có mũ Daily Wear",
  "vendor" : "5c482438000c695cfa6f8d22",
  "tags" : [ "BEST_SELLER" ],
  "options" : [ {
    "type" : "COLOR",
    "title" : "Màu sắc",
    "values" : [ "Trắng", "Đen", "Xám", "Xanh Navy" ]
  }, {
    "type" : "SIZE",
    "title" : "Kích thước",
    "values" : [ "S", "M", "L", "XL", "2XL", "3XL" ]
  } ],
  "images" : [ "6825f4d90b611251854608d7", "6825f4d90b611251854608d8", "6825f4d90b611251854608d9", "6825f4d90b611251854608da", "6825f4d90b611251854608db", "6825f4d90b611251854608dc", "6825f4d90b611251854608dd", "6825f4da0b611251854608de" ],
  "discount" : null,
  "seo_alias" : "ao-khoac-nam-co-mu-daily-wear-truot-nuoc-chong-uv-99",
  "options_values" : [ {
    "title" : "Màu sắc",
    "type" : "COLOR",
    "options" : [ {
      "title" : "Trắng",
      "slug" : "trang",
      "label" : "",
      "images" : [ "6825f4da0b611251854608df", "6825f4da0b611251854608e0", "6825f4da0b611251854608e1", "6825f4da0b611251854608e2", "6825f4da0b611251854608e3", "6825f4da0b611251854608e4", "6825f4da0b611251854608e5", "6825f4db0b611251854608e6", "6825f4db0b611251854608e7" ]
    }, {
      "title" : "Đen",
      "slug" : "den",
      "label" : "",
      "images" : [ "6825f4db0b611251854608e8", "6825f4db0b611251854608e9", "6825f4db0b611251854608ea", "6825f4db0b611251854608eb", "6825f4db0b611251854608ec", "6825f4db0b611251854608ed" ]
    }, {
      "title" : "Xám",
      "slug" : "xam",
      "label" : "",
      "images" : [ "6825f4db0b611251854608ee", "6825f4db0b611251854608ef", "6825f4dc0b611251854608f0", "6825f4dc0b611251854608f1", "6825f4dc0b611251854608f2", "6825f4dc0b611251854608f3", "6825f4dc0b611251854608f4" ]
    }, {
      "title" : "Xanh Navy",
      "slug" : "xanh-navy",
      "label" : "",
      "images" : [ "6825f4dc0b611251854608f5", "6825f4dd0b611251854608f6", "6825f4dd0b611251854608f7", "6825f4dd0b611251854608f8", "6825f4dd0b611251854608f9", "6825f4dd0b611251854608fa" ]
    } ]
  } ],
  "collection_id" : "6825e9688eaaa408c6aaf617",
  "display_order" : 269,
  "youtube_video" : "",
  "coming_soon" : false,
  "display_name_open" : "Chống UV 99%",
  "gender_type" : "MALE",
  "icon_thumbnail" : null,
  "compare_price" : 499000.0,
  "regular_price" : 429000.0
}