{
  "title" : "Áo Khoác Knit Đa Năng Chống UV",
  "vendor" : "5c482438000c695cfa6f8d22",
  "tags" : [ ],
  "options" : [ {
    "type" : "COLOR",
    "title" : "Màu sắc",
    "values" : [ "Xám", "Đen" ]
  }, {
    "type" : "SIZE",
    "title" : "Kích thước",
    "values" : [ "M", "L", "XL", "2XL", "3XL" ]
  } ],
  "images" : [ "6825f4d40b611251854608c4", "6825f4d40b611251854608c5", "6825f4d40b611251854608c6", "6825f4d50b611251854608c7" ],
  "discount" : null,
  "seo_alias" : "ao-khoac-nam-knit-vai-cotton-thoang-mat-chong-uv",
  "options_values" : [ {
    "title" : "Màu sắc",
    "type" : "COLOR",
    "options" : [ {
      "title" : "Xám",
      "slug" : "xam",
      "label" : "",
      "images" : [ "6825f4d50b611251854608c8", "6825f4d50b611251854608c9", "6825f4d50b611251854608ca", "6825f4d50b611251854608cb", "6825f4d50b611251854608cc", "6825f4d50b611251854608cd", "6825f4d50b611251854608ce", "6825f4d50b611251854608cf" ]
    }, {
      "title" : "Đen",
      "slug" : "den",
      "label" : "",
      "images" : [ "6825f4d60b611251854608d0", "6825f4d60b611251854608d1", "6825f4d60b611251854608d2", "6825f4d60b611251854608d3", "6825f4d60b611251854608d4", "6825f4d60b611251854608d5", "6825f4d70b611251854608d6" ]
    } ]
  } ],
  "collection_id" : "6825e9688eaaa408c6aaf617",
  "display_order" : 360,
  "youtube_video" : "",
  "coming_soon" : false,
  "display_name_open" : "Thoáng mát - UPF50+ ",
  "gender_type" : "MALE",
  "icon_thumbnail" : null,
  "compare_price" : 499000.0,
  "regular_price" : 429000.0
}