{
  "title" : "Set tập Tanktop Gym Essentials II 3in1",
  "vendor" : "",
  "tags" : [ "SAVING_PACKS" ],
  "options" : [ {
    "type" : "SIZE",
    "title" : "Kích thước Áo",
    "values" : [ "S", "M", "L", "XL", "2XL", "3XL" ]
  }, {
    "type" : "SIZE",
    "title" : "Kích thước Quần",
    "values" : [ "M", "L", "XL", "2XL", "3XL" ]
  } ],
  "images" : [ "681ddbb7c47228653a98230c", "681ddbb7c47228653a98230d", "681ddbb7c47228653a98230e", "681ddbb7c47228653a98230f", "681ddbb7c47228653a982310", "681ddbb7c47228653a982311", "681ddbb7c47228653a982312" ],
  "discount" : null,
  "options_values" : [ ],
  "collection_id" : "681ca18a2a59db3110ec0b87",
  "display_order" : 999,
  "youtube_video" : "",
  "coming_soon" : false,
  "display_name_open" : "Thấm hút ExDry",
  "gender_type" : "MALE",
  "icon_thumbnail" : null,
  "compare_price" : 477000.0,
  "regular_price" : 359000.0
}