{
  "title" : "Áo Sát Nách Nam Thể Thao Promax",
  "vendor" : "5c482438000c695cfa6f8d22",
  "tags" : [ ],
  "options" : [ {
    "type" : "COLOR",
    "title" : "Màu sắc",
    "values" : [ "Xanh Aqua V2", "Trắng", "Be xám", "Đen", "Xanh Navy" ]
  }, {
    "type" : "SIZE",
    "title" : "Kích thước Áo",
    "values" : [ "S", "M", "L", "XL", "2XL", "3XL" ]
  } ],
  "images" : [ "681ddb82c47228653a982166", "681ddb82c47228653a982167", "681ddb82c47228653a982168", "681ddb82c47228653a982169", "681ddb82c47228653a98216a", "681ddb82c47228653a98216b" ],
  "discount" : null,
  "options_values" : [ {
    "title" : "Màu sắc",
    "type" : "COLOR",
    "options" : [ {
      "title" : "Xanh Aqua",
      "slug" : "xanh-aqua",
      "label" : "",
      "images" : [ "681ddb82c47228653a98216c", "681ddb82c47228653a98216d", "681ddb82c47228653a98216e", "681ddb83c47228653a98216f", "681ddb83c47228653a982170", "681ddb83c47228653a982171" ]
    }, {
      "title" : "Xanh Aqua V2",
      "slug" : "xanh-aqua-v2",
      "label" : "",
      "images" : [ "681ddb83c47228653a982172", "681ddb83c47228653a982173", "681ddb83c47228653a982174", "681ddb83c47228653a982175", "681ddb83c47228653a982176", "681ddb83c47228653a982177" ]
    }, {
      "title" : "Xanh bóng đêm",
      "slug" : "xanh-bong-dem",
      "label" : "",
      "images" : [ "681ddb83c47228653a982178", "681ddb83c47228653a982179", "681ddb84c47228653a98217a", "681ddb84c47228653a98217b", "681ddb84c47228653a98217c", "681ddb84c47228653a98217d" ]
    }, {
      "title" : "Trắng",
      "slug" : "trang",
      "label" : "",
      "images" : [ "681ddb84c47228653a98217e", "681ddb85c47228653a98217f", "681ddb85c47228653a982180", "681ddb85c47228653a982181", "681ddb85c47228653a982182", "681ddb85c47228653a982183" ]
    }, {
      "title" : "Be xám",
      "slug" : "be-xam",
      "label" : "",
      "images" : [ "681ddb85c47228653a982184", "681ddb85c47228653a982185", "681ddb85c47228653a982186", "681ddb85c47228653a982187", "681ddb85c47228653a982188", "681ddb85c47228653a982189" ]
    }, {
      "title" : "Xanh da trời",
      "slug" : "xanh-da-troi",
      "label" : "",
      "images" : [ "681ddb85c47228653a98218a", "681ddb86c47228653a98218b", "681ddb86c47228653a98218c", "681ddb86c47228653a98218d", "681ddb86c47228653a98218e", "681ddb86c47228653a98218f" ]
    }, {
      "title" : "Đen",
      "slug" : "den",
      "label" : "",
      "images" : [ "681ddb86c47228653a982190", "681ddb86c47228653a982191", "681ddb86c47228653a982192", "681ddb86c47228653a982193", "681ddb86c47228653a982194", "681ddb87c47228653a982195" ]
    }, {
      "title" : "Xanh Navy",
      "slug" : "xanh-navy",
      "label" : "",
      "images" : [ "681ddb87c47228653a982196", "681ddb87c47228653a982197", "681ddb87c47228653a982198", "681ddb87c47228653a982199", "681ddb87c47228653a98219a", "681ddb87c47228653a98219b" ]
    } ]
  } ],
  "collection_id" : "681ca18a2a59db3110ec0b87",
  "display_order" : 309,
  "youtube_video" : "https://mcdn.coolmate.me/uploads/videos/AO_SAT_NACH.mp4",
  "coming_soon" : false,
  "display_name_open" : "ExDry",
  "gender_type" : "MALE",
  "icon_thumbnail" : null,
  "compare_price" : 189000.0,
  "regular_price" : 169000.0
}