[{
  "_id": "6825f8d2213ef202c0fd1f1c",
  "title": "Áo Polo Thể Thao Active Premium",
  "seo_alias": "ao-polo-the-thao-active-premium",
  "vendor": "5c482438000c695cfa6f8d22",
  "tags": [],
  "options": [
    {
      "type": "COLOR",
      "title": "Màu sắc",
      "values": [
        "Xám",
        "Đen"
      ]
    },
    {
      "type": "SIZE",
      "title": "Kích thước",
      "values": [
        "S",
        "M",
        "L",
        "XL",
        "2XL",
        "3XL"
      ]
    }
  ],
  "options_values": [
    {
      "title": "Màu sắc",
      "type": "COLOR",
      "options": [
        {
          "title": "Xám",
          "slug": "xam",
          "label": "",
          "images": [
            "6825f8cf0b61125185460f52",
            "6825f8cf0b61125185460f51",
            "6825f8cf0b61125185460f50",
            "6825f8d00b61125185460f53",
            "6825f8d00b61125185460f54",
            "6825f8cf0b61125185460f4f",
            "6825f8cf0b61125185460f4e"
          ]
        },
        {
          "title": "Đen",
          "slug": "den",
          "label": "",
          "images": [
            "6825f8d00b61125185460f57",
            "6825f8d00b61125185460f58",
            "6825f8d00b61125185460f59",
            "6825f8d00b61125185460f5c",
            "6825f8d00b61125185460f55",
            "6825f8d00b61125185460f56",
            "6825f8d00b61125185460f5a",
            "6825f8d00b61125185460f5b"
          ]
        }
      ]
    }
  ],
  "images": [
    "6825f8cf0b61125185460f4b",
    "6825f8ce0b61125185460f4a",
    "6825f8cf0b61125185460f4d",
    "6825f8cf0b61125185460f4c"
  ],
  "available": true,
  "collection_id": "6825e97a8eaaa408c6aaf619",
  "display_order": 391,
  "youtube_video": "",
  "coming_soon": false,
  "display_name_open": "ExDry",
  "gender_type": "MALE",
  "all_image_contains": [
    "6825f8cf0b61125185460f4b",
    "6825f8ce0b61125185460f4a",
    "6825f8cf0b61125185460f4d",
    "6825f8cf0b61125185460f4c",
    "6825f8cf0b61125185460f52",
    "6825f8cf0b61125185460f51",
    "6825f8cf0b61125185460f50",
    "6825f8d00b61125185460f53",
    "6825f8d00b61125185460f54",
    "6825f8cf0b61125185460f4f",
    "6825f8cf0b61125185460f4e",
    "6825f8d00b61125185460f57",
    "6825f8d00b61125185460f58",
    "6825f8d00b61125185460f59",
    "6825f8d00b61125185460f5c",
    "6825f8d00b61125185460f55",
    "6825f8d00b61125185460f56",
    "6825f8d00b61125185460f5a",
    "6825f8d00b61125185460f5b"
  ],
  "is_lock": false,
  "createBy": "kiminonawa1305@gmail.com",
  "createAt": {
    "$date": "2025-05-15T14:23:14.807Z"
  },
  "updateBy": "kiminonawa1305@gmail.com",
  "updateAt": {
    "$date": "2025-05-15T14:23:14.807Z"
  },
  "_class": "com.lamnguyen.product_service.model.Product"
},
{
  "_id": "6825f8d6213ef202c0fd1f1d",
  "title": "Áo Polo Nam Pique Cotton USA ",
  "seo_alias": "ao-polo-nam-pique-cotton-usa-",
  "vendor": "5c482438000c695cfa6f8d22",
  "tags": [
    "CLEARANCE_SALE",
    "OUTLET"
  ],
  "options": [
    {
      "type": "COLOR",
      "title": "Màu sắc",
      "values": [
        "Xanh rêu",
        "Xanh Navy"
      ]
    },
    {
      "type": "SIZE",
      "title": "Kích thước Áo",
      "values": [
        "S",
        "XL",
        "3XL"
      ]
    }
  ],
  "options_values": [
    {
      "title": "Màu sắc",
      "type": "COLOR",
      "options": [
        {
          "title": "Xanh rêu",
          "slug": "xanh-reu",
          "label": "",
          "images": [
            "6825f8d30b61125185460f64",
            "6825f8d40b61125185460f69",
            "6825f8d40b61125185460f68",
            "6825f8d30b61125185460f66",
            "6825f8d30b61125185460f65",
            "6825f8d40b61125185460f6a",
            "6825f8d40b61125185460f67"
          ]
        },
        {
          "title": "Xanh Navy",
          "slug": "xanh-navy",
          "label": "",
          "images": [
            "6825f8d40b61125185460f6c",
            "6825f8d40b61125185460f6b",
            "6825f8d40b61125185460f6e",
            "6825f8d40b61125185460f6d"
          ]
        }
      ]
    }
  ],
  "images": [
    "6825f8d30b61125185460f62",
    "6825f8d30b61125185460f61",
    "6825f8d30b61125185460f63",
    "6825f8d30b61125185460f5e",
    "6825f8d30b61125185460f5f",
    "6825f8d20b61125185460f5d",
    "6825f8d30b61125185460f60"
  ],
  "available": true,
  "collection_id": "6825e97a8eaaa408c6aaf619",
  "display_order": 115,
  "youtube_video": "",
  "coming_soon": false,
  "display_name_open": "Thấm hút",
  "gender_type": "MALE",
  "all_image_contains": [
    "6825f8d30b61125185460f62",
    "6825f8d30b61125185460f61",
    "6825f8d30b61125185460f63",
    "6825f8d30b61125185460f5e",
    "6825f8d30b61125185460f5f",
    "6825f8d20b61125185460f5d",
    "6825f8d30b61125185460f60",
    "6825f8d30b61125185460f64",
    "6825f8d40b61125185460f69",
    "6825f8d40b61125185460f68",
    "6825f8d30b61125185460f66",
    "6825f8d30b61125185460f65",
    "6825f8d40b61125185460f6a",
    "6825f8d40b61125185460f67",
    "6825f8d40b61125185460f6c",
    "6825f8d40b61125185460f6b",
    "6825f8d40b61125185460f6e",
    "6825f8d40b61125185460f6d"
  ],
  "is_lock": false,
  "createBy": "kiminonawa1305@gmail.com",
  "createAt": {
    "$date": "2025-05-15T14:23:18.329Z"
  },
  "updateBy": "kiminonawa1305@gmail.com",
  "updateAt": {
    "$date": "2025-05-15T14:23:18.329Z"
  },
  "_class": "com.lamnguyen.product_service.model.Product"
},
{
  "_id": "6825f8de213ef202c0fd1f1e",
  "title": "Áo Polo Nam Thể Thao Promax-S2",
  "seo_alias": "ao-polo-nam-the-thao-promax-s2",
  "vendor": "5c482438000c695cfa6f8d22",
  "tags": [
    "CLEARANCE_SALE",
    "OUTLET"
  ],
  "options": [
    {
      "type": "COLOR",
      "title": "Màu Áo",
      "values": [
        "Xanh aqua",
        "Đen",
        "Trắng",
        "Neon",
        "Cam"
      ]
    },
    {
      "type": "SIZE",
      "title": "Kích thước Áo",
      "values": [
        "S",
        "M",
        "L",
        "XL",
        "2XL",
        "3XL"
      ]
    }
  ],
  "options_values": [
    {
      "title": "Màu Áo",
      "type": "COLOR",
      "options": [
        {
          "title": "Xanh aqua",
          "slug": "xanh-aqua",
          "label": "",
          "images": [
            "6825f8d70b61125185460f77",
            "6825f8d70b61125185460f76",
            "6825f8d70b61125185460f79",
            "6825f8d70b61125185460f78",
            "6825f8d60b61125185460f74",
            "6825f8d70b61125185460f7a",
            "6825f8d70b61125185460f75"
          ]
        },
        {
          "title": "Đen",
          "slug": "den",
          "label": "",
          "images": [
            "6825f8d80b61125185460f81",
            "6825f8d80b61125185460f80",
            "6825f8d80b61125185460f7f",
            "6825f8d80b61125185460f7e",
            "6825f8d70b61125185460f7c",
            "6825f8d70b61125185460f7b",
            "6825f8d70b61125185460f7d"
          ]
        },
        {
          "title": "Trắng",
          "slug": "trang",
          "label": "",
          "images": [
            "6825f8d90b61125185460f89",
            "6825f8d80b61125185460f85",
            "6825f8d80b61125185460f84",
            "6825f8d80b61125185460f83",
            "6825f8d90b61125185460f88",
            "6825f8d80b61125185460f82",
            "6825f8d80b61125185460f87",
            "6825f8d80b61125185460f86"
          ]
        },
        {
          "title": "Neon",
          "slug": "neon",
          "label": "",
          "images": [
            "6825f8d90b61125185460f8f",
            "6825f8d90b61125185460f8e",
            "6825f8d90b61125185460f8b",
            "6825f8d90b61125185460f8a",
            "6825f8d90b61125185460f8d",
            "6825f8d90b61125185460f8c"
          ]
        },
        {
          "title": "Cam",
          "slug": "cam",
          "label": "",
          "images": [
            "6825f8da0b61125185460f96",
            "6825f8da0b61125185460f95",
            "6825f8da0b61125185460f94",
            "6825f8da0b61125185460f93",
            "6825f8da0b61125185460f92",
            "6825f8da0b61125185460f91",
            "6825f8d90b61125185460f90"
          ]
        }
      ]
    }
  ],
  "images": [
    "6825f8d60b61125185460f6f",
    "6825f8d60b61125185460f73",
    "6825f8d60b61125185460f72",
    "6825f8d60b61125185460f71",
    "6825f8d60b61125185460f70"
  ],
  "available": true,
  "collection_id": "6825e97a8eaaa408c6aaf619",
  "display_order": 201,
  "youtube_video": "",
  "coming_soon": false,
  "display_name_open": "Thoáng khí",
  "gender_type": "MALE",
  "all_image_contains": [
    "6825f8d60b61125185460f6f",
    "6825f8d60b61125185460f73",
    "6825f8d60b61125185460f72",
    "6825f8d60b61125185460f71",
    "6825f8d60b61125185460f70",
    "6825f8d70b61125185460f77",
    "6825f8d70b61125185460f76",
    "6825f8d70b61125185460f79",
    "6825f8d70b61125185460f78",
    "6825f8d60b61125185460f74",
    "6825f8d70b61125185460f7a",
    "6825f8d70b61125185460f75",
    "6825f8d80b61125185460f81",
    "6825f8d80b61125185460f80",
    "6825f8d80b61125185460f7f",
    "6825f8d80b61125185460f7e",
    "6825f8d70b61125185460f7c",
    "6825f8d70b61125185460f7b",
    "6825f8d70b61125185460f7d",
    "6825f8d90b61125185460f89",
    "6825f8d80b61125185460f85",
    "6825f8d80b61125185460f84",
    "6825f8d80b61125185460f83",
    "6825f8d90b61125185460f88",
    "6825f8d80b61125185460f82",
    "6825f8d80b61125185460f87",
    "6825f8d80b61125185460f86",
    "6825f8d90b61125185460f8f",
    "6825f8d90b61125185460f8e",
    "6825f8d90b61125185460f8b",
    "6825f8d90b61125185460f8a",
    "6825f8d90b61125185460f8d",
    "6825f8d90b61125185460f8c",
    "6825f8da0b61125185460f96",
    "6825f8da0b61125185460f95",
    "6825f8da0b61125185460f94",
    "6825f8da0b61125185460f93",
    "6825f8da0b61125185460f92",
    "6825f8da0b61125185460f91",
    "6825f8d90b61125185460f90"
  ],
  "is_lock": false,
  "createBy": "kiminonawa1305@gmail.com",
  "createAt": {
    "$date": "2025-05-15T14:23:26.118Z"
  },
  "updateBy": "kiminonawa1305@gmail.com",
  "updateAt": {
    "$date": "2025-05-15T14:23:26.118Z"
  },
  "_class": "com.lamnguyen.product_service.model.Product"
},
{
  "_id": "6825f8e4213ef202c0fd1f1f",
  "title": "Áo Polo Thể Thao Active Pique",
  "seo_alias": "ao-polo-the-thao-active-pique",
  "vendor": "5c482438000c695cfa6f8d22",
  "tags": [],
  "options": [
    {
      "type": "COLOR",
      "title": "Màu sắc",
      "values": [
        "Xanh dương",
        "Be",
        "Đen"
      ]
    },
    {
      "type": "SIZE",
      "title": "Kích thước",
      "values": [
        "S",
        "M",
        "L",
        "XL",
        "2XL",
        "3XL"
      ]
    }
  ],
  "options_values": [
    {
      "title": "Màu sắc",
      "type": "COLOR",
      "options": [
        {
          "title": "Xanh dương",
          "slug": "xanh-duong",
          "label": "",
          "images": [
            "6825f8df0b61125185460fa2",
            "6825f8df0b61125185460fa1",
            "6825f8df0b61125185460fa4",
            "6825f8df0b61125185460fa3",
            "6825f8df0b61125185460fa6",
            "6825f8df0b61125185460fa5",
            "6825f8df0b61125185460fa0"
          ]
        },
        {
          "title": "Be",
          "slug": "be",
          "label": "",
          "images": [
            "6825f8e00b61125185460fad",
            "6825f8e00b61125185460fab",
            "6825f8e00b61125185460fac",
            "6825f8df0b61125185460fa7",
            "6825f8e00b61125185460faa",
            "6825f8e00b61125185460fa8",
            "6825f8e00b61125185460fa9"
          ]
        },
        {
          "title": "Đen",
          "slug": "den",
          "label": "",
          "images": [
            "6825f8e00b61125185460faf",
            "6825f8e10b61125185460fb2",
            "6825f8e00b61125185460fae",
            "6825f8e10b61125185460fb3",
            "6825f8e10b61125185460fb4",
            "6825f8e00b61125185460fb1",
            "6825f8e00b61125185460fb0"
          ]
        }
      ]
    }
  ],
  "images": [
    "6825f8de0b61125185460f9a",
    "6825f8de0b61125185460f99",
    "6825f8de0b61125185460f98",
    "6825f8de0b61125185460f97",
    "6825f8df0b61125185460f9f",
    "6825f8de0b61125185460f9d",
    "6825f8df0b61125185460f9e",
    "6825f8de0b61125185460f9c",
    "6825f8de0b61125185460f9b"
  ],
  "available": true,
  "collection_id": "6825e97a8eaaa408c6aaf619",
  "display_order": 136,
  "youtube_video": "",
  "coming_soon": false,
  "display_name_open": "ExDry - Thoáng khí",
  "gender_type": "MALE",
  "all_image_contains": [
    "6825f8de0b61125185460f9a",
    "6825f8de0b61125185460f99",
    "6825f8de0b61125185460f98",
    "6825f8de0b61125185460f97",
    "6825f8df0b61125185460f9f",
    "6825f8de0b61125185460f9d",
    "6825f8df0b61125185460f9e",
    "6825f8de0b61125185460f9c",
    "6825f8de0b61125185460f9b",
    "6825f8df0b61125185460fa2",
    "6825f8df0b61125185460fa1",
    "6825f8df0b61125185460fa4",
    "6825f8df0b61125185460fa3",
    "6825f8df0b61125185460fa6",
    "6825f8df0b61125185460fa5",
    "6825f8df0b61125185460fa0",
    "6825f8e00b61125185460fad",
    "6825f8e00b61125185460fab",
    "6825f8e00b61125185460fac",
    "6825f8df0b61125185460fa7",
    "6825f8e00b61125185460faa",
    "6825f8e00b61125185460fa8",
    "6825f8e00b61125185460fa9",
    "6825f8e00b61125185460faf",
    "6825f8e10b61125185460fb2",
    "6825f8e00b61125185460fae",
    "6825f8e10b61125185460fb3",
    "6825f8e10b61125185460fb4",
    "6825f8e00b61125185460fb1",
    "6825f8e00b61125185460fb0"
  ],
  "is_lock": false,
  "createBy": "kiminonawa1305@gmail.com",
  "createAt": {
    "$date": "2025-05-15T14:23:32.039Z"
  },
  "updateBy": "kiminonawa1305@gmail.com",
  "updateAt": {
    "$date": "2025-05-15T14:23:32.039Z"
  },
  "_class": "com.lamnguyen.product_service.model.Product"
},
{
  "_id": "6825f8ed213ef202c0fd1f20",
  "title": "Áo Polo nam Excool",
  "seo_alias": "ao-polo-nam-excool",
  "vendor": "5c482438000c695cfa6f8d22",
  "tags": [
    "WORTH_BUYING"
  ],
  "options": [
    {
      "type": "COLOR",
      "title": "Màu Áo",
      "values": [
        "Xanh Navy",
        "Trắng",
        "Đen",
        "Xám",
        "Rêu",
        "Xanh lá nhạt",
        "Xanh bạc hà"
      ]
    },
    {
      "type": "SIZE",
      "title": "Kích thước Áo",
      "values": [
        "S",
        "M",
        "L",
        "XL",
        "2XL",
        "3XL"
      ]
    }
  ],
  "options_values": [
    {
      "title": "Màu Áo",
      "type": "COLOR",
      "options": [
        {
          "title": "Xanh Navy",
          "slug": "xanh-navy",
          "label": "",
          "images": [
            "6825f8e50b61125185460fc0",
            "6825f8e40b61125185460fbd",
            "6825f8e40b61125185460fbc",
            "6825f8e50b61125185460fbf",
            "6825f8e50b61125185460fbe"
          ]
        },
        {
          "title": "Trắng",
          "slug": "trang",
          "label": "",
          "images": [
            "6825f8e50b61125185460fc4",
            "6825f8e50b61125185460fc3",
            "6825f8e50b61125185460fc2",
            "6825f8e50b61125185460fc1",
            "6825f8e60b61125185460fc5",
            "6825f8e60b61125185460fc6"
          ]
        },
        {
          "title": "Đen",
          "slug": "den",
          "label": "",
          "images": [
            "6825f8e60b61125185460fca",
            "6825f8e60b61125185460fcb",
            "6825f8e60b61125185460fc7",
            "6825f8e60b61125185460fc9",
            "6825f8e60b61125185460fc8"
          ]
        },
        {
          "title": "Xám",
          "slug": "xam",
          "label": "",
          "images": [
            "6825f8e60b61125185460fcc",
            "6825f8e60b61125185460fce",
            "6825f8e60b61125185460fcd",
            "6825f8e60b61125185460fcf",
            "6825f8e70b61125185460fd1",
            "6825f8e70b61125185460fd0"
          ]
        },
        {
          "title": "Rêu",
          "slug": "reu",
          "label": "",
          "images": [
            "6825f8e70b61125185460fd7",
            "6825f8e70b61125185460fd6",
            "6825f8e70b61125185460fd5",
            "6825f8e70b61125185460fd4",
            "6825f8e70b61125185460fd3",
            "6825f8e70b61125185460fd2"
          ]
        },
        {
          "title": "Xanh lá nhạt",
          "slug": "xanh-la-nhat",
          "label": "",
          "images": [
            "6825f8e80b61125185460fdb",
            "6825f8e80b61125185460fda",
            "6825f8e70b61125185460fd9",
            "6825f8e70b61125185460fd8",
            "6825f8e80b61125185460fdd",
            "6825f8e80b61125185460fdc",
            "6825f8e80b61125185460fdf",
            "6825f8e80b61125185460fde"
          ]
        },
        {
          "title": "Xanh bạc hà",
          "slug": "xanh-bac-ha",
          "label": "",
          "images": [
            "6825f8e80b61125185460fe1",
            "6825f8e80b61125185460fe0",
            "6825f8e80b61125185460fe3",
            "6825f8e80b61125185460fe2",
            "6825f8e90b61125185460fe5",
            "6825f8e90b61125185460fe4"
          ]
        }
      ]
    }
  ],
  "images": [
    "6825f8e40b61125185460fb9",
    "6825f8e40b61125185460fb6",
    "6825f8e40b61125185460fb5",
    "6825f8e40b61125185460fb8",
    "6825f8e40b61125185460fb7",
    "6825f8e40b61125185460fbb",
    "6825f8e40b61125185460fba"
  ],
  "available": true,
  "collection_id": "6825e97a8eaaa408c6aaf619",
  "display_order": 203,
  "youtube_video": "",
  "coming_soon": false,
  "display_name_open": "Thoáng mát",
  "gender_type": "MALE",
  "all_image_contains": [
    "6825f8e40b61125185460fb9",
    "6825f8e40b61125185460fb6",
    "6825f8e40b61125185460fb5",
    "6825f8e40b61125185460fb8",
    "6825f8e40b61125185460fb7",
    "6825f8e40b61125185460fbb",
    "6825f8e40b61125185460fba",
    "6825f8e50b61125185460fc0",
    "6825f8e40b61125185460fbd",
    "6825f8e40b61125185460fbc",
    "6825f8e50b61125185460fbf",
    "6825f8e50b61125185460fbe",
    "6825f8e50b61125185460fc4",
    "6825f8e50b61125185460fc3",
    "6825f8e50b61125185460fc2",
    "6825f8e50b61125185460fc1",
    "6825f8e60b61125185460fc5",
    "6825f8e60b61125185460fc6",
    "6825f8e60b61125185460fca",
    "6825f8e60b61125185460fcb",
    "6825f8e60b61125185460fc7",
    "6825f8e60b61125185460fc9",
    "6825f8e60b61125185460fc8",
    "6825f8e60b61125185460fcc",
    "6825f8e60b61125185460fce",
    "6825f8e60b61125185460fcd",
    "6825f8e60b61125185460fcf",
    "6825f8e70b61125185460fd1",
    "6825f8e70b61125185460fd0",
    "6825f8e70b61125185460fd7",
    "6825f8e70b61125185460fd6",
    "6825f8e70b61125185460fd5",
    "6825f8e70b61125185460fd4",
    "6825f8e70b61125185460fd3",
    "6825f8e70b61125185460fd2",
    "6825f8e80b61125185460fdb",
    "6825f8e80b61125185460fda",
    "6825f8e70b61125185460fd9",
    "6825f8e70b61125185460fd8",
    "6825f8e80b61125185460fdd",
    "6825f8e80b61125185460fdc",
    "6825f8e80b61125185460fdf",
    "6825f8e80b61125185460fde",
    "6825f8e80b61125185460fe1",
    "6825f8e80b61125185460fe0",
    "6825f8e80b61125185460fe3",
    "6825f8e80b61125185460fe2",
    "6825f8e90b61125185460fe5",
    "6825f8e90b61125185460fe4"
  ],
  "is_lock": false,
  "createBy": "kiminonawa1305@gmail.com",
  "createAt": {
    "$date": "2025-05-15T14:23:41.102Z"
  },
  "updateBy": "kiminonawa1305@gmail.com",
  "updateAt": {
    "$date": "2025-05-15T14:23:41.102Z"
  },
  "_class": "com.lamnguyen.product_service.model.Product"
},
{
  "_id": "6825f8f2213ef202c0fd1f21",
  "title": "Combo 3 Áo Polo Nam Thể Thao ProMax-S1",
  "seo_alias": "combo-3-ao-polo-nam-the-thao-promax-s1",
  "vendor": "5c482438000c695cfa6f8d22",
  "tags": [
    "SAVING_PACKS"
  ],
  "options": [
    {
      "type": "COLOR",
      "title": "Màu sắc",
      "values": [
        "Mix màu 1",
        "Mix màu 2",
        "Mix màu 3",
        "Mix màu 4"
      ]
    },
    {
      "type": "SIZE",
      "title": "Kích thước Áo",
      "values": [
        "S",
        "M",
        "L",
        "XL",
        "2XL",
        "3XL"
      ]
    }
  ],
  "options_values": [
    {
      "title": "Màu sắc",
      "type": "COLOR",
      "options": [
        {
          "title": "Mix màu 1",
          "slug": "mix-mau-1",
          "label": "",
          "images": [
            "6825f8ee0b61125185460ff0",
            "6825f8ed0b61125185460fed",
            "6825f8ed0b61125185460fec",
            "6825f8ed0b61125185460feb",
            "6825f8ee0b61125185460fef",
            "6825f8ee0b61125185460fee"
          ]
        },
        {
          "title": "Mix màu 2",
          "slug": "mix-mau-2",
          "label": "",
          "images": [
            "6825f8ee0b61125185460ff1",
            "6825f8ee0b61125185460ff3",
            "6825f8ee0b61125185460ff2",
            "6825f8ee0b61125185460ff5",
            "6825f8ee0b61125185460ff4",
            "6825f8ee0b61125185460ff6"
          ]
        },
        {
          "title": "Mix màu 3",
          "slug": "mix-mau-3",
          "label": "",
          "images": [
            "6825f8ef0b61125185460ff9",
            "6825f8ef0b61125185460ff8",
            "6825f8ee0b61125185460ff7",
            "6825f8ef0b61125185460ffb",
            "6825f8ef0b61125185460ffa",
            "6825f8ef0b61125185460ffc"
          ]
        },
        {
          "title": "Mix màu 4",
          "slug": "mix-mau-4",
          "label": "",
          "images": [
            "6825f8ef0b61125185461000",
            "6825f8ef0b61125185460fff",
            "6825f8f00b61125185461002",
            "6825f8ef0b61125185460ffe",
            "6825f8f00b61125185461001",
            "6825f8ef0b61125185460ffd"
          ]
        }
      ]
    }
  ],
  "images": [
    "6825f8ed0b61125185460fe7",
    "6825f8ed0b61125185460fe6",
    "6825f8ed0b61125185460fea",
    "6825f8ed0b61125185460fe9",
    "6825f8ed0b61125185460fe8"
  ],
  "available": true,
  "collection_id": "6825e97a8eaaa408c6aaf619",
  "display_order": 222,
  "youtube_video": "",
  "coming_soon": false,
  "display_name_open": "Thoáng khí",
  "gender_type": "MALE",
  "all_image_contains": [
    "6825f8ed0b61125185460fe7",
    "6825f8ed0b61125185460fe6",
    "6825f8ed0b61125185460fea",
    "6825f8ed0b61125185460fe9",
    "6825f8ed0b61125185460fe8",
    "6825f8ee0b61125185460ff0",
    "6825f8ed0b61125185460fed",
    "6825f8ed0b61125185460fec",
    "6825f8ed0b61125185460feb",
    "6825f8ee0b61125185460fef",
    "6825f8ee0b61125185460fee",
    "6825f8ee0b61125185460ff1",
    "6825f8ee0b61125185460ff3",
    "6825f8ee0b61125185460ff2",
    "6825f8ee0b61125185460ff5",
    "6825f8ee0b61125185460ff4",
    "6825f8ee0b61125185460ff6",
    "6825f8ef0b61125185460ff9",
    "6825f8ef0b61125185460ff8",
    "6825f8ee0b61125185460ff7",
    "6825f8ef0b61125185460ffb",
    "6825f8ef0b61125185460ffa",
    "6825f8ef0b61125185460ffc",
    "6825f8ef0b61125185461000",
    "6825f8ef0b61125185460fff",
    "6825f8f00b61125185461002",
    "6825f8ef0b61125185460ffe",
    "6825f8f00b61125185461001",
    "6825f8ef0b61125185460ffd"
  ],
  "is_lock": false,
  "createBy": "kiminonawa1305@gmail.com",
  "createAt": {
    "$date": "2025-05-15T14:23:46.387Z"
  },
  "updateBy": "kiminonawa1305@gmail.com",
  "updateAt": {
    "$date": "2025-05-15T14:23:46.387Z"
  },
  "_class": "com.lamnguyen.product_service.model.Product"
},
{
  "_id": "6825f8ff213ef202c0fd1f22",
  "title": "Pack 3 Áo Polo nam Pique Cotton",
  "seo_alias": "pack-3-ao-polo-nam-pique-cotton",
  "vendor": "5c482438000c695cfa6f8d22",
  "tags": [
    "SAVING_PACKS"
  ],
  "options": [
    {
      "type": "COLOR",
      "title": "Màu sắc",
      "values": [
        "Pack 1",
        "Pack 2",
        "Pack 3",
        "Pack 4",
        "Pack 5",
        "Pack 6",
        "Pack 7"
      ]
    },
    {
      "type": "SIZE",
      "title": "Kích thước",
      "values": [
        "S",
        "M",
        "L",
        "XL",
        "2XL",
        "3XL"
      ]
    }
  ],
  "options_values": [
    {
      "title": "Màu sắc",
      "type": "COLOR",
      "options": [
        {
          "title": "Pack 1",
          "slug": "pack-1",
          "label": "",
          "images": [
            "6825f8f30b61125185461009",
            "6825f8f30b6112518546100e",
            "6825f8f30b6112518546100d",
            "6825f8f30b6112518546100f",
            "6825f8f20b61125185461008",
            "6825f8f30b6112518546100a",
            "6825f8f30b6112518546100c",
            "6825f8f30b6112518546100b",
            "6825f8f30b61125185461010"
          ]
        },
        {
          "title": "Pack 2",
          "slug": "pack-2",
          "label": "",
          "images": [
            "6825f8f40b61125185461013",
            "6825f8f30b61125185461012",
            "6825f8f30b61125185461011",
            "6825f8f40b61125185461019",
            "6825f8f40b61125185461018",
            "6825f8f40b61125185461017",
            "6825f8f40b61125185461016",
            "6825f8f40b61125185461015",
            "6825f8f40b61125185461014"
          ]
        },
        {
          "title": "Pack 3",
          "slug": "pack-3",
          "label": "",
          "images": [
            "6825f8f40b6112518546101c",
            "6825f8f40b6112518546101b",
            "6825f8f40b6112518546101a",
            "6825f8f50b61125185461021",
            "6825f8f50b61125185461020",
            "6825f8f50b61125185461022",
            "6825f8f50b6112518546101d",
            "6825f8f50b6112518546101f",
            "6825f8f50b6112518546101e"
          ]
        },
        {
          "title": "Pack 4",
          "slug": "pack-4",
          "label": "",
          "images": [
            "6825f8f60b6112518546102c",
            "6825f8f60b61125185461029",
            "6825f8f50b61125185461023",
            "6825f8f60b61125185461028",
            "6825f8f50b61125185461025",
            "6825f8f50b61125185461024",
            "6825f8f50b61125185461027",
            "6825f8f50b61125185461026",
            "6825f8f60b6112518546102a",
            "6825f8f60b6112518546102b"
          ]
        },
        {
          "title": "Pack 5",
          "slug": "pack-5",
          "label": "",
          "images": [
            "6825f8f60b6112518546102e",
            "6825f8f60b6112518546102f",
            "6825f8f60b6112518546102d",
            "6825f8f60b61125185461032",
            "6825f8f70b61125185461033",
            "6825f8f70b61125185461034",
            "6825f8f60b61125185461030",
            "6825f8f70b61125185461035",
            "6825f8f60b61125185461031",
            "6825f8f70b61125185461036"
          ]
        },
        {
          "title": "Pack 6",
          "slug": "pack-6",
          "label": "",
          "images": [
            "6825f8f70b6112518546103a",
            "6825f8f80b6112518546103f",
            "6825f8f70b6112518546103b",
            "6825f8f80b6112518546103d",
            "6825f8f80b6112518546103e",
            "6825f8f70b61125185461037",
            "6825f8f70b61125185461038",
            "6825f8f70b61125185461039",
            "6825f8f70b6112518546103c"
          ]
        },
        {
          "title": "Pack 7",
          "slug": "pack-7",
          "label": "",
          "images": [
            "6825f8f80b61125185461045",
            "6825f8f90b61125185461046",
            "6825f8f90b61125185461047",
            "6825f8f80b61125185461043",
            "6825f8f90b61125185461048",
            "6825f8f80b61125185461044",
            "6825f8f80b61125185461041",
            "6825f8f80b61125185461042",
            "6825f8f80b61125185461040"
          ]
        }
      ]
    }
  ],
  "images": [
    "6825f8f20b61125185461004",
    "6825f8f20b61125185461003",
    "6825f8f20b61125185461007",
    "6825f8f20b61125185461006",
    "6825f8f20b61125185461005"
  ],
  "available": true,
  "collection_id": "6825e97a8eaaa408c6aaf619",
  "display_order": 225,
  "youtube_video": "",
  "coming_soon": false,
  "display_name_open": "100% Cotton",
  "gender_type": "MALE",
  "all_image_contains": [
    "6825f8f20b61125185461004",
    "6825f8f20b61125185461003",
    "6825f8f20b61125185461007",
    "6825f8f20b61125185461006",
    "6825f8f20b61125185461005",
    "6825f8f30b61125185461009",
    "6825f8f30b6112518546100e",
    "6825f8f30b6112518546100d",
    "6825f8f30b6112518546100f",
    "6825f8f20b61125185461008",
    "6825f8f30b6112518546100a",
    "6825f8f30b6112518546100c",
    "6825f8f30b6112518546100b",
    "6825f8f30b61125185461010",
    "6825f8f40b61125185461013",
    "6825f8f30b61125185461012",
    "6825f8f30b61125185461011",
    "6825f8f40b61125185461019",
    "6825f8f40b61125185461018",
    "6825f8f40b61125185461017",
    "6825f8f40b61125185461016",
    "6825f8f40b61125185461015",
    "6825f8f40b61125185461014",
    "6825f8f40b6112518546101c",
    "6825f8f40b6112518546101b",
    "6825f8f40b6112518546101a",
    "6825f8f50b61125185461021",
    "6825f8f50b61125185461020",
    "6825f8f50b61125185461022",
    "6825f8f50b6112518546101d",
    "6825f8f50b6112518546101f",
    "6825f8f50b6112518546101e",
    "6825f8f60b6112518546102c",
    "6825f8f60b61125185461029",
    "6825f8f50b61125185461023",
    "6825f8f60b61125185461028",
    "6825f8f50b61125185461025",
    "6825f8f50b61125185461024",
    "6825f8f50b61125185461027",
    "6825f8f50b61125185461026",
    "6825f8f60b6112518546102a",
    "6825f8f60b6112518546102b",
    "6825f8f60b6112518546102e",
    "6825f8f60b6112518546102f",
    "6825f8f60b6112518546102d",
    "6825f8f60b61125185461032",
    "6825f8f70b61125185461033",
    "6825f8f70b61125185461034",
    "6825f8f60b61125185461030",
    "6825f8f70b61125185461035",
    "6825f8f60b61125185461031",
    "6825f8f70b61125185461036",
    "6825f8f70b6112518546103a",
    "6825f8f80b6112518546103f",
    "6825f8f70b6112518546103b",
    "6825f8f80b6112518546103d",
    "6825f8f80b6112518546103e",
    "6825f8f70b61125185461037",
    "6825f8f70b61125185461038",
    "6825f8f70b61125185461039",
    "6825f8f70b6112518546103c",
    "6825f8f80b61125185461045",
    "6825f8f90b61125185461046",
    "6825f8f90b61125185461047",
    "6825f8f80b61125185461043",
    "6825f8f90b61125185461048",
    "6825f8f80b61125185461044",
    "6825f8f80b61125185461041",
    "6825f8f80b61125185461042",
    "6825f8f80b61125185461040"
  ],
  "is_lock": false,
  "createBy": "kiminonawa1305@gmail.com",
  "createAt": {
    "$date": "2025-05-15T14:23:59.326Z"
  },
  "updateBy": "kiminonawa1305@gmail.com",
  "updateAt": {
    "$date": "2025-05-15T14:23:59.326Z"
  },
  "_class": "com.lamnguyen.product_service.model.Product"
},
{
  "_id": "6825f905213ef202c0fd1f23",
  "title": "Áo Polo Nam Cafe",
  "seo_alias": "ao-polo-nam-cafe",
  "vendor": "5c482438000c695cfa6f8d22",
  "tags": [
    "WORTH_BUYING"
  ],
  "options": [
    {
      "type": "COLOR",
      "title": "Màu sắc",
      "values": [
        "Đen",
        "Xám nhạt",
        "Xanh Navy",
        "Trắng"
      ]
    },
    {
      "type": "SIZE",
      "title": "Kích thước Áo",
      "values": [
        "S",
        "M",
        "L",
        "XL",
        "2XL",
        "3XL"
      ]
    }
  ],
  "options_values": [
    {
      "title": "Màu sắc",
      "type": "COLOR",
      "options": [
        {
          "title": "Đen",
          "slug": "den",
          "label": "",
          "images": [
            "6825f9000b61125185461051",
            "6825f9000b61125185461052",
            "6825f9000b61125185461053",
            "6825f9010b61125185461058",
            "6825f9000b61125185461054",
            "6825f9000b61125185461055",
            "6825f9000b61125185461056",
            "6825f9000b61125185461057"
          ]
        },
        {
          "title": "Xám nhạt",
          "slug": "xam-nhat",
          "label": "",
          "images": [
            "6825f9010b61125185461059",
            "6825f9010b6112518546105f",
            "6825f9010b6112518546105d",
            "6825f9010b6112518546105e",
            "6825f9010b6112518546105b",
            "6825f9010b6112518546105c",
            "6825f9010b6112518546105a",
            "6825f9010b61125185461060"
          ]
        },
        {
          "title": "Xanh Navy",
          "slug": "xanh-navy",
          "label": "",
          "images": [
            "6825f9020b61125185461061"
          ]
        },
        {
          "title": "Trắng",
          "slug": "trang",
          "label": "",
          "images": [
            "6825f9020b61125185461064",
            "6825f9020b61125185461065",
            "6825f9020b61125185461066",
            "6825f9020b61125185461067",
            "6825f9020b61125185461068",
            "6825f9020b61125185461062",
            "6825f9020b61125185461063"
          ]
        }
      ]
    }
  ],
  "images": [
    "6825f8ff0b6112518546104a",
    "6825f8ff0b6112518546104b",
    "6825f8ff0b6112518546104c",
    "6825f8ff0b6112518546104d",
    "6825f9000b61125185461050",
    "6825f8ff0b61125185461049",
    "6825f8ff0b6112518546104e",
    "6825f9000b6112518546104f"
  ],
  "available": true,
  "collection_id": "6825e97a8eaaa408c6aaf619",
  "display_order": 235,
  "youtube_video": "https://mcdn.coolmate.me/uploads/videos/POLO_CAFE.mp4",
  "coming_soon": false,
  "display_name_open": "Khử Mùi / Kháng khuẩn",
  "gender_type": "MALE",
  "all_image_contains": [
    "6825f8ff0b6112518546104a",
    "6825f8ff0b6112518546104b",
    "6825f8ff0b6112518546104c",
    "6825f8ff0b6112518546104d",
    "6825f9000b61125185461050",
    "6825f8ff0b61125185461049",
    "6825f8ff0b6112518546104e",
    "6825f9000b6112518546104f",
    "6825f9000b61125185461051",
    "6825f9000b61125185461052",
    "6825f9000b61125185461053",
    "6825f9010b61125185461058",
    "6825f9000b61125185461054",
    "6825f9000b61125185461055",
    "6825f9000b61125185461056",
    "6825f9000b61125185461057",
    "6825f9010b61125185461059",
    "6825f9010b6112518546105f",
    "6825f9010b6112518546105d",
    "6825f9010b6112518546105e",
    "6825f9010b6112518546105b",
    "6825f9010b6112518546105c",
    "6825f9010b6112518546105a",
    "6825f9010b61125185461060",
    "6825f9020b61125185461061",
    "6825f9020b61125185461064",
    "6825f9020b61125185461065",
    "6825f9020b61125185461066",
    "6825f9020b61125185461067",
    "6825f9020b61125185461068",
    "6825f9020b61125185461062",
    "6825f9020b61125185461063"
  ],
  "is_lock": false,
  "createBy": "kiminonawa1305@gmail.com",
  "createAt": {
    "$date": "2025-05-15T14:24:05.612Z"
  },
  "updateBy": "kiminonawa1305@gmail.com",
  "updateAt": {
    "$date": "2025-05-15T14:24:05.612Z"
  },
  "_class": "com.lamnguyen.product_service.model.Product"
},
{
  "_id": "6825f913213ef202c0fd1f24",
  "title": "Áo Polo Nam Pique Cotton",
  "seo_alias": "ao-polo-nam-pique-cotton",
  "vendor": "5c482438000c695cfa6f8d22",
  "tags": [
    "WORTH_BUYING",
    "BEST_SELLER"
  ],
  "options": [
    {
      "type": "COLOR",
      "title": "Màu sắc",
      "values": [
        "Nâu đậm",
        "Đen",
        "Xanh rêu",
        "Trắng",
        "Xanh Navy",
        "Xanh lá",
        "Nâu be",
        "Xám CastleRock",
        "Vàng Golden Fleece",
        "Xanh Glacier",
        "Đỏ Chocolate Truffle",
        "Xanh Frosty Green"
      ]
    },
    {
      "type": "SIZE",
      "title": "Kích thước Áo",
      "values": [
        "S",
        "M",
        "L",
        "XL",
        "2XL",
        "3XL",
        "4XL"
      ]
    }
  ],
  "options_values": [
    {
      "title": "Màu sắc",
      "type": "COLOR",
      "options": [
        {
          "title": "Nâu đậm",
          "slug": "nau-dam",
          "label": "",
          "images": [
            "6825f9060b6112518546106f",
            "6825f9060b6112518546106e",
            "6825f9060b6112518546106d",
            "6825f9060b61125185461073",
            "6825f9060b61125185461072",
            "6825f9060b61125185461071",
            "6825f9060b61125185461070"
          ]
        },
        {
          "title": "Đen",
          "slug": "den",
          "label": "",
          "images": [
            "6825f9070b6112518546107a",
            "6825f9060b61125185461075",
            "6825f9060b61125185461074",
            "6825f9070b61125185461077",
            "6825f9070b61125185461076",
            "6825f9070b61125185461079",
            "6825f9070b61125185461078"
          ]
        },
        {
          "title": "Xanh rêu",
          "slug": "xanh-reu",
          "label": "",
          "images": [
            "6825f9070b6112518546107c",
            "6825f9070b6112518546107b",
            "6825f9070b6112518546107e",
            "6825f9070b6112518546107d",
            "6825f9070b6112518546107f",
            "6825f9080b61125185461081",
            "6825f9080b61125185461080"
          ]
        },
        {
          "title": "Trắng",
          "slug": "trang",
          "label": "",
          "images": [
            "6825f9080b61125185461088",
            "6825f9080b61125185461083",
            "6825f9080b61125185461082",
            "6825f9080b61125185461087",
            "6825f9080b61125185461086",
            "6825f9080b61125185461085",
            "6825f9080b61125185461084"
          ]
        },
        {
          "title": "Xanh Navy",
          "slug": "xanh-navy",
          "label": "",
          "images": [
            "6825f9090b6112518546108d",
            "6825f9090b6112518546108c",
            "6825f9090b6112518546108e",
            "6825f9090b6112518546108b",
            "6825f9090b6112518546108a",
            "6825f9090b61125185461089"
          ]
        },
        {
          "title": "Xanh lá",
          "slug": "xanh-la",
          "label": "",
          "images": [
            "6825f9090b6112518546108f",
            "6825f90a0b61125185461095",
            "6825f90a0b61125185461094",
            "6825f9090b61125185461091",
            "6825f9090b61125185461090",
            "6825f9090b61125185461093",
            "6825f9090b61125185461092"
          ]
        },
        {
          "title": "Nâu be",
          "slug": "nau-be",
          "label": "",
          "images": [
            "6825f90a0b61125185461097",
            "6825f90a0b61125185461096",
            "6825f90a0b6112518546109c",
            "6825f90a0b6112518546109b",
            "6825f90a0b6112518546109a",
            "6825f90a0b61125185461099",
            "6825f90a0b61125185461098"
          ]
        },
        {
          "title": "Xám CastleRock",
          "slug": "xam-castlerock",
          "label": "",
          "images": [
            "6825f90b0b6112518546109d",
            "6825f90b0b6112518546109f",
            "6825f90b0b6112518546109e",
            "6825f90b0b611251854610a0",
            "6825f90b0b611251854610a1"
          ]
        },
        {
          "title": "Vàng Golden Fleece",
          "slug": "vang-golden-fleece",
          "label": "",
          "images": [
            "6825f90b0b611251854610a2",
            "6825f90b0b611251854610a4",
            "6825f90b0b611251854610a3",
            "6825f90b0b611251854610a6",
            "6825f90b0b611251854610a5"
          ]
        },
        {
          "title": "Xanh Glacier",
          "slug": "xanh-glacier",
          "label": "",
          "images": [
            "6825f90c0b611251854610aa",
            "6825f90c0b611251854610ab",
            "6825f90c0b611251854610a9",
            "6825f90c0b611251854610a8",
            "6825f90c0b611251854610a7"
          ]
        },
        {
          "title": "Đỏ Chocolate Truffle",
          "slug": "do-chocolate-truffle",
          "label": "",
          "images": [
            "6825f90c0b611251854610b0",
            "6825f90c0b611251854610ae",
            "6825f90c0b611251854610ad",
            "6825f90c0b611251854610ac",
            "6825f90c0b611251854610af"
          ]
        },
        {
          "title": "Xanh Frosty Green",
          "slug": "xanh-frosty-green",
          "label": "",
          "images": [
            "6825f90d0b611251854610b3",
            "6825f90d0b611251854610b2",
            "6825f90d0b611251854610b5",
            "6825f90d0b611251854610b4",
            "6825f90d0b611251854610b1"
          ]
        }
      ]
    }
  ],
  "images": [
    "6825f9060b6112518546106c",
    "6825f9050b61125185461069",
    "6825f9050b6112518546106b",
    "6825f9050b6112518546106a"
  ],
  "available": true,
  "collection_id": "6825e97a8eaaa408c6aaf619",
  "display_order": 296,
  "youtube_video": "",
  "coming_soon": false,
  "display_name_open": "100% Cotton",
  "gender_type": "MALE",
  "all_image_contains": [
    "6825f9060b6112518546106c",
    "6825f9050b61125185461069",
    "6825f9050b6112518546106b",
    "6825f9050b6112518546106a",
    "6825f9060b6112518546106f",
    "6825f9060b6112518546106e",
    "6825f9060b6112518546106d",
    "6825f9060b61125185461073",
    "6825f9060b61125185461072",
    "6825f9060b61125185461071",
    "6825f9060b61125185461070",
    "6825f9070b6112518546107a",
    "6825f9060b61125185461075",
    "6825f9060b61125185461074",
    "6825f9070b61125185461077",
    "6825f9070b61125185461076",
    "6825f9070b61125185461079",
    "6825f9070b61125185461078",
    "6825f9070b6112518546107c",
    "6825f9070b6112518546107b",
    "6825f9070b6112518546107e",
    "6825f9070b6112518546107d",
    "6825f9070b6112518546107f",
    "6825f9080b61125185461081",
    "6825f9080b61125185461080",
    "6825f9080b61125185461088",
    "6825f9080b61125185461083",
    "6825f9080b61125185461082",
    "6825f9080b61125185461087",
    "6825f9080b61125185461086",
    "6825f9080b61125185461085",
    "6825f9080b61125185461084",
    "6825f9090b6112518546108d",
    "6825f9090b6112518546108c",
    "6825f9090b6112518546108e",
    "6825f9090b6112518546108b",
    "6825f9090b6112518546108a",
    "6825f9090b61125185461089",
    "6825f9090b6112518546108f",
    "6825f90a0b61125185461095",
    "6825f90a0b61125185461094",
    "6825f9090b61125185461091",
    "6825f9090b61125185461090",
    "6825f9090b61125185461093",
    "6825f9090b61125185461092",
    "6825f90a0b61125185461097",
    "6825f90a0b61125185461096",
    "6825f90a0b6112518546109c",
    "6825f90a0b6112518546109b",
    "6825f90a0b6112518546109a",
    "6825f90a0b61125185461099",
    "6825f90a0b61125185461098",
    "6825f90b0b6112518546109d",
    "6825f90b0b6112518546109f",
    "6825f90b0b6112518546109e",
    "6825f90b0b611251854610a0",
    "6825f90b0b611251854610a1",
    "6825f90b0b611251854610a2",
    "6825f90b0b611251854610a4",
    "6825f90b0b611251854610a3",
    "6825f90b0b611251854610a6",
    "6825f90b0b611251854610a5",
    "6825f90c0b611251854610aa",
    "6825f90c0b611251854610ab",
    "6825f90c0b611251854610a9",
    "6825f90c0b611251854610a8",
    "6825f90c0b611251854610a7",
    "6825f90c0b611251854610b0",
    "6825f90c0b611251854610ae",
    "6825f90c0b611251854610ad",
    "6825f90c0b611251854610ac",
    "6825f90c0b611251854610af",
    "6825f90d0b611251854610b3",
    "6825f90d0b611251854610b2",
    "6825f90d0b611251854610b5",
    "6825f90d0b611251854610b4",
    "6825f90d0b611251854610b1"
  ],
  "is_lock": false,
  "createBy": "kiminonawa1305@gmail.com",
  "createAt": {
    "$date": "2025-05-15T14:24:19.972Z"
  },
  "updateBy": "kiminonawa1305@gmail.com",
  "updateAt": {
    "$date": "2025-05-15T14:24:19.972Z"
  },
  "_class": "com.lamnguyen.product_service.model.Product"
},
{
  "_id": "6825f937213ef202c0fd1f25",
  "title": "Áo Polo Nam Thể Thao Promax-S1",
  "seo_alias": "ao-polo-nam-the-thao-promax-s1",
  "vendor": "5c482438000c695cfa6f8d22",
  "tags": [
    "WORTH_BUYING",
    "BEST_SELLER"
  ],
  "options": [
    {
      "type": "COLOR",
      "title": "Màu sắc",
      "values": [
        "Be Xám",
        "Xanh rêu",
        "Nâu Đậm Ganache",
        "Nâu Coffee Quartz",
        "Vàng Golden Haze",
        "Đen",
        "Xanh Lavender Lustre",
        "Xanh Aqua",
        "Be Trench Coat",
        "Trắng",
        "Xanh bóng đêm",
        "Xám đen",
        "Xanh Deep Cobalt",
        "Xám Brushed Nickle",
        "Xám Tarmac",
        "Xanh Navy"
      ]
    },
    {
      "type": "SIZE",
      "title": "Kích thước Áo",
      "values": [
        "S",
        "M",
        "L",
        "XL",
        "2XL",
        "3XL"
      ]
    }
  ],
  "options_values": [
    {
      "title": "Màu sắc",
      "type": "COLOR",
      "options": [
        {
          "title": "Be Xám",
          "slug": "be-xam",
          "label": "",
          "images": [
            "6825f9150b611251854610c9",
            "6825f9150b611251854610c8",
            "6825f9150b611251854610c7",
            "6825f9150b611251854610c6",
            "6825f9150b611251854610c5",
            "6825f9150b611251854610c4",
            "6825f9160b611251854610ca",
            "6825f9150b611251854610c3"
          ]
        },
        {
          "title": "Xanh rêu",
          "slug": "xanh-reu",
          "label": "",
          "images": [
            "6825f9160b611251854610cf",
            "6825f9160b611251854610d0",
            "6825f9160b611251854610d2",
            "6825f9160b611251854610d1",
            "6825f9160b611251854610cc",
            "6825f9160b611251854610cb",
            "6825f9160b611251854610ce",
            "6825f9160b611251854610cd"
          ]
        },
        {
          "title": "Nâu Đậm Ganache",
          "slug": "nau-dam-ganache",
          "label": "",
          "images": [
            "6825f9170b611251854610d5",
            "6825f9170b611251854610d4",
            "6825f9170b611251854610d3",
            "6825f9170b611251854610d9",
            "6825f9170b611251854610d8",
            "6825f9180b611251854610da",
            "6825f9170b611251854610d7",
            "6825f9170b611251854610d6"
          ]
        },
        {
          "title": "Nâu Coffee Quartz",
          "slug": "nau-coffee-quartz",
          "label": "",
          "images": [
            "6825f9190b611251854610e3",
            "6825f9190b611251854610e2",
            "6825f9180b611251854610df",
            "6825f9180b611251854610de",
            "6825f9180b611251854610db",
            "6825f9180b611251854610dd",
            "6825f9180b611251854610dc",
            "6825f9180b611251854610e1",
            "6825f9180b611251854610e0"
          ]
        },
        {
          "title": "Vàng Golden Haze",
          "slug": "vang-golden-haze",
          "label": "",
          "images": [
            "6825f9190b611251854610e4",
            "6825f9190b611251854610eb",
            "6825f9190b611251854610ea",
            "6825f9190b611251854610e9",
            "6825f9190b611251854610e8",
            "6825f9190b611251854610e7",
            "6825f9190b611251854610e6",
            "6825f9190b611251854610e5"
          ]
        },
        {
          "title": "Đen",
          "slug": "den",
          "label": "",
          "images": [
            "6825f91a0b611251854610ef",
            "6825f91a0b611251854610ee",
            "6825f91a0b611251854610f1",
            "6825f91a0b611251854610f0",
            "6825f91a0b611251854610f2",
            "6825f91a0b611251854610ed",
            "6825f91a0b611251854610ec"
          ]
        },
        {
          "title": "Xanh Lavender Lustre",
          "slug": "xanh-lavender-lustre",
          "label": "",
          "images": [
            "6825f91b0b611251854610f4",
            "6825f91b0b611251854610fa",
            "6825f91b0b611251854610f8",
            "6825f91b0b611251854610f7",
            "6825f91b0b611251854610f6",
            "6825f91b0b611251854610f5",
            "6825f91a0b611251854610f3",
            "6825f91b0b611251854610f9"
          ]
        },
        {
          "title": "Xanh Aqua",
          "slug": "xanh-aqua",
          "label": "",
          "images": [
            "6825f91c0b61125185461102",
            "6825f91c0b61125185461101",
            "6825f91c0b61125185461103",
            "6825f91b0b611251854610fd",
            "6825f91c0b611251854610fe",
            "6825f91b0b611251854610fc",
            "6825f91b0b611251854610fb",
            "6825f91c0b61125185461100",
            "6825f91c0b611251854610ff"
          ]
        },
        {
          "title": "Be Trench Coat",
          "slug": "be-trench-coat",
          "label": "",
          "images": [
            "6825f91c0b61125185461104",
            "6825f91d0b61125185461109",
            "6825f91d0b61125185461108",
            "6825f91d0b6112518546110a",
            "6825f91c0b61125185461106",
            "6825f91c0b61125185461105",
            "6825f91c0b61125185461107"
          ]
        },
        {
          "title": "Trắng",
          "slug": "trang",
          "label": "",
          "images": [
            "6825f91d0b6112518546110f",
            "6825f91d0b6112518546110e",
            "6825f91d0b6112518546110d",
            "6825f91d0b6112518546110c",
            "6825f91d0b6112518546110b",
            "6825f91d0b61125185461110"
          ]
        },
        {
          "title": "Xanh bóng đêm",
          "slug": "xanh-bong-dem",
          "label": "",
          "images": [
            "6825f91e0b61125185461115",
            "6825f91e0b61125185461114",
            "6825f91e0b61125185461117",
            "6825f91e0b61125185461116",
            "6825f91e0b61125185461118",
            "6825f91d0b61125185461112",
            "6825f91d0b61125185461111",
            "6825f91e0b61125185461113"
          ]
        },
        {
          "title": "Xám đen",
          "slug": "xam-den",
          "label": "",
          "images": [
            "6825f91e0b61125185461119",
            "6825f91f0b61125185461120",
            "6825f91f0b6112518546111f",
            "6825f91f0b6112518546111e",
            "6825f91f0b6112518546111d",
            "6825f91f0b6112518546111c",
            "6825f91e0b6112518546111a",
            "6825f91e0b6112518546111b"
          ]
        },
        {
          "title": "Xanh Deep Cobalt",
          "slug": "xanh-deep-cobalt",
          "label": "",
          "images": [
            "6825f9200b61125185461124",
            "6825f9200b61125185461125",
            "6825f9200b61125185461126",
            "6825f91f0b61125185461123",
            "6825f9200b61125185461127",
            "6825f91f0b61125185461122",
            "6825f9200b61125185461128",
            "6825f91f0b61125185461121"
          ]
        },
        {
          "title": "Xám Brushed Nickle",
          "slug": "xam-brushed-nickle",
          "label": "",
          "images": [
            "6825f9200b61125185461129",
            "6825f9210b61125185461130",
            "6825f9210b6112518546112d",
            "6825f9210b6112518546112e",
            "6825f9210b6112518546112c",
            "6825f9220b61125185461131",
            "6825f9200b6112518546112a",
            "6825f9210b6112518546112f",
            "6825f9200b6112518546112b"
          ]
        },
        {
          "title": "Xám Tarmac",
          "slug": "xam-tarmac",
          "label": "",
          "images": [
            "6825f9220b61125185461135",
            "6825f9220b61125185461134",
            "6825f9220b61125185461133",
            "6825f9220b61125185461132",
            "6825f9230b61125185461139",
            "6825f9220b61125185461137",
            "6825f9220b61125185461136",
            "6825f9230b61125185461138",
            "6825f9230b6112518546113a"
          ]
        },
        {
          "title": "Xanh Navy",
          "slug": "xanh-navy",
          "label": "",
          "images": [
            "6825f9240b6112518546113f",
            "6825f9240b6112518546113e",
            "6825f9240b61125185461142",
            "6825f9240b61125185461141",
            "6825f9240b61125185461140",
            "6825f9230b6112518546113b",
            "6825f9230b6112518546113d",
            "6825f9230b6112518546113c"
          ]
        }
      ]
    }
  ],
  "images": [
    "6825f9140b611251854610b6",
    "6825f9140b611251854610b8",
    "6825f9150b611251854610c2",
    "6825f9140b611251854610b7",
    "6825f9150b611251854610c1",
    "6825f9150b611251854610c0",
    "6825f9140b611251854610b9",
    "6825f9140b611251854610bd",
    "6825f9140b611251854610bc",
    "6825f9140b611251854610bf",
    "6825f9140b611251854610be",
    "6825f9140b611251854610bb",
    "6825f9140b611251854610ba"
  ],
  "available": true,
  "collection_id": "6825e97a8eaaa408c6aaf619",
  "display_order": 313,
  "youtube_video": "https://mcdn.coolmate.me/uploads/videos/POLO_PROMAX-S1.mp4",
  "coming_soon": false,
  "display_name_open": "Thoáng khí",
  "gender_type": "MALE",
  "all_image_contains": [
    "6825f9140b611251854610b6",
    "6825f9140b611251854610b8",
    "6825f9150b611251854610c2",
    "6825f9140b611251854610b7",
    "6825f9150b611251854610c1",
    "6825f9150b611251854610c0",
    "6825f9140b611251854610b9",
    "6825f9140b611251854610bd",
    "6825f9140b611251854610bc",
    "6825f9140b611251854610bf",
    "6825f9140b611251854610be",
    "6825f9140b611251854610bb",
    "6825f9140b611251854610ba",
    "6825f9150b611251854610c9",
    "6825f9150b611251854610c8",
    "6825f9150b611251854610c7",
    "6825f9150b611251854610c6",
    "6825f9150b611251854610c5",
    "6825f9150b611251854610c4",
    "6825f9160b611251854610ca",
    "6825f9150b611251854610c3",
    "6825f9160b611251854610cf",
    "6825f9160b611251854610d0",
    "6825f9160b611251854610d2",
    "6825f9160b611251854610d1",
    "6825f9160b611251854610cc",
    "6825f9160b611251854610cb",
    "6825f9160b611251854610ce",
    "6825f9160b611251854610cd",
    "6825f9170b611251854610d5",
    "6825f9170b611251854610d4",
    "6825f9170b611251854610d3",
    "6825f9170b611251854610d9",
    "6825f9170b611251854610d8",
    "6825f9180b611251854610da",
    "6825f9170b611251854610d7",
    "6825f9170b611251854610d6",
    "6825f9190b611251854610e3",
    "6825f9190b611251854610e2",
    "6825f9180b611251854610df",
    "6825f9180b611251854610de",
    "6825f9180b611251854610db",
    "6825f9180b611251854610dd",
    "6825f9180b611251854610dc",
    "6825f9180b611251854610e1",
    "6825f9180b611251854610e0",
    "6825f9190b611251854610e4",
    "6825f9190b611251854610eb",
    "6825f9190b611251854610ea",
    "6825f9190b611251854610e9",
    "6825f9190b611251854610e8",
    "6825f9190b611251854610e7",
    "6825f9190b611251854610e6",
    "6825f9190b611251854610e5",
    "6825f91a0b611251854610ef",
    "6825f91a0b611251854610ee",
    "6825f91a0b611251854610f1",
    "6825f91a0b611251854610f0",
    "6825f91a0b611251854610f2",
    "6825f91a0b611251854610ed",
    "6825f91a0b611251854610ec",
    "6825f91b0b611251854610f4",
    "6825f91b0b611251854610fa",
    "6825f91b0b611251854610f8",
    "6825f91b0b611251854610f7",
    "6825f91b0b611251854610f6",
    "6825f91b0b611251854610f5",
    "6825f91a0b611251854610f3",
    "6825f91b0b611251854610f9",
    "6825f91c0b61125185461102",
    "6825f91c0b61125185461101",
    "6825f91c0b61125185461103",
    "6825f91b0b611251854610fd",
    "6825f91c0b611251854610fe",
    "6825f91b0b611251854610fc",
    "6825f91b0b611251854610fb",
    "6825f91c0b61125185461100",
    "6825f91c0b611251854610ff",
    "6825f91c0b61125185461104",
    "6825f91d0b61125185461109",
    "6825f91d0b61125185461108",
    "6825f91d0b6112518546110a",
    "6825f91c0b61125185461106",
    "6825f91c0b61125185461105",
    "6825f91c0b61125185461107",
    "6825f91d0b6112518546110f",
    "6825f91d0b6112518546110e",
    "6825f91d0b6112518546110d",
    "6825f91d0b6112518546110c",
    "6825f91d0b6112518546110b",
    "6825f91d0b61125185461110",
    "6825f91e0b61125185461115",
    "6825f91e0b61125185461114",
    "6825f91e0b61125185461117",
    "6825f91e0b61125185461116",
    "6825f91e0b61125185461118",
    "6825f91d0b61125185461112",
    "6825f91d0b61125185461111",
    "6825f91e0b61125185461113",
    "6825f91e0b61125185461119",
    "6825f91f0b61125185461120",
    "6825f91f0b6112518546111f",
    "6825f91f0b6112518546111e",
    "6825f91f0b6112518546111d",
    "6825f91f0b6112518546111c",
    "6825f91e0b6112518546111a",
    "6825f91e0b6112518546111b",
    "6825f9200b61125185461124",
    "6825f9200b61125185461125",
    "6825f9200b61125185461126",
    "6825f91f0b61125185461123",
    "6825f9200b61125185461127",
    "6825f91f0b61125185461122",
    "6825f9200b61125185461128",
    "6825f91f0b61125185461121",
    "6825f9200b61125185461129",
    "6825f9210b61125185461130",
    "6825f9210b6112518546112d",
    "6825f9210b6112518546112e",
    "6825f9210b6112518546112c",
    "6825f9220b61125185461131",
    "6825f9200b6112518546112a",
    "6825f9210b6112518546112f",
    "6825f9200b6112518546112b",
    "6825f9220b61125185461135",
    "6825f9220b61125185461134",
    "6825f9220b61125185461133",
    "6825f9220b61125185461132",
    "6825f9230b61125185461139",
    "6825f9220b61125185461137",
    "6825f9220b61125185461136",
    "6825f9230b61125185461138",
    "6825f9230b6112518546113a",
    "6825f9240b6112518546113f",
    "6825f9240b6112518546113e",
    "6825f9240b61125185461142",
    "6825f9240b61125185461141",
    "6825f9240b61125185461140",
    "6825f9230b6112518546113b",
    "6825f9230b6112518546113d",
    "6825f9230b6112518546113c"
  ],
  "is_lock": false,
  "createBy": "kiminonawa1305@gmail.com",
  "createAt": {
    "$date": "2025-05-15T14:24:55.919Z"
  },
  "updateBy": "kiminonawa1305@gmail.com",
  "updateAt": {
    "$date": "2025-05-15T14:24:55.919Z"
  },
  "_class": "com.lamnguyen.product_service.model.Product"
},
{
  "_id": "6825f943213ef202c0fd1f26",
  "title": "Áo Polo Nam Ice Cooling",
  "seo_alias": "ao-polo-nam-ice-cooling",
  "vendor": "5c482438000c695cfa6f8d22",
  "tags": [],
  "options": [
    {
      "type": "COLOR",
      "title": "Màu sắc",
      "values": [
        "Xanh dương",
        "Đen",
        "Xanh Navy"
      ]
    },
    {
      "type": "SIZE",
      "title": "Kích thước",
      "values": [
        "S",
        "M",
        "L",
        "XL",
        "2XL",
        "3XL"
      ]
    }
  ],
  "options_values": [
    {
      "title": "Màu sắc",
      "type": "COLOR",
      "options": [
        {
          "title": "Xanh dương",
          "slug": "xanh-duong",
          "label": "",
          "images": [
            "6825f93b0b61125185461150",
            "6825f9390b61125185461149",
            "6825f93a0b6112518546114b",
            "6825f93a0b6112518546114a",
            "6825f93a0b6112518546114d",
            "6825f93a0b6112518546114c",
            "6825f93b0b6112518546114f",
            "6825f93b0b6112518546114e"
          ]
        },
        {
          "title": "Đen",
          "slug": "den",
          "label": "",
          "images": [
            "6825f93b0b61125185461153",
            "6825f93b0b61125185461152",
            "6825f93b0b61125185461151",
            "6825f93c0b61125185461155",
            "6825f93c0b61125185461154",
            "6825f93c0b61125185461157",
            "6825f93c0b61125185461156",
            "6825f93c0b61125185461158"
          ]
        },
        {
          "title": "Xanh Navy",
          "slug": "xanh-navy",
          "label": "",
          "images": [
            "6825f93e0b61125185461160",
            "6825f93d0b6112518546115d",
            "6825f93d0b6112518546115c",
            "6825f93e0b6112518546115f",
            "6825f93c0b61125185461159",
            "6825f93d0b6112518546115b",
            "6825f93d0b6112518546115a",
            "6825f93e0b6112518546115e"
          ]
        }
      ]
    }
  ],
  "images": [
    "6825f9390b61125185461147",
    "6825f9390b61125185461148",
    "6825f9390b61125185461145",
    "6825f9390b61125185461146",
    "6825f9380b61125185461143",
    "6825f9380b61125185461144"
  ],
  "available": true,
  "collection_id": "6825e97a8eaaa408c6aaf619",
  "display_order": 338,
  "youtube_video": "",
  "coming_soon": false,
  "display_name_open": "Thoáng mát",
  "gender_type": "MALE",
  "all_image_contains": [
    "6825f9390b61125185461147",
    "6825f9390b61125185461148",
    "6825f9390b61125185461145",
    "6825f9390b61125185461146",
    "6825f9380b61125185461143",
    "6825f9380b61125185461144",
    "6825f93b0b61125185461150",
    "6825f9390b61125185461149",
    "6825f93a0b6112518546114b",
    "6825f93a0b6112518546114a",
    "6825f93a0b6112518546114d",
    "6825f93a0b6112518546114c",
    "6825f93b0b6112518546114f",
    "6825f93b0b6112518546114e",
    "6825f93b0b61125185461153",
    "6825f93b0b61125185461152",
    "6825f93b0b61125185461151",
    "6825f93c0b61125185461155",
    "6825f93c0b61125185461154",
    "6825f93c0b61125185461157",
    "6825f93c0b61125185461156",
    "6825f93c0b61125185461158",
    "6825f93e0b61125185461160",
    "6825f93d0b6112518546115d",
    "6825f93d0b6112518546115c",
    "6825f93e0b6112518546115f",
    "6825f93c0b61125185461159",
    "6825f93d0b6112518546115b",
    "6825f93d0b6112518546115a",
    "6825f93e0b6112518546115e"
  ],
  "is_lock": false,
  "createBy": "kiminonawa1305@gmail.com",
  "createAt": {
    "$date": "2025-05-15T14:25:07.713Z"
  },
  "updateBy": "kiminonawa1305@gmail.com",
  "updateAt": {
    "$date": "2025-05-15T14:25:07.713Z"
  },
  "_class": "com.lamnguyen.product_service.model.Product"
},
{
  "_id": "6825f952213ef202c0fd1f27",
  "title": "Áo Polo Nam Cafe Essentials",
  "seo_alias": "ao-polo-nam-cafe-essentials",
  "vendor": "5c482438000c695cfa6f8d22",
  "tags": [
    "OUTLET"
  ],
  "options": [
    {
      "type": "COLOR",
      "title": "Màu sắc",
      "values": [
        "Xanh Navy",
        "Xám nhạt",
        "Đen"
      ]
    },
    {
      "type": "SIZE",
      "title": "Kích thước",
      "values": [
        "S",
        "M",
        "L",
        "XL",
        "2XL",
        "3XL"
      ]
    }
  ],
  "options_values": [
    {
      "title": "Màu sắc",
      "type": "COLOR",
      "options": [
        {
          "title": "Xanh Navy",
          "slug": "xanh-navy",
          "label": "",
          "images": [
            "6825f9460b61125185461170",
            "6825f9450b6112518546116a",
            "6825f9450b6112518546116c",
            "6825f9450b6112518546116b",
            "6825f9460b6112518546116f",
            "6825f9460b6112518546116e",
            "6825f9460b6112518546116d"
          ]
        },
        {
          "title": "Xám nhạt",
          "slug": "xam-nhat",
          "label": "",
          "images": [
            "6825f9460b61125185461171",
            "6825f9470b61125185461172",
            "6825f9480b61125185461177",
            "6825f9470b61125185461174",
            "6825f9470b61125185461173",
            "6825f9470b61125185461176",
            "6825f9470b61125185461175"
          ]
        },
        {
          "title": "Đen",
          "slug": "den",
          "label": "",
          "images": [
            "6825f9480b6112518546117b",
            "6825f9480b61125185461178",
            "6825f9480b61125185461179",
            "6825f9490b6112518546117e",
            "6825f9480b6112518546117a",
            "6825f9490b6112518546117c",
            "6825f9490b6112518546117d"
          ]
        }
      ]
    }
  ],
  "images": [
    "6825f9450b61125185461169",
    "6825f9450b61125185461168",
    "6825f9440b61125185461164",
    "6825f9440b61125185461163",
    "6825f9440b61125185461162",
    "6825f9450b61125185461167",
    "6825f9440b61125185461161",
    "6825f9450b61125185461166",
    "6825f9440b61125185461165"
  ],
  "available": true,
  "collection_id": "6825e97a8eaaa408c6aaf619",
  "display_order": 341,
  "youtube_video": "",
  "coming_soon": false,
  "display_name_open": "Chống UV",
  "gender_type": "MALE",
  "all_image_contains": [
    "6825f9450b61125185461169",
    "6825f9450b61125185461168",
    "6825f9440b61125185461164",
    "6825f9440b61125185461163",
    "6825f9440b61125185461162",
    "6825f9450b61125185461167",
    "6825f9440b61125185461161",
    "6825f9450b61125185461166",
    "6825f9440b61125185461165",
    "6825f9460b61125185461170",
    "6825f9450b6112518546116a",
    "6825f9450b6112518546116c",
    "6825f9450b6112518546116b",
    "6825f9460b6112518546116f",
    "6825f9460b6112518546116e",
    "6825f9460b6112518546116d",
    "6825f9460b61125185461171",
    "6825f9470b61125185461172",
    "6825f9480b61125185461177",
    "6825f9470b61125185461174",
    "6825f9470b61125185461173",
    "6825f9470b61125185461176",
    "6825f9470b61125185461175",
    "6825f9480b6112518546117b",
    "6825f9480b61125185461178",
    "6825f9480b61125185461179",
    "6825f9490b6112518546117e",
    "6825f9480b6112518546117a",
    "6825f9490b6112518546117c",
    "6825f9490b6112518546117d"
  ],
  "is_lock": false,
  "createBy": "kiminonawa1305@gmail.com",
  "createAt": {
    "$date": "2025-05-15T14:25:22.553Z"
  },
  "updateBy": "kiminonawa1305@gmail.com",
  "updateAt": {
    "$date": "2025-05-15T14:25:22.553Z"
  },
  "_class": "com.lamnguyen.product_service.model.Product"
},
{
  "_id": "6825f95e213ef202c0fd1f28",
  "title": "Áo Polo Thể Thao Pro Active 1595 Phối Màu",
  "seo_alias": "ao-polo-the-thao-pro-active-1595-phoi-mau",
  "vendor": "5c482438000c695cfa6f8d22",
  "tags": [
    "WORTH_BUYING",
    "BEST_SELLER"
  ],
  "options": [
    {
      "type": "COLOR",
      "title": "Màu sắc",
      "values": [
        "Đen",
        "Xanh Colony",
        "Trắng"
      ]
    },
    {
      "type": "SIZE",
      "title": "Kích thước",
      "values": [
        "S",
        "M",
        "L",
        "XL",
        "2XL",
        "3XL"
      ]
    }
  ],
  "options_values": [
    {
      "title": "Màu sắc",
      "type": "COLOR",
      "options": [
        {
          "title": "Đen",
          "slug": "den",
          "label": "",
          "images": [
            "6825f9560b61125185461188",
            "6825f9580b6112518546118d",
            "6825f9570b6112518546118a",
            "6825f9550b61125185461187",
            "6825f9580b6112518546118b",
            "6825f9580b6112518546118c",
            "6825f9570b61125185461189"
          ]
        },
        {
          "title": "Xanh Colony",
          "slug": "xanh-colony",
          "label": "",
          "images": [
            "6825f95a0b61125185461194",
            "6825f9590b61125185461190",
            "6825f9580b6112518546118e",
            "6825f95a0b61125185461191",
            "6825f9590b6112518546118f",
            "6825f95a0b61125185461193",
            "6825f95a0b61125185461192"
          ]
        },
        {
          "title": "Trắng",
          "slug": "trang",
          "label": "",
          "images": [
            "6825f95a0b61125185461195",
            "6825f95a0b61125185461197",
            "6825f95a0b61125185461196",
            "6825f95b0b6112518546119b",
            "6825f95b0b6112518546119a",
            "6825f95b0b61125185461199",
            "6825f95b0b61125185461198"
          ]
        }
      ]
    }
  ],
  "images": [
    "6825f9540b61125185461184",
    "6825f9530b61125185461180",
    "6825f9540b61125185461181",
    "6825f9540b61125185461183",
    "6825f9540b61125185461182",
    "6825f9550b61125185461186",
    "6825f9550b61125185461185",
    "6825f9530b6112518546117f"
  ],
  "available": true,
  "collection_id": "6825e97a8eaaa408c6aaf619",
  "display_order": 380,
  "youtube_video": "https://media.coolmate.me/uploads/videos/28polo1595videolisting.mp4",
  "coming_soon": false,
  "display_name_open": "ExDry",
  "gender_type": "MALE",
  "all_image_contains": [
    "6825f9540b61125185461184",
    "6825f9530b61125185461180",
    "6825f9540b61125185461181",
    "6825f9540b61125185461183",
    "6825f9540b61125185461182",
    "6825f9550b61125185461186",
    "6825f9550b61125185461185",
    "6825f9530b6112518546117f",
    "6825f9560b61125185461188",
    "6825f9580b6112518546118d",
    "6825f9570b6112518546118a",
    "6825f9550b61125185461187",
    "6825f9580b6112518546118b",
    "6825f9580b6112518546118c",
    "6825f9570b61125185461189",
    "6825f95a0b61125185461194",
    "6825f9590b61125185461190",
    "6825f9580b6112518546118e",
    "6825f95a0b61125185461191",
    "6825f9590b6112518546118f",
    "6825f95a0b61125185461193",
    "6825f95a0b61125185461192",
    "6825f95a0b61125185461195",
    "6825f95a0b61125185461197",
    "6825f95a0b61125185461196",
    "6825f95b0b6112518546119b",
    "6825f95b0b6112518546119a",
    "6825f95b0b61125185461199",
    "6825f95b0b61125185461198"
  ],
  "is_lock": false,
  "createBy": "kiminonawa1305@gmail.com",
  "createAt": {
    "$date": "2025-05-15T14:25:34.740Z"
  },
  "updateBy": "kiminonawa1305@gmail.com",
  "updateAt": {
    "$date": "2025-05-15T14:25:34.740Z"
  },
  "_class": "com.lamnguyen.product_service.model.Product"
},
{
  "_id": "6825f963213ef202c0fd1f29",
  "title": "Áo Polo Nam Cafe Bo Kẻ",
  "seo_alias": "ao-polo-nam-cafe-bo-ke",
  "vendor": "5c482438000c695cfa6f8d22",
  "tags": [],
  "options": [
    {
      "type": "COLOR",
      "title": "Màu sắc",
      "values": [
        "Nâu",
        "Rêu"
      ]
    },
    {
      "type": "SIZE",
      "title": "Kích thước",
      "values": [
        "S",
        "M",
        "L",
        "XL",
        "2XL",
        "3XL"
      ]
    }
  ],
  "options_values": [
    {
      "title": "Màu sắc",
      "type": "COLOR",
      "options": [
        {
          "title": "Nâu",
          "slug": "nau",
          "label": "",
          "images": [
            "6825f9600b611251854611a9",
            "6825f9600b611251854611a8",
            "6825f9600b611251854611a7",
            "6825f9600b611251854611a6",
            "6825f9600b611251854611a5",
            "6825f9600b611251854611ab",
            "6825f9600b611251854611aa",
            "6825f95f0b611251854611a4"
          ]
        },
        {
          "title": "Rêu",
          "slug": "reu",
          "label": "",
          "images": [
            "6825f9610b611251854611af",
            "6825f9610b611251854611ae",
            "6825f9600b611251854611ad",
            "6825f9600b611251854611ac",
            "6825f9610b611251854611b1",
            "6825f9610b611251854611b0",
            "6825f9610b611251854611b2"
          ]
        }
      ]
    }
  ],
  "images": [
    "6825f95f0b6112518546119e",
    "6825f95f0b6112518546119f",
    "6825f95f0b611251854611a1",
    "6825f95f0b611251854611a2",
    "6825f95e0b6112518546119c",
    "6825f95f0b611251854611a0",
    "6825f95e0b6112518546119d",
    "6825f95f0b611251854611a3"
  ],
  "available": true,
  "collection_id": "6825e97a8eaaa408c6aaf619",
  "display_order": 381,
  "youtube_video": "",
  "coming_soon": false,
  "display_name_open": "Chống UV",
  "gender_type": "MALE",
  "all_image_contains": [
    "6825f95f0b6112518546119e",
    "6825f95f0b6112518546119f",
    "6825f95f0b611251854611a1",
    "6825f95f0b611251854611a2",
    "6825f95e0b6112518546119c",
    "6825f95f0b611251854611a0",
    "6825f95e0b6112518546119d",
    "6825f95f0b611251854611a3",
    "6825f9600b611251854611a9",
    "6825f9600b611251854611a8",
    "6825f9600b611251854611a7",
    "6825f9600b611251854611a6",
    "6825f9600b611251854611a5",
    "6825f9600b611251854611ab",
    "6825f9600b611251854611aa",
    "6825f95f0b611251854611a4",
    "6825f9610b611251854611af",
    "6825f9610b611251854611ae",
    "6825f9600b611251854611ad",
    "6825f9600b611251854611ac",
    "6825f9610b611251854611b1",
    "6825f9610b611251854611b0",
    "6825f9610b611251854611b2"
  ],
  "is_lock": false,
  "createBy": "kiminonawa1305@gmail.com",
  "createAt": {
    "$date": "2025-05-15T14:25:39.571Z"
  },
  "updateBy": "kiminonawa1305@gmail.com",
  "updateAt": {
    "$date": "2025-05-15T14:25:39.571Z"
  },
  "_class": "com.lamnguyen.product_service.model.Product"
},
{
  "_id": "6825f96e213ef202c0fd1f2a",
  "title": "Áo Polo Thể Thao Pro Active 1595",
  "seo_alias": "ao-polo-the-thao-pro-active-1595",
  "vendor": "5c482438000c695cfa6f8d22",
  "tags": [],
  "options": [
    {
      "type": "COLOR",
      "title": "Màu sắc",
      "values": [
        "Cam Paprika",
        "Đen",
        "Trắng",
        "Xám Whitecaps",
        "Xanh Colony",
        "Navy Academy"
      ]
    },
    {
      "type": "SIZE",
      "title": "Kích thước",
      "values": [
        "S",
        "M",
        "L",
        "XL",
        "2XL",
        "3XL"
      ]
    }
  ],
  "options_values": [
    {
      "title": "Màu sắc",
      "type": "COLOR",
      "options": [
        {
          "title": "Cam Paprika",
          "slug": "cam-paprika",
          "label": "",
          "images": [
            "6825f9650b611251854611c0",
            "6825f9650b611251854611c2",
            "6825f9650b611251854611c1",
            "6825f9650b611251854611c4",
            "6825f9650b611251854611c3",
            "6825f9650b611251854611c5",
            "6825f9640b611251854611bf"
          ]
        },
        {
          "title": "Đen",
          "slug": "den",
          "label": "",
          "images": [
            "6825f9660b611251854611cc",
            "6825f9660b611251854611cb",
            "6825f9660b611251854611c9",
            "6825f9660b611251854611c8",
            "6825f9660b611251854611c7",
            "6825f9660b611251854611c6",
            "6825f9660b611251854611ca"
          ]
        },
        {
          "title": "Trắng",
          "slug": "trang",
          "label": "",
          "images": [
            "6825f9670b611251854611d0",
            "6825f9670b611251854611d1",
            "6825f9670b611251854611ce",
            "6825f9670b611251854611cf",
            "6825f9670b611251854611d2",
            "6825f9670b611251854611cd"
          ]
        },
        {
          "title": "Xám Whitecaps",
          "slug": "xam-whitecaps",
          "label": "",
          "images": [
            "6825f9680b611251854611d7",
            "6825f9680b611251854611d8",
            "6825f9680b611251854611d5",
            "6825f9680b611251854611d6",
            "6825f9670b611251854611d3",
            "6825f9670b611251854611d4",
            "6825f9680b611251854611d9"
          ]
        },
        {
          "title": "Xanh Colony",
          "slug": "xanh-colony",
          "label": "",
          "images": [
            "6825f9680b611251854611dc",
            "6825f9680b611251854611dd",
            "6825f9690b611251854611de",
            "6825f9680b611251854611da",
            "6825f9690b611251854611df",
            "6825f9680b611251854611db",
            "6825f9690b611251854611e0"
          ]
        },
        {
          "title": "Navy Academy",
          "slug": "navy-academy",
          "label": "",
          "images": [
            "6825f9690b611251854611e1",
            "6825f9690b611251854611e2",
            "6825f9690b611251854611e3",
            "6825f9690b611251854611e4",
            "6825f9690b611251854611e5",
            "6825f9690b611251854611e6"
          ]
        }
      ]
    }
  ],
  "images": [
    "6825f9640b611251854611bb",
    "6825f9640b611251854611ba",
    "6825f9630b611251854611b5",
    "6825f9630b611251854611b4",
    "6825f9630b611251854611b6",
    "6825f9640b611251854611b9",
    "6825f9630b611251854611b3",
    "6825f9640b611251854611b8",
    "6825f9640b611251854611b7",
    "6825f9640b611251854611be",
    "6825f9640b611251854611bd",
    "6825f9640b611251854611bc"
  ],
  "available": true,
  "collection_id": "6825e97a8eaaa408c6aaf619",
  "display_order": 395,
  "youtube_video": "",
  "coming_soon": false,
  "display_name_open": "ExDry",
  "gender_type": "MALE",
  "all_image_contains": [
    "6825f9640b611251854611bb",
    "6825f9640b611251854611ba",
    "6825f9630b611251854611b5",
    "6825f9630b611251854611b4",
    "6825f9630b611251854611b6",
    "6825f9640b611251854611b9",
    "6825f9630b611251854611b3",
    "6825f9640b611251854611b8",
    "6825f9640b611251854611b7",
    "6825f9640b611251854611be",
    "6825f9640b611251854611bd",
    "6825f9640b611251854611bc",
    "6825f9650b611251854611c0",
    "6825f9650b611251854611c2",
    "6825f9650b611251854611c1",
    "6825f9650b611251854611c4",
    "6825f9650b611251854611c3",
    "6825f9650b611251854611c5",
    "6825f9640b611251854611bf",
    "6825f9660b611251854611cc",
    "6825f9660b611251854611cb",
    "6825f9660b611251854611c9",
    "6825f9660b611251854611c8",
    "6825f9660b611251854611c7",
    "6825f9660b611251854611c6",
    "6825f9660b611251854611ca",
    "6825f9670b611251854611d0",
    "6825f9670b611251854611d1",
    "6825f9670b611251854611ce",
    "6825f9670b611251854611cf",
    "6825f9670b611251854611d2",
    "6825f9670b611251854611cd",
    "6825f9680b611251854611d7",
    "6825f9680b611251854611d8",
    "6825f9680b611251854611d5",
    "6825f9680b611251854611d6",
    "6825f9670b611251854611d3",
    "6825f9670b611251854611d4",
    "6825f9680b611251854611d9",
    "6825f9680b611251854611dc",
    "6825f9680b611251854611dd",
    "6825f9690b611251854611de",
    "6825f9680b611251854611da",
    "6825f9690b611251854611df",
    "6825f9680b611251854611db",
    "6825f9690b611251854611e0",
    "6825f9690b611251854611e1",
    "6825f9690b611251854611e2",
    "6825f9690b611251854611e3",
    "6825f9690b611251854611e4",
    "6825f9690b611251854611e5",
    "6825f9690b611251854611e6"
  ],
  "is_lock": false,
  "createBy": "kiminonawa1305@gmail.com",
  "createAt": {
    "$date": "2025-05-15T14:25:50.423Z"
  },
  "updateBy": "kiminonawa1305@gmail.com",
  "updateAt": {
    "$date": "2025-05-15T14:25:50.423Z"
  },
  "_class": "com.lamnguyen.product_service.model.Product"
}]