[{
  "_id": "6825fb02213ef202c0fd1f32",
  "title": "Áo sơ mi dài tay Oxford Premium",
  "seo_alias": "ao-so-mi-dai-tay-oxford-premium",
  "vendor": "5c482438000c695cfa6f8d22",
  "tags": [],
  "options": [
    {
      "type": "COLOR",
      "title": "Màu sắc",
      "values": [
        "Xanh Dark Blue",
        "Trắng",
        "Xanh Black Iris"
      ]
    },
    {
      "type": "SIZE",
      "title": "Kích thước",
      "values": [
        "S",
        "M",
        "L",
        "XL",
        "2XL",
        "3XL"
      ]
    }
  ],
  "options_values": [
    {
      "title": "Màu sắc",
      "type": "COLOR",
      "options": [
        {
          "title": "Xanh Dark Blue",
          "slug": "xanh-dark-blue",
          "label": "",
          "images": [
            "6825fafc0b611251854612f7",
            "6825fafc0b611251854612f8",
            "6825fafd0b611251854612fa",
            "6825fafd0b611251854612fb",
            "6825fafd0b611251854612f9",
            "6825fafc0b611251854612f3",
            "6825fafc0b611251854612f4",
            "6825fafc0b611251854612f5",
            "6825fafc0b611251854612f6"
          ]
        },
        {
          "title": "Trắng",
          "slug": "trang",
          "label": "",
          "images": [
            "6825fafe0b61125185461302",
            "6825fafe0b61125185461303",
            "6825fafd0b611251854612fd",
            "6825fafd0b611251854612fe",
            "6825fafd0b611251854612fc",
            "6825fafd0b61125185461301",
            "6825fafd0b611251854612ff",
            "6825fafd0b61125185461300"
          ]
        },
        {
          "title": "Xanh Black Iris",
          "slug": "xanh-black-iris",
          "label": "",
          "images": [
            "6825fafe0b61125185461304",
            "6825fafe0b61125185461305",
            "6825faff0b6112518546130a",
            "6825faff0b6112518546130b",
            "6825fafe0b61125185461306",
            "6825fafe0b61125185461307",
            "6825fafe0b61125185461308",
            "6825fafe0b61125185461309"
          ]
        }
      ]
    }
  ],
  "images": [
    "6825fafb0b611251854612ee",
    "6825fafb0b611251854612ef",
    "6825fafc0b611251854612f0",
    "6825fafc0b611251854612f1",
    "6825fafb0b611251854612ed",
    "6825fafc0b611251854612f2"
  ],
  "available": true,
  "collection_id": "6825e98c8eaaa408c6aaf61b",
  "display_order": 25,
  "youtube_video": "",
  "coming_soon": false,
  "display_name_open": "Thoáng khí",
  "gender_type": "MALE",
  "all_image_contains": [
    "6825fafb0b611251854612ee",
    "6825fafb0b611251854612ef",
    "6825fafc0b611251854612f0",
    "6825fafc0b611251854612f1",
    "6825fafb0b611251854612ed",
    "6825fafc0b611251854612f2",
    "6825fafc0b611251854612f7",
    "6825fafc0b611251854612f8",
    "6825fafd0b611251854612fa",
    "6825fafd0b611251854612fb",
    "6825fafd0b611251854612f9",
    "6825fafc0b611251854612f3",
    "6825fafc0b611251854612f4",
    "6825fafc0b611251854612f5",
    "6825fafc0b611251854612f6",
    "6825fafe0b61125185461302",
    "6825fafe0b61125185461303",
    "6825fafd0b611251854612fd",
    "6825fafd0b611251854612fe",
    "6825fafd0b611251854612fc",
    "6825fafd0b61125185461301",
    "6825fafd0b611251854612ff",
    "6825fafd0b61125185461300",
    "6825fafe0b61125185461304",
    "6825fafe0b61125185461305",
    "6825faff0b6112518546130a",
    "6825faff0b6112518546130b",
    "6825fafe0b61125185461306",
    "6825fafe0b61125185461307",
    "6825fafe0b61125185461308",
    "6825fafe0b61125185461309"
  ],
  "is_lock": false,
  "createBy": "kiminonawa1305@gmail.com",
  "createAt": {
    "$date": "2025-05-15T14:32:34.482Z"
  },
  "updateBy": "kiminonawa1305@gmail.com",
  "updateAt": {
    "$date": "2025-05-15T14:32:34.482Z"
  },
  "_class": "com.lamnguyen.product_service.model.Product"
},
{
  "_id": "6825fb0f213ef202c0fd1f33",
  "title": "Áo sơ mi dài tay cổ tàu Premium Poplin ",
  "seo_alias": "ao-so-mi-dai-tay-co-tau-premium-poplin-",
  "vendor": "5c482438000c695cfa6f8d22",
  "tags": [],
  "options": [
    {
      "type": "COLOR",
      "title": "Màu sắc",
      "values": [
        "Xanh Blue Night",
        "Be",
        "Xanh Darkslate"
      ]
    },
    {
      "type": "SIZE",
      "title": "Size",
      "values": [
        "S",
        "M",
        "L",
        "XL",
        "2XL",
        "3XL"
      ]
    }
  ],
  "options_values": [
    {
      "title": "Màu sắc",
      "type": "COLOR",
      "options": [
        {
          "title": "Xanh Blue Night",
          "slug": "xanh-blue-night",
          "label": "",
          "images": [
            "6825fb060b6112518546132a",
            "6825fb060b61125185461331",
            "6825fb060b6112518546132c",
            "6825fb060b6112518546132b",
            "6825fb060b6112518546132e",
            "6825fb060b6112518546132d",
            "6825fb060b6112518546132f",
            "6825fb070b61125185461333",
            "6825fb070b61125185461332",
            "6825fb060b61125185461330"
          ]
        },
        {
          "title": "Be",
          "slug": "be",
          "label": "",
          "images": [
            "6825fb080b6112518546133d",
            "6825fb080b6112518546133c",
            "6825fb070b61125185461339",
            "6825fb070b61125185461338",
            "6825fb080b6112518546133b",
            "6825fb070b6112518546133a",
            "6825fb070b61125185461337",
            "6825fb070b61125185461336",
            "6825fb070b61125185461335",
            "6825fb070b61125185461334"
          ]
        },
        {
          "title": "Xanh Darkslate",
          "slug": "xanh-darkslate",
          "label": "",
          "images": [
            "6825fb080b6112518546133f",
            "6825fb080b6112518546133e",
            "6825fb080b61125185461341",
            "6825fb080b61125185461340",
            "6825fb080b61125185461343",
            "6825fb090b61125185461347",
            "6825fb080b61125185461342",
            "6825fb090b61125185461345",
            "6825fb090b61125185461346",
            "6825fb090b61125185461344"
          ]
        }
      ]
    }
  ],
  "images": [
    "6825fb050b61125185461328",
    "6825fb050b61125185461327",
    "6825fb050b61125185461326",
    "6825fb050b61125185461325",
    "6825fb050b61125185461324",
    "6825fb050b61125185461323",
    "6825fb050b61125185461322",
    "6825fb050b61125185461321",
    "6825fb040b6112518546131f",
    "6825fb040b6112518546131e",
    "6825fb040b6112518546131b",
    "6825fb040b6112518546131a",
    "6825fb040b6112518546131d",
    "6825fb040b6112518546131c",
    "6825fb050b61125185461329",
    "6825fb040b61125185461319",
    "6825fb020b6112518546130c",
    "6825fb020b6112518546130e",
    "6825fb040b61125185461318",
    "6825fb020b6112518546130d",
    "6825fb020b6112518546130f",
    "6825fb040b61125185461320",
    "6825fb030b61125185461311",
    "6825fb030b61125185461310",
    "6825fb030b61125185461315",
    "6825fb030b61125185461314",
    "6825fb030b61125185461313",
    "6825fb030b61125185461312",
    "6825fb030b61125185461317",
    "6825fb030b61125185461316"
  ],
  "available": true,
  "collection_id": "6825e98c8eaaa408c6aaf61b",
  "display_order": 25,
  "youtube_video": "",
  "coming_soon": false,
  "display_name_open": "Thoáng mát",
  "gender_type": "MALE",
  "all_image_contains": [
    "6825fb050b61125185461328",
    "6825fb050b61125185461327",
    "6825fb050b61125185461326",
    "6825fb050b61125185461325",
    "6825fb050b61125185461324",
    "6825fb050b61125185461323",
    "6825fb050b61125185461322",
    "6825fb050b61125185461321",
    "6825fb040b6112518546131f",
    "6825fb040b6112518546131e",
    "6825fb040b6112518546131b",
    "6825fb040b6112518546131a",
    "6825fb040b6112518546131d",
    "6825fb040b6112518546131c",
    "6825fb050b61125185461329",
    "6825fb040b61125185461319",
    "6825fb020b6112518546130c",
    "6825fb020b6112518546130e",
    "6825fb040b61125185461318",
    "6825fb020b6112518546130d",
    "6825fb020b6112518546130f",
    "6825fb040b61125185461320",
    "6825fb030b61125185461311",
    "6825fb030b61125185461310",
    "6825fb030b61125185461315",
    "6825fb030b61125185461314",
    "6825fb030b61125185461313",
    "6825fb030b61125185461312",
    "6825fb030b61125185461317",
    "6825fb030b61125185461316",
    "6825fb060b6112518546132a",
    "6825fb060b61125185461331",
    "6825fb060b6112518546132c",
    "6825fb060b6112518546132b",
    "6825fb060b6112518546132e",
    "6825fb060b6112518546132d",
    "6825fb060b6112518546132f",
    "6825fb070b61125185461333",
    "6825fb070b61125185461332",
    "6825fb060b61125185461330",
    "6825fb080b6112518546133d",
    "6825fb080b6112518546133c",
    "6825fb070b61125185461339",
    "6825fb070b61125185461338",
    "6825fb080b6112518546133b",
    "6825fb070b6112518546133a",
    "6825fb070b61125185461337",
    "6825fb070b61125185461336",
    "6825fb070b61125185461335",
    "6825fb070b61125185461334",
    "6825fb080b6112518546133f",
    "6825fb080b6112518546133e",
    "6825fb080b61125185461341",
    "6825fb080b61125185461340",
    "6825fb080b61125185461343",
    "6825fb090b61125185461347",
    "6825fb080b61125185461342",
    "6825fb090b61125185461345",
    "6825fb090b61125185461346",
    "6825fb090b61125185461344"
  ],
  "is_lock": false,
  "createBy": "kiminonawa1305@gmail.com",
  "createAt": {
    "$date": "2025-05-15T14:32:47.427Z"
  },
  "updateBy": "kiminonawa1305@gmail.com",
  "updateAt": {
    "$date": "2025-05-15T14:32:47.427Z"
  },
  "_class": "com.lamnguyen.product_service.model.Product"
},
{
  "_id": "6825fb1a213ef202c0fd1f34",
  "title": "Áo sơ mi dài tay Modal Essential",
  "seo_alias": "ao-so-mi-dai-tay-modal-essential",
  "vendor": "5c482438000c695cfa6f8d22",
  "tags": [],
  "options": [
    {
      "type": "COLOR",
      "title": "Màu Áo",
      "values": [
        "Xám",
        "Trắng",
        "Đen",
        "Xanh nhạt"
      ]
    },
    {
      "type": "SIZE",
      "title": "Kích thước Áo",
      "values": [
        "S",
        "M",
        "L",
        "XL",
        "2XL",
        "3XL"
      ]
    }
  ],
  "options_values": [
    {
      "title": "Màu Áo",
      "type": "COLOR",
      "options": [
        {
          "title": "Xám",
          "slug": "xam",
          "label": "",
          "images": [
            "6825fb100b61125185461352",
            "6825fb100b61125185461353",
            "6825fb110b61125185461359",
            "6825fb100b61125185461354",
            "6825fb100b61125185461355",
            "6825fb110b61125185461356",
            "6825fb110b61125185461358",
            "6825fb100b61125185461351",
            "6825fb110b61125185461357"
          ]
        },
        {
          "title": "Trắng",
          "slug": "trang",
          "label": "",
          "images": [
            "6825fb120b61125185461361",
            "6825fb120b6112518546135f",
            "6825fb120b6112518546135e",
            "6825fb110b6112518546135b",
            "6825fb110b6112518546135a",
            "6825fb110b6112518546135d",
            "6825fb110b6112518546135c",
            "6825fb120b61125185461360"
          ]
        },
        {
          "title": "Đen",
          "slug": "den",
          "label": "",
          "images": [
            "6825fb120b61125185461364",
            "6825fb120b61125185461363",
            "6825fb120b61125185461362",
            "6825fb130b61125185461369",
            "6825fb120b61125185461367",
            "6825fb130b61125185461368",
            "6825fb120b61125185461366",
            "6825fb120b61125185461365",
            "6825fb130b6112518546136a",
            "6825fb130b6112518546136b"
          ]
        },
        {
          "title": "Xanh nhạt",
          "slug": "xanh-nhat",
          "label": "",
          "images": [
            "6825fb140b61125185461373",
            "6825fb140b61125185461372",
            "6825fb140b61125185461371",
            "6825fb140b61125185461370",
            "6825fb130b6112518546136e",
            "6825fb130b6112518546136d",
            "6825fb130b6112518546136f",
            "6825fb130b6112518546136c"
          ]
        }
      ]
    }
  ],
  "images": [
    "6825fb100b6112518546134d",
    "6825fb100b6112518546134e",
    "6825fb0f0b6112518546134a",
    "6825fb100b6112518546134f",
    "6825fb0f0b6112518546134b",
    "6825fb0f0b6112518546134c",
    "6825fb0f0b61125185461348",
    "6825fb0f0b61125185461349",
    "6825fb100b61125185461350"
  ],
  "available": true,
  "collection_id": "6825e98c8eaaa408c6aaf61b",
  "display_order": 25,
  "youtube_video": "",
  "coming_soon": false,
  "display_name_open": "Thoáng khí ",
  "gender_type": "MALE",
  "all_image_contains": [
    "6825fb100b6112518546134d",
    "6825fb100b6112518546134e",
    "6825fb0f0b6112518546134a",
    "6825fb100b6112518546134f",
    "6825fb0f0b6112518546134b",
    "6825fb0f0b6112518546134c",
    "6825fb0f0b61125185461348",
    "6825fb0f0b61125185461349",
    "6825fb100b61125185461350",
    "6825fb100b61125185461352",
    "6825fb100b61125185461353",
    "6825fb110b61125185461359",
    "6825fb100b61125185461354",
    "6825fb100b61125185461355",
    "6825fb110b61125185461356",
    "6825fb110b61125185461358",
    "6825fb100b61125185461351",
    "6825fb110b61125185461357",
    "6825fb120b61125185461361",
    "6825fb120b6112518546135f",
    "6825fb120b6112518546135e",
    "6825fb110b6112518546135b",
    "6825fb110b6112518546135a",
    "6825fb110b6112518546135d",
    "6825fb110b6112518546135c",
    "6825fb120b61125185461360",
    "6825fb120b61125185461364",
    "6825fb120b61125185461363",
    "6825fb120b61125185461362",
    "6825fb130b61125185461369",
    "6825fb120b61125185461367",
    "6825fb130b61125185461368",
    "6825fb120b61125185461366",
    "6825fb120b61125185461365",
    "6825fb130b6112518546136a",
    "6825fb130b6112518546136b",
    "6825fb140b61125185461373",
    "6825fb140b61125185461372",
    "6825fb140b61125185461371",
    "6825fb140b61125185461370",
    "6825fb130b6112518546136e",
    "6825fb130b6112518546136d",
    "6825fb130b6112518546136f",
    "6825fb130b6112518546136c"
  ],
  "is_lock": false,
  "createBy": "kiminonawa1305@gmail.com",
  "createAt": {
    "$date": "2025-05-15T14:32:58.139Z"
  },
  "updateBy": "kiminonawa1305@gmail.com",
  "updateAt": {
    "$date": "2025-05-15T14:32:58.139Z"
  },
  "_class": "com.lamnguyen.product_service.model.Product"
},
{
  "_id": "6825fb23213ef202c0fd1f35",
  "title": "Áo Sơ Mi Dài Tay Premium Poplin ",
  "seo_alias": "ao-so-mi-dai-tay-premium-poplin-",
  "vendor": "5c482438000c695cfa6f8d22",
  "tags": [
    "BEST_SELLER"
  ],
  "options": [
    {
      "type": "COLOR",
      "title": "Màu sắc",
      "values": [
        "Xanh Indigo",
        "Đen"
      ]
    },
    {
      "type": "SIZE",
      "title": "Kích thước",
      "values": [
        "S",
        "M",
        "L",
        "XL",
        "2XL",
        "3XL"
      ]
    }
  ],
  "options_values": [
    {
      "title": "Màu sắc",
      "type": "COLOR",
      "options": [
        {
          "title": "Xanh Indigo",
          "slug": "xanh-indigo",
          "label": "",
          "images": [
            "6825fb1c0b61125185461383",
            "6825fb1c0b61125185461382",
            "6825fb1c0b61125185461381",
            "6825fb1b0b6112518546137f",
            "6825fb1c0b61125185461380",
            "6825fb1b0b6112518546137c",
            "6825fb1a0b6112518546137a",
            "6825fb1b0b6112518546137b",
            "6825fb1b0b6112518546137e",
            "6825fb1b0b6112518546137d"
          ]
        },
        {
          "title": "Đen",
          "slug": "den",
          "label": "",
          "images": [
            "6825fb1d0b6112518546138a",
            "6825fb1f0b6112518546138d",
            "6825fb1d0b61125185461386",
            "6825fb1c0b61125185461384",
            "6825fb1d0b61125185461385",
            "6825fb1d0b61125185461388",
            "6825fb1d0b61125185461387",
            "6825fb1e0b6112518546138c",
            "6825fb1d0b61125185461389",
            "6825fb1e0b6112518546138b"
          ]
        }
      ]
    }
  ],
  "images": [
    "6825fb1a0b61125185461376",
    "6825fb1a0b61125185461375",
    "6825fb1a0b61125185461374",
    "6825fb1a0b61125185461379",
    "6825fb1a0b61125185461378",
    "6825fb1a0b61125185461377"
  ],
  "available": true,
  "collection_id": "6825e98c8eaaa408c6aaf61b",
  "display_order": 282,
  "youtube_video": "https://mcdn.coolmate.me/uploads/videos/web_dobby_poplin2.mp4",
  "coming_soon": false,
  "display_name_open": "100% Cotton - Chống Nhăn - Kháng khuẩn",
  "gender_type": "MALE",
  "all_image_contains": [
    "6825fb1a0b61125185461376",
    "6825fb1a0b61125185461375",
    "6825fb1a0b61125185461374",
    "6825fb1a0b61125185461379",
    "6825fb1a0b61125185461378",
    "6825fb1a0b61125185461377",
    "6825fb1c0b61125185461383",
    "6825fb1c0b61125185461382",
    "6825fb1c0b61125185461381",
    "6825fb1b0b6112518546137f",
    "6825fb1c0b61125185461380",
    "6825fb1b0b6112518546137c",
    "6825fb1a0b6112518546137a",
    "6825fb1b0b6112518546137b",
    "6825fb1b0b6112518546137e",
    "6825fb1b0b6112518546137d",
    "6825fb1d0b6112518546138a",
    "6825fb1f0b6112518546138d",
    "6825fb1d0b61125185461386",
    "6825fb1c0b61125185461384",
    "6825fb1d0b61125185461385",
    "6825fb1d0b61125185461388",
    "6825fb1d0b61125185461387",
    "6825fb1e0b6112518546138c",
    "6825fb1d0b61125185461389",
    "6825fb1e0b6112518546138b"
  ],
  "is_lock": false,
  "createBy": "kiminonawa1305@gmail.com",
  "createAt": {
    "$date": "2025-05-15T14:33:07.655Z"
  },
  "updateBy": "kiminonawa1305@gmail.com",
  "updateAt": {
    "$date": "2025-05-15T14:33:07.655Z"
  },
  "_class": "com.lamnguyen.product_service.model.Product"
},
{
  "_id": "6825fb2e213ef202c0fd1f36",
  "title": "Áo Sơ Mi Dài Tay Premium Dobby ",
  "seo_alias": "ao-so-mi-dai-tay-premium-dobby-",
  "vendor": "5c482438000c695cfa6f8d22",
  "tags": [
    "BEST_SELLER"
  ],
  "options": [
    {
      "type": "COLOR",
      "title": "Màu sắc",
      "values": [
        "Xanh French",
        "Trắng"
      ]
    },
    {
      "type": "SIZE",
      "title": "Kích thước",
      "values": [
        "S",
        "M",
        "L",
        "XL",
        "2XL",
        "3XL"
      ]
    }
  ],
  "options_values": [
    {
      "title": "Màu sắc",
      "type": "COLOR",
      "options": [
        {
          "title": "Xanh French",
          "slug": "xanh-french",
          "label": "",
          "images": [
            "6825fb250b61125185461395",
            "6825fb250b61125185461394",
            "6825fb270b6112518546139d",
            "6825fb270b6112518546139c",
            "6825fb260b61125185461399",
            "6825fb270b6112518546139b",
            "6825fb270b6112518546139a",
            "6825fb260b61125185461396",
            "6825fb260b61125185461398",
            "6825fb260b61125185461397"
          ]
        },
        {
          "title": "Trắng",
          "slug": "trang",
          "label": "",
          "images": [
            "6825fb290b611251854613a0",
            "6825fb290b611251854613a1",
            "6825fb290b611251854613a4",
            "6825fb290b611251854613a5",
            "6825fb280b6112518546139e",
            "6825fb290b611251854613a2",
            "6825fb280b6112518546139f",
            "6825fb290b611251854613a3",
            "6825fb290b611251854613a6"
          ]
        }
      ]
    }
  ],
  "images": [
    "6825fb250b61125185461393",
    "6825fb250b61125185461392",
    "6825fb240b61125185461390",
    "6825fb240b61125185461391",
    "6825fb230b6112518546138e",
    "6825fb240b6112518546138f"
  ],
  "available": true,
  "collection_id": "6825e98c8eaaa408c6aaf61b",
  "display_order": 283,
  "youtube_video": "https://mcdn.coolmate.me/uploads/videos/web_dobby_poplin2.mp4",
  "coming_soon": false,
  "display_name_open": "100% Cotton - Chống Nhăn - Kháng khuẩn",
  "gender_type": "MALE",
  "all_image_contains": [
    "6825fb250b61125185461393",
    "6825fb250b61125185461392",
    "6825fb240b61125185461390",
    "6825fb240b61125185461391",
    "6825fb230b6112518546138e",
    "6825fb240b6112518546138f",
    "6825fb250b61125185461395",
    "6825fb250b61125185461394",
    "6825fb270b6112518546139d",
    "6825fb270b6112518546139c",
    "6825fb260b61125185461399",
    "6825fb270b6112518546139b",
    "6825fb270b6112518546139a",
    "6825fb260b61125185461396",
    "6825fb260b61125185461398",
    "6825fb260b61125185461397",
    "6825fb290b611251854613a0",
    "6825fb290b611251854613a1",
    "6825fb290b611251854613a4",
    "6825fb290b611251854613a5",
    "6825fb280b6112518546139e",
    "6825fb290b611251854613a2",
    "6825fb280b6112518546139f",
    "6825fb290b611251854613a3",
    "6825fb290b611251854613a6"
  ],
  "is_lock": false,
  "createBy": "kiminonawa1305@gmail.com",
  "createAt": {
    "$date": "2025-05-15T14:33:18.750Z"
  },
  "updateBy": "kiminonawa1305@gmail.com",
  "updateAt": {
    "$date": "2025-05-15T14:33:18.750Z"
  },
  "_class": "com.lamnguyen.product_service.model.Product"
},
{
  "_id": "6825fb3d213ef202c0fd1f37",
  "title": "Áo sơ mi Overshirt 100% Cotton",
  "seo_alias": "ao-so-mi-overshirt-100%-cotton",
  "vendor": "5c482438000c695cfa6f8d22",
  "tags": [],
  "options": [
    {
      "type": "COLOR",
      "title": "Màu sắc",
      "values": [
        "Đen",
        "Be Kaki"
      ]
    },
    {
      "type": "SIZE",
      "title": "Kích thước",
      "values": [
        "S",
        "M",
        "L",
        "XL"
      ]
    }
  ],
  "options_values": [
    {
      "title": "Màu sắc",
      "type": "COLOR",
      "options": [
        {
          "title": "Đen",
          "slug": "den",
          "label": "",
          "images": [
            "6825fb320b611251854613b3",
            "6825fb320b611251854613b2",
            "6825fb300b611251854613af",
            "6825fb300b611251854613ae",
            "6825fb330b611251854613b5",
            "6825fb300b611251854613ad",
            "6825fb330b611251854613b4",
            "6825fb330b611251854613b7",
            "6825fb330b611251854613b6",
            "6825fb310b611251854613b1",
            "6825fb310b611251854613b0"
          ]
        },
        {
          "title": "Be Kaki",
          "slug": "be-kaki",
          "label": "",
          "images": [
            "6825fb350b611251854613c2",
            "6825fb350b611251854613c1",
            "6825fb350b611251854613c0",
            "6825fb340b611251854613b9",
            "6825fb330b611251854613b8",
            "6825fb340b611251854613bd",
            "6825fb350b611251854613be",
            "6825fb340b611251854613bc",
            "6825fb340b611251854613bb",
            "6825fb340b611251854613ba",
            "6825fb350b611251854613bf"
          ]
        }
      ]
    }
  ],
  "images": [
    "6825fb300b611251854613ac",
    "6825fb2e0b611251854613a7",
    "6825fb2e0b611251854613a8",
    "6825fb2f0b611251854613a9",
    "6825fb2f0b611251854613aa",
    "6825fb2f0b611251854613ab"
  ],
  "available": true,
  "collection_id": "6825e98c8eaaa408c6aaf61b",
  "display_order": 25,
  "youtube_video": "",
  "coming_soon": false,
  "display_name_open": "Thoáng khí",
  "gender_type": "MALE",
  "all_image_contains": [
    "6825fb300b611251854613ac",
    "6825fb2e0b611251854613a7",
    "6825fb2e0b611251854613a8",
    "6825fb2f0b611251854613a9",
    "6825fb2f0b611251854613aa",
    "6825fb2f0b611251854613ab",
    "6825fb320b611251854613b3",
    "6825fb320b611251854613b2",
    "6825fb300b611251854613af",
    "6825fb300b611251854613ae",
    "6825fb330b611251854613b5",
    "6825fb300b611251854613ad",
    "6825fb330b611251854613b4",
    "6825fb330b611251854613b7",
    "6825fb330b611251854613b6",
    "6825fb310b611251854613b1",
    "6825fb310b611251854613b0",
    "6825fb350b611251854613c2",
    "6825fb350b611251854613c1",
    "6825fb350b611251854613c0",
    "6825fb340b611251854613b9",
    "6825fb330b611251854613b8",
    "6825fb340b611251854613bd",
    "6825fb350b611251854613be",
    "6825fb340b611251854613bc",
    "6825fb340b611251854613bb",
    "6825fb340b611251854613ba",
    "6825fb350b611251854613bf"
  ],
  "is_lock": false,
  "createBy": "kiminonawa1305@gmail.com",
  "createAt": {
    "$date": "2025-05-15T14:33:33.414Z"
  },
  "updateBy": "kiminonawa1305@gmail.com",
  "updateAt": {
    "$date": "2025-05-15T14:33:33.414Z"
  },
  "_class": "com.lamnguyen.product_service.model.Product"
},
{
  "_id": "6825fb4e213ef202c0fd1f38",
  "title": "Áo sơ mi Flannel 100% Cotton",
  "seo_alias": "ao-so-mi-flannel-100%-cotton",
  "vendor": "5c482438000c695cfa6f8d22",
  "tags": [],
  "options": [
    {
      "type": "COLOR",
      "title": "Màu sắc",
      "values": [
        "Be Vàng",
        "Đỏ",
        "Đen"
      ]
    },
    {
      "type": "SIZE",
      "title": "Kích thước",
      "values": [
        "S",
        "M",
        "L",
        "XL",
        "2XL",
        "3XL"
      ]
    }
  ],
  "options_values": [
    {
      "title": "Màu sắc",
      "type": "COLOR",
      "options": [
        {
          "title": "Be Vàng",
          "slug": "be-vang",
          "label": "",
          "images": [
            "6825fb3f0b611251854613cd",
            "6825fb3f0b611251854613ce",
            "6825fb3e0b611251854613c9",
            "6825fb3f0b611251854613cf",
            "6825fb400b611251854613d1",
            "6825fb400b611251854613d0",
            "6825fb3e0b611251854613ca",
            "6825fb400b611251854613d2",
            "6825fb3f0b611251854613cb",
            "6825fb3f0b611251854613cc"
          ]
        },
        {
          "title": "Đỏ",
          "slug": "do",
          "label": "",
          "images": [
            "6825fb410b611251854613db",
            "6825fb410b611251854613da",
            "6825fb400b611251854613d5",
            "6825fb400b611251854613d4",
            "6825fb400b611251854613d6",
            "6825fb410b611251854613d9",
            "6825fb400b611251854613d3",
            "6825fb410b611251854613d8",
            "6825fb410b611251854613d7",
            "6825fb410b611251854613dc"
          ]
        },
        {
          "title": "Đen",
          "slug": "den",
          "label": "",
          "images": [
            "6825fb430b611251854613e5",
            "6825fb430b611251854613e4",
            "6825fb420b611251854613e0",
            "6825fb420b611251854613e2",
            "6825fb420b611251854613e1",
            "6825fb430b611251854613e6",
            "6825fb420b611251854613e3",
            "6825fb420b611251854613de",
            "6825fb420b611251854613df",
            "6825fb410b611251854613dd"
          ]
        }
      ]
    }
  ],
  "images": [
    "6825fb3d0b611251854613c3",
    "6825fb3d0b611251854613c4",
    "6825fb3d0b611251854613c5",
    "6825fb3e0b611251854613c7",
    "6825fb3e0b611251854613c8",
    "6825fb3e0b611251854613c6"
  ],
  "available": true,
  "collection_id": "6825e98c8eaaa408c6aaf61b",
  "display_order": 274,
  "youtube_video": "",
  "coming_soon": false,
  "display_name_open": "Thoáng khí",
  "gender_type": "MALE",
  "all_image_contains": [
    "6825fb3d0b611251854613c3",
    "6825fb3d0b611251854613c4",
    "6825fb3d0b611251854613c5",
    "6825fb3e0b611251854613c7",
    "6825fb3e0b611251854613c8",
    "6825fb3e0b611251854613c6",
    "6825fb3f0b611251854613cd",
    "6825fb3f0b611251854613ce",
    "6825fb3e0b611251854613c9",
    "6825fb3f0b611251854613cf",
    "6825fb400b611251854613d1",
    "6825fb400b611251854613d0",
    "6825fb3e0b611251854613ca",
    "6825fb400b611251854613d2",
    "6825fb3f0b611251854613cb",
    "6825fb3f0b611251854613cc",
    "6825fb410b611251854613db",
    "6825fb410b611251854613da",
    "6825fb400b611251854613d5",
    "6825fb400b611251854613d4",
    "6825fb400b611251854613d6",
    "6825fb410b611251854613d9",
    "6825fb400b611251854613d3",
    "6825fb410b611251854613d8",
    "6825fb410b611251854613d7",
    "6825fb410b611251854613dc",
    "6825fb430b611251854613e5",
    "6825fb430b611251854613e4",
    "6825fb420b611251854613e0",
    "6825fb420b611251854613e2",
    "6825fb420b611251854613e1",
    "6825fb430b611251854613e6",
    "6825fb420b611251854613e3",
    "6825fb420b611251854613de",
    "6825fb420b611251854613df",
    "6825fb410b611251854613dd"
  ],
  "is_lock": false,
  "createBy": "kiminonawa1305@gmail.com",
  "createAt": {
    "$date": "2025-05-15T14:33:50.740Z"
  },
  "updateBy": "kiminonawa1305@gmail.com",
  "updateAt": {
    "$date": "2025-05-15T14:33:50.740Z"
  },
  "_class": "com.lamnguyen.product_service.model.Product"
},
{
  "_id": "6825fb68213ef202c0fd1f39",
  "title": "Áo Sơ Mi Dài Tay Essentials Cotton ",
  "seo_alias": "ao-so-mi-dai-tay-essentials-cotton-",
  "vendor": "5c482438000c695cfa6f8d22",
  "tags": [
    "BEST_SELLER"
  ],
  "options": [
    {
      "type": "COLOR",
      "title": "Màu sắc",
      "values": [
        "Xanh Navy",
        "Xanh Forever",
        "Trắng",
        "Xám xanh",
        "Đen"
      ]
    },
    {
      "type": "SIZE",
      "title": "Size",
      "values": [
        "S",
        "M",
        "L",
        "XL",
        "2XL",
        "3XL"
      ]
    }
  ],
  "options_values": [
    {
      "title": "Màu sắc",
      "type": "COLOR",
      "options": [
        {
          "title": "Xanh Navy",
          "slug": "xanh-navy",
          "label": "",
          "images": [
            "6825fb580b61125185461410",
            "6825fb570b6112518546140a",
            "6825fb570b6112518546140b",
            "6825fb570b6112518546140c",
            "6825fb570b6112518546140d",
            "6825fb580b6112518546140f",
            "6825fb580b6112518546140e"
          ]
        },
        {
          "title": "Xanh Forever",
          "slug": "xanh-forever",
          "label": "",
          "images": [
            "6825fb580b61125185461413",
            "6825fb590b61125185461414",
            "6825fb590b61125185461415",
            "6825fb580b61125185461411",
            "6825fb590b61125185461416",
            "6825fb580b61125185461412",
            "6825fb590b61125185461417"
          ]
        },
        {
          "title": "Trắng",
          "slug": "trang",
          "label": "",
          "images": [
            "6825fb590b61125185461418",
            "6825fb590b61125185461419",
            "6825fb5a0b6112518546141c",
            "6825fb590b6112518546141a",
            "6825fb590b6112518546141b",
            "6825fb5a0b6112518546141e",
            "6825fb5a0b6112518546141d"
          ]
        },
        {
          "title": "Xám xanh",
          "slug": "xam-xanh",
          "label": "",
          "images": [
            "6825fb5b0b61125185461424",
            "6825fb5b0b61125185461425",
            "6825fb5b0b61125185461420",
            "6825fb5b0b61125185461421",
            "6825fb5b0b61125185461422",
            "6825fb5b0b61125185461423",
            "6825fb5a0b6112518546141f"
          ]
        },
        {
          "title": "Đen",
          "slug": "den",
          "label": "",
          "images": [
            "6825fb5b0b61125185461426",
            "6825fb5c0b61125185461429",
            "6825fb5c0b61125185461427",
            "6825fb5c0b61125185461428",
            "6825fb5c0b6112518546142c",
            "6825fb5c0b6112518546142a",
            "6825fb5c0b6112518546142b"
          ]
        }
      ]
    }
  ],
  "images": [
    "6825fb550b61125185461403",
    "6825fb550b61125185461404",
    "6825fb520b611251854613f8",
    "6825fb520b611251854613f7",
    "6825fb520b611251854613f6",
    "6825fb520b611251854613f5",
    "6825fb4f0b611251854613e9",
    "6825fb4f0b611251854613e8",
    "6825fb4e0b611251854613e7",
    "6825fb500b611251854613ef",
    "6825fb500b611251854613ee",
    "6825fb500b611251854613ed",
    "6825fb550b61125185461402",
    "6825fb530b611251854613f9",
    "6825fb560b61125185461405",
    "6825fb540b61125185461401",
    "6825fb540b61125185461400",
    "6825fb540b611251854613ff",
    "6825fb560b61125185461408",
    "6825fb500b611251854613f1",
    "6825fb540b611251854613fe",
    "6825fb560b61125185461409",
    "6825fb500b611251854613f0",
    "6825fb560b61125185461406",
    "6825fb560b61125185461407",
    "6825fb530b611251854613fd",
    "6825fb4f0b611251854613ea",
    "6825fb530b611251854613fa",
    "6825fb4f0b611251854613eb",
    "6825fb530b611251854613fc",
    "6825fb530b611251854613fb",
    "6825fb510b611251854613f3",
    "6825fb510b611251854613f2",
    "6825fb4f0b611251854613ec",
    "6825fb510b611251854613f4"
  ],
  "available": true,
  "collection_id": "6825e98c8eaaa408c6aaf61b",
  "display_order": 289,
  "youtube_video": "https://media.coolmate.me/uploads/videos/webfixamxanhlistingsomicotton.mp4",
  "coming_soon": false,
  "display_name_open": "100% Cotton",
  "gender_type": "MALE",
  "all_image_contains": [
    "6825fb550b61125185461403",
    "6825fb550b61125185461404",
    "6825fb520b611251854613f8",
    "6825fb520b611251854613f7",
    "6825fb520b611251854613f6",
    "6825fb520b611251854613f5",
    "6825fb4f0b611251854613e9",
    "6825fb4f0b611251854613e8",
    "6825fb4e0b611251854613e7",
    "6825fb500b611251854613ef",
    "6825fb500b611251854613ee",
    "6825fb500b611251854613ed",
    "6825fb550b61125185461402",
    "6825fb530b611251854613f9",
    "6825fb560b61125185461405",
    "6825fb540b61125185461401",
    "6825fb540b61125185461400",
    "6825fb540b611251854613ff",
    "6825fb560b61125185461408",
    "6825fb500b611251854613f1",
    "6825fb540b611251854613fe",
    "6825fb560b61125185461409",
    "6825fb500b611251854613f0",
    "6825fb560b61125185461406",
    "6825fb560b61125185461407",
    "6825fb530b611251854613fd",
    "6825fb4f0b611251854613ea",
    "6825fb530b611251854613fa",
    "6825fb4f0b611251854613eb",
    "6825fb530b611251854613fc",
    "6825fb530b611251854613fb",
    "6825fb510b611251854613f3",
    "6825fb510b611251854613f2",
    "6825fb4f0b611251854613ec",
    "6825fb510b611251854613f4",
    "6825fb580b61125185461410",
    "6825fb570b6112518546140a",
    "6825fb570b6112518546140b",
    "6825fb570b6112518546140c",
    "6825fb570b6112518546140d",
    "6825fb580b6112518546140f",
    "6825fb580b6112518546140e",
    "6825fb580b61125185461413",
    "6825fb590b61125185461414",
    "6825fb590b61125185461415",
    "6825fb580b61125185461411",
    "6825fb590b61125185461416",
    "6825fb580b61125185461412",
    "6825fb590b61125185461417",
    "6825fb590b61125185461418",
    "6825fb590b61125185461419",
    "6825fb5a0b6112518546141c",
    "6825fb590b6112518546141a",
    "6825fb590b6112518546141b",
    "6825fb5a0b6112518546141e",
    "6825fb5a0b6112518546141d",
    "6825fb5b0b61125185461424",
    "6825fb5b0b61125185461425",
    "6825fb5b0b61125185461420",
    "6825fb5b0b61125185461421",
    "6825fb5b0b61125185461422",
    "6825fb5b0b61125185461423",
    "6825fb5a0b6112518546141f",
    "6825fb5b0b61125185461426",
    "6825fb5c0b61125185461429",
    "6825fb5c0b61125185461427",
    "6825fb5c0b61125185461428",
    "6825fb5c0b6112518546142c",
    "6825fb5c0b6112518546142a",
    "6825fb5c0b6112518546142b"
  ],
  "is_lock": false,
  "createBy": "kiminonawa1305@gmail.com",
  "createAt": {
    "$date": "2025-05-15T14:34:16.599Z"
  },
  "updateBy": "kiminonawa1305@gmail.com",
  "updateAt": {
    "$date": "2025-05-15T14:34:16.599Z"
  },
  "_class": "com.lamnguyen.product_service.model.Product"
},
{
  "_id": "6825fb72213ef202c0fd1f3a",
  "title": "Áo Sơ mi dài tay Café-DriS",
  "seo_alias": "ao-so-mi-dai-tay-cafe-dris",
  "vendor": "5c482438000c695cfa6f8d22",
  "tags": [],
  "options": [
    {
      "type": "COLOR",
      "title": "Màu sắc",
      "values": [
        "Xanh nhạt",
        "Xanh Aqua",
        "Xám nhạt",
        "Trắng"
      ]
    },
    {
      "type": "SIZE",
      "title": "Kích thước Áo",
      "values": [
        "S",
        "M",
        "L",
        "XL",
        "2XL"
      ]
    }
  ],
  "options_values": [
    {
      "title": "Màu sắc",
      "type": "COLOR",
      "options": [
        {
          "title": "Xanh nhạt",
          "slug": "xanh-nhat",
          "label": "",
          "images": [
            "6825fb6a0b6112518546143a",
            "6825fb6a0b6112518546143b",
            "6825fb6b0b6112518546143d",
            "6825fb6a0b61125185461437",
            "6825fb6a0b61125185461438",
            "6825fb6a0b61125185461439",
            "6825fb6a0b6112518546143c"
          ]
        },
        {
          "title": "Xanh Aqua",
          "slug": "xanh-aqua",
          "label": "",
          "images": [
            "6825fb6c0b61125185461442",
            "6825fb6c0b61125185461443",
            "6825fb6b0b6112518546143f",
            "6825fb6c0b61125185461444",
            "6825fb6c0b61125185461445",
            "6825fb6b0b6112518546143e",
            "6825fb6b0b61125185461441",
            "6825fb6b0b61125185461440"
          ]
        },
        {
          "title": "Xám nhạt",
          "slug": "xam-nhat",
          "label": "",
          "images": [
            "6825fb6d0b61125185461449",
            "6825fb6c0b61125185461446",
            "6825fb6c0b61125185461447",
            "6825fb6c0b61125185461448",
            "6825fb6d0b6112518546144c",
            "6825fb6d0b6112518546144d",
            "6825fb6d0b6112518546144a",
            "6825fb6d0b6112518546144b"
          ]
        },
        {
          "title": "Trắng",
          "slug": "trang",
          "label": "",
          "images": [
            "6825fb6d0b61125185461450",
            "6825fb6d0b61125185461451",
            "6825fb6e0b61125185461452",
            "6825fb6e0b61125185461453",
            "6825fb6e0b61125185461454",
            "6825fb6d0b6112518546144e",
            "6825fb6d0b6112518546144f"
          ]
        }
      ]
    }
  ],
  "images": [
    "6825fb690b61125185461431",
    "6825fb690b61125185461432",
    "6825fb690b61125185461430",
    "6825fb690b6112518546142d",
    "6825fb690b6112518546142e",
    "6825fb690b61125185461433",
    "6825fb690b61125185461434",
    "6825fb690b6112518546142f",
    "6825fb6a0b61125185461435",
    "6825fb6a0b61125185461436"
  ],
  "available": true,
  "collection_id": "6825e98c8eaaa408c6aaf61b",
  "display_order": 314,
  "youtube_video": "",
  "coming_soon": false,
  "display_name_open": "Khử mùi",
  "gender_type": "MALE",
  "all_image_contains": [
    "6825fb690b61125185461431",
    "6825fb690b61125185461432",
    "6825fb690b61125185461430",
    "6825fb690b6112518546142d",
    "6825fb690b6112518546142e",
    "6825fb690b61125185461433",
    "6825fb690b61125185461434",
    "6825fb690b6112518546142f",
    "6825fb6a0b61125185461435",
    "6825fb6a0b61125185461436",
    "6825fb6a0b6112518546143a",
    "6825fb6a0b6112518546143b",
    "6825fb6b0b6112518546143d",
    "6825fb6a0b61125185461437",
    "6825fb6a0b61125185461438",
    "6825fb6a0b61125185461439",
    "6825fb6a0b6112518546143c",
    "6825fb6c0b61125185461442",
    "6825fb6c0b61125185461443",
    "6825fb6b0b6112518546143f",
    "6825fb6c0b61125185461444",
    "6825fb6c0b61125185461445",
    "6825fb6b0b6112518546143e",
    "6825fb6b0b61125185461441",
    "6825fb6b0b61125185461440",
    "6825fb6d0b61125185461449",
    "6825fb6c0b61125185461446",
    "6825fb6c0b61125185461447",
    "6825fb6c0b61125185461448",
    "6825fb6d0b6112518546144c",
    "6825fb6d0b6112518546144d",
    "6825fb6d0b6112518546144a",
    "6825fb6d0b6112518546144b",
    "6825fb6d0b61125185461450",
    "6825fb6d0b61125185461451",
    "6825fb6e0b61125185461452",
    "6825fb6e0b61125185461453",
    "6825fb6e0b61125185461454",
    "6825fb6d0b6112518546144e",
    "6825fb6d0b6112518546144f"
  ],
  "is_lock": false,
  "createBy": "kiminonawa1305@gmail.com",
  "createAt": {
    "$date": "2025-05-15T14:34:26.894Z"
  },
  "updateBy": "kiminonawa1305@gmail.com",
  "updateAt": {
    "$date": "2025-05-15T14:34:26.894Z"
  },
  "_class": "com.lamnguyen.product_service.model.Product"
}]