[{
  "_id": "682602bf213ef202c0fd2002",
  "title": "Tất lười No show socks",
  "seo_alias": "tat-luoi-no-show-socks",
  "vendor": "5c482438000c695cfa6f8d22",
  "tags": [
    "NEW"
  ],
  "options": [
    {
      "type": "COLOR",
      "title": "Màu sắc",
      "values": [
        "Trắng - Ghi sáng",
        "Đen - Ghi đậm",
        "Ghi sáng - Ghi đậm"
      ]
    }
  ],
  "options_values": [
    {
      "title": "Màu sắc",
      "type": "COLOR",
      "options": [
        {
          "title": "Trắng - Ghi sáng",
          "slug": "trang-ghi-sang",
          "label": "",
          "images": [
            "682602bd0b611251854627af",
            "682602bd0b611251854627b1",
            "682602bd0b611251854627b0"
          ]
        },
        {
          "title": "Đen - Ghi đậm",
          "slug": "den-ghi-dam",
          "label": "",
          "images": [
            "682602be0b611251854627b4",
            "682602be0b611251854627b3",
            "682602be0b611251854627b2"
          ]
        },
        {
          "title": "Ghi sáng - Ghi đậm",
          "slug": "ghi-sang-ghi-dam",
          "label": "",
          "images": [
            "682602be0b611251854627b7",
            "682602be0b611251854627b6",
            "682602be0b611251854627b5"
          ]
        }
      ]
    }
  ],
  "images": [
    "682602bd0b611251854627ab",
    "682602bd0b611251854627aa",
    "682602bd0b611251854627ad",
    "682602bd0b611251854627ac",
    "682602bd0b611251854627ae",
    "682602bd0b611251854627a9"
  ],
  "available": true,
  "collection_id": "6825e9bd8eaaa408c6aaf61f",
  "display_order": 999,
  "youtube_video": "",
  "coming_soon": false,
  "display_name_open": "",
  "gender_type": "MALE",
  "all_image_contains": [
    "682602bd0b611251854627ab",
    "682602bd0b611251854627aa",
    "682602bd0b611251854627ad",
    "682602bd0b611251854627ac",
    "682602bd0b611251854627ae",
    "682602bd0b611251854627a9",
    "682602bd0b611251854627af",
    "682602bd0b611251854627b1",
    "682602bd0b611251854627b0",
    "682602be0b611251854627b4",
    "682602be0b611251854627b3",
    "682602be0b611251854627b2",
    "682602be0b611251854627b7",
    "682602be0b611251854627b6",
    "682602be0b611251854627b5"
  ],
  "is_lock": false,
  "createBy": "kiminonawa1305@gmail.com",
  "createAt": {
    "$date": "2025-05-15T15:05:35.719Z"
  },
  "updateBy": "kiminonawa1305@gmail.com",
  "updateAt": {
    "$date": "2025-05-15T15:05:35.719Z"
  },
  "_class": "com.lamnguyen.product_service.model.Product"
},
{
  "_id": "682602c4213ef202c0fd2003",
  "title": " Tất Nam chạy bộ Active Cổ Ngắn",
  "seo_alias": "-tat-nam-chay-bo-active-co-ngan",
  "vendor": "5c482438000c695cfa6f8d22",
  "tags": [],
  "options": [
    {
      "type": "COLOR",
      "title": "Màu sắc",
      "values": [
        "Cam",
        "Đen phối xanh lá",
        "Xám phối xanh",
        "Xanh Navy"
      ]
    },
    {
      "type": "SIZE",
      "title": "Kích thước",
      "values": [
        "39-42",
        "43-46"
      ]
    }
  ],
  "options_values": [
    {
      "title": "Màu sắc",
      "type": "COLOR",
      "options": [
        {
          "title": "Cam",
          "slug": "cam",
          "label": "",
          "images": [
            "682602c00b611251854627c2",
            "682602c00b611251854627c0",
            "682602c00b611251854627c1",
            "682602c00b611251854627be",
            "682602c00b611251854627bf"
          ]
        },
        {
          "title": "Đen phối xanh lá",
          "slug": "den-phoi-xanh-la",
          "label": "",
          "images": [
            "682602c10b611251854627c6",
            "682602c00b611251854627c3",
            "682602c10b611251854627c7",
            "682602c10b611251854627c8",
            "682602c00b611251854627c4",
            "682602c00b611251854627c5"
          ]
        },
        {
          "title": "Xám phối xanh",
          "slug": "xam-phoi-xanh",
          "label": "",
          "images": [
            "682602c10b611251854627cc",
            "682602c10b611251854627cd",
            "682602c10b611251854627ce",
            "682602c10b611251854627cf",
            "682602c10b611251854627ca",
            "682602c10b611251854627cb",
            "682602c10b611251854627c9"
          ]
        },
        {
          "title": "Xanh Navy",
          "slug": "xanh-navy",
          "label": "",
          "images": [
            "682602c10b611251854627d0",
            "682602c20b611251854627d4",
            "682602c20b611251854627d3",
            "682602c20b611251854627d2",
            "682602c20b611251854627d1"
          ]
        }
      ]
    }
  ],
  "images": [
    "682602c00b611251854627ba",
    "682602c00b611251854627bb",
    "682602bf0b611251854627b9",
    "682602bf0b611251854627b8",
    "682602c00b611251854627bc",
    "682602c00b611251854627bd"
  ],
  "available": true,
  "collection_id": "6825e9bd8eaaa408c6aaf61f",
  "display_order": 1,
  "youtube_video": "",
  "coming_soon": false,
  "display_name_open": "Thoáng khí",
  "gender_type": "MALE",
  "all_image_contains": [
    "682602c00b611251854627ba",
    "682602c00b611251854627bb",
    "682602bf0b611251854627b9",
    "682602bf0b611251854627b8",
    "682602c00b611251854627bc",
    "682602c00b611251854627bd",
    "682602c00b611251854627c2",
    "682602c00b611251854627c0",
    "682602c00b611251854627c1",
    "682602c00b611251854627be",
    "682602c00b611251854627bf",
    "682602c10b611251854627c6",
    "682602c00b611251854627c3",
    "682602c10b611251854627c7",
    "682602c10b611251854627c8",
    "682602c00b611251854627c4",
    "682602c00b611251854627c5",
    "682602c10b611251854627cc",
    "682602c10b611251854627cd",
    "682602c10b611251854627ce",
    "682602c10b611251854627cf",
    "682602c10b611251854627ca",
    "682602c10b611251854627cb",
    "682602c10b611251854627c9",
    "682602c10b611251854627d0",
    "682602c20b611251854627d4",
    "682602c20b611251854627d3",
    "682602c20b611251854627d2",
    "682602c20b611251854627d1"
  ],
  "is_lock": false,
  "createBy": "kiminonawa1305@gmail.com",
  "createAt": {
    "$date": "2025-05-15T15:05:40.447Z"
  },
  "updateBy": "kiminonawa1305@gmail.com",
  "updateAt": {
    "$date": "2025-05-15T15:05:40.447Z"
  },
  "_class": "com.lamnguyen.product_service.model.Product"
},
{
  "_id": "682602cb213ef202c0fd2004",
  "title": "Combo 5 Đôi Tất Nam cổ trung Basics",
  "seo_alias": "combo-5-doi-tat-nam-co-trung-basics",
  "vendor": "5c482438000c695cfa6f8d22",
  "tags": [],
  "options": [
    {
      "type": "COLOR",
      "title": "Màu sắc",
      "values": [
        "Đen",
        "Trắng",
        "Xám Melange"
      ]
    },
    {
      "type": "SIZE",
      "title": "Size",
      "values": []
    }
  ],
  "options_values": [
    {
      "title": "Màu sắc",
      "type": "COLOR",
      "options": [
        {
          "title": "Đen",
          "slug": "den",
          "label": "",
          "images": [
            "682602c60b611251854627ea",
            "682602c60b611251854627ec",
            "682602c60b611251854627eb",
            "682602c70b611251854627f0",
            "682602c60b611251854627ee",
            "682602c60b611251854627ed",
            "682602c60b611251854627ef"
          ]
        },
        {
          "title": "Trắng",
          "slug": "trang",
          "label": "",
          "images": [
            "682602c70b611251854627f7",
            "682602c70b611251854627f6",
            "682602c70b611251854627f5",
            "682602c70b611251854627f4",
            "682602c70b611251854627f3",
            "682602c70b611251854627f2",
            "682602c70b611251854627f1"
          ]
        },
        {
          "title": "Xám Melange",
          "slug": "xam-melange",
          "label": "",
          "images": [
            "682602c80b611251854627fd",
            "682602c80b611251854627fc",
            "682602c70b611251854627f9",
            "682602c70b611251854627f8",
            "682602c80b611251854627fe",
            "682602c70b611251854627fb",
            "682602c70b611251854627fa"
          ]
        }
      ]
    }
  ],
  "images": [
    "682602c50b611251854627df",
    "682602c50b611251854627de",
    "682602c50b611251854627dd",
    "682602c40b611251854627da",
    "682602c60b611251854627e9",
    "682602c60b611251854627e8",
    "682602c50b611251854627dc",
    "682602c50b611251854627db",
    "682602c60b611251854627e7",
    "682602c60b611251854627e6",
    "682602c50b611251854627e5",
    "682602c40b611251854627d6",
    "682602c50b611251854627e0",
    "682602c40b611251854627d5",
    "682602c40b611251854627d8",
    "682602c40b611251854627d7",
    "682602c50b611251854627e4",
    "682602c40b611251854627d9",
    "682602c50b611251854627e3",
    "682602c50b611251854627e2",
    "682602c50b611251854627e1"
  ],
  "available": true,
  "collection_id": "6825e9bd8eaaa408c6aaf61f",
  "display_order": 377,
  "youtube_video": "",
  "coming_soon": false,
  "display_name_open": "Co giãn",
  "gender_type": "MALE",
  "all_image_contains": [
    "682602c50b611251854627df",
    "682602c50b611251854627de",
    "682602c50b611251854627dd",
    "682602c40b611251854627da",
    "682602c60b611251854627e9",
    "682602c60b611251854627e8",
    "682602c50b611251854627dc",
    "682602c50b611251854627db",
    "682602c60b611251854627e7",
    "682602c60b611251854627e6",
    "682602c50b611251854627e5",
    "682602c40b611251854627d6",
    "682602c50b611251854627e0",
    "682602c40b611251854627d5",
    "682602c40b611251854627d8",
    "682602c40b611251854627d7",
    "682602c50b611251854627e4",
    "682602c40b611251854627d9",
    "682602c50b611251854627e3",
    "682602c50b611251854627e2",
    "682602c50b611251854627e1",
    "682602c60b611251854627ea",
    "682602c60b611251854627ec",
    "682602c60b611251854627eb",
    "682602c70b611251854627f0",
    "682602c60b611251854627ee",
    "682602c60b611251854627ed",
    "682602c60b611251854627ef",
    "682602c70b611251854627f7",
    "682602c70b611251854627f6",
    "682602c70b611251854627f5",
    "682602c70b611251854627f4",
    "682602c70b611251854627f3",
    "682602c70b611251854627f2",
    "682602c70b611251854627f1",
    "682602c80b611251854627fd",
    "682602c80b611251854627fc",
    "682602c70b611251854627f9",
    "682602c70b611251854627f8",
    "682602c80b611251854627fe",
    "682602c70b611251854627fb",
    "682602c70b611251854627fa"
  ],
  "is_lock": false,
  "createBy": "kiminonawa1305@gmail.com",
  "createAt": {
    "$date": "2025-05-15T15:05:47.282Z"
  },
  "updateBy": "kiminonawa1305@gmail.com",
  "updateAt": {
    "$date": "2025-05-15T15:05:47.282Z"
  },
  "_class": "com.lamnguyen.product_service.model.Product"
},
{
  "_id": "682602d4213ef202c0fd2005",
  "title": "Tất Nam Thể Thao Techfit",
  "seo_alias": "tat-nam-the-thao-techfit",
  "vendor": "5c482438000c695cfa6f8d22",
  "tags": [],
  "options": [
    {
      "type": "COLOR",
      "title": "Màu sắc",
      "values": [
        "Xanh lá",
        "Trắng",
        "Đen",
        "Xanh Aqua",
        "Xám",
        "Xanh Navy phối Neon"
      ]
    }
  ],
  "options_values": [
    {
      "title": "Màu sắc",
      "type": "COLOR",
      "options": [
        {
          "title": "Xanh lá",
          "slug": "xanh-la",
          "label": "",
          "images": [
            "682602cc0b61125185462810",
            "682602cc0b6112518546280b",
            "682602cc0b6112518546280a",
            "682602cc0b6112518546280d",
            "682602cc0b6112518546280c",
            "682602cc0b6112518546280f",
            "682602cc0b6112518546280e"
          ]
        },
        {
          "title": "Trắng",
          "slug": "trang",
          "label": "",
          "images": [
            "682602cd0b61125185462814",
            "682602cd0b61125185462813",
            "682602cd0b61125185462812",
            "682602cd0b61125185462818",
            "682602cd0b61125185462817",
            "682602cc0b61125185462811",
            "682602cd0b61125185462816",
            "682602cd0b61125185462815"
          ]
        },
        {
          "title": "Đen",
          "slug": "den",
          "label": "",
          "images": [
            "682602cd0b6112518546281c",
            "682602cd0b6112518546281b",
            "682602ce0b61125185462820",
            "682602cd0b6112518546281a",
            "682602ce0b6112518546281e",
            "682602ce0b6112518546281d",
            "682602cd0b61125185462819",
            "682602ce0b6112518546281f"
          ]
        },
        {
          "title": "Xanh Aqua",
          "slug": "xanh-aqua",
          "label": "",
          "images": [
            "682602ce0b61125185462826",
            "682602ce0b61125185462825",
            "682602ce0b61125185462827",
            "682602ce0b61125185462822",
            "682602ce0b61125185462821",
            "682602ce0b61125185462824",
            "682602cf0b61125185462828",
            "682602ce0b61125185462823"
          ]
        },
        {
          "title": "Xám",
          "slug": "xam",
          "label": "",
          "images": [
            "682602cf0b6112518546282f",
            "682602cf0b6112518546282d",
            "682602cf0b6112518546282e",
            "682602cf0b6112518546282b",
            "682602cf0b6112518546282c",
            "682602cf0b6112518546282a",
            "682602cf0b61125185462829"
          ]
        },
        {
          "title": "Xanh Navy phối Neon",
          "slug": "xanh-navy-phoi-neon",
          "label": "",
          "images": [
            "682602cf0b61125185462831",
            "682602cf0b61125185462832",
            "682602d00b61125185462834",
            "682602cf0b61125185462830",
            "682602d00b61125185462835",
            "682602d00b61125185462833"
          ]
        }
      ]
    }
  ],
  "images": [
    "682602cb0b61125185462801",
    "682602cb0b61125185462800",
    "682602cc0b61125185462809",
    "682602cb0b611251854627ff",
    "682602cb0b61125185462806",
    "682602cb0b61125185462805",
    "682602cb0b61125185462804",
    "682602cb0b61125185462803",
    "682602cc0b61125185462808",
    "682602cb0b61125185462802",
    "682602cc0b61125185462807"
  ],
  "available": true,
  "collection_id": "6825e9bd8eaaa408c6aaf61f",
  "display_order": 2,
  "youtube_video": "",
  "coming_soon": false,
  "display_name_open": "Cổ ngắn",
  "gender_type": "MALE",
  "all_image_contains": [
    "682602cb0b61125185462801",
    "682602cb0b61125185462800",
    "682602cc0b61125185462809",
    "682602cb0b611251854627ff",
    "682602cb0b61125185462806",
    "682602cb0b61125185462805",
    "682602cb0b61125185462804",
    "682602cb0b61125185462803",
    "682602cc0b61125185462808",
    "682602cb0b61125185462802",
    "682602cc0b61125185462807",
    "682602cc0b61125185462810",
    "682602cc0b6112518546280b",
    "682602cc0b6112518546280a",
    "682602cc0b6112518546280d",
    "682602cc0b6112518546280c",
    "682602cc0b6112518546280f",
    "682602cc0b6112518546280e",
    "682602cd0b61125185462814",
    "682602cd0b61125185462813",
    "682602cd0b61125185462812",
    "682602cd0b61125185462818",
    "682602cd0b61125185462817",
    "682602cc0b61125185462811",
    "682602cd0b61125185462816",
    "682602cd0b61125185462815",
    "682602cd0b6112518546281c",
    "682602cd0b6112518546281b",
    "682602ce0b61125185462820",
    "682602cd0b6112518546281a",
    "682602ce0b6112518546281e",
    "682602ce0b6112518546281d",
    "682602cd0b61125185462819",
    "682602ce0b6112518546281f",
    "682602ce0b61125185462826",
    "682602ce0b61125185462825",
    "682602ce0b61125185462827",
    "682602ce0b61125185462822",
    "682602ce0b61125185462821",
    "682602ce0b61125185462824",
    "682602cf0b61125185462828",
    "682602ce0b61125185462823",
    "682602cf0b6112518546282f",
    "682602cf0b6112518546282d",
    "682602cf0b6112518546282e",
    "682602cf0b6112518546282b",
    "682602cf0b6112518546282c",
    "682602cf0b6112518546282a",
    "682602cf0b61125185462829",
    "682602cf0b61125185462831",
    "682602cf0b61125185462832",
    "682602d00b61125185462834",
    "682602cf0b61125185462830",
    "682602d00b61125185462835",
    "682602d00b61125185462833"
  ],
  "is_lock": false,
  "createBy": "kiminonawa1305@gmail.com",
  "createAt": {
    "$date": "2025-05-15T15:05:56.134Z"
  },
  "updateBy": "kiminonawa1305@gmail.com",
  "updateAt": {
    "$date": "2025-05-15T15:05:56.134Z"
  },
  "_class": "com.lamnguyen.product_service.model.Product"
},
{
  "_id": "682602d6213ef202c0fd2006",
  "title": "Túi đeo hông đa năng",
  "seo_alias": "tui-deo-hong-da-nang",
  "vendor": "5c482438000c695cfa6f8d22",
  "tags": [],
  "options": [
    {
      "type": "COLOR",
      "title": "Màu sắc",
      "values": [
        "Đen"
      ]
    }
  ],
  "options_values": [
    {
      "title": "Màu sắc",
      "type": "COLOR",
      "options": [
        {
          "title": "Đen",
          "slug": "den",
          "label": "",
          "images": [
            "682602d40b6112518546283c",
            "682602d40b6112518546283b",
            "682602d40b6112518546283a",
            "682602d50b6112518546283f",
            "682602d50b61125185462841",
            "682602d50b61125185462840",
            "682602d40b6112518546283e",
            "682602d50b61125185462843",
            "682602d40b6112518546283d",
            "682602d50b61125185462842"
          ]
        }
      ]
    }
  ],
  "images": [
    "682602d40b61125185462837",
    "682602d40b61125185462836",
    "682602d40b61125185462839",
    "682602d40b61125185462838"
  ],
  "available": true,
  "collection_id": "6825e9bd8eaaa408c6aaf61f",
  "display_order": 440,
  "youtube_video": "",
  "coming_soon": false,
  "display_name_open": "Thoải mái - Size nhỏ",
  "gender_type": "MALE",
  "all_image_contains": [
    "682602d40b61125185462837",
    "682602d40b61125185462836",
    "682602d40b61125185462839",
    "682602d40b61125185462838",
    "682602d40b6112518546283c",
    "682602d40b6112518546283b",
    "682602d40b6112518546283a",
    "682602d50b6112518546283f",
    "682602d50b61125185462841",
    "682602d50b61125185462840",
    "682602d40b6112518546283e",
    "682602d50b61125185462843",
    "682602d40b6112518546283d",
    "682602d50b61125185462842"
  ],
  "is_lock": false,
  "createBy": "kiminonawa1305@gmail.com",
  "createAt": {
    "$date": "2025-05-15T15:05:58.506Z"
  },
  "updateBy": "kiminonawa1305@gmail.com",
  "updateAt": {
    "$date": "2025-05-15T15:05:58.506Z"
  },
  "_class": "com.lamnguyen.product_service.model.Product"
},
{
  "_id": "682602da213ef202c0fd2007",
  "title": "Cốc giữ nhiệt Inox Coolmate",
  "seo_alias": "coc-giu-nhiet-inox-coolmate",
  "vendor": "5c482438000c695cfa6f8d22",
  "tags": [],
  "options": [
    {
      "type": "COLOR",
      "title": "Màu sắc",
      "values": [
        "Trắng",
        "Vàng",
        "Đồng"
      ]
    }
  ],
  "options_values": [
    {
      "title": "Màu sắc",
      "type": "COLOR",
      "options": [
        {
          "title": "Trắng",
          "slug": "trang",
          "label": "",
          "images": [
            "682602d70b6112518546284a",
            "682602d70b6112518546284c",
            "682602d70b6112518546284b",
            "682602d70b6112518546284e",
            "682602d70b6112518546284d",
            "682602d70b61125185462849"
          ]
        },
        {
          "title": "Vàng",
          "slug": "vang",
          "label": "",
          "images": [
            "682602d80b61125185462854",
            "682602d70b61125185462850",
            "682602d70b61125185462852",
            "682602d70b61125185462851",
            "682602d70b61125185462853",
            "682602d70b6112518546284f"
          ]
        },
        {
          "title": "Đồng",
          "slug": "dong",
          "label": "",
          "images": [
            "682602d80b61125185462855",
            "682602d80b61125185462858",
            "682602d80b61125185462859",
            "682602d80b61125185462856",
            "682602d80b61125185462857",
            "682602d80b6112518546285a"
          ]
        }
      ]
    }
  ],
  "images": [
    "682602d60b61125185462848",
    "682602d60b61125185462847",
    "682602d60b61125185462846",
    "682602d60b61125185462845",
    "682602d60b61125185462844"
  ],
  "available": true,
  "collection_id": "6825e9bd8eaaa408c6aaf61f",
  "display_order": 319,
  "youtube_video": "",
  "coming_soon": false,
  "display_name_open": "",
  "gender_type": "MALE",
  "all_image_contains": [
    "682602d60b61125185462848",
    "682602d60b61125185462847",
    "682602d60b61125185462846",
    "682602d60b61125185462845",
    "682602d60b61125185462844",
    "682602d70b6112518546284a",
    "682602d70b6112518546284c",
    "682602d70b6112518546284b",
    "682602d70b6112518546284e",
    "682602d70b6112518546284d",
    "682602d70b61125185462849",
    "682602d80b61125185462854",
    "682602d70b61125185462850",
    "682602d70b61125185462852",
    "682602d70b61125185462851",
    "682602d70b61125185462853",
    "682602d70b6112518546284f",
    "682602d80b61125185462855",
    "682602d80b61125185462858",
    "682602d80b61125185462859",
    "682602d80b61125185462856",
    "682602d80b61125185462857",
    "682602d80b6112518546285a"
  ],
  "is_lock": false,
  "createBy": "kiminonawa1305@gmail.com",
  "createAt": {
    "$date": "2025-05-15T15:06:02.336Z"
  },
  "updateBy": "kiminonawa1305@gmail.com",
  "updateAt": {
    "$date": "2025-05-15T15:06:02.336Z"
  },
  "_class": "com.lamnguyen.product_service.model.Product"
},
{
  "_id": "682602dd213ef202c0fd2008",
  "title": "Card Holder nam Coolmate da bò Nappa",
  "seo_alias": "card-holder-nam-coolmate-da-bo-nappa",
  "vendor": "5c482438000c695cfa6f8d22",
  "tags": [],
  "options": [
    {
      "type": "COLOR",
      "title": "Màu sắc",
      "values": [
        "Nâu",
        "Đen"
      ]
    }
  ],
  "options_values": [
    {
      "title": "Màu sắc",
      "type": "COLOR",
      "options": [
        {
          "title": "Nâu",
          "slug": "nau",
          "label": "",
          "images": [
            "682602da0b61125185462861",
            "682602da0b61125185462860",
            "682602db0b61125185462862",
            "682602da0b6112518546285f",
            "682602db0b61125185462864",
            "682602db0b61125185462863"
          ]
        },
        {
          "title": "Đen",
          "slug": "den",
          "label": "",
          "images": [
            "682602db0b61125185462869",
            "682602db0b6112518546286a",
            "682602db0b61125185462866",
            "682602db0b61125185462865",
            "682602db0b61125185462868",
            "682602db0b61125185462867"
          ]
        }
      ]
    }
  ],
  "images": [
    "682602da0b6112518546285e",
    "682602da0b6112518546285d",
    "682602da0b6112518546285c",
    "682602da0b6112518546285b"
  ],
  "available": true,
  "collection_id": "6825e9bd8eaaa408c6aaf61f",
  "display_order": 322,
  "youtube_video": "",
  "coming_soon": false,
  "display_name_open": "",
  "gender_type": "MALE",
  "all_image_contains": [
    "682602da0b6112518546285e",
    "682602da0b6112518546285d",
    "682602da0b6112518546285c",
    "682602da0b6112518546285b",
    "682602da0b61125185462861",
    "682602da0b61125185462860",
    "682602db0b61125185462862",
    "682602da0b6112518546285f",
    "682602db0b61125185462864",
    "682602db0b61125185462863",
    "682602db0b61125185462869",
    "682602db0b6112518546286a",
    "682602db0b61125185462866",
    "682602db0b61125185462865",
    "682602db0b61125185462868",
    "682602db0b61125185462867"
  ],
  "is_lock": false,
  "createBy": "kiminonawa1305@gmail.com",
  "createAt": {
    "$date": "2025-05-15T15:06:05.078Z"
  },
  "updateBy": "kiminonawa1305@gmail.com",
  "updateAt": {
    "$date": "2025-05-15T15:06:05.078Z"
  },
  "_class": "com.lamnguyen.product_service.model.Product"
},
{
  "_id": "682602e0213ef202c0fd2009",
  "title": "Cốc Inox Coolmate",
  "seo_alias": "coc-inox-coolmate",
  "vendor": "5c482438000c695cfa6f8d22",
  "tags": [],
  "options": [
    {
      "type": "COLOR",
      "title": "Màu sắc",
      "values": [
        "Xanh",
        "Trắng",
        "Đen"
      ]
    }
  ],
  "options_values": [
    {
      "title": "Màu sắc",
      "type": "COLOR",
      "options": [
        {
          "title": "Xanh",
          "slug": "xanh",
          "label": "",
          "images": [
            "682602dd0b6112518546286f",
            "682602dd0b6112518546286e",
            "682602dd0b61125185462871",
            "682602dd0b61125185462870",
            "682602dd0b61125185462873",
            "682602dd0b61125185462872"
          ]
        },
        {
          "title": "Trắng",
          "slug": "trang",
          "label": "",
          "images": [
            "682602de0b61125185462876",
            "682602de0b61125185462875",
            "682602dd0b61125185462874",
            "682602de0b61125185462879",
            "682602de0b61125185462878",
            "682602de0b61125185462877"
          ]
        },
        {
          "title": "Đen",
          "slug": "den",
          "label": "",
          "images": [
            "682602de0b6112518546287f",
            "682602de0b6112518546287e",
            "682602de0b6112518546287d",
            "682602de0b6112518546287c",
            "682602de0b6112518546287b",
            "682602de0b6112518546287a"
          ]
        }
      ]
    }
  ],
  "images": [
    "682602dd0b6112518546286d",
    "682602dd0b6112518546286c",
    "682602dd0b6112518546286b"
  ],
  "available": true,
  "collection_id": "6825e9bd8eaaa408c6aaf61f",
  "display_order": 324,
  "youtube_video": "",
  "coming_soon": false,
  "display_name_open": "",
  "gender_type": "MALE",
  "all_image_contains": [
    "682602dd0b6112518546286d",
    "682602dd0b6112518546286c",
    "682602dd0b6112518546286b",
    "682602dd0b6112518546286f",
    "682602dd0b6112518546286e",
    "682602dd0b61125185462871",
    "682602dd0b61125185462870",
    "682602dd0b61125185462873",
    "682602dd0b61125185462872",
    "682602de0b61125185462876",
    "682602de0b61125185462875",
    "682602dd0b61125185462874",
    "682602de0b61125185462879",
    "682602de0b61125185462878",
    "682602de0b61125185462877",
    "682602de0b6112518546287f",
    "682602de0b6112518546287e",
    "682602de0b6112518546287d",
    "682602de0b6112518546287c",
    "682602de0b6112518546287b",
    "682602de0b6112518546287a"
  ],
  "is_lock": false,
  "createBy": "kiminonawa1305@gmail.com",
  "createAt": {
    "$date": "2025-05-15T15:06:08.520Z"
  },
  "updateBy": "kiminonawa1305@gmail.com",
  "updateAt": {
    "$date": "2025-05-15T15:06:08.520Z"
  },
  "_class": "com.lamnguyen.product_service.model.Product"
},
{
  "_id": "682602e1213ef202c0fd200a",
  "title": "Thắt lưng nam Coolmate da bò Mill khoá gài khoá tự động",
  "seo_alias": "that-lung-nam-coolmate-da-bo-mill-khoa-gai-khoa-tu-dong",
  "vendor": "5c482438000c695cfa6f8d22",
  "tags": [],
  "options": [
    {
      "type": "COLOR",
      "title": "Màu sắc",
      "values": [
        "Đen"
      ]
    }
  ],
  "options_values": [
    {
      "title": "Màu sắc",
      "type": "COLOR",
      "options": [
        {
          "title": "Đen",
          "slug": "den",
          "label": "",
          "images": [
            "682602e00b61125185462883",
            "682602e00b61125185462882",
            "682602e10b61125185462886",
            "682602e10b61125185462885",
            "682602e10b61125185462884"
          ]
        }
      ]
    }
  ],
  "images": [
    "682602e00b61125185462881",
    "682602e00b61125185462880"
  ],
  "available": true,
  "collection_id": "6825e9bd8eaaa408c6aaf61f",
  "display_order": 316,
  "youtube_video": "",
  "coming_soon": false,
  "display_name_open": "",
  "gender_type": "MALE",
  "all_image_contains": [
    "682602e00b61125185462881",
    "682602e00b61125185462880",
    "682602e00b61125185462883",
    "682602e00b61125185462882",
    "682602e10b61125185462886",
    "682602e10b61125185462885",
    "682602e10b61125185462884"
  ],
  "is_lock": false,
  "createBy": "kiminonawa1305@gmail.com",
  "createAt": {
    "$date": "2025-05-15T15:06:09.831Z"
  },
  "updateBy": "kiminonawa1305@gmail.com",
  "updateAt": {
    "$date": "2025-05-15T15:06:09.831Z"
  },
  "_class": "com.lamnguyen.product_service.model.Product"
},
{
  "_id": "682602e4213ef202c0fd200b",
  "title": "Thắt lưng nam Coolmate da bò Mill Lau khoá cài bấm giả đầu kim",
  "seo_alias": "that-lung-nam-coolmate-da-bo-mill-lau-khoa-cai-bam-gia-dau-kim",
  "vendor": "5c482438000c695cfa6f8d22",
  "tags": [],
  "options": [
    {
      "type": "COLOR",
      "title": "Màu sắc",
      "values": [
        "Nâu",
        "Đen"
      ]
    }
  ],
  "options_values": [
    {
      "title": "Màu sắc",
      "type": "COLOR",
      "options": [
        {
          "title": "Nâu",
          "slug": "nau",
          "label": "",
          "images": [
            "682602e20b6112518546288e",
            "682602e20b6112518546288d",
            "682602e20b6112518546288f",
            "682602e20b6112518546288c",
            "682602e20b6112518546288b"
          ]
        },
        {
          "title": "Đen",
          "slug": "den",
          "label": "",
          "images": [
            "682602e20b61125185462890",
            "682602e30b61125185462894",
            "682602e20b61125185462892",
            "682602e20b61125185462891",
            "682602e20b61125185462893"
          ]
        }
      ]
    }
  ],
  "images": [
    "682602e20b61125185462889",
    "682602e10b61125185462887",
    "682602e20b61125185462888",
    "682602e20b6112518546288a"
  ],
  "available": true,
  "collection_id": "6825e9bd8eaaa408c6aaf61f",
  "display_order": 320,
  "youtube_video": "",
  "coming_soon": false,
  "display_name_open": "",
  "gender_type": "MALE",
  "all_image_contains": [
    "682602e20b61125185462889",
    "682602e10b61125185462887",
    "682602e20b61125185462888",
    "682602e20b6112518546288a",
    "682602e20b6112518546288e",
    "682602e20b6112518546288d",
    "682602e20b6112518546288f",
    "682602e20b6112518546288c",
    "682602e20b6112518546288b",
    "682602e20b61125185462890",
    "682602e30b61125185462894",
    "682602e20b61125185462892",
    "682602e20b61125185462891",
    "682602e20b61125185462893"
  ],
  "is_lock": false,
  "createBy": "kiminonawa1305@gmail.com",
  "createAt": {
    "$date": "2025-05-15T15:06:12.233Z"
  },
  "updateBy": "kiminonawa1305@gmail.com",
  "updateAt": {
    "$date": "2025-05-15T15:06:12.233Z"
  },
  "_class": "com.lamnguyen.product_service.model.Product"
},
{
  "_id": "682602e6213ef202c0fd200c",
  "title": "Thắt lưng nam Coolmate da bò Mill khoá gài bấm",
  "seo_alias": "that-lung-nam-coolmate-da-bo-mill-khoa-gai-bam",
  "vendor": "5c482438000c695cfa6f8d22",
  "tags": [],
  "options": [
    {
      "type": "COLOR",
      "title": "Màu sắc",
      "values": [
        "Đen",
        "Nâu"
      ]
    }
  ],
  "options_values": [
    {
      "title": "Màu sắc",
      "type": "COLOR",
      "options": [
        {
          "title": "Đen",
          "slug": "den",
          "label": "",
          "images": [
            "682602e40b61125185462899",
            "682602e40b6112518546289b",
            "682602e40b6112518546289a",
            "682602e50b6112518546289d",
            "682602e50b6112518546289c"
          ]
        },
        {
          "title": "Nâu",
          "slug": "nau",
          "label": "",
          "images": [
            "682602e50b611251854628a2",
            "682602e50b611251854628a1",
            "682602e50b611251854628a0",
            "682602e50b6112518546289f",
            "682602e50b6112518546289e"
          ]
        }
      ]
    }
  ],
  "images": [
    "682602e40b61125185462898",
    "682602e40b61125185462897",
    "682602e40b61125185462896",
    "682602e40b61125185462895"
  ],
  "available": true,
  "collection_id": "6825e9bd8eaaa408c6aaf61f",
  "display_order": 318,
  "youtube_video": "",
  "coming_soon": false,
  "display_name_open": "",
  "gender_type": "MALE",
  "all_image_contains": [
    "682602e40b61125185462898",
    "682602e40b61125185462897",
    "682602e40b61125185462896",
    "682602e40b61125185462895",
    "682602e40b61125185462899",
    "682602e40b6112518546289b",
    "682602e40b6112518546289a",
    "682602e50b6112518546289d",
    "682602e50b6112518546289c",
    "682602e50b611251854628a2",
    "682602e50b611251854628a1",
    "682602e50b611251854628a0",
    "682602e50b6112518546289f",
    "682602e50b6112518546289e"
  ],
  "is_lock": false,
  "createBy": "kiminonawa1305@gmail.com",
  "createAt": {
    "$date": "2025-05-15T15:06:14.682Z"
  },
  "updateBy": "kiminonawa1305@gmail.com",
  "updateAt": {
    "$date": "2025-05-15T15:06:14.682Z"
  },
  "_class": "com.lamnguyen.product_service.model.Product"
},
{
  "_id": "682602e9213ef202c0fd200d",
  "title": "Thắt lưng nam Coolmate da bò Mill khoá gài kim",
  "seo_alias": "that-lung-nam-coolmate-da-bo-mill-khoa-gai-kim",
  "vendor": "5c482438000c695cfa6f8d22",
  "tags": [],
  "options": [
    {
      "type": "COLOR",
      "title": "Màu sắc",
      "values": [
        "Đen",
        "Nâu"
      ]
    }
  ],
  "options_values": [
    {
      "title": "Màu sắc",
      "type": "COLOR",
      "options": [
        {
          "title": "Đen",
          "slug": "den",
          "label": "",
          "images": [
            "682602e70b611251854628a9",
            "682602e70b611251854628a8",
            "682602e70b611251854628ab",
            "682602e70b611251854628aa",
            "682602e70b611251854628a7"
          ]
        },
        {
          "title": "Nâu",
          "slug": "nau",
          "label": "",
          "images": [
            "682602e70b611251854628b0",
            "682602e70b611251854628ac",
            "682602e70b611251854628af",
            "682602e70b611251854628ae",
            "682602e70b611251854628ad"
          ]
        }
      ]
    }
  ],
  "images": [
    "682602e60b611251854628a4",
    "682602e60b611251854628a3",
    "682602e60b611251854628a5",
    "682602e70b611251854628a6"
  ],
  "available": true,
  "collection_id": "6825e9bd8eaaa408c6aaf61f",
  "display_order": 317,
  "youtube_video": "",
  "coming_soon": false,
  "display_name_open": "",
  "gender_type": "MALE",
  "all_image_contains": [
    "682602e60b611251854628a4",
    "682602e60b611251854628a3",
    "682602e60b611251854628a5",
    "682602e70b611251854628a6",
    "682602e70b611251854628a9",
    "682602e70b611251854628a8",
    "682602e70b611251854628ab",
    "682602e70b611251854628aa",
    "682602e70b611251854628a7",
    "682602e70b611251854628b0",
    "682602e70b611251854628ac",
    "682602e70b611251854628af",
    "682602e70b611251854628ae",
    "682602e70b611251854628ad"
  ],
  "is_lock": false,
  "createBy": "kiminonawa1305@gmail.com",
  "createAt": {
    "$date": "2025-05-15T15:06:17.088Z"
  },
  "updateBy": "kiminonawa1305@gmail.com",
  "updateAt": {
    "$date": "2025-05-15T15:06:17.088Z"
  },
  "_class": "com.lamnguyen.product_service.model.Product"
},
{
  "_id": "682602ed213ef202c0fd200e",
  "title": "Pack 3 Tất Active cổ trung",
  "seo_alias": "pack-3-tat-active-co-trung",
  "vendor": "5c482438000c695cfa6f8d22",
  "tags": [],
  "options": [
    {
      "type": "COLOR",
      "title": "Màu sắc",
      "values": [
        "Đen",
        "Trắng",
        "Xám",
        "Mix"
      ]
    },
    {
      "type": "SIZE",
      "title": "Kích thước",
      "values": [
        "39-42",
        "43-46"
      ]
    }
  ],
  "options_values": [
    {
      "title": "Màu sắc",
      "type": "COLOR",
      "options": [
        {
          "title": "Đen",
          "slug": "den",
          "label": "",
          "images": [
            "682602ea0b611251854628bb",
            "682602e90b611251854628b9",
            "682602e90b611251854628b7",
            "682602e90b611251854628b8",
            "682602e90b611251854628ba"
          ]
        },
        {
          "title": "Trắng",
          "slug": "trang",
          "label": "",
          "images": [
            "682602ea0b611251854628c0",
            "682602ea0b611251854628bd",
            "682602ea0b611251854628bc",
            "682602ea0b611251854628bf",
            "682602ea0b611251854628be"
          ]
        },
        {
          "title": "Xám",
          "slug": "xam",
          "label": "",
          "images": [
            "682602ea0b611251854628c1",
            "682602ea0b611251854628c3",
            "682602ea0b611251854628c2",
            "682602ea0b611251854628c4",
            "682602eb0b611251854628c5"
          ]
        },
        {
          "title": "Mix",
          "slug": "mix",
          "label": "",
          "images": [
            "682602eb0b611251854628c9",
            "682602eb0b611251854628c8",
            "682602eb0b611251854628c7",
            "682602eb0b611251854628cb",
            "682602eb0b611251854628ca",
            "682602eb0b611251854628c6"
          ]
        }
      ]
    }
  ],
  "images": [
    "682602e90b611251854628b5",
    "682602e90b611251854628b6",
    "682602e90b611251854628b3",
    "682602e90b611251854628b4",
    "682602e90b611251854628b1",
    "682602e90b611251854628b2"
  ],
  "available": true,
  "collection_id": "6825e9bd8eaaa408c6aaf61f",
  "display_order": 323,
  "youtube_video": "",
  "coming_soon": false,
  "display_name_open": "Cổ trung",
  "gender_type": "MALE",
  "all_image_contains": [
    "682602e90b611251854628b5",
    "682602e90b611251854628b6",
    "682602e90b611251854628b3",
    "682602e90b611251854628b4",
    "682602e90b611251854628b1",
    "682602e90b611251854628b2",
    "682602ea0b611251854628bb",
    "682602e90b611251854628b9",
    "682602e90b611251854628b7",
    "682602e90b611251854628b8",
    "682602e90b611251854628ba",
    "682602ea0b611251854628c0",
    "682602ea0b611251854628bd",
    "682602ea0b611251854628bc",
    "682602ea0b611251854628bf",
    "682602ea0b611251854628be",
    "682602ea0b611251854628c1",
    "682602ea0b611251854628c3",
    "682602ea0b611251854628c2",
    "682602ea0b611251854628c4",
    "682602eb0b611251854628c5",
    "682602eb0b611251854628c9",
    "682602eb0b611251854628c8",
    "682602eb0b611251854628c7",
    "682602eb0b611251854628cb",
    "682602eb0b611251854628ca",
    "682602eb0b611251854628c6"
  ],
  "is_lock": false,
  "createBy": "kiminonawa1305@gmail.com",
  "createAt": {
    "$date": "2025-05-15T15:06:21.696Z"
  },
  "updateBy": "kiminonawa1305@gmail.com",
  "updateAt": {
    "$date": "2025-05-15T15:06:21.696Z"
  },
  "_class": "com.lamnguyen.product_service.model.Product"
},
{
  "_id": "682602f6213ef202c0fd200f",
  "title": "Combo 2 đôi Tất cổ dài Cotton Ribbed Coolmate",
  "seo_alias": "combo-2-doi-tat-co-dai-cotton-ribbed-coolmate",
  "vendor": "5c482438000c695cfa6f8d22",
  "tags": [],
  "options": [
    {
      "type": "COLOR",
      "title": "Màu sắc",
      "values": [
        "Nâu nhạt",
        "Nâu đậm",
        "Rêu",
        "Đen",
        "Trắng",
        "Xám đậm",
        "Xám Melange",
        "Xanh Navy"
      ]
    }
  ],
  "options_values": [
    {
      "title": "Màu sắc",
      "type": "COLOR",
      "options": [
        {
          "title": "Nâu nhạt",
          "slug": "nau-nhat",
          "label": "",
          "images": [
            "682602ef0b611251854628e0",
            "682602ef0b611251854628dc",
            "682602ef0b611251854628df",
            "682602ef0b611251854628dd",
            "682602ef0b611251854628de"
          ]
        },
        {
          "title": "Nâu đậm",
          "slug": "nau-dam",
          "label": "",
          "images": [
            "682602f00b611251854628e3",
            "682602ef0b611251854628e1",
            "682602ef0b611251854628e2",
            "682602f00b611251854628e5",
            "682602f00b611251854628e4"
          ]
        },
        {
          "title": "Rêu",
          "slug": "reu",
          "label": "",
          "images": [
            "682602f00b611251854628ea",
            "682602f00b611251854628e9",
            "682602f00b611251854628e8",
            "682602f00b611251854628e7",
            "682602f00b611251854628e6"
          ]
        },
        {
          "title": "Đen",
          "slug": "den",
          "label": "",
          "images": [
            "682602f00b611251854628ec",
            "682602f00b611251854628eb",
            "682602f10b611251854628ef",
            "682602f10b611251854628ee",
            "682602f00b611251854628ed"
          ]
        },
        {
          "title": "Trắng",
          "slug": "trang",
          "label": "",
          "images": [
            "682602f10b611251854628f1",
            "682602f10b611251854628f0",
            "682602f10b611251854628f3",
            "682602f10b611251854628f2",
            "682602f10b611251854628f4"
          ]
        },
        {
          "title": "Xám đậm",
          "slug": "xam-dam",
          "label": "",
          "images": [
            "682602f20b611251854628f9",
            "682602f10b611251854628f5",
            "682602f10b611251854628f7",
            "682602f10b611251854628f6",
            "682602f10b611251854628f8"
          ]
        },
        {
          "title": "Xám Melange",
          "slug": "xam-melange",
          "label": "",
          "images": [
            "682602f20b611251854628fe",
            "682602f20b611251854628fd",
            "682602f20b611251854628fc",
            "682602f20b611251854628fb",
            "682602f20b611251854628fa"
          ]
        },
        {
          "title": "Xanh Navy",
          "slug": "xanh-navy",
          "label": "",
          "images": [
            "682602f20b611251854628ff",
            "682602f20b61125185462903",
            "682602f20b61125185462902",
            "682602f20b61125185462901",
            "682602f20b61125185462900"
          ]
        }
      ]
    }
  ],
  "images": [
    "682602ee0b611251854628d5",
    "682602ee0b611251854628d6",
    "682602ee0b611251854628d7",
    "682602ee0b611251854628d8",
    "682602ef0b611251854628db",
    "682602ef0b611251854628da",
    "682602ed0b611251854628cd",
    "682602ed0b611251854628cc",
    "682602ee0b611251854628d0",
    "682602ee0b611251854628d1",
    "682602ee0b611251854628d2",
    "682602ee0b611251854628d3",
    "682602ee0b611251854628d4",
    "682602ee0b611251854628ce",
    "682602ee0b611251854628cf",
    "682602ef0b611251854628d9"
  ],
  "available": true,
  "collection_id": "6825e9bd8eaaa408c6aaf61f",
  "display_order": 25,
  "youtube_video": "",
  "coming_soon": false,
  "display_name_open": "Thoáng khí",
  "gender_type": "MALE",
  "all_image_contains": [
    "682602ee0b611251854628d5",
    "682602ee0b611251854628d6",
    "682602ee0b611251854628d7",
    "682602ee0b611251854628d8",
    "682602ef0b611251854628db",
    "682602ef0b611251854628da",
    "682602ed0b611251854628cd",
    "682602ed0b611251854628cc",
    "682602ee0b611251854628d0",
    "682602ee0b611251854628d1",
    "682602ee0b611251854628d2",
    "682602ee0b611251854628d3",
    "682602ee0b611251854628d4",
    "682602ee0b611251854628ce",
    "682602ee0b611251854628cf",
    "682602ef0b611251854628d9",
    "682602ef0b611251854628e0",
    "682602ef0b611251854628dc",
    "682602ef0b611251854628df",
    "682602ef0b611251854628dd",
    "682602ef0b611251854628de",
    "682602f00b611251854628e3",
    "682602ef0b611251854628e1",
    "682602ef0b611251854628e2",
    "682602f00b611251854628e5",
    "682602f00b611251854628e4",
    "682602f00b611251854628ea",
    "682602f00b611251854628e9",
    "682602f00b611251854628e8",
    "682602f00b611251854628e7",
    "682602f00b611251854628e6",
    "682602f00b611251854628ec",
    "682602f00b611251854628eb",
    "682602f10b611251854628ef",
    "682602f10b611251854628ee",
    "682602f00b611251854628ed",
    "682602f10b611251854628f1",
    "682602f10b611251854628f0",
    "682602f10b611251854628f3",
    "682602f10b611251854628f2",
    "682602f10b611251854628f4",
    "682602f20b611251854628f9",
    "682602f10b611251854628f5",
    "682602f10b611251854628f7",
    "682602f10b611251854628f6",
    "682602f10b611251854628f8",
    "682602f20b611251854628fe",
    "682602f20b611251854628fd",
    "682602f20b611251854628fc",
    "682602f20b611251854628fb",
    "682602f20b611251854628fa",
    "682602f20b611251854628ff",
    "682602f20b61125185462903",
    "682602f20b61125185462902",
    "682602f20b61125185462901",
    "682602f20b61125185462900"
  ],
  "is_lock": false,
  "createBy": "kiminonawa1305@gmail.com",
  "createAt": {
    "$date": "2025-05-15T15:06:30.973Z"
  },
  "updateBy": "kiminonawa1305@gmail.com",
  "updateAt": {
    "$date": "2025-05-15T15:06:30.973Z"
  },
  "_class": "com.lamnguyen.product_service.model.Product"
},
{
  "_id": "682602fb213ef202c0fd2010",
  "title": "Combo 2 đôi Tất cổ trung Cotton Ribbed Coolmate",
  "seo_alias": "combo-2-doi-tat-co-trung-cotton-ribbed-coolmate",
  "vendor": "5c482438000c695cfa6f8d22",
  "tags": [],
  "options": [
    {
      "type": "COLOR",
      "title": "Màu sắc",
      "values": [
        "Trắng",
        "Xám Melange",
        "Xanh Navy",
        "Đen"
      ]
    }
  ],
  "options_values": [
    {
      "title": "Màu sắc",
      "type": "COLOR",
      "options": [
        {
          "title": "Trắng",
          "slug": "trang",
          "label": "",
          "images": [
            "682602f80b6112518546290e",
            "682602f80b61125185462910",
            "682602f70b6112518546290c",
            "682602f70b6112518546290d",
            "682602f80b6112518546290f"
          ]
        },
        {
          "title": "Xám Melange",
          "slug": "xam-melange",
          "label": "",
          "images": [
            "682602f80b61125185462915",
            "682602f80b61125185462913",
            "682602f80b61125185462914",
            "682602f80b61125185462911",
            "682602f80b61125185462912"
          ]
        },
        {
          "title": "Xanh Navy",
          "slug": "xanh-navy",
          "label": "",
          "images": [
            "682602f80b61125185462916",
            "682602f90b6112518546291a",
            "682602f90b61125185462918",
            "682602f90b61125185462919",
            "682602f80b61125185462917"
          ]
        },
        {
          "title": "Đen",
          "slug": "den",
          "label": "",
          "images": [
            "682602f90b6112518546291b",
            "682602f90b6112518546291c",
            "682602f90b6112518546291d",
            "682602f90b6112518546291e",
            "682602f90b6112518546291f"
          ]
        }
      ]
    }
  ],
  "images": [
    "682602f70b61125185462907",
    "682602f70b61125185462908",
    "682602f70b61125185462909",
    "682602f70b61125185462904",
    "682602f70b61125185462905",
    "682602f70b61125185462906",
    "682602f70b6112518546290a",
    "682602f70b6112518546290b"
  ],
  "available": true,
  "collection_id": "6825e9bd8eaaa408c6aaf61f",
  "display_order": 315,
  "youtube_video": "",
  "coming_soon": false,
  "display_name_open": "Thoáng khí",
  "gender_type": "MALE",
  "all_image_contains": [
    "682602f70b61125185462907",
    "682602f70b61125185462908",
    "682602f70b61125185462909",
    "682602f70b61125185462904",
    "682602f70b61125185462905",
    "682602f70b61125185462906",
    "682602f70b6112518546290a",
    "682602f70b6112518546290b",
    "682602f80b6112518546290e",
    "682602f80b61125185462910",
    "682602f70b6112518546290c",
    "682602f70b6112518546290d",
    "682602f80b6112518546290f",
    "682602f80b61125185462915",
    "682602f80b61125185462913",
    "682602f80b61125185462914",
    "682602f80b61125185462911",
    "682602f80b61125185462912",
    "682602f80b61125185462916",
    "682602f90b6112518546291a",
    "682602f90b61125185462918",
    "682602f90b61125185462919",
    "682602f80b61125185462917",
    "682602f90b6112518546291b",
    "682602f90b6112518546291c",
    "682602f90b6112518546291d",
    "682602f90b6112518546291e",
    "682602f90b6112518546291f"
  ],
  "is_lock": false,
  "createBy": "kiminonawa1305@gmail.com",
  "createAt": {
    "$date": "2025-05-15T15:06:35.770Z"
  },
  "updateBy": "kiminonawa1305@gmail.com",
  "updateAt": {
    "$date": "2025-05-15T15:06:35.770Z"
  },
  "_class": "com.lamnguyen.product_service.model.Product"
},
{
  "_id": "68260300213ef202c0fd2011",
  "title": "Tất bóng đá cổ cao",
  "seo_alias": "tat-bong-da-co-cao",
  "vendor": "5c482438000c695cfa6f8d22",
  "tags": [],
  "options": [
    {
      "type": "COLOR",
      "title": "Màu sắc",
      "values": [
        "Đen-Trắng",
        "Đen-Đỏ",
        "Xanh"
      ]
    },
    {
      "type": "SIZE",
      "title": "Kích thước",
      "values": [
        "39-42",
        "43-46"
      ]
    }
  ],
  "options_values": [
    {
      "title": "Màu sắc",
      "type": "COLOR",
      "options": [
        {
          "title": "Đen-Trắng",
          "slug": "den-trang",
          "label": "",
          "images": [
            "682602fc0b6112518546292c",
            "682602fc0b6112518546292b",
            "682602fc0b6112518546292a",
            "682602fd0b6112518546292d",
            "682602fd0b6112518546292e",
            "682602fd0b6112518546292f",
            "682602fc0b61125185462929"
          ]
        },
        {
          "title": "Đen-Đỏ",
          "slug": "den-do",
          "label": "",
          "images": [
            "682602fd0b61125185462930",
            "682602fd0b61125185462931",
            "682602fd0b61125185462932",
            "682602fd0b61125185462933",
            "682602fd0b61125185462934",
            "682602fd0b61125185462935",
            "682602fd0b61125185462936"
          ]
        },
        {
          "title": "Xanh",
          "slug": "xanh",
          "label": "",
          "images": [
            "682602fe0b6112518546293d",
            "682602fe0b61125185462939",
            "682602fd0b61125185462937",
            "682602fd0b61125185462938",
            "682602fe0b6112518546293b",
            "682602fe0b6112518546293c",
            "682602fe0b6112518546293a"
          ]
        }
      ]
    }
  ],
  "images": [
    "682602fc0b61125185462924",
    "682602fc0b61125185462923",
    "682602fc0b61125185462922",
    "682602fc0b61125185462928",
    "682602fc0b61125185462927",
    "682602fb0b61125185462921",
    "682602fc0b61125185462926",
    "682602fb0b61125185462920",
    "682602fc0b61125185462925"
  ],
  "available": true,
  "collection_id": "6825e9bd8eaaa408c6aaf61f",
  "display_order": 321,
  "youtube_video": "",
  "coming_soon": false,
  "display_name_open": "Thoáng khí",
  "gender_type": "MALE",
  "all_image_contains": [
    "682602fc0b61125185462924",
    "682602fc0b61125185462923",
    "682602fc0b61125185462922",
    "682602fc0b61125185462928",
    "682602fc0b61125185462927",
    "682602fb0b61125185462921",
    "682602fc0b61125185462926",
    "682602fb0b61125185462920",
    "682602fc0b61125185462925",
    "682602fc0b6112518546292c",
    "682602fc0b6112518546292b",
    "682602fc0b6112518546292a",
    "682602fd0b6112518546292d",
    "682602fd0b6112518546292e",
    "682602fd0b6112518546292f",
    "682602fc0b61125185462929",
    "682602fd0b61125185462930",
    "682602fd0b61125185462931",
    "682602fd0b61125185462932",
    "682602fd0b61125185462933",
    "682602fd0b61125185462934",
    "682602fd0b61125185462935",
    "682602fd0b61125185462936",
    "682602fe0b6112518546293d",
    "682602fe0b61125185462939",
    "682602fd0b61125185462937",
    "682602fd0b61125185462938",
    "682602fe0b6112518546293b",
    "682602fe0b6112518546293c",
    "682602fe0b6112518546293a"
  ],
  "is_lock": false,
  "createBy": "kiminonawa1305@gmail.com",
  "createAt": {
    "$date": "2025-05-15T15:06:40.633Z"
  },
  "updateBy": "kiminonawa1305@gmail.com",
  "updateAt": {
    "$date": "2025-05-15T15:06:40.633Z"
  },
  "_class": "com.lamnguyen.product_service.model.Product"
},
{
  "_id": "68260304213ef202c0fd2012",
  "title": "Headband thể thao",
  "seo_alias": "headband-the-thao",
  "vendor": "5c482438000c695cfa6f8d22",
  "tags": [],
  "options": [
    {
      "type": "COLOR",
      "title": "Màu sắc",
      "values": [
        "Trắng",
        "Đen",
        "Xanh Navy"
      ]
    }
  ],
  "options_values": [
    {
      "title": "Màu sắc",
      "type": "COLOR",
      "options": [
        {
          "title": "Trắng",
          "slug": "trang",
          "label": "",
          "images": [
            "682603010b61125185462948",
            "682603010b61125185462946",
            "682603010b61125185462947",
            "682603010b61125185462944",
            "682603010b61125185462945"
          ]
        },
        {
          "title": "Đen",
          "slug": "den",
          "label": "",
          "images": [
            "682603010b61125185462949",
            "682603020b6112518546294c",
            "682603020b6112518546294d",
            "682603010b6112518546294b",
            "682603010b6112518546294a"
          ]
        },
        {
          "title": "Xanh Navy",
          "slug": "xanh-navy",
          "label": "",
          "images": [
            "682603020b61125185462952",
            "682603020b6112518546294e",
            "682603020b6112518546294f",
            "682603020b61125185462950",
            "682603020b61125185462951"
          ]
        }
      ]
    }
  ],
  "images": [
    "682603000b61125185462940",
    "682603010b61125185462942",
    "682603010b61125185462943",
    "682603000b6112518546293f",
    "682603010b61125185462941",
    "682603000b6112518546293e"
  ],
  "available": true,
  "collection_id": "6825e9bd8eaaa408c6aaf61f",
  "display_order": 477,
  "youtube_video": "",
  "coming_soon": false,
  "display_name_open": " Thấm hút - Mềm mại",
  "gender_type": "MALE",
  "all_image_contains": [
    "682603000b61125185462940",
    "682603010b61125185462942",
    "682603010b61125185462943",
    "682603000b6112518546293f",
    "682603010b61125185462941",
    "682603000b6112518546293e",
    "682603010b61125185462948",
    "682603010b61125185462946",
    "682603010b61125185462947",
    "682603010b61125185462944",
    "682603010b61125185462945",
    "682603010b61125185462949",
    "682603020b6112518546294c",
    "682603020b6112518546294d",
    "682603010b6112518546294b",
    "682603010b6112518546294a",
    "682603020b61125185462952",
    "682603020b6112518546294e",
    "682603020b6112518546294f",
    "682603020b61125185462950",
    "682603020b61125185462951"
  ],
  "is_lock": false,
  "createBy": "kiminonawa1305@gmail.com",
  "createAt": {
    "$date": "2025-05-15T15:06:44.230Z"
  },
  "updateBy": "kiminonawa1305@gmail.com",
  "updateAt": {
    "$date": "2025-05-15T15:06:44.230Z"
  },
  "_class": "com.lamnguyen.product_service.model.Product"
},
{
  "_id": "68260307213ef202c0fd2013",
  "title": " Wristband thể thao",
  "seo_alias": "-wristband-the-thao",
  "vendor": "5c482438000c695cfa6f8d22",
  "tags": [],
  "options": [
    {
      "type": "COLOR",
      "title": "Màu sắc",
      "values": [
        "Trắng",
        "Đen",
        "Xanh Navy"
      ]
    }
  ],
  "options_values": [
    {
      "title": "Màu sắc",
      "type": "COLOR",
      "options": [
        {
          "title": "Trắng",
          "slug": "trang",
          "label": "",
          "images": [
            "682603040b6112518546295a",
            "682603050b6112518546295c",
            "682603040b61125185462959",
            "682603040b61125185462958",
            "682603050b6112518546295b"
          ]
        },
        {
          "title": "Đen",
          "slug": "den",
          "label": "",
          "images": [
            "682603050b6112518546295d",
            "682603050b6112518546295f",
            "682603050b6112518546295e",
            "682603050b61125185462961",
            "682603050b61125185462960"
          ]
        },
        {
          "title": "Xanh Navy",
          "slug": "xanh-navy",
          "label": "",
          "images": [
            "682603060b61125185462966",
            "682603060b61125185462965",
            "682603050b61125185462964",
            "682603050b61125185462963",
            "682603050b61125185462962"
          ]
        }
      ]
    }
  ],
  "images": [
    "682603040b61125185462953",
    "682603040b61125185462957",
    "682603040b61125185462956",
    "682603040b61125185462955",
    "682603040b61125185462954"
  ],
  "available": true,
  "collection_id": "6825e9bd8eaaa408c6aaf61f",
  "display_order": 421,
  "youtube_video": "",
  "coming_soon": false,
  "display_name_open": " Thấm hút - Mềm mại",
  "gender_type": "MALE",
  "all_image_contains": [
    "682603040b61125185462953",
    "682603040b61125185462957",
    "682603040b61125185462956",
    "682603040b61125185462955",
    "682603040b61125185462954",
    "682603040b6112518546295a",
    "682603050b6112518546295c",
    "682603040b61125185462959",
    "682603040b61125185462958",
    "682603050b6112518546295b",
    "682603050b6112518546295d",
    "682603050b6112518546295f",
    "682603050b6112518546295e",
    "682603050b61125185462961",
    "682603050b61125185462960",
    "682603060b61125185462966",
    "682603060b61125185462965",
    "682603050b61125185462964",
    "682603050b61125185462963",
    "682603050b61125185462962"
  ],
  "is_lock": false,
  "createBy": "kiminonawa1305@gmail.com",
  "createAt": {
    "$date": "2025-05-15T15:06:47.640Z"
  },
  "updateBy": "kiminonawa1305@gmail.com",
  "updateAt": {
    "$date": "2025-05-15T15:06:47.640Z"
  },
  "_class": "com.lamnguyen.product_service.model.Product"
},
{
  "_id": "68260309213ef202c0fd2014",
  "title": "Combo 2 Tất Thể Thao Cổ Trung Cushion",
  "seo_alias": "combo-2-tat-the-thao-co-trung-cushion",
  "vendor": "5c482438000c695cfa6f8d22",
  "tags": [],
  "options": [
    {
      "type": "COLOR",
      "title": "Màu sắc",
      "values": [
        "Trắng"
      ]
    }
  ],
  "options_values": [
    {
      "title": "Màu sắc",
      "type": "COLOR",
      "options": [
        {
          "title": "Trắng",
          "slug": "trang",
          "label": "",
          "images": [
            "682603080b6112518546296f",
            "682603080b6112518546296e",
            "682603080b61125185462971",
            "682603080b61125185462970",
            "682603080b6112518546296d",
            "682603080b61125185462973",
            "682603080b61125185462972"
          ]
        }
      ]
    }
  ],
  "images": [
    "682603070b6112518546296a",
    "682603070b61125185462967",
    "682603070b61125185462969",
    "682603070b61125185462968",
    "682603080b6112518546296c",
    "682603080b6112518546296b"
  ],
  "available": true,
  "collection_id": "6825e9bd8eaaa408c6aaf61f",
  "display_order": 525,
  "youtube_video": "",
  "coming_soon": false,
  "display_name_open": "Thoáng khí",
  "gender_type": "MALE",
  "all_image_contains": [
    "682603070b6112518546296a",
    "682603070b61125185462967",
    "682603070b61125185462969",
    "682603070b61125185462968",
    "682603080b6112518546296c",
    "682603080b6112518546296b",
    "682603080b6112518546296f",
    "682603080b6112518546296e",
    "682603080b61125185462971",
    "682603080b61125185462970",
    "682603080b6112518546296d",
    "682603080b61125185462973",
    "682603080b61125185462972"
  ],
  "is_lock": false,
  "createBy": "kiminonawa1305@gmail.com",
  "createAt": {
    "$date": "2025-05-15T15:06:49.778Z"
  },
  "updateBy": "kiminonawa1305@gmail.com",
  "updateAt": {
    "$date": "2025-05-15T15:06:49.778Z"
  },
  "_class": "com.lamnguyen.product_service.model.Product"
},
{
  "_id": "6826030e213ef202c0fd2015",
  "title": "Pack 3 Tất Active cổ ngắn",
  "seo_alias": "pack-3-tat-active-co-ngan",
  "vendor": "5c482438000c695cfa6f8d22",
  "tags": [],
  "options": [
    {
      "type": "COLOR",
      "title": "Màu sắc",
      "values": [
        "Đen",
        "Trắng",
        "Xám",
        "Mix"
      ]
    },
    {
      "type": "SIZE",
      "title": "Kích thước",
      "values": [
        "39-42",
        "43-46"
      ]
    }
  ],
  "options_values": [
    {
      "title": "Màu sắc",
      "type": "COLOR",
      "options": [
        {
          "title": "Đen",
          "slug": "den",
          "label": "",
          "images": [
            "6826030a0b6112518546297d",
            "6826030a0b6112518546297c",
            "6826030a0b6112518546297b",
            "6826030a0b6112518546297a",
            "6826030a0b6112518546297e"
          ]
        },
        {
          "title": "Trắng",
          "slug": "trang",
          "label": "",
          "images": [
            "6826030b0b61125185462982",
            "6826030a0b61125185462980",
            "6826030b0b61125185462981",
            "6826030b0b61125185462983",
            "6826030a0b6112518546297f"
          ]
        },
        {
          "title": "Xám",
          "slug": "xam",
          "label": "",
          "images": [
            "6826030b0b61125185462984",
            "6826030b0b61125185462986",
            "6826030b0b61125185462985",
            "6826030b0b61125185462988",
            "6826030b0b61125185462987"
          ]
        },
        {
          "title": "Mix",
          "slug": "mix",
          "label": "",
          "images": [
            "6826030c0b6112518546298e",
            "6826030c0b6112518546298d",
            "6826030b0b6112518546298b",
            "6826030b0b6112518546298a",
            "6826030c0b6112518546298c",
            "6826030b0b61125185462989"
          ]
        }
      ]
    }
  ],
  "images": [
    "682603090b61125185462974",
    "6826030a0b61125185462979",
    "6826030a0b61125185462978",
    "682603090b61125185462975",
    "6826030a0b61125185462977",
    "6826030a0b61125185462976"
  ],
  "available": true,
  "collection_id": "6825e9bd8eaaa408c6aaf61f",
  "display_order": 25,
  "youtube_video": "",
  "coming_soon": false,
  "display_name_open": "Cổ ngắn",
  "gender_type": "MALE",
  "all_image_contains": [
    "682603090b61125185462974",
    "6826030a0b61125185462979",
    "6826030a0b61125185462978",
    "682603090b61125185462975",
    "6826030a0b61125185462977",
    "6826030a0b61125185462976",
    "6826030a0b6112518546297d",
    "6826030a0b6112518546297c",
    "6826030a0b6112518546297b",
    "6826030a0b6112518546297a",
    "6826030a0b6112518546297e",
    "6826030b0b61125185462982",
    "6826030a0b61125185462980",
    "6826030b0b61125185462981",
    "6826030b0b61125185462983",
    "6826030a0b6112518546297f",
    "6826030b0b61125185462984",
    "6826030b0b61125185462986",
    "6826030b0b61125185462985",
    "6826030b0b61125185462988",
    "6826030b0b61125185462987",
    "6826030c0b6112518546298e",
    "6826030c0b6112518546298d",
    "6826030b0b6112518546298b",
    "6826030b0b6112518546298a",
    "6826030c0b6112518546298c",
    "6826030b0b61125185462989"
  ],
  "is_lock": false,
  "createBy": "kiminonawa1305@gmail.com",
  "createAt": {
    "$date": "2025-05-15T15:06:54.203Z"
  },
  "updateBy": "kiminonawa1305@gmail.com",
  "updateAt": {
    "$date": "2025-05-15T15:06:54.203Z"
  },
  "_class": "com.lamnguyen.product_service.model.Product"
},
{
  "_id": "68260312213ef202c0fd2016",
  "title": "Combo phụ kiện chống nắng Coolmate",
  "seo_alias": "combo-phu-kien-chong-nang-coolmate",
  "vendor": "5c482438000c695cfa6f8d22",
  "tags": [],
  "options": [
    {
      "type": "COLOR",
      "title": "Màu sắc",
      "values": [
        "Đỏ-Nâu",
        "Hồng-Trắng",
        "Nâu",
        "Xanh-Xám",
        "Xanh đậm"
      ]
    }
  ],
  "options_values": [
    {
      "title": "Màu sắc",
      "type": "COLOR",
      "options": [
        {
          "title": "Đỏ-Nâu",
          "slug": "do-nau",
          "label": "",
          "images": [
            "6826030e0b61125185462997",
            "6826030e0b61125185462996"
          ]
        },
        {
          "title": "Hồng-Trắng",
          "slug": "hong-trang",
          "label": "",
          "images": [
            "6826030f0b61125185462999",
            "6826030f0b61125185462998"
          ]
        },
        {
          "title": "Nâu",
          "slug": "nau",
          "label": "",
          "images": [
            "6826030f0b6112518546299b",
            "6826030f0b6112518546299a"
          ]
        },
        {
          "title": "Xanh-Xám",
          "slug": "xanh-xam",
          "label": "",
          "images": [
            "6826030f0b6112518546299c",
            "6826030f0b6112518546299d"
          ]
        },
        {
          "title": "Xanh đậm",
          "slug": "xanh-dam",
          "label": "",
          "images": [
            "6826030f0b6112518546299e",
            "6826030f0b6112518546299f"
          ]
        }
      ]
    }
  ],
  "images": [
    "6826030e0b6112518546298f",
    "6826030e0b61125185462995",
    "6826030e0b61125185462994",
    "6826030e0b61125185462993",
    "6826030e0b61125185462992",
    "6826030e0b61125185462991",
    "6826030e0b61125185462990"
  ],
  "available": true,
  "collection_id": "6825e9bd8eaaa408c6aaf61f",
  "display_order": 1,
  "youtube_video": "",
  "coming_soon": false,
  "display_name_open": "",
  "gender_type": "UNISEX",
  "all_image_contains": [
    "6826030e0b6112518546298f",
    "6826030e0b61125185462995",
    "6826030e0b61125185462994",
    "6826030e0b61125185462993",
    "6826030e0b61125185462992",
    "6826030e0b61125185462991",
    "6826030e0b61125185462990",
    "6826030e0b61125185462997",
    "6826030e0b61125185462996",
    "6826030f0b61125185462999",
    "6826030f0b61125185462998",
    "6826030f0b6112518546299b",
    "6826030f0b6112518546299a",
    "6826030f0b6112518546299c",
    "6826030f0b6112518546299d",
    "6826030f0b6112518546299e",
    "6826030f0b6112518546299f"
  ],
  "is_lock": false,
  "createBy": "kiminonawa1305@gmail.com",
  "createAt": {
    "$date": "2025-05-15T15:06:58.049Z"
  },
  "updateBy": "kiminonawa1305@gmail.com",
  "updateAt": {
    "$date": "2025-05-15T15:06:58.049Z"
  },
  "_class": "com.lamnguyen.product_service.model.Product"
},
{
  "_id": "68260315213ef202c0fd2017",
  "title": "Tất Thể Thao Seamless Cổ Dài",
  "seo_alias": "tat-the-thao-seamless-co-dai",
  "vendor": "5c482438000c695cfa6f8d22",
  "tags": [],
  "options": [
    {
      "type": "COLOR",
      "title": "Màu sắc",
      "values": [
        "Đen",
        "Trắng"
      ]
    },
    {
      "type": "SIZE",
      "title": "Kích thước",
      "values": [
        "39-42",
        "43-46"
      ]
    }
  ],
  "options_values": [
    {
      "title": "Màu sắc",
      "type": "COLOR",
      "options": [
        {
          "title": "Đen",
          "slug": "den",
          "label": "",
          "images": [
            "682603120b611251854629a5",
            "682603120b611251854629a6",
            "682603130b611251854629a8",
            "682603120b611251854629a4",
            "682603130b611251854629a9",
            "682603120b611251854629a7"
          ]
        },
        {
          "title": "Trắng",
          "slug": "trang",
          "label": "",
          "images": [
            "682603130b611251854629af",
            "682603130b611251854629ab",
            "682603130b611251854629ac",
            "682603130b611251854629ad",
            "682603130b611251854629ae",
            "682603130b611251854629aa"
          ]
        }
      ]
    }
  ],
  "images": [
    "682603120b611251854629a1",
    "682603120b611251854629a2",
    "682603120b611251854629a0",
    "682603120b611251854629a3"
  ],
  "available": true,
  "collection_id": "6825e9bd8eaaa408c6aaf61f",
  "display_order": 1,
  "youtube_video": "",
  "coming_soon": false,
  "display_name_open": "Thoáng khí",
  "gender_type": "MALE",
  "all_image_contains": [
    "682603120b611251854629a1",
    "682603120b611251854629a2",
    "682603120b611251854629a0",
    "682603120b611251854629a3",
    "682603120b611251854629a5",
    "682603120b611251854629a6",
    "682603130b611251854629a8",
    "682603120b611251854629a4",
    "682603130b611251854629a9",
    "682603120b611251854629a7",
    "682603130b611251854629af",
    "682603130b611251854629ab",
    "682603130b611251854629ac",
    "682603130b611251854629ad",
    "682603130b611251854629ae",
    "682603130b611251854629aa"
  ],
  "is_lock": false,
  "createBy": "kiminonawa1305@gmail.com",
  "createAt": {
    "$date": "2025-05-15T15:07:01.813Z"
  },
  "updateBy": "kiminonawa1305@gmail.com",
  "updateAt": {
    "$date": "2025-05-15T15:07:01.813Z"
  },
  "_class": "com.lamnguyen.product_service.model.Product"
},
{
  "_id": "68260319213ef202c0fd2018",
  "title": "Tất Thể Thao Seamless Cổ Ngắn",
  "seo_alias": "tat-the-thao-seamless-co-ngan",
  "vendor": "5c482438000c695cfa6f8d22",
  "tags": [],
  "options": [
    {
      "type": "COLOR",
      "title": "Màu sắc",
      "values": [
        "Trắng",
        "Đen"
      ]
    },
    {
      "type": "SIZE",
      "title": "Kích thước",
      "values": [
        "39-42",
        "43-46"
      ]
    }
  ],
  "options_values": [
    {
      "title": "Màu sắc",
      "type": "COLOR",
      "options": [
        {
          "title": "Trắng",
          "slug": "trang",
          "label": "",
          "images": [
            "682603160b611251854629b5",
            "682603160b611251854629b4",
            "682603160b611251854629b7",
            "682603160b611251854629b6",
            "682603160b611251854629b9",
            "682603160b611251854629b8"
          ]
        },
        {
          "title": "Đen",
          "slug": "den",
          "label": "",
          "images": [
            "682603170b611251854629bb",
            "682603170b611251854629ba",
            "682603170b611251854629bf",
            "682603170b611251854629be",
            "682603170b611251854629bd",
            "682603170b611251854629bc"
          ]
        }
      ]
    }
  ],
  "images": [
    "682603150b611251854629b0",
    "682603160b611251854629b1",
    "682603160b611251854629b3",
    "682603160b611251854629b2"
  ],
  "available": true,
  "collection_id": "6825e9bd8eaaa408c6aaf61f",
  "display_order": 1,
  "youtube_video": "",
  "coming_soon": false,
  "display_name_open": "Thoáng khí",
  "gender_type": "MALE",
  "all_image_contains": [
    "682603150b611251854629b0",
    "682603160b611251854629b1",
    "682603160b611251854629b3",
    "682603160b611251854629b2",
    "682603160b611251854629b5",
    "682603160b611251854629b4",
    "682603160b611251854629b7",
    "682603160b611251854629b6",
    "682603160b611251854629b9",
    "682603160b611251854629b8",
    "682603170b611251854629bb",
    "682603170b611251854629ba",
    "682603170b611251854629bf",
    "682603170b611251854629be",
    "682603170b611251854629bd",
    "682603170b611251854629bc"
  ],
  "is_lock": false,
  "createBy": "kiminonawa1305@gmail.com",
  "createAt": {
    "$date": "2025-05-15T15:07:05.262Z"
  },
  "updateBy": "kiminonawa1305@gmail.com",
  "updateAt": {
    "$date": "2025-05-15T15:07:05.262Z"
  },
  "_class": "com.lamnguyen.product_service.model.Product"
},
{
  "_id": "6826031d213ef202c0fd2019",
  "title": "Tất Nam Chạy Bộ Active Cổ Dài",
  "seo_alias": "tat-nam-chay-bo-active-co-dai",
  "vendor": "5c482438000c695cfa6f8d22",
  "tags": [],
  "options": [
    {
      "type": "COLOR",
      "title": "Màu sắc",
      "values": [
        "Xám phối xanh",
        "Đen phối xanh lá",
        "Xanh Navy phối đen"
      ]
    },
    {
      "type": "SIZE",
      "title": "Kích thước",
      "values": [
        "39-42",
        "43-46"
      ]
    }
  ],
  "options_values": [
    {
      "title": "Màu sắc",
      "type": "COLOR",
      "options": [
        {
          "title": "Xám phối xanh",
          "slug": "xam-phoi-xanh",
          "label": "",
          "images": [
            "6826031a0b611251854629c7",
            "6826031a0b611251854629c6",
            "6826031a0b611251854629c9",
            "6826031a0b611251854629c8",
            "682603190b611251854629c5"
          ]
        },
        {
          "title": "Đen phối xanh lá",
          "slug": "den-phoi-xanh-la",
          "label": "",
          "images": [
            "6826031a0b611251854629cc",
            "6826031a0b611251854629cb",
            "6826031a0b611251854629ce",
            "6826031a0b611251854629cd",
            "6826031a0b611251854629ca"
          ]
        },
        {
          "title": "Xanh Navy phối đen",
          "slug": "xanh-navy-phoi-den",
          "label": "",
          "images": [
            "6826031b0b611251854629d1",
            "6826031b0b611251854629d0",
            "6826031b0b611251854629d4",
            "6826031b0b611251854629d3",
            "6826031b0b611251854629d2",
            "6826031b0b611251854629cf"
          ]
        }
      ]
    }
  ],
  "images": [
    "682603190b611251854629c1",
    "682603190b611251854629c0",
    "682603190b611251854629c4",
    "682603190b611251854629c3",
    "682603190b611251854629c2"
  ],
  "available": true,
  "collection_id": "6825e9bd8eaaa408c6aaf61f",
  "display_order": 1,
  "youtube_video": "",
  "coming_soon": false,
  "display_name_open": "Thoáng khí",
  "gender_type": "MALE",
  "all_image_contains": [
    "682603190b611251854629c1",
    "682603190b611251854629c0",
    "682603190b611251854629c4",
    "682603190b611251854629c3",
    "682603190b611251854629c2",
    "6826031a0b611251854629c7",
    "6826031a0b611251854629c6",
    "6826031a0b611251854629c9",
    "6826031a0b611251854629c8",
    "682603190b611251854629c5",
    "6826031a0b611251854629cc",
    "6826031a0b611251854629cb",
    "6826031a0b611251854629ce",
    "6826031a0b611251854629cd",
    "6826031a0b611251854629ca",
    "6826031b0b611251854629d1",
    "6826031b0b611251854629d0",
    "6826031b0b611251854629d4",
    "6826031b0b611251854629d3",
    "6826031b0b611251854629d2",
    "6826031b0b611251854629cf"
  ],
  "is_lock": false,
  "createBy": "kiminonawa1305@gmail.com",
  "createAt": {
    "$date": "2025-05-15T15:07:09.797Z"
  },
  "updateBy": "kiminonawa1305@gmail.com",
  "updateAt": {
    "$date": "2025-05-15T15:07:09.797Z"
  },
  "_class": "com.lamnguyen.product_service.model.Product"
},
{
  "_id": "68260325213ef202c0fd201a",
  "title": "Tất Nam chạy bộ Advanced",
  "seo_alias": "tat-nam-chay-bo-advanced",
  "vendor": "5c482438000c695cfa6f8d22",
  "tags": [
    "CLEARANCE_SALE"
  ],
  "options": [
    {
      "type": "COLOR",
      "title": "Màu sắc",
      "values": [
        "Đen",
        "Trắng",
        "Cam"
      ]
    },
    {
      "type": "SIZE",
      "title": "Kích thước",
      "values": [
        "39-42",
        "43-46"
      ]
    }
  ],
  "options_values": [
    {
      "title": "Màu sắc",
      "type": "COLOR",
      "options": [
        {
          "title": "Đen",
          "slug": "den",
          "label": "",
          "images": [
            "6826031f0b611251854629e2",
            "6826031f0b611251854629e1",
            "6826031f0b611251854629e0",
            "6826031f0b611251854629e4",
            "6826031f0b611251854629e3",
            "6826031f0b611251854629df",
            "6826031e0b611251854629dd",
            "6826031e0b611251854629de"
          ]
        },
        {
          "title": "Trắng",
          "slug": "trang",
          "label": "",
          "images": [
            "682603200b611251854629e8",
            "682603200b611251854629e9",
            "6826031f0b611251854629e6",
            "6826031f0b611251854629e5",
            "6826031f0b611251854629e7",
            "682603200b611251854629ea",
            "682603200b611251854629eb",
            "682603200b611251854629ec",
            "682603200b611251854629ed",
            "682603200b611251854629ee"
          ]
        },
        {
          "title": "Cam",
          "slug": "cam",
          "label": "",
          "images": [
            "682603200b611251854629ef",
            "682603210b611251854629f1",
            "682603210b611251854629f4",
            "682603210b611251854629f5",
            "682603210b611251854629f2",
            "682603210b611251854629f3",
            "682603200b611251854629f0",
            "682603210b611251854629f6",
            "682603210b611251854629f7"
          ]
        }
      ]
    }
  ],
  "images": [
    "6826031e0b611251854629d8",
    "6826031e0b611251854629d7",
    "6826031e0b611251854629d9",
    "6826031d0b611251854629d5",
    "6826031e0b611251854629db",
    "6826031e0b611251854629da",
    "6826031e0b611251854629dc",
    "6826031e0b611251854629d6"
  ],
  "available": true,
  "collection_id": "6825e9bd8eaaa408c6aaf61f",
  "display_order": 1,
  "youtube_video": "",
  "coming_soon": false,
  "display_name_open": "Cổ trung",
  "gender_type": "MALE",
  "all_image_contains": [
    "6826031e0b611251854629d8",
    "6826031e0b611251854629d7",
    "6826031e0b611251854629d9",
    "6826031d0b611251854629d5",
    "6826031e0b611251854629db",
    "6826031e0b611251854629da",
    "6826031e0b611251854629dc",
    "6826031e0b611251854629d6",
    "6826031f0b611251854629e2",
    "6826031f0b611251854629e1",
    "6826031f0b611251854629e0",
    "6826031f0b611251854629e4",
    "6826031f0b611251854629e3",
    "6826031f0b611251854629df",
    "6826031e0b611251854629dd",
    "6826031e0b611251854629de",
    "682603200b611251854629e8",
    "682603200b611251854629e9",
    "6826031f0b611251854629e6",
    "6826031f0b611251854629e5",
    "6826031f0b611251854629e7",
    "682603200b611251854629ea",
    "682603200b611251854629eb",
    "682603200b611251854629ec",
    "682603200b611251854629ed",
    "682603200b611251854629ee",
    "682603200b611251854629ef",
    "682603210b611251854629f1",
    "682603210b611251854629f4",
    "682603210b611251854629f5",
    "682603210b611251854629f2",
    "682603210b611251854629f3",
    "682603200b611251854629f0",
    "682603210b611251854629f6",
    "682603210b611251854629f7"
  ],
  "is_lock": false,
  "createBy": "kiminonawa1305@gmail.com",
  "createAt": {
    "$date": "2025-05-15T15:07:17.235Z"
  },
  "updateBy": "kiminonawa1305@gmail.com",
  "updateAt": {
    "$date": "2025-05-15T15:07:17.235Z"
  },
  "_class": "com.lamnguyen.product_service.model.Product"
},
{
  "_id": "68260329213ef202c0fd201b",
  "title": "Mũ lưỡi trai chạy bộ Unisex",
  "seo_alias": "mu-luoi-trai-chay-bo-unisex",
  "vendor": "5c482438000c695cfa6f8d22",
  "tags": [
    "NEW"
  ],
  "options": [
    {
      "type": "COLOR",
      "title": "Màu sắc",
      "values": [
        "Đen",
        "Xám"
      ]
    },
    {
      "type": "SIZE",
      "title": "Kích thước",
      "values": [
        "S",
        "M"
      ]
    }
  ],
  "options_values": [
    {
      "title": "Màu sắc",
      "type": "COLOR",
      "options": [
        {
          "title": "Đen",
          "slug": "den",
          "label": "",
          "images": [
            "682603250b611251854629fc",
            "682603250b611251854629fb",
            "682603260b61125185462a00",
            "682603260b61125185462a01",
            "682603250b611251854629fd",
            "682603250b611251854629fa",
            "682603260b611251854629ff",
            "682603260b611251854629fe"
          ]
        },
        {
          "title": "Xám",
          "slug": "xam",
          "label": "",
          "images": [
            "682603270b61125185462a07",
            "682603260b61125185462a02",
            "682603270b61125185462a08",
            "682603260b61125185462a03",
            "682603260b61125185462a04",
            "682603260b61125185462a05",
            "682603260b61125185462a06"
          ]
        }
      ]
    }
  ],
  "images": [
    "682603250b611251854629f9",
    "682603250b611251854629f8"
  ],
  "available": true,
  "collection_id": "6825e9bd8eaaa408c6aaf61f",
  "display_order": 2,
  "youtube_video": "",
  "coming_soon": false,
  "display_name_open": "",
  "gender_type": "UNISEX",
  "all_image_contains": [
    "682603250b611251854629f9",
    "682603250b611251854629f8",
    "682603250b611251854629fc",
    "682603250b611251854629fb",
    "682603260b61125185462a00",
    "682603260b61125185462a01",
    "682603250b611251854629fd",
    "682603250b611251854629fa",
    "682603260b611251854629ff",
    "682603260b611251854629fe",
    "682603270b61125185462a07",
    "682603260b61125185462a02",
    "682603270b61125185462a08",
    "682603260b61125185462a03",
    "682603260b61125185462a04",
    "682603260b61125185462a05",
    "682603260b61125185462a06"
  ],
  "is_lock": false,
  "createBy": "kiminonawa1305@gmail.com",
  "createAt": {
    "$date": "2025-05-15T15:07:21.025Z"
  },
  "updateBy": "kiminonawa1305@gmail.com",
  "updateAt": {
    "$date": "2025-05-15T15:07:21.025Z"
  },
  "_class": "com.lamnguyen.product_service.model.Product"
},
{
  "_id": "6826032a213ef202c0fd201c",
  "title": "Mũ bơi nam Coolmate",
  "seo_alias": "mu-boi-nam-coolmate",
  "vendor": "5c482438000c695cfa6f8d22",
  "tags": [
    "NEW"
  ],
  "options": [
    {
      "type": "COLOR",
      "title": "Màu sắc",
      "values": [
        "Xanh đậm"
      ]
    }
  ],
  "options_values": [
    {
      "title": "Màu sắc",
      "type": "COLOR",
      "options": [
        {
          "title": "Xanh đậm",
          "slug": "xanh-dam",
          "label": "",
          "images": [
            "682603290b61125185462a0a",
            "682603290b61125185462a0c",
            "682603290b61125185462a0b",
            "682603290b61125185462a0e",
            "682603290b61125185462a0d"
          ]
        }
      ]
    }
  ],
  "images": [
    "682603290b61125185462a09"
  ],
  "available": true,
  "collection_id": "6825e9bd8eaaa408c6aaf61f",
  "display_order": 2,
  "youtube_video": "",
  "coming_soon": false,
  "display_name_open": "",
  "gender_type": "MALE",
  "all_image_contains": [
    "682603290b61125185462a09",
    "682603290b61125185462a0a",
    "682603290b61125185462a0c",
    "682603290b61125185462a0b",
    "682603290b61125185462a0e",
    "682603290b61125185462a0d"
  ],
  "is_lock": false,
  "createBy": "kiminonawa1305@gmail.com",
  "createAt": {
    "$date": "2025-05-15T15:07:22.425Z"
  },
  "updateBy": "kiminonawa1305@gmail.com",
  "updateAt": {
    "$date": "2025-05-15T15:07:22.425Z"
  },
  "_class": "com.lamnguyen.product_service.model.Product"
},
{
  "_id": "6826032e213ef202c0fd201d",
  "title": "Tất Nam Thể Thao Bouncing",
  "seo_alias": "tat-nam-the-thao-bouncing",
  "vendor": "5c482438000c695cfa6f8d22",
  "tags": [],
  "options": [
    {
      "type": "COLOR",
      "title": "Màu sắc",
      "values": [
        "Xám phối Neon",
        "Trắng phối Đen",
        "Xanh Navy"
      ]
    }
  ],
  "options_values": [
    {
      "title": "Màu sắc",
      "type": "COLOR",
      "options": [
        {
          "title": "Xám phối Neon",
          "slug": "xam-phoi-neon",
          "label": "",
          "images": [
            "6826032b0b61125185462a16",
            "6826032b0b61125185462a17",
            "6826032b0b61125185462a14",
            "6826032b0b61125185462a15",
            "6826032b0b61125185462a18"
          ]
        },
        {
          "title": "Trắng phối Đen",
          "slug": "trang-phoi-den",
          "label": "",
          "images": [
            "6826032b0b61125185462a1b",
            "6826032b0b61125185462a1c",
            "6826032c0b61125185462a1d",
            "6826032b0b61125185462a1a",
            "6826032b0b61125185462a19"
          ]
        },
        {
          "title": "Xanh Navy",
          "slug": "xanh-navy",
          "label": "",
          "images": [
            "6826032c0b61125185462a20",
            "6826032c0b61125185462a21",
            "6826032c0b61125185462a22",
            "6826032c0b61125185462a23",
            "6826032c0b61125185462a1e",
            "6826032c0b61125185462a1f"
          ]
        }
      ]
    }
  ],
  "images": [
    "6826032a0b61125185462a10",
    "6826032a0b61125185462a0f",
    "6826032a0b61125185462a11",
    "6826032a0b61125185462a12",
    "6826032a0b61125185462a13"
  ],
  "available": true,
  "collection_id": "6825e9bd8eaaa408c6aaf61f",
  "display_order": 66,
  "youtube_video": "",
  "coming_soon": false,
  "display_name_open": "Cổ ngắn",
  "gender_type": "MALE",
  "all_image_contains": [
    "6826032a0b61125185462a10",
    "6826032a0b61125185462a0f",
    "6826032a0b61125185462a11",
    "6826032a0b61125185462a12",
    "6826032a0b61125185462a13",
    "6826032b0b61125185462a16",
    "6826032b0b61125185462a17",
    "6826032b0b61125185462a14",
    "6826032b0b61125185462a15",
    "6826032b0b61125185462a18",
    "6826032b0b61125185462a1b",
    "6826032b0b61125185462a1c",
    "6826032c0b61125185462a1d",
    "6826032b0b61125185462a1a",
    "6826032b0b61125185462a19",
    "6826032c0b61125185462a20",
    "6826032c0b61125185462a21",
    "6826032c0b61125185462a22",
    "6826032c0b61125185462a23",
    "6826032c0b61125185462a1e",
    "6826032c0b61125185462a1f"
  ],
  "is_lock": false,
  "createBy": "kiminonawa1305@gmail.com",
  "createAt": {
    "$date": "2025-05-15T15:07:26.139Z"
  },
  "updateBy": "kiminonawa1305@gmail.com",
  "updateAt": {
    "$date": "2025-05-15T15:07:26.139Z"
  },
  "_class": "com.lamnguyen.product_service.model.Product"
},
{
  "_id": "68260333213ef202c0fd201e",
  "title": "Tất Nam Thể Thao Cushion",
  "seo_alias": "tat-nam-the-thao-cushion",
  "vendor": "5c482438000c695cfa6f8d22",
  "tags": [],
  "options": [
    {
      "type": "COLOR",
      "title": "Màu sắc",
      "values": [
        "Đen phối Cam",
        "Đen phối Xanh lá",
        "Trắng phối Đen",
        "Trắng phối Neon"
      ]
    },
    {
      "type": "SIZE",
      "title": "Kích thước",
      "values": [
        "39-42",
        "43-46"
      ]
    }
  ],
  "options_values": [
    {
      "title": "Màu sắc",
      "type": "COLOR",
      "options": [
        {
          "title": "Đen phối Cam",
          "slug": "den-phoi-cam",
          "label": "",
          "images": [
            "6826032e0b61125185462a2a",
            "6826032f0b61125185462a2f",
            "6826032f0b61125185462a2e",
            "6826032e0b61125185462a2b",
            "6826032e0b61125185462a29",
            "6826032f0b61125185462a2d",
            "6826032f0b61125185462a2c"
          ]
        },
        {
          "title": "Đen phối Xanh lá",
          "slug": "den-phoi-xanh-la",
          "label": "",
          "images": [
            "6826032f0b61125185462a36",
            "6826032f0b61125185462a33",
            "6826032f0b61125185462a32",
            "6826032f0b61125185462a35",
            "6826032f0b61125185462a34",
            "6826032f0b61125185462a31",
            "6826032f0b61125185462a30"
          ]
        },
        {
          "title": "Trắng phối Đen",
          "slug": "trang-phoi-den",
          "label": "",
          "images": [
            "6826032f0b61125185462a37",
            "682603300b61125185462a3c",
            "682603300b61125185462a3d",
            "682603300b61125185462a3a",
            "682603300b61125185462a3b",
            "682603300b61125185462a38",
            "682603300b61125185462a39"
          ]
        },
        {
          "title": "Trắng phối Neon",
          "slug": "trang-phoi-neon",
          "label": "",
          "images": [
            "682603300b61125185462a40",
            "682603300b61125185462a41",
            "682603300b61125185462a42",
            "682603300b61125185462a3e",
            "682603310b61125185462a43",
            "682603300b61125185462a3f"
          ]
        }
      ]
    }
  ],
  "images": [
    "6826032e0b61125185462a25",
    "6826032e0b61125185462a24",
    "6826032e0b61125185462a28",
    "6826032e0b61125185462a27",
    "6826032e0b61125185462a26"
  ],
  "available": true,
  "collection_id": "6825e9bd8eaaa408c6aaf61f",
  "display_order": 128,
  "youtube_video": "",
  "coming_soon": false,
  "display_name_open": "Cổ dài",
  "gender_type": "MALE",
  "all_image_contains": [
    "6826032e0b61125185462a25",
    "6826032e0b61125185462a24",
    "6826032e0b61125185462a28",
    "6826032e0b61125185462a27",
    "6826032e0b61125185462a26",
    "6826032e0b61125185462a2a",
    "6826032f0b61125185462a2f",
    "6826032f0b61125185462a2e",
    "6826032e0b61125185462a2b",
    "6826032e0b61125185462a29",
    "6826032f0b61125185462a2d",
    "6826032f0b61125185462a2c",
    "6826032f0b61125185462a36",
    "6826032f0b61125185462a33",
    "6826032f0b61125185462a32",
    "6826032f0b61125185462a35",
    "6826032f0b61125185462a34",
    "6826032f0b61125185462a31",
    "6826032f0b61125185462a30",
    "6826032f0b61125185462a37",
    "682603300b61125185462a3c",
    "682603300b61125185462a3d",
    "682603300b61125185462a3a",
    "682603300b61125185462a3b",
    "682603300b61125185462a38",
    "682603300b61125185462a39",
    "682603300b61125185462a40",
    "682603300b61125185462a41",
    "682603300b61125185462a42",
    "682603300b61125185462a3e",
    "682603310b61125185462a43",
    "682603300b61125185462a3f"
  ],
  "is_lock": false,
  "createBy": "kiminonawa1305@gmail.com",
  "createAt": {
    "$date": "2025-05-15T15:07:31.330Z"
  },
  "updateBy": "kiminonawa1305@gmail.com",
  "updateAt": {
    "$date": "2025-05-15T15:07:31.330Z"
  },
  "_class": "com.lamnguyen.product_service.model.Product"
},
{
  "_id": "68260338213ef202c0fd201f",
  "title": "Túi Coolmate Clean Bag",
  "seo_alias": "tui-coolmate-clean-bag",
  "vendor": "5c482438000c695cfa6f8d22",
  "tags": [
    "CLEARANCE_SALE"
  ],
  "options": [
    {
      "type": "COLOR",
      "title": "Màu sắc",
      "values": [
        "Xám đen",
        "Đỏ",
        "Cam",
        "Xanh",
        "Xanh lá đậm "
      ]
    }
  ],
  "options_values": [
    {
      "title": "Màu sắc",
      "type": "COLOR",
      "options": [
        {
          "title": "Xám đen",
          "slug": "xam-den",
          "label": "",
          "images": [
            "682603340b61125185462a53",
            "682603340b61125185462a54",
            "682603340b61125185462a51",
            "682603340b61125185462a52"
          ]
        },
        {
          "title": "Đỏ",
          "slug": "do",
          "label": "",
          "images": [
            "682603340b61125185462a55",
            "682603340b61125185462a56",
            "682603350b61125185462a57",
            "682603350b61125185462a58"
          ]
        },
        {
          "title": "Cam",
          "slug": "cam",
          "label": "",
          "images": [
            "682603350b61125185462a5a",
            "682603350b61125185462a59",
            "682603350b61125185462a5b",
            "682603350b61125185462a5c"
          ]
        },
        {
          "title": "Xanh",
          "slug": "xanh",
          "label": "",
          "images": [
            "682603350b61125185462a60",
            "682603350b61125185462a5f",
            "682603350b61125185462a5d",
            "682603350b61125185462a5e"
          ]
        },
        {
          "title": "Xanh lá đậm ",
          "slug": "xanh-la-dam",
          "label": "",
          "images": [
            "682603350b61125185462a61",
            "682603360b61125185462a63",
            "682603360b61125185462a62",
            "682603360b61125185462a64"
          ]
        }
      ]
    }
  ],
  "images": [
    "682603340b61125185462a4d",
    "682603340b61125185462a4e",
    "682603340b61125185462a4b",
    "682603340b61125185462a4c",
    "682603330b61125185462a4a",
    "682603340b61125185462a4f",
    "682603330b61125185462a44",
    "682603330b61125185462a45",
    "682603330b61125185462a46",
    "682603330b61125185462a47",
    "682603330b61125185462a48",
    "682603330b61125185462a49",
    "682603340b61125185462a50"
  ],
  "available": true,
  "collection_id": "6825e9bd8eaaa408c6aaf61f",
  "display_order": 167,
  "youtube_video": "",
  "coming_soon": false,
  "display_name_open": "",
  "gender_type": "MALE",
  "all_image_contains": [
    "682603340b61125185462a4d",
    "682603340b61125185462a4e",
    "682603340b61125185462a4b",
    "682603340b61125185462a4c",
    "682603330b61125185462a4a",
    "682603340b61125185462a4f",
    "682603330b61125185462a44",
    "682603330b61125185462a45",
    "682603330b61125185462a46",
    "682603330b61125185462a47",
    "682603330b61125185462a48",
    "682603330b61125185462a49",
    "682603340b61125185462a50",
    "682603340b61125185462a53",
    "682603340b61125185462a54",
    "682603340b61125185462a51",
    "682603340b61125185462a52",
    "682603340b61125185462a55",
    "682603340b61125185462a56",
    "682603350b61125185462a57",
    "682603350b61125185462a58",
    "682603350b61125185462a5a",
    "682603350b61125185462a59",
    "682603350b61125185462a5b",
    "682603350b61125185462a5c",
    "682603350b61125185462a60",
    "682603350b61125185462a5f",
    "682603350b61125185462a5d",
    "682603350b61125185462a5e",
    "682603350b61125185462a61",
    "682603360b61125185462a63",
    "682603360b61125185462a62",
    "682603360b61125185462a64"
  ],
  "is_lock": false,
  "createBy": "kiminonawa1305@gmail.com",
  "createAt": {
    "$date": "2025-05-15T15:07:36.826Z"
  },
  "updateBy": "kiminonawa1305@gmail.com",
  "updateAt": {
    "$date": "2025-05-15T15:07:36.826Z"
  },
  "_class": "com.lamnguyen.product_service.model.Product"
}]