[{
  "_id": "68260dde213ef202c0fd2086",
  "title": "Combo 3 Quần lót Nam Brief Ex-Comfort Modern Bamboo",
  "seo_alias": "combo-3-quan-lot-nam-brief-ex-comfort-modern-bamboo",
  "vendor": "5c482438000c695cfa6f8d22",
  "tags": [],
  "options": [
    {
      "type": "COLOR",
      "title": "Màu sắc",
      "values": [
        "Xanh Coban",
        "Xanh Navy",
        "Đen",
        "Mix màu"
      ]
    },
    {
      "type": "SIZE",
      "title": "Kích thước",
      "values": [
        "M",
        "L",
        "XL",
        "2XL",
        "3XL"
      ]
    }
  ],
  "options_values": [
    {
      "title": "Màu sắc",
      "type": "COLOR",
      "options": [
        {
          "title": "Xanh Coban",
          "slug": "xanh-coban",
          "label": "",
          "images": [
            "68260dd70b6112518546383a",
            "68260dd70b6112518546383b",
            "68260dd70b6112518546383c",
            "68260dd70b6112518546383d",
            "68260dd70b6112518546383e",
            "68260dd70b61125185463839",
            "68260dd80b61125185463840",
            "68260dd80b6112518546383f"
          ]
        },
        {
          "title": "Xanh Navy",
          "slug": "xanh-navy",
          "label": "",
          "images": [
            "68260dd80b61125185463842",
            "68260dd80b61125185463843",
            "68260dd80b61125185463841",
            "68260dd80b61125185463846",
            "68260dd90b61125185463847",
            "68260dd90b61125185463848",
            "68260dd80b61125185463844",
            "68260dd80b61125185463845"
          ]
        },
        {
          "title": "Đen",
          "slug": "den",
          "label": "",
          "images": [
            "68260dd90b6112518546384c",
            "68260dda0b6112518546384f",
            "68260dd90b6112518546384d",
            "68260dd90b6112518546384e",
            "68260dd90b6112518546384a",
            "68260dd90b6112518546384b",
            "68260dda0b61125185463850",
            "68260dd90b61125185463849"
          ]
        },
        {
          "title": "Mix màu",
          "slug": "mix-mau",
          "label": "",
          "images": [
            "68260dda0b61125185463856",
            "68260dda0b61125185463855",
            "68260dda0b61125185463854",
            "68260dda0b61125185463853",
            "68260dda0b61125185463852",
            "68260dda0b61125185463851"
          ]
        }
      ]
    }
  ],
  "images": [
    "68260dd60b61125185463837",
    "68260dd60b61125185463838",
    "68260dd50b61125185463830",
    "68260dd60b61125185463835",
    "68260dd60b61125185463836",
    "68260dd60b61125185463833",
    "68260dd60b61125185463834",
    "68260dd60b61125185463831",
    "68260dd60b61125185463832",
    "68260dd50b6112518546382f"
  ],
  "available": true,
  "collection_id": "6825ea198eaaa408c6aaf629",
  "display_order": 25,
  "youtube_video": "",
  "coming_soon": false,
  "display_name_open": "Kháng Khuẩn - Thoáng khí",
  "gender_type": "MALE",
  "all_image_contains": [
    "68260dd60b61125185463837",
    "68260dd60b61125185463838",
    "68260dd50b61125185463830",
    "68260dd60b61125185463835",
    "68260dd60b61125185463836",
    "68260dd60b61125185463833",
    "68260dd60b61125185463834",
    "68260dd60b61125185463831",
    "68260dd60b61125185463832",
    "68260dd50b6112518546382f",
    "68260dd70b6112518546383a",
    "68260dd70b6112518546383b",
    "68260dd70b6112518546383c",
    "68260dd70b6112518546383d",
    "68260dd70b6112518546383e",
    "68260dd70b61125185463839",
    "68260dd80b61125185463840",
    "68260dd80b6112518546383f",
    "68260dd80b61125185463842",
    "68260dd80b61125185463843",
    "68260dd80b61125185463841",
    "68260dd80b61125185463846",
    "68260dd90b61125185463847",
    "68260dd90b61125185463848",
    "68260dd80b61125185463844",
    "68260dd80b61125185463845",
    "68260dd90b6112518546384c",
    "68260dda0b6112518546384f",
    "68260dd90b6112518546384d",
    "68260dd90b6112518546384e",
    "68260dd90b6112518546384a",
    "68260dd90b6112518546384b",
    "68260dda0b61125185463850",
    "68260dd90b61125185463849",
    "68260dda0b61125185463856",
    "68260dda0b61125185463855",
    "68260dda0b61125185463854",
    "68260dda0b61125185463853",
    "68260dda0b61125185463852",
    "68260dda0b61125185463851"
  ],
  "is_lock": false,
  "createBy": "kiminonawa1305@gmail.com",
  "createAt": {
    "$date": "2025-05-15T15:53:02.627Z"
  },
  "updateBy": "kiminonawa1305@gmail.com",
  "updateAt": {
    "$date": "2025-05-15T15:53:02.627Z"
  },
  "_class": "com.lamnguyen.product_service.model.Product"
},
{
  "_id": "68260de4213ef202c0fd2087",
  "title": "Combo 3 Quần lót nam Brief Lenzing Modal",
  "seo_alias": "combo-3-quan-lot-nam-brief-lenzing-modal",
  "vendor": "5c482438000c695cfa6f8d22",
  "tags": [],
  "options": [
    {
      "type": "COLOR",
      "title": "Màu sắc",
      "values": [
        "Mix",
        "Xanh Titan",
        "Xanh Adriatic",
        "Đen"
      ]
    },
    {
      "type": "SIZE",
      "title": "Kích thước",
      "values": [
        "M",
        "L",
        "XL",
        "2XL",
        "3XL"
      ]
    }
  ],
  "options_values": [
    {
      "title": "Màu sắc",
      "type": "COLOR",
      "options": [
        {
          "title": "Mix",
          "slug": "mix",
          "label": "",
          "images": [
            "68260de00b61125185463864",
            "68260de00b61125185463866",
            "68260de00b61125185463865",
            "68260ddf0b61125185463862",
            "68260ddf0b61125185463863"
          ]
        },
        {
          "title": "Xanh Titan",
          "slug": "xanh-titan",
          "label": "",
          "images": [
            "68260de00b61125185463868",
            "68260de00b61125185463867",
            "68260de00b61125185463869",
            "68260de00b6112518546386d",
            "68260de00b6112518546386c",
            "68260de00b6112518546386e",
            "68260de00b6112518546386b",
            "68260de00b6112518546386a"
          ]
        },
        {
          "title": "Xanh Adriatic",
          "slug": "xanh-adriatic",
          "label": "",
          "images": [
            "68260de10b61125185463872",
            "68260de10b61125185463871",
            "68260de10b61125185463870",
            "68260de10b6112518546386f",
            "68260de10b61125185463876",
            "68260de10b61125185463875",
            "68260de10b61125185463874",
            "68260de10b61125185463873"
          ]
        },
        {
          "title": "Đen",
          "slug": "den",
          "label": "",
          "images": [
            "68260de10b6112518546387a",
            "68260de20b6112518546387c",
            "68260de10b61125185463879",
            "68260de20b6112518546387b",
            "68260de10b61125185463878",
            "68260de20b6112518546387e",
            "68260de10b61125185463877",
            "68260de20b6112518546387d"
          ]
        }
      ]
    }
  ],
  "images": [
    "68260ddf0b6112518546385c",
    "68260ddf0b6112518546385d",
    "68260dde0b61125185463858",
    "68260ddf0b6112518546385e",
    "68260dde0b61125185463859",
    "68260ddf0b6112518546385f",
    "68260dde0b61125185463857",
    "68260ddf0b61125185463860",
    "68260ddf0b61125185463861",
    "68260ddf0b6112518546385a",
    "68260ddf0b6112518546385b"
  ],
  "available": true,
  "collection_id": "6825ea198eaaa408c6aaf629",
  "display_order": 337,
  "youtube_video": "",
  "coming_soon": false,
  "display_name_open": "Thoáng khí và Thấm hút",
  "gender_type": "MALE",
  "all_image_contains": [
    "68260ddf0b6112518546385c",
    "68260ddf0b6112518546385d",
    "68260dde0b61125185463858",
    "68260ddf0b6112518546385e",
    "68260dde0b61125185463859",
    "68260ddf0b6112518546385f",
    "68260dde0b61125185463857",
    "68260ddf0b61125185463860",
    "68260ddf0b61125185463861",
    "68260ddf0b6112518546385a",
    "68260ddf0b6112518546385b",
    "68260de00b61125185463864",
    "68260de00b61125185463866",
    "68260de00b61125185463865",
    "68260ddf0b61125185463862",
    "68260ddf0b61125185463863",
    "68260de00b61125185463868",
    "68260de00b61125185463867",
    "68260de00b61125185463869",
    "68260de00b6112518546386d",
    "68260de00b6112518546386c",
    "68260de00b6112518546386e",
    "68260de00b6112518546386b",
    "68260de00b6112518546386a",
    "68260de10b61125185463872",
    "68260de10b61125185463871",
    "68260de10b61125185463870",
    "68260de10b6112518546386f",
    "68260de10b61125185463876",
    "68260de10b61125185463875",
    "68260de10b61125185463874",
    "68260de10b61125185463873",
    "68260de10b6112518546387a",
    "68260de20b6112518546387c",
    "68260de10b61125185463879",
    "68260de20b6112518546387b",
    "68260de10b61125185463878",
    "68260de20b6112518546387e",
    "68260de10b61125185463877",
    "68260de20b6112518546387d"
  ],
  "is_lock": false,
  "createBy": "kiminonawa1305@gmail.com",
  "createAt": {
    "$date": "2025-05-15T15:53:08.742Z"
  },
  "updateBy": "kiminonawa1305@gmail.com",
  "updateAt": {
    "$date": "2025-05-15T15:53:08.742Z"
  },
  "_class": "com.lamnguyen.product_service.model.Product"
},
{
  "_id": "68260deb213ef202c0fd2088",
  "title": "Combo 3 Quần Lót Nam tam giác Lenzing Modal cạp logo Coolmate",
  "seo_alias": "combo-3-quan-lot-nam-tam-giac-lenzing-modal-cap-logo-coolmate",
  "vendor": "",
  "tags": [],
  "options": [
    {
      "type": "COLOR",
      "title": "Màu sắc",
      "values": [
        "Mix màu",
        "Đen",
        "Xám",
        "Đen đai Xanh"
      ]
    },
    {
      "type": "SIZE",
      "title": "Kích thước",
      "values": [
        "M",
        "L",
        "XL",
        "2XL",
        "3XL"
      ]
    }
  ],
  "options_values": [
    {
      "title": "Màu sắc",
      "type": "COLOR",
      "options": [
        {
          "title": "Mix màu",
          "slug": "mix-mau",
          "label": "",
          "images": [
            "68260de50b61125185463887",
            "68260de60b6112518546388a",
            "68260de60b6112518546388b",
            "68260de60b6112518546388c",
            "68260de60b6112518546388d",
            "68260de60b6112518546388e",
            "68260de60b6112518546388f",
            "68260de50b61125185463888",
            "68260de50b61125185463889"
          ]
        },
        {
          "title": "Đen",
          "slug": "den",
          "label": "",
          "images": [
            "68260de60b61125185463890",
            "68260de60b61125185463891",
            "68260de70b61125185463892",
            "68260de70b61125185463895",
            "68260de70b61125185463896",
            "68260de70b61125185463893",
            "68260de70b61125185463894"
          ]
        },
        {
          "title": "Xám",
          "slug": "xam",
          "label": "",
          "images": [
            "68260de70b61125185463899",
            "68260de80b6112518546389c",
            "68260de70b61125185463897",
            "68260de80b6112518546389d",
            "68260de70b61125185463898",
            "68260de70b6112518546389a",
            "68260de70b6112518546389b"
          ]
        },
        {
          "title": "Đen đai Xanh",
          "slug": "den-dai-xanh",
          "label": "",
          "images": [
            "68260de80b6112518546389e",
            "68260de80b611251854638a2",
            "68260de80b611251854638a3",
            "68260de80b6112518546389f",
            "68260de80b611251854638a0",
            "68260de80b611251854638a1"
          ]
        }
      ]
    }
  ],
  "images": [
    "68260de50b61125185463886",
    "68260de50b61125185463884",
    "68260de40b61125185463880",
    "68260de50b61125185463885",
    "68260de50b61125185463882",
    "68260de50b61125185463883",
    "68260de50b61125185463881",
    "68260de40b6112518546387f"
  ],
  "available": true,
  "collection_id": "6825ea198eaaa408c6aaf629",
  "display_order": 375,
  "youtube_video": "",
  "coming_soon": false,
  "display_name_open": "Kháng khuẩn - Thấm Hút - Mát tự nhiên",
  "gender_type": "MALE",
  "all_image_contains": [
    "68260de50b61125185463886",
    "68260de50b61125185463884",
    "68260de40b61125185463880",
    "68260de50b61125185463885",
    "68260de50b61125185463882",
    "68260de50b61125185463883",
    "68260de50b61125185463881",
    "68260de40b6112518546387f",
    "68260de50b61125185463887",
    "68260de60b6112518546388a",
    "68260de60b6112518546388b",
    "68260de60b6112518546388c",
    "68260de60b6112518546388d",
    "68260de60b6112518546388e",
    "68260de60b6112518546388f",
    "68260de50b61125185463888",
    "68260de50b61125185463889",
    "68260de60b61125185463890",
    "68260de60b61125185463891",
    "68260de70b61125185463892",
    "68260de70b61125185463895",
    "68260de70b61125185463896",
    "68260de70b61125185463893",
    "68260de70b61125185463894",
    "68260de70b61125185463899",
    "68260de80b6112518546389c",
    "68260de70b61125185463897",
    "68260de80b6112518546389d",
    "68260de70b61125185463898",
    "68260de70b6112518546389a",
    "68260de70b6112518546389b",
    "68260de80b6112518546389e",
    "68260de80b611251854638a2",
    "68260de80b611251854638a3",
    "68260de80b6112518546389f",
    "68260de80b611251854638a0",
    "68260de80b611251854638a1"
  ],
  "is_lock": false,
  "createBy": "kiminonawa1305@gmail.com",
  "createAt": {
    "$date": "2025-05-15T15:53:15.662Z"
  },
  "updateBy": "kiminonawa1305@gmail.com",
  "updateAt": {
    "$date": "2025-05-15T15:53:15.662Z"
  },
  "_class": "com.lamnguyen.product_service.model.Product"
},
{
  "_id": "68260def213ef202c0fd2089",
  "title": "Combo 5 Quần Lót Nam Brief Bamboo ",
  "seo_alias": "combo-5-quan-lot-nam-brief-bamboo-",
  "vendor": "5c482438000c695cfa6f8d22",
  "tags": [
    "BEST_SELLER",
    "WORTH_BUYING"
  ],
  "options": [
    {
      "type": "COLOR",
      "title": "Màu sắc",
      "values": [
        "Mix"
      ]
    },
    {
      "type": "SIZE",
      "title": "Kích thước",
      "values": [
        "M",
        "L",
        "XL",
        "2XL",
        "3XL"
      ]
    }
  ],
  "options_values": [
    {
      "title": "Màu sắc",
      "type": "COLOR",
      "options": [
        {
          "title": "Mix",
          "slug": "mix",
          "label": "",
          "images": [
            "68260dec0b611251854638a8",
            "68260ded0b611251854638aa",
            "68260ded0b611251854638a9",
            "68260ded0b611251854638ab",
            "68260ded0b611251854638ac"
          ]
        }
      ]
    }
  ],
  "images": [
    "68260dec0b611251854638a7",
    "68260dec0b611251854638a4",
    "68260dec0b611251854638a5",
    "68260dec0b611251854638a6"
  ],
  "available": true,
  "collection_id": "6825ea198eaaa408c6aaf629",
  "display_order": 302,
  "youtube_video": "",
  "coming_soon": false,
  "display_name_open": "Kháng khuẩn",
  "gender_type": "MALE",
  "all_image_contains": [
    "68260dec0b611251854638a7",
    "68260dec0b611251854638a4",
    "68260dec0b611251854638a5",
    "68260dec0b611251854638a6",
    "68260dec0b611251854638a8",
    "68260ded0b611251854638aa",
    "68260ded0b611251854638a9",
    "68260ded0b611251854638ab",
    "68260ded0b611251854638ac"
  ],
  "is_lock": false,
  "createBy": "kiminonawa1305@gmail.com",
  "createAt": {
    "$date": "2025-05-15T15:53:19.846Z"
  },
  "updateBy": "kiminonawa1305@gmail.com",
  "updateAt": {
    "$date": "2025-05-15T15:53:19.846Z"
  },
  "_class": "com.lamnguyen.product_service.model.Product"
},
{
  "_id": "68260df9213ef202c0fd208a",
  "title": "Pack 5 Quần Lót Nam Brief Cotton Basics",
  "seo_alias": "pack-5-quan-lot-nam-brief-cotton-basics",
  "vendor": "5c482438000c695cfa6f8d22",
  "tags": [
    "BEST_SELLER",
    "WORTH_BUYING"
  ],
  "options": [
    {
      "type": "COLOR",
      "title": "Màu sắc",
      "values": [
        "Xám",
        "Xanh Navy",
        "Đen",
        "Mix ngẫu nhiên "
      ]
    },
    {
      "type": "SIZE",
      "title": "Kích thước",
      "values": [
        "M",
        "L",
        "XL",
        "2XL",
        "3XL"
      ]
    }
  ],
  "options_values": [
    {
      "title": "Màu sắc",
      "type": "COLOR",
      "options": [
        {
          "title": "Xám",
          "slug": "xam",
          "label": "",
          "images": [
            "68260df10b611251854638bb",
            "68260df10b611251854638ba",
            "68260df10b611251854638bc",
            "68260df10b611251854638b8",
            "68260df10b611251854638b7",
            "68260df10b611251854638b9",
            "68260df20b611251854638be",
            "68260df20b611251854638bd"
          ]
        },
        {
          "title": "Xanh Navy",
          "slug": "xanh-navy",
          "label": "",
          "images": [
            "68260df20b611251854638bf",
            "68260df20b611251854638c2",
            "68260df20b611251854638c1",
            "68260df20b611251854638c0",
            "68260df20b611251854638c5",
            "68260df20b611251854638c4",
            "68260df20b611251854638c3"
          ]
        },
        {
          "title": "Đen",
          "slug": "den",
          "label": "",
          "images": [
            "68260df30b611251854638cb",
            "68260df30b611251854638ca",
            "68260df20b611251854638c6",
            "68260df30b611251854638c7",
            "68260df30b611251854638c8",
            "68260df30b611251854638c9"
          ]
        },
        {
          "title": "Mix ngẫu nhiên ",
          "slug": "mix-ngau-nhien",
          "label": "",
          "images": [
            "68260df50b611251854638d5",
            "68260df30b611251854638cc",
            "68260df30b611251854638cd",
            "68260df30b611251854638ce",
            "68260df40b611251854638cf",
            "68260df40b611251854638d2",
            "68260df40b611251854638d3",
            "68260df40b611251854638d0",
            "68260df40b611251854638d1",
            "68260df50b611251854638d4"
          ]
        }
      ]
    }
  ],
  "images": [
    "68260df00b611251854638af",
    "68260df00b611251854638ae",
    "68260df00b611251854638ad",
    "68260df10b611251854638b2",
    "68260df10b611251854638b4",
    "68260df10b611251854638b3",
    "68260df00b611251854638b1",
    "68260df10b611251854638b6",
    "68260df00b611251854638b0",
    "68260df10b611251854638b5"
  ],
  "available": true,
  "collection_id": "6825ea198eaaa408c6aaf629",
  "display_order": 345,
  "youtube_video": "",
  "coming_soon": false,
  "display_name_open": "Mềm mại",
  "gender_type": "MALE",
  "all_image_contains": [
    "68260df00b611251854638af",
    "68260df00b611251854638ae",
    "68260df00b611251854638ad",
    "68260df10b611251854638b2",
    "68260df10b611251854638b4",
    "68260df10b611251854638b3",
    "68260df00b611251854638b1",
    "68260df10b611251854638b6",
    "68260df00b611251854638b0",
    "68260df10b611251854638b5",
    "68260df10b611251854638bb",
    "68260df10b611251854638ba",
    "68260df10b611251854638bc",
    "68260df10b611251854638b8",
    "68260df10b611251854638b7",
    "68260df10b611251854638b9",
    "68260df20b611251854638be",
    "68260df20b611251854638bd",
    "68260df20b611251854638bf",
    "68260df20b611251854638c2",
    "68260df20b611251854638c1",
    "68260df20b611251854638c0",
    "68260df20b611251854638c5",
    "68260df20b611251854638c4",
    "68260df20b611251854638c3",
    "68260df30b611251854638cb",
    "68260df30b611251854638ca",
    "68260df20b611251854638c6",
    "68260df30b611251854638c7",
    "68260df30b611251854638c8",
    "68260df30b611251854638c9",
    "68260df50b611251854638d5",
    "68260df30b611251854638cc",
    "68260df30b611251854638cd",
    "68260df30b611251854638ce",
    "68260df40b611251854638cf",
    "68260df40b611251854638d2",
    "68260df40b611251854638d3",
    "68260df40b611251854638d0",
    "68260df40b611251854638d1",
    "68260df50b611251854638d4"
  ],
  "is_lock": false,
  "createBy": "kiminonawa1305@gmail.com",
  "createAt": {
    "$date": "2025-05-15T15:53:29.526Z"
  },
  "updateBy": "kiminonawa1305@gmail.com",
  "updateAt": {
    "$date": "2025-05-15T15:53:29.526Z"
  },
  "_class": "com.lamnguyen.product_service.model.Product"
},
{
  "_id": "68260e00213ef202c0fd208b",
  "title": "Combo 3 Quần Lót Nam Brief Excool Function",
  "seo_alias": "combo-3-quan-lot-nam-brief-excool-function",
  "vendor": "5c482438000c695cfa6f8d22",
  "tags": [],
  "options": [
    {
      "type": "COLOR",
      "title": "Màu sắc",
      "values": [
        "Xanh Aqua",
        "Đen",
        "Phối màu",
        "Đen đai xám"
      ]
    },
    {
      "type": "SIZE",
      "title": "Kích thước Quần",
      "values": [
        "M",
        "L",
        "XL",
        "2XL",
        "3XL"
      ]
    }
  ],
  "options_values": [
    {
      "title": "Màu sắc",
      "type": "COLOR",
      "options": [
        {
          "title": "Xanh Aqua",
          "slug": "xanh-aqua",
          "label": "",
          "images": [
            "68260df90b611251854638d9",
            "68260dfa0b611251854638e0",
            "68260dfa0b611251854638e1",
            "68260dfa0b611251854638dc",
            "68260dfa0b611251854638dd",
            "68260dfa0b611251854638da",
            "68260dfa0b611251854638db",
            "68260dfa0b611251854638de",
            "68260dfa0b611251854638df"
          ]
        },
        {
          "title": "Đen",
          "slug": "den",
          "label": "",
          "images": [
            "68260dfb0b611251854638e5",
            "68260dfb0b611251854638e6",
            "68260dfb0b611251854638e7",
            "68260dfb0b611251854638e8",
            "68260dfa0b611251854638e4",
            "68260dfa0b611251854638e2",
            "68260dfa0b611251854638e3",
            "68260dfb0b611251854638e9"
          ]
        },
        {
          "title": "Phối màu",
          "slug": "phoi-mau",
          "label": "",
          "images": [
            "68260dfb0b611251854638ee",
            "68260dfb0b611251854638ef",
            "68260dfc0b611251854638f0",
            "68260dfb0b611251854638ea",
            "68260dfb0b611251854638eb",
            "68260dfb0b611251854638ec",
            "68260dfb0b611251854638ed",
            "68260dfc0b611251854638f3",
            "68260dfc0b611251854638f4",
            "68260dfc0b611251854638f1",
            "68260dfc0b611251854638f2"
          ]
        },
        {
          "title": "Đen đai xám",
          "slug": "den-dai-xam",
          "label": "",
          "images": [
            "68260dfc0b611251854638f9",
            "68260dfc0b611251854638f7",
            "68260dfc0b611251854638f8",
            "68260dfc0b611251854638f5",
            "68260dfd0b611251854638fb",
            "68260dfc0b611251854638f6",
            "68260dfd0b611251854638fc",
            "68260dfd0b611251854638fd",
            "68260dfd0b611251854638fe",
            "68260dfc0b611251854638fa"
          ]
        }
      ]
    }
  ],
  "images": [
    "68260df90b611251854638d6",
    "68260df90b611251854638d7",
    "68260df90b611251854638d8"
  ],
  "available": true,
  "collection_id": "6825ea198eaaa408c6aaf629",
  "display_order": 368,
  "youtube_video": "",
  "coming_soon": false,
  "display_name_open": "Thoáng mát",
  "gender_type": "MALE",
  "all_image_contains": [
    "68260df90b611251854638d6",
    "68260df90b611251854638d7",
    "68260df90b611251854638d8",
    "68260df90b611251854638d9",
    "68260dfa0b611251854638e0",
    "68260dfa0b611251854638e1",
    "68260dfa0b611251854638dc",
    "68260dfa0b611251854638dd",
    "68260dfa0b611251854638da",
    "68260dfa0b611251854638db",
    "68260dfa0b611251854638de",
    "68260dfa0b611251854638df",
    "68260dfb0b611251854638e5",
    "68260dfb0b611251854638e6",
    "68260dfb0b611251854638e7",
    "68260dfb0b611251854638e8",
    "68260dfa0b611251854638e4",
    "68260dfa0b611251854638e2",
    "68260dfa0b611251854638e3",
    "68260dfb0b611251854638e9",
    "68260dfb0b611251854638ee",
    "68260dfb0b611251854638ef",
    "68260dfc0b611251854638f0",
    "68260dfb0b611251854638ea",
    "68260dfb0b611251854638eb",
    "68260dfb0b611251854638ec",
    "68260dfb0b611251854638ed",
    "68260dfc0b611251854638f3",
    "68260dfc0b611251854638f4",
    "68260dfc0b611251854638f1",
    "68260dfc0b611251854638f2",
    "68260dfc0b611251854638f9",
    "68260dfc0b611251854638f7",
    "68260dfc0b611251854638f8",
    "68260dfc0b611251854638f5",
    "68260dfd0b611251854638fb",
    "68260dfc0b611251854638f6",
    "68260dfd0b611251854638fc",
    "68260dfd0b611251854638fd",
    "68260dfd0b611251854638fe",
    "68260dfc0b611251854638fa"
  ],
  "is_lock": false,
  "createBy": "kiminonawa1305@gmail.com",
  "createAt": {
    "$date": "2025-05-15T15:53:36.087Z"
  },
  "updateBy": "kiminonawa1305@gmail.com",
  "updateAt": {
    "$date": "2025-05-15T15:53:36.087Z"
  },
  "_class": "com.lamnguyen.product_service.model.Product"
},
{
  "_id": "68260e04213ef202c0fd208c",
  "title": "Combo 3 Quần Lót Nam Brief Bamboo",
  "seo_alias": "combo-3-quan-lot-nam-brief-bamboo",
  "vendor": "5c482438000c695cfa6f8d22",
  "tags": [],
  "options": [
    {
      "type": "COLOR",
      "title": "Màu sắc",
      "values": [
        "Phối màu",
        "Xanh Navy",
        "Đen",
        "Trắng"
      ]
    },
    {
      "type": "SIZE",
      "title": "Kích thước Quần",
      "values": [
        "M",
        "L",
        "XL",
        "2XL",
        "3XL"
      ]
    }
  ],
  "options_values": [
    {
      "title": "Màu sắc",
      "type": "COLOR",
      "options": [
        {
          "title": "Phối màu",
          "slug": "phoi-mau",
          "label": "",
          "images": [
            "68260e010b61125185463909",
            "68260e000b61125185463905",
            "68260e010b61125185463908",
            "68260e010b6112518546390a",
            "68260e000b61125185463906",
            "68260e000b61125185463907"
          ]
        },
        {
          "title": "Xanh Navy",
          "slug": "xanh-navy",
          "label": "",
          "images": [
            "68260e010b6112518546390f",
            "68260e010b6112518546390e",
            "68260e010b6112518546390b",
            "68260e010b6112518546390d",
            "68260e010b6112518546390c",
            "68260e010b61125185463910"
          ]
        },
        {
          "title": "Đen",
          "slug": "den",
          "label": "",
          "images": [
            "68260e020b61125185463914",
            "68260e020b61125185463913",
            "68260e020b61125185463912",
            "68260e010b61125185463911",
            "68260e020b61125185463916",
            "68260e020b61125185463915"
          ]
        },
        {
          "title": "Trắng",
          "slug": "trang",
          "label": "",
          "images": [
            "68260e020b6112518546391c",
            "68260e020b6112518546391b",
            "68260e020b6112518546391a",
            "68260e020b61125185463919",
            "68260e020b61125185463918",
            "68260e020b61125185463917"
          ]
        }
      ]
    }
  ],
  "images": [
    "68260e000b61125185463902",
    "68260e000b61125185463903",
    "68260e000b61125185463904",
    "68260e000b611251854638ff",
    "68260e000b61125185463900",
    "68260e000b61125185463901"
  ],
  "available": true,
  "collection_id": "6825ea198eaaa408c6aaf629",
  "display_order": 349,
  "youtube_video": "",
  "coming_soon": false,
  "display_name_open": "Kháng khuẩn",
  "gender_type": "MALE",
  "all_image_contains": [
    "68260e000b61125185463902",
    "68260e000b61125185463903",
    "68260e000b61125185463904",
    "68260e000b611251854638ff",
    "68260e000b61125185463900",
    "68260e000b61125185463901",
    "68260e010b61125185463909",
    "68260e000b61125185463905",
    "68260e010b61125185463908",
    "68260e010b6112518546390a",
    "68260e000b61125185463906",
    "68260e000b61125185463907",
    "68260e010b6112518546390f",
    "68260e010b6112518546390e",
    "68260e010b6112518546390b",
    "68260e010b6112518546390d",
    "68260e010b6112518546390c",
    "68260e010b61125185463910",
    "68260e020b61125185463914",
    "68260e020b61125185463913",
    "68260e020b61125185463912",
    "68260e010b61125185463911",
    "68260e020b61125185463916",
    "68260e020b61125185463915",
    "68260e020b6112518546391c",
    "68260e020b6112518546391b",
    "68260e020b6112518546391a",
    "68260e020b61125185463919",
    "68260e020b61125185463918",
    "68260e020b61125185463917"
  ],
  "is_lock": false,
  "createBy": "kiminonawa1305@gmail.com",
  "createAt": {
    "$date": "2025-05-15T15:53:40.764Z"
  },
  "updateBy": "kiminonawa1305@gmail.com",
  "updateAt": {
    "$date": "2025-05-15T15:53:40.764Z"
  },
  "_class": "com.lamnguyen.product_service.model.Product"
},
{
  "_id": "68260e0f213ef202c0fd208d",
  "title": "Combo 2 Quần Lót Nam Brief Ice Cooling Premium",
  "seo_alias": "combo-2-quan-lot-nam-brief-ice-cooling-premium",
  "vendor": "5c482438000c695cfa6f8d22",
  "tags": [],
  "options": [
    {
      "type": "COLOR",
      "title": "Màu sắc",
      "values": [
        "Xanh Beacon",
        "Đỏ Tawy",
        "Xám iron",
        "Mix màu 1",
        "Mix màu 2",
        "Mix màu 3"
      ]
    },
    {
      "type": "SIZE",
      "title": "Kích thước",
      "values": [
        "M",
        "L",
        "XL",
        "2XL",
        "3XL"
      ]
    }
  ],
  "options_values": [
    {
      "title": "Màu sắc",
      "type": "COLOR",
      "options": [
        {
          "title": "Xanh Beacon",
          "slug": "xanh-beacon",
          "label": "",
          "images": [
            "68260e060b61125185463929",
            "68260e060b6112518546392d",
            "68260e060b6112518546392c",
            "68260e060b6112518546392b",
            "68260e050b61125185463928",
            "68260e060b6112518546392a",
            "68260e050b61125185463927",
            "68260e050b61125185463926"
          ]
        },
        {
          "title": "Đỏ Tawy",
          "slug": "do-tawy",
          "label": "",
          "images": [
            "68260e070b61125185463935",
            "68260e060b6112518546392f",
            "68260e070b61125185463934",
            "68260e060b6112518546392e",
            "68260e060b61125185463933",
            "68260e060b61125185463932",
            "68260e060b61125185463931",
            "68260e060b61125185463930"
          ]
        },
        {
          "title": "Xám iron",
          "slug": "xam-iron",
          "label": "",
          "images": [
            "68260e070b6112518546393b",
            "68260e070b61125185463937",
            "68260e070b61125185463936",
            "68260e070b61125185463939",
            "68260e070b61125185463938",
            "68260e080b6112518546393c",
            "68260e080b6112518546393d",
            "68260e070b6112518546393a"
          ]
        },
        {
          "title": "Mix màu 1",
          "slug": "mix-mau-1",
          "label": "",
          "images": [
            "68260e080b61125185463940",
            "68260e080b61125185463941",
            "68260e080b61125185463944",
            "68260e080b61125185463945",
            "68260e080b61125185463942",
            "68260e080b61125185463943",
            "68260e080b6112518546393e",
            "68260e080b6112518546393f"
          ]
        },
        {
          "title": "Mix màu 2",
          "slug": "mix-mau-2",
          "label": "",
          "images": [
            "68260e090b61125185463946",
            "68260e090b61125185463947",
            "68260e090b61125185463948",
            "68260e090b6112518546394a",
            "68260e090b6112518546394b",
            "68260e090b6112518546394c",
            "68260e090b6112518546394d",
            "68260e090b61125185463949"
          ]
        },
        {
          "title": "Mix màu 3",
          "slug": "mix-mau-3",
          "label": "",
          "images": [
            "68260e090b6112518546394e",
            "68260e090b6112518546394f",
            "68260e0a0b61125185463955",
            "68260e0a0b61125185463954",
            "68260e0a0b61125185463953",
            "68260e0a0b61125185463952",
            "68260e090b61125185463950",
            "68260e090b61125185463951"
          ]
        }
      ]
    }
  ],
  "images": [
    "68260e050b61125185463920",
    "68260e040b6112518546391d",
    "68260e050b61125185463922",
    "68260e050b61125185463921",
    "68260e050b6112518546391f",
    "68260e050b61125185463924",
    "68260e050b61125185463923",
    "68260e050b6112518546391e",
    "68260e050b61125185463925"
  ],
  "available": true,
  "collection_id": "6825ea198eaaa408c6aaf629",
  "display_order": 422,
  "youtube_video": "",
  "coming_soon": false,
  "display_name_open": "Cooling - Thoáng khí ExDry",
  "gender_type": "MALE",
  "all_image_contains": [
    "68260e050b61125185463920",
    "68260e040b6112518546391d",
    "68260e050b61125185463922",
    "68260e050b61125185463921",
    "68260e050b6112518546391f",
    "68260e050b61125185463924",
    "68260e050b61125185463923",
    "68260e050b6112518546391e",
    "68260e050b61125185463925",
    "68260e060b61125185463929",
    "68260e060b6112518546392d",
    "68260e060b6112518546392c",
    "68260e060b6112518546392b",
    "68260e050b61125185463928",
    "68260e060b6112518546392a",
    "68260e050b61125185463927",
    "68260e050b61125185463926",
    "68260e070b61125185463935",
    "68260e060b6112518546392f",
    "68260e070b61125185463934",
    "68260e060b6112518546392e",
    "68260e060b61125185463933",
    "68260e060b61125185463932",
    "68260e060b61125185463931",
    "68260e060b61125185463930",
    "68260e070b6112518546393b",
    "68260e070b61125185463937",
    "68260e070b61125185463936",
    "68260e070b61125185463939",
    "68260e070b61125185463938",
    "68260e080b6112518546393c",
    "68260e080b6112518546393d",
    "68260e070b6112518546393a",
    "68260e080b61125185463940",
    "68260e080b61125185463941",
    "68260e080b61125185463944",
    "68260e080b61125185463945",
    "68260e080b61125185463942",
    "68260e080b61125185463943",
    "68260e080b6112518546393e",
    "68260e080b6112518546393f",
    "68260e090b61125185463946",
    "68260e090b61125185463947",
    "68260e090b61125185463948",
    "68260e090b6112518546394a",
    "68260e090b6112518546394b",
    "68260e090b6112518546394c",
    "68260e090b6112518546394d",
    "68260e090b61125185463949",
    "68260e090b6112518546394e",
    "68260e090b6112518546394f",
    "68260e0a0b61125185463955",
    "68260e0a0b61125185463954",
    "68260e0a0b61125185463953",
    "68260e0a0b61125185463952",
    "68260e090b61125185463950",
    "68260e090b61125185463951"
  ],
  "is_lock": false,
  "createBy": "kiminonawa1305@gmail.com",
  "createAt": {
    "$date": "2025-05-15T15:53:51.160Z"
  },
  "updateBy": "kiminonawa1305@gmail.com",
  "updateAt": {
    "$date": "2025-05-15T15:53:51.160Z"
  },
  "_class": "com.lamnguyen.product_service.model.Product"
},
{
  "_id": "68260e13213ef202c0fd208e",
  "title": "Combo 3 Quần Lót Nam Brief Cotton Compact",
  "seo_alias": "combo-3-quan-lot-nam-brief-cotton-compact",
  "vendor": "5c482438000c695cfa6f8d22",
  "tags": [],
  "options": [
    {
      "type": "COLOR",
      "title": "Màu sắc",
      "values": [
        "Đen",
        "Xám",
        "Xanh Navy",
        "Phối màu"
      ]
    },
    {
      "type": "SIZE",
      "title": "Kích thước Quần",
      "values": [
        "M",
        "L",
        "XL",
        "2XL",
        "3XL"
      ]
    }
  ],
  "options_values": [
    {
      "title": "Màu sắc",
      "type": "COLOR",
      "options": [
        {
          "title": "Đen",
          "slug": "den",
          "label": "",
          "images": [
            "68260e0f0b6112518546395e",
            "68260e0f0b61125185463959",
            "68260e0f0b6112518546395a",
            "68260e0f0b6112518546395b",
            "68260e0f0b6112518546395c",
            "68260e0f0b6112518546395d"
          ]
        },
        {
          "title": "Xám",
          "slug": "xam",
          "label": "",
          "images": [
            "68260e100b6112518546395f",
            "68260e100b61125185463962",
            "68260e100b61125185463961",
            "68260e100b61125185463964",
            "68260e100b61125185463963",
            "68260e100b61125185463960"
          ]
        },
        {
          "title": "Xanh Navy",
          "slug": "xanh-navy",
          "label": "",
          "images": [
            "68260e110b6112518546396a",
            "68260e100b61125185463965",
            "68260e110b61125185463969",
            "68260e110b61125185463968",
            "68260e110b61125185463967",
            "68260e110b61125185463966"
          ]
        },
        {
          "title": "Phối màu",
          "slug": "phoi-mau",
          "label": "",
          "images": [
            "68260e110b6112518546396c",
            "68260e110b6112518546396b",
            "68260e110b61125185463970",
            "68260e110b6112518546396f",
            "68260e110b6112518546396e",
            "68260e110b6112518546396d"
          ]
        }
      ]
    }
  ],
  "images": [
    "68260e0f0b61125185463956",
    "68260e0f0b61125185463957",
    "68260e0f0b61125185463958"
  ],
  "available": true,
  "collection_id": "6825ea198eaaa408c6aaf629",
  "display_order": 352,
  "youtube_video": "",
  "coming_soon": false,
  "display_name_open": "",
  "gender_type": "MALE",
  "all_image_contains": [
    "68260e0f0b61125185463956",
    "68260e0f0b61125185463957",
    "68260e0f0b61125185463958",
    "68260e0f0b6112518546395e",
    "68260e0f0b61125185463959",
    "68260e0f0b6112518546395a",
    "68260e0f0b6112518546395b",
    "68260e0f0b6112518546395c",
    "68260e0f0b6112518546395d",
    "68260e100b6112518546395f",
    "68260e100b61125185463962",
    "68260e100b61125185463961",
    "68260e100b61125185463964",
    "68260e100b61125185463963",
    "68260e100b61125185463960",
    "68260e110b6112518546396a",
    "68260e100b61125185463965",
    "68260e110b61125185463969",
    "68260e110b61125185463968",
    "68260e110b61125185463967",
    "68260e110b61125185463966",
    "68260e110b6112518546396c",
    "68260e110b6112518546396b",
    "68260e110b61125185463970",
    "68260e110b6112518546396f",
    "68260e110b6112518546396e",
    "68260e110b6112518546396d"
  ],
  "is_lock": false,
  "createBy": "kiminonawa1305@gmail.com",
  "createAt": {
    "$date": "2025-05-15T15:53:55.927Z"
  },
  "updateBy": "kiminonawa1305@gmail.com",
  "updateAt": {
    "$date": "2025-05-15T15:53:55.927Z"
  },
  "_class": "com.lamnguyen.product_service.model.Product"
}]