[{
  "_id": "6825f4b0213ef202c0fd1ee3",
  "title": "Áo khoác 2 lớp Casual",
  "seo_alias": "ao-khoac-2-lop-casual",
  "vendor": "5c482438000c695cfa6f8d22",
  "tags": [],
  "options": [
    {
      "type": "COLOR",
      "title": "Màu sắc",
      "values": [
        "Xanh Orion Blue",
        "Đen"
      ]
    },
    {
      "type": "SIZE",
      "title": "Kích thước",
      "values": [
        "M",
        "L",
        "XL",
        "2XL",
        "3XL"
      ]
    }
  ],
  "options_values": [
    {
      "title": "Màu sắc",
      "type": "COLOR",
      "options": [
        {
          "title": "Xanh Orion Blue",
          "slug": "xanh-orion-blue",
          "label": "",
          "images": [
            "6825f4aa0b6112518546080a",
            "6825f4ab0b61125185460811",
            "6825f4ab0b61125185460810",
            "6825f4ab0b61125185460812",
            "6825f4ab0b6112518546080b",
            "6825f4ab0b6112518546080d",
            "6825f4ab0b6112518546080c",
            "6825f4aa0b61125185460809",
            "6825f4ab0b6112518546080f",
            "6825f4aa0b61125185460808",
            "6825f4ab0b6112518546080e",
            "6825f4aa0b61125185460807",
            "6825f4aa0b61125185460806",
            "6825f4aa0b61125185460805"
          ]
        },
        {
          "title": "Đen",
          "slug": "den",
          "label": "",
          "images": [
            "6825f4ac0b61125185460816",
            "6825f4ac0b61125185460815",
            "6825f4ac0b61125185460814",
            "6825f4ac0b61125185460819",
            "6825f4ab0b61125185460813",
            "6825f4ac0b61125185460818",
            "6825f4ac0b61125185460817",
            "6825f4ad0b6112518546081f",
            "6825f4ad0b6112518546081e",
            "6825f4ad0b6112518546081d",
            "6825f4ad0b61125185460820",
            "6825f4ac0b6112518546081c",
            "6825f4ac0b6112518546081b",
            "6825f4ac0b6112518546081a"
          ]
        }
      ]
    }
  ],
  "images": [
    "6825f4aa0b61125185460803",
    "6825f4a90b61125185460800",
    "6825f4aa0b61125185460802",
    "6825f4aa0b61125185460801",
    "6825f4a90b611251854607ff",
    "6825f4aa0b61125185460804"
  ],
  "available": true,
  "collection_id": "6825e9688eaaa408c6aaf617",
  "display_order": 5,
  "youtube_video": "",
  "coming_soon": false,
  "display_name_open": "Giữ ấm - Trượt nước ",
  "gender_type": "MALE",
  "all_image_contains": [
    "6825f4aa0b61125185460803",
    "6825f4a90b61125185460800",
    "6825f4aa0b61125185460802",
    "6825f4aa0b61125185460801",
    "6825f4a90b611251854607ff",
    "6825f4aa0b61125185460804",
    "6825f4aa0b6112518546080a",
    "6825f4ab0b61125185460811",
    "6825f4ab0b61125185460810",
    "6825f4ab0b61125185460812",
    "6825f4ab0b6112518546080b",
    "6825f4ab0b6112518546080d",
    "6825f4ab0b6112518546080c",
    "6825f4aa0b61125185460809",
    "6825f4ab0b6112518546080f",
    "6825f4aa0b61125185460808",
    "6825f4ab0b6112518546080e",
    "6825f4aa0b61125185460807",
    "6825f4aa0b61125185460806",
    "6825f4aa0b61125185460805",
    "6825f4ac0b61125185460816",
    "6825f4ac0b61125185460815",
    "6825f4ac0b61125185460814",
    "6825f4ac0b61125185460819",
    "6825f4ab0b61125185460813",
    "6825f4ac0b61125185460818",
    "6825f4ac0b61125185460817",
    "6825f4ad0b6112518546081f",
    "6825f4ad0b6112518546081e",
    "6825f4ad0b6112518546081d",
    "6825f4ad0b61125185460820",
    "6825f4ac0b6112518546081c",
    "6825f4ac0b6112518546081b",
    "6825f4ac0b6112518546081a"
  ],
  "is_lock": false,
  "createBy": "kiminonawa1305@gmail.com",
  "createAt": {
    "$date": "2025-05-15T14:05:36.835Z"
  },
  "updateBy": "kiminonawa1305@gmail.com",
  "updateAt": {
    "$date": "2025-05-15T14:05:36.835Z"
  },
  "_class": "com.lamnguyen.product_service.model.Product"
},
{
  "_id": "6825f4ba213ef202c0fd1ee4",
  "title": "Áo khoác WindBreaker Nylon Taslan",
  "seo_alias": "ao-khoac-windbreaker-nylon-taslan",
  "vendor": "5c482438000c695cfa6f8d22",
  "tags": [],
  "options": [
    {
      "type": "COLOR",
      "title": "Màu sắc",
      "values": [
        "Đen phối xanh lá",
        "Xám phối trắng",
        "Navy phối đen"
      ]
    },
    {
      "type": "SIZE",
      "title": "Kích thước",
      "values": [
        "S",
        "M",
        "L",
        "XL"
      ]
    }
  ],
  "options_values": [
    {
      "title": "Màu sắc",
      "type": "COLOR",
      "options": [
        {
          "title": "Đen phối xanh lá",
          "slug": "den-phoi-xanh-la",
          "label": "",
          "images": [
            "6825f4b10b6112518546082a",
            "6825f4b20b6112518546082f",
            "6825f4b30b61125185460835",
            "6825f4b20b61125185460831",
            "6825f4b20b61125185460832",
            "6825f4b20b61125185460830",
            "6825f4b20b6112518546082d",
            "6825f4b20b6112518546082e",
            "6825f4b20b6112518546082b",
            "6825f4b20b61125185460833",
            "6825f4b20b6112518546082c",
            "6825f4b20b61125185460834"
          ]
        },
        {
          "title": "Xám phối trắng",
          "slug": "xam-phoi-trang",
          "label": "",
          "images": [
            "6825f4b30b6112518546083a",
            "6825f4b40b6112518546083f",
            "6825f4b30b6112518546083d",
            "6825f4b40b6112518546083e",
            "6825f4b30b6112518546083c",
            "6825f4b30b6112518546083b",
            "6825f4b30b61125185460839",
            "6825f4b30b61125185460838",
            "6825f4b40b61125185460842",
            "6825f4b30b61125185460837",
            "6825f4b30b61125185460836",
            "6825f4b40b61125185460841",
            "6825f4b40b61125185460840"
          ]
        },
        {
          "title": "Navy phối đen",
          "slug": "navy-phoi-den",
          "label": "",
          "images": [
            "6825f4b60b6112518546084e",
            "6825f4b60b6112518546084d",
            "6825f4b50b61125185460849",
            "6825f4b60b6112518546084f",
            "6825f4b50b61125185460848",
            "6825f4b50b61125185460847",
            "6825f4b50b6112518546084c",
            "6825f4b50b6112518546084b",
            "6825f4b50b6112518546084a",
            "6825f4b40b61125185460846",
            "6825f4b40b61125185460843",
            "6825f4b40b61125185460845",
            "6825f4b40b61125185460844"
          ]
        }
      ]
    }
  ],
  "images": [
    "6825f4b10b61125185460822",
    "6825f4b10b61125185460823",
    "6825f4b10b61125185460824",
    "6825f4b10b61125185460825",
    "6825f4b00b61125185460821",
    "6825f4b10b61125185460826",
    "6825f4b10b61125185460827",
    "6825f4b10b61125185460828",
    "6825f4b10b61125185460829"
  ],
  "available": true,
  "collection_id": "6825e9688eaaa408c6aaf617",
  "display_order": 5,
  "youtube_video": "",
  "coming_soon": false,
  "display_name_open": "Cản gió và Trượt nước",
  "gender_type": "MALE",
  "all_image_contains": [
    "6825f4b10b61125185460822",
    "6825f4b10b61125185460823",
    "6825f4b10b61125185460824",
    "6825f4b10b61125185460825",
    "6825f4b00b61125185460821",
    "6825f4b10b61125185460826",
    "6825f4b10b61125185460827",
    "6825f4b10b61125185460828",
    "6825f4b10b61125185460829",
    "6825f4b10b6112518546082a",
    "6825f4b20b6112518546082f",
    "6825f4b30b61125185460835",
    "6825f4b20b61125185460831",
    "6825f4b20b61125185460832",
    "6825f4b20b61125185460830",
    "6825f4b20b6112518546082d",
    "6825f4b20b6112518546082e",
    "6825f4b20b6112518546082b",
    "6825f4b20b61125185460833",
    "6825f4b20b6112518546082c",
    "6825f4b20b61125185460834",
    "6825f4b30b6112518546083a",
    "6825f4b40b6112518546083f",
    "6825f4b30b6112518546083d",
    "6825f4b40b6112518546083e",
    "6825f4b30b6112518546083c",
    "6825f4b30b6112518546083b",
    "6825f4b30b61125185460839",
    "6825f4b30b61125185460838",
    "6825f4b40b61125185460842",
    "6825f4b30b61125185460837",
    "6825f4b30b61125185460836",
    "6825f4b40b61125185460841",
    "6825f4b40b61125185460840",
    "6825f4b60b6112518546084e",
    "6825f4b60b6112518546084d",
    "6825f4b50b61125185460849",
    "6825f4b60b6112518546084f",
    "6825f4b50b61125185460848",
    "6825f4b50b61125185460847",
    "6825f4b50b6112518546084c",
    "6825f4b50b6112518546084b",
    "6825f4b50b6112518546084a",
    "6825f4b40b61125185460846",
    "6825f4b40b61125185460843",
    "6825f4b40b61125185460845",
    "6825f4b40b61125185460844"
  ],
  "is_lock": false,
  "createBy": "kiminonawa1305@gmail.com",
  "createAt": {
    "$date": "2025-05-15T14:05:46.391Z"
  },
  "updateBy": "kiminonawa1305@gmail.com",
  "updateAt": {
    "$date": "2025-05-15T14:05:46.391Z"
  },
  "_class": "com.lamnguyen.product_service.model.Product"
},
{
  "_id": "6825f4c6213ef202c0fd1ee5",
  "title": "Áo phao dày Ultrawarm Puffer",
  "seo_alias": "ao-phao-day-ultrawarm-puffer",
  "vendor": "5c482438000c695cfa6f8d22",
  "tags": [],
  "options": [
    {
      "type": "COLOR",
      "title": "Màu sắc",
      "values": [
        "Đen",
        "Xám sáng",
        "Xanh Navy",
        "Rêu"
      ]
    },
    {
      "type": "SIZE",
      "title": "Kích thước",
      "values": [
        "S",
        "M",
        "L",
        "XL"
      ]
    }
  ],
  "options_values": [
    {
      "title": "Màu sắc",
      "type": "COLOR",
      "options": [
        {
          "title": "Đen",
          "slug": "den",
          "label": "",
          "images": [
            "6825f4bb0b6112518546085b",
            "6825f4bb0b6112518546085a",
            "6825f4bb0b61125185460858",
            "6825f4bb0b61125185460857",
            "6825f4bb0b61125185460856",
            "6825f4bb0b61125185460855",
            "6825f4bc0b6112518546085e",
            "6825f4bc0b6112518546085d",
            "6825f4ba0b61125185460854",
            "6825f4bb0b61125185460859",
            "6825f4bc0b6112518546085c"
          ]
        },
        {
          "title": "Xám sáng",
          "slug": "xam-sang",
          "label": "",
          "images": [
            "6825f4bd0b61125185460867",
            "6825f4bd0b61125185460866",
            "6825f4bc0b61125185460860",
            "6825f4bd0b61125185460865",
            "6825f4bd0b61125185460864",
            "6825f4bd0b61125185460863",
            "6825f4bd0b61125185460862",
            "6825f4bc0b6112518546085f",
            "6825f4bc0b61125185460861",
            "6825f4bd0b61125185460869",
            "6825f4bd0b61125185460868"
          ]
        },
        {
          "title": "Xanh Navy",
          "slug": "xanh-navy",
          "label": "",
          "images": [
            "6825f4be0b61125185460871",
            "6825f4be0b61125185460870",
            "6825f4be0b6112518546086b",
            "6825f4be0b61125185460873",
            "6825f4be0b61125185460872",
            "6825f4be0b6112518546086d",
            "6825f4be0b6112518546086c",
            "6825f4bd0b6112518546086a",
            "6825f4be0b6112518546086f",
            "6825f4be0b6112518546086e",
            "6825f4bf0b61125185460875",
            "6825f4bf0b61125185460874"
          ]
        },
        {
          "title": "Rêu",
          "slug": "reu",
          "label": "",
          "images": [
            "6825f4bf0b61125185460879",
            "6825f4c00b61125185460880",
            "6825f4bf0b61125185460878",
            "6825f4c00b61125185460881",
            "6825f4bf0b61125185460877",
            "6825f4c00b6112518546087d",
            "6825f4c00b6112518546087e",
            "6825f4bf0b6112518546087b",
            "6825f4c00b6112518546087f",
            "6825f4bf0b6112518546087a",
            "6825f4bf0b61125185460876",
            "6825f4bf0b6112518546087c"
          ]
        }
      ]
    }
  ],
  "images": [
    "6825f4ba0b61125185460851",
    "6825f4ba0b61125185460850",
    "6825f4ba0b61125185460853",
    "6825f4ba0b61125185460852"
  ],
  "available": true,
  "collection_id": "6825e9688eaaa408c6aaf617",
  "display_order": 328,
  "youtube_video": "",
  "coming_soon": false,
  "display_name_open": "Giữ ấm - Chống gió",
  "gender_type": "MALE",
  "all_image_contains": [
    "6825f4ba0b61125185460851",
    "6825f4ba0b61125185460850",
    "6825f4ba0b61125185460853",
    "6825f4ba0b61125185460852",
    "6825f4bb0b6112518546085b",
    "6825f4bb0b6112518546085a",
    "6825f4bb0b61125185460858",
    "6825f4bb0b61125185460857",
    "6825f4bb0b61125185460856",
    "6825f4bb0b61125185460855",
    "6825f4bc0b6112518546085e",
    "6825f4bc0b6112518546085d",
    "6825f4ba0b61125185460854",
    "6825f4bb0b61125185460859",
    "6825f4bc0b6112518546085c",
    "6825f4bd0b61125185460867",
    "6825f4bd0b61125185460866",
    "6825f4bc0b61125185460860",
    "6825f4bd0b61125185460865",
    "6825f4bd0b61125185460864",
    "6825f4bd0b61125185460863",
    "6825f4bd0b61125185460862",
    "6825f4bc0b6112518546085f",
    "6825f4bc0b61125185460861",
    "6825f4bd0b61125185460869",
    "6825f4bd0b61125185460868",
    "6825f4be0b61125185460871",
    "6825f4be0b61125185460870",
    "6825f4be0b6112518546086b",
    "6825f4be0b61125185460873",
    "6825f4be0b61125185460872",
    "6825f4be0b6112518546086d",
    "6825f4be0b6112518546086c",
    "6825f4bd0b6112518546086a",
    "6825f4be0b6112518546086f",
    "6825f4be0b6112518546086e",
    "6825f4bf0b61125185460875",
    "6825f4bf0b61125185460874",
    "6825f4bf0b61125185460879",
    "6825f4c00b61125185460880",
    "6825f4bf0b61125185460878",
    "6825f4c00b61125185460881",
    "6825f4bf0b61125185460877",
    "6825f4c00b6112518546087d",
    "6825f4c00b6112518546087e",
    "6825f4bf0b6112518546087b",
    "6825f4c00b6112518546087f",
    "6825f4bf0b6112518546087a",
    "6825f4bf0b61125185460876",
    "6825f4bf0b6112518546087c"
  ],
  "is_lock": false,
  "createBy": "kiminonawa1305@gmail.com",
  "createAt": {
    "$date": "2025-05-15T14:05:58.556Z"
  },
  "updateBy": "kiminonawa1305@gmail.com",
  "updateAt": {
    "$date": "2025-05-15T14:05:58.556Z"
  },
  "_class": "com.lamnguyen.product_service.model.Product"
},
{
  "_id": "6825f4d1213ef202c0fd1ee6",
  "title": "Áo khoác thể thao Windbreaker Ripstop",
  "seo_alias": "ao-khoac-the-thao-windbreaker-ripstop",
  "vendor": "5c482438000c695cfa6f8d22",
  "tags": [],
  "options": [
    {
      "type": "COLOR",
      "title": "Màu sắc",
      "values": [
        "Xám",
        "Cam",
        "Xanh Blue"
      ]
    },
    {
      "type": "SIZE",
      "title": "Kích thước",
      "values": [
        "M",
        "L",
        "XL",
        "2XL",
        "3XL"
      ]
    }
  ],
  "options_values": [
    {
      "title": "Màu sắc",
      "type": "COLOR",
      "options": [
        {
          "title": "Xám",
          "slug": "xam",
          "label": "",
          "images": [
            "6825f4c70b61125185460889",
            "6825f4c70b61125185460888",
            "6825f4c80b61125185460897",
            "6825f4c80b61125185460896",
            "6825f4c80b61125185460895",
            "6825f4c80b61125185460894",
            "6825f4c80b61125185460893",
            "6825f4c80b61125185460892",
            "6825f4c80b61125185460891",
            "6825f4c80b61125185460890",
            "6825f4c70b6112518546088e",
            "6825f4c70b6112518546088d",
            "6825f4c70b6112518546088f",
            "6825f4c70b6112518546088a",
            "6825f4c70b6112518546088c",
            "6825f4c70b6112518546088b"
          ]
        },
        {
          "title": "Cam",
          "slug": "cam",
          "label": "",
          "images": [
            "6825f4ca0b611251854608a7",
            "6825f4ca0b611251854608a6",
            "6825f4ca0b611251854608a5",
            "6825f4ca0b611251854608a4",
            "6825f4ca0b611251854608a3",
            "6825f4c90b6112518546089b",
            "6825f4c90b6112518546089a",
            "6825f4c90b6112518546089d",
            "6825f4c90b6112518546089c",
            "6825f4c90b6112518546089f",
            "6825f4c90b6112518546089e",
            "6825f4c90b611251854608a0",
            "6825f4c90b611251854608a2",
            "6825f4c90b611251854608a1",
            "6825f4c80b61125185460899",
            "6825f4c80b61125185460898"
          ]
        },
        {
          "title": "Xanh Blue",
          "slug": "xanh-blue",
          "label": "",
          "images": [
            "6825f4cb0b611251854608ac",
            "6825f4ca0b611251854608a9",
            "6825f4ca0b611251854608a8",
            "6825f4cb0b611251854608ae",
            "6825f4cb0b611251854608ad",
            "6825f4cb0b611251854608af",
            "6825f4cb0b611251854608b4",
            "6825f4cb0b611251854608b3",
            "6825f4cb0b611251854608b0",
            "6825f4cb0b611251854608b2",
            "6825f4cb0b611251854608b1",
            "6825f4cc0b611251854608b6",
            "6825f4ca0b611251854608ab",
            "6825f4cc0b611251854608b5",
            "6825f4ca0b611251854608aa"
          ]
        }
      ]
    }
  ],
  "images": [
    "6825f4c60b61125185460884",
    "6825f4c60b61125185460883",
    "6825f4c60b61125185460882",
    "6825f4c60b61125185460885",
    "6825f4c70b61125185460887",
    "6825f4c70b61125185460886"
  ],
  "available": true,
  "collection_id": "6825e9688eaaa408c6aaf617",
  "display_order": 5,
  "youtube_video": "https://media3.coolmate.me/uploads/videos/nguoi-mau-cach-gap-ao-khoac-the-thao-windbreaker.mp4",
  "coming_soon": false,
  "display_name_open": "Trượt nước và Siêu nhẹ",
  "gender_type": "MALE",
  "all_image_contains": [
    "6825f4c60b61125185460884",
    "6825f4c60b61125185460883",
    "6825f4c60b61125185460882",
    "6825f4c60b61125185460885",
    "6825f4c70b61125185460887",
    "6825f4c70b61125185460886",
    "6825f4c70b61125185460889",
    "6825f4c70b61125185460888",
    "6825f4c80b61125185460897",
    "6825f4c80b61125185460896",
    "6825f4c80b61125185460895",
    "6825f4c80b61125185460894",
    "6825f4c80b61125185460893",
    "6825f4c80b61125185460892",
    "6825f4c80b61125185460891",
    "6825f4c80b61125185460890",
    "6825f4c70b6112518546088e",
    "6825f4c70b6112518546088d",
    "6825f4c70b6112518546088f",
    "6825f4c70b6112518546088a",
    "6825f4c70b6112518546088c",
    "6825f4c70b6112518546088b",
    "6825f4ca0b611251854608a7",
    "6825f4ca0b611251854608a6",
    "6825f4ca0b611251854608a5",
    "6825f4ca0b611251854608a4",
    "6825f4ca0b611251854608a3",
    "6825f4c90b6112518546089b",
    "6825f4c90b6112518546089a",
    "6825f4c90b6112518546089d",
    "6825f4c90b6112518546089c",
    "6825f4c90b6112518546089f",
    "6825f4c90b6112518546089e",
    "6825f4c90b611251854608a0",
    "6825f4c90b611251854608a2",
    "6825f4c90b611251854608a1",
    "6825f4c80b61125185460899",
    "6825f4c80b61125185460898",
    "6825f4cb0b611251854608ac",
    "6825f4ca0b611251854608a9",
    "6825f4ca0b611251854608a8",
    "6825f4cb0b611251854608ae",
    "6825f4cb0b611251854608ad",
    "6825f4cb0b611251854608af",
    "6825f4cb0b611251854608b4",
    "6825f4cb0b611251854608b3",
    "6825f4cb0b611251854608b0",
    "6825f4cb0b611251854608b2",
    "6825f4cb0b611251854608b1",
    "6825f4cc0b611251854608b6",
    "6825f4ca0b611251854608ab",
    "6825f4cc0b611251854608b5",
    "6825f4ca0b611251854608aa"
  ],
  "is_lock": false,
  "createBy": "kiminonawa1305@gmail.com",
  "createAt": {
    "$date": "2025-05-15T14:06:09.692Z"
  },
  "updateBy": "kiminonawa1305@gmail.com",
  "updateAt": {
    "$date": "2025-05-15T14:06:09.692Z"
  },
  "_class": "com.lamnguyen.product_service.model.Product"
},
{
  "_id": "6825f4d4213ef202c0fd1ee7",
  "title": "Áo Khoác Nam gió Thể Thao phối màu",
  "seo_alias": "ao-khoac-nam-gio-the-thao-phoi-mau",
  "vendor": "5c482438000c695cfa6f8d22",
  "tags": [],
  "options": [
    {
      "type": "COLOR",
      "title": "Màu sắc",
      "values": [
        "Rêu phối đen"
      ]
    },
    {
      "type": "SIZE",
      "title": "Kích thước",
      "values": [
        "M",
        "L",
        "XL",
        "2XL",
        "3XL"
      ]
    }
  ],
  "options_values": [
    {
      "title": "Màu sắc",
      "type": "COLOR",
      "options": [
        {
          "title": "Rêu phối đen",
          "slug": "reu-phoi-den",
          "label": "",
          "images": [
            "6825f4d30b611251854608c3",
            "6825f4d30b611251854608c2",
            "6825f4d30b611251854608c1",
            "6825f4d30b611251854608c0",
            "6825f4d20b611251854608be",
            "6825f4d20b611251854608bd",
            "6825f4d20b611251854608bf",
            "6825f4d20b611251854608bc"
          ]
        }
      ]
    }
  ],
  "images": [
    "6825f4d10b611251854608b7",
    "6825f4d10b611251854608b8",
    "6825f4d20b611251854608b9",
    "6825f4d20b611251854608ba",
    "6825f4d20b611251854608bb"
  ],
  "available": true,
  "collection_id": "6825e9688eaaa408c6aaf617",
  "display_order": 55,
  "youtube_video": "https://mcdn.coolmate.me/uploads/videos/24_outfit1.mp4",
  "coming_soon": false,
  "display_name_open": "Chống UV 99%",
  "gender_type": "MALE",
  "all_image_contains": [
    "6825f4d10b611251854608b7",
    "6825f4d10b611251854608b8",
    "6825f4d20b611251854608b9",
    "6825f4d20b611251854608ba",
    "6825f4d20b611251854608bb",
    "6825f4d30b611251854608c3",
    "6825f4d30b611251854608c2",
    "6825f4d30b611251854608c1",
    "6825f4d30b611251854608c0",
    "6825f4d20b611251854608be",
    "6825f4d20b611251854608bd",
    "6825f4d20b611251854608bf",
    "6825f4d20b611251854608bc"
  ],
  "is_lock": false,
  "createBy": "kiminonawa1305@gmail.com",
  "createAt": {
    "$date": "2025-05-15T14:06:12.667Z"
  },
  "updateBy": "kiminonawa1305@gmail.com",
  "updateAt": {
    "$date": "2025-05-15T14:06:12.667Z"
  },
  "_class": "com.lamnguyen.product_service.model.Product"
},
{
  "_id": "6825f4d8213ef202c0fd1ee8",
  "title": "Áo Khoác Knit Đa Năng Chống UV",
  "seo_alias": "ao-khoac-knit-da-nang-chong-uv",
  "vendor": "5c482438000c695cfa6f8d22",
  "tags": [],
  "options": [
    {
      "type": "COLOR",
      "title": "Màu sắc",
      "values": [
        "Xám",
        "Đen"
      ]
    },
    {
      "type": "SIZE",
      "title": "Kích thước",
      "values": [
        "M",
        "L",
        "XL",
        "2XL",
        "3XL"
      ]
    }
  ],
  "options_values": [
    {
      "title": "Màu sắc",
      "type": "COLOR",
      "options": [
        {
          "title": "Xám",
          "slug": "xam",
          "label": "",
          "images": [
            "6825f4d50b611251854608c9",
            "6825f4d50b611251854608c8",
            "6825f4d50b611251854608cf",
            "6825f4d50b611251854608ca",
            "6825f4d50b611251854608ce",
            "6825f4d50b611251854608cd",
            "6825f4d50b611251854608cc",
            "6825f4d50b611251854608cb"
          ]
        },
        {
          "title": "Đen",
          "slug": "den",
          "label": "",
          "images": [
            "6825f4d60b611251854608d3",
            "6825f4d60b611251854608d2",
            "6825f4d60b611251854608d5",
            "6825f4d60b611251854608d4",
            "6825f4d60b611251854608d1",
            "6825f4d70b611251854608d6",
            "6825f4d60b611251854608d0"
          ]
        }
      ]
    }
  ],
  "images": [
    "6825f4d50b611251854608c7",
    "6825f4d40b611251854608c4",
    "6825f4d40b611251854608c6",
    "6825f4d40b611251854608c5"
  ],
  "available": true,
  "collection_id": "6825e9688eaaa408c6aaf617",
  "display_order": 360,
  "youtube_video": "",
  "coming_soon": false,
  "display_name_open": "Thoáng mát - UPF50+ ",
  "gender_type": "MALE",
  "all_image_contains": [
    "6825f4d50b611251854608c7",
    "6825f4d40b611251854608c4",
    "6825f4d40b611251854608c6",
    "6825f4d40b611251854608c5",
    "6825f4d50b611251854608c9",
    "6825f4d50b611251854608c8",
    "6825f4d50b611251854608cf",
    "6825f4d50b611251854608ca",
    "6825f4d50b611251854608ce",
    "6825f4d50b611251854608cd",
    "6825f4d50b611251854608cc",
    "6825f4d50b611251854608cb",
    "6825f4d60b611251854608d3",
    "6825f4d60b611251854608d2",
    "6825f4d60b611251854608d5",
    "6825f4d60b611251854608d4",
    "6825f4d60b611251854608d1",
    "6825f4d70b611251854608d6",
    "6825f4d60b611251854608d0"
  ],
  "is_lock": false,
  "createBy": "kiminonawa1305@gmail.com",
  "createAt": {
    "$date": "2025-05-15T14:06:16.944Z"
  },
  "updateBy": "kiminonawa1305@gmail.com",
  "updateAt": {
    "$date": "2025-05-15T14:06:16.944Z"
  },
  "_class": "com.lamnguyen.product_service.model.Product"
},
{
  "_id": "6825f4e1213ef202c0fd1ee9",
  "title": "Áo Khoác Nam có mũ Daily Wear",
  "seo_alias": "ao-khoac-nam-co-mu-daily-wear",
  "vendor": "5c482438000c695cfa6f8d22",
  "tags": [
    "BEST_SELLER"
  ],
  "options": [
    {
      "type": "COLOR",
      "title": "Màu sắc",
      "values": [
        "Trắng",
        "Đen",
        "Xám",
        "Xanh Navy"
      ]
    },
    {
      "type": "SIZE",
      "title": "Kích thước",
      "values": [
        "S",
        "M",
        "L",
        "XL",
        "2XL",
        "3XL"
      ]
    }
  ],
  "options_values": [
    {
      "title": "Màu sắc",
      "type": "COLOR",
      "options": [
        {
          "title": "Trắng",
          "slug": "trang",
          "label": "",
          "images": [
            "6825f4da0b611251854608e1",
            "6825f4da0b611251854608e0",
            "6825f4da0b611251854608e3",
            "6825f4da0b611251854608e2",
            "6825f4db0b611251854608e7",
            "6825f4db0b611251854608e6",
            "6825f4da0b611251854608e5",
            "6825f4da0b611251854608e4",
            "6825f4da0b611251854608df"
          ]
        },
        {
          "title": "Đen",
          "slug": "den",
          "label": "",
          "images": [
            "6825f4db0b611251854608e9",
            "6825f4db0b611251854608e8",
            "6825f4db0b611251854608ed",
            "6825f4db0b611251854608ec",
            "6825f4db0b611251854608eb",
            "6825f4db0b611251854608ea"
          ]
        },
        {
          "title": "Xám",
          "slug": "xam",
          "label": "",
          "images": [
            "6825f4dc0b611251854608f4",
            "6825f4dc0b611251854608f3",
            "6825f4db0b611251854608ef",
            "6825f4db0b611251854608ee",
            "6825f4dc0b611251854608f0",
            "6825f4dc0b611251854608f2",
            "6825f4dc0b611251854608f1"
          ]
        },
        {
          "title": "Xanh Navy",
          "slug": "xanh-navy",
          "label": "",
          "images": [
            "6825f4dc0b611251854608f5",
            "6825f4dd0b611251854608fa",
            "6825f4dd0b611251854608f9",
            "6825f4dd0b611251854608f8",
            "6825f4dd0b611251854608f7",
            "6825f4dd0b611251854608f6"
          ]
        }
      ]
    }
  ],
  "images": [
    "6825f4d90b611251854608da",
    "6825f4d90b611251854608db",
    "6825f4d90b611251854608dc",
    "6825f4d90b611251854608dd",
    "6825f4d90b611251854608d9",
    "6825f4d90b611251854608d7",
    "6825f4d90b611251854608d8",
    "6825f4da0b611251854608de"
  ],
  "available": true,
  "collection_id": "6825e9688eaaa408c6aaf617",
  "display_order": 269,
  "youtube_video": "",
  "coming_soon": false,
  "display_name_open": "Chống UV 99%",
  "gender_type": "MALE",
  "all_image_contains": [
    "6825f4d90b611251854608da",
    "6825f4d90b611251854608db",
    "6825f4d90b611251854608dc",
    "6825f4d90b611251854608dd",
    "6825f4d90b611251854608d9",
    "6825f4d90b611251854608d7",
    "6825f4d90b611251854608d8",
    "6825f4da0b611251854608de",
    "6825f4da0b611251854608e1",
    "6825f4da0b611251854608e0",
    "6825f4da0b611251854608e3",
    "6825f4da0b611251854608e2",
    "6825f4db0b611251854608e7",
    "6825f4db0b611251854608e6",
    "6825f4da0b611251854608e5",
    "6825f4da0b611251854608e4",
    "6825f4da0b611251854608df",
    "6825f4db0b611251854608e9",
    "6825f4db0b611251854608e8",
    "6825f4db0b611251854608ed",
    "6825f4db0b611251854608ec",
    "6825f4db0b611251854608eb",
    "6825f4db0b611251854608ea",
    "6825f4dc0b611251854608f4",
    "6825f4dc0b611251854608f3",
    "6825f4db0b611251854608ef",
    "6825f4db0b611251854608ee",
    "6825f4dc0b611251854608f0",
    "6825f4dc0b611251854608f2",
    "6825f4dc0b611251854608f1",
    "6825f4dc0b611251854608f5",
    "6825f4dd0b611251854608fa",
    "6825f4dd0b611251854608f9",
    "6825f4dd0b611251854608f8",
    "6825f4dd0b611251854608f7",
    "6825f4dd0b611251854608f6"
  ],
  "is_lock": false,
  "createBy": "kiminonawa1305@gmail.com",
  "createAt": {
    "$date": "2025-05-15T14:06:25.064Z"
  },
  "updateBy": "kiminonawa1305@gmail.com",
  "updateAt": {
    "$date": "2025-05-15T14:06:25.064Z"
  },
  "_class": "com.lamnguyen.product_service.model.Product"
}]