[{
  "_id": "68260d6a213ef202c0fd2081",
  "title": "Combo 2 Quần Lót Nam Boxer Brief Lenzing Modal",
  "seo_alias": "combo-2-quan-lot-nam-boxer-brief-lenzing-modal",
  "vendor": "",
  "tags": [],
  "options": [
    {
      "type": "COLOR",
      "title": "Màu sắc",
      "values": [
        "Mix màu",
        "Đen",
        "Xanh titan"
      ]
    },
    {
      "type": "SIZE",
      "title": "Kích thước",
      "values": [
        "M",
        "L",
        "XL",
        "2XL",
        "3XL"
      ]
    }
  ],
  "options_values": [
    {
      "title": "Màu sắc",
      "type": "COLOR",
      "options": [
        {
          "title": "Mix màu",
          "slug": "mix-mau",
          "label": "",
          "images": [
            "68260d640b611251854637c5",
            "68260d640b611251854637ca",
            "68260d640b611251854637c6",
            "68260d640b611251854637c7",
            "68260d630b611251854637c3",
            "68260d640b611251854637c8",
            "68260d630b611251854637c4",
            "68260d640b611251854637c9"
          ]
        },
        {
          "title": "Đen",
          "slug": "den",
          "label": "",
          "images": [
            "68260d650b611251854637ce",
            "68260d650b611251854637cf",
            "68260d650b611251854637cc",
            "68260d650b611251854637cd",
            "68260d650b611251854637cb",
            "68260d650b611251854637d0",
            "68260d650b611251854637d1",
            "68260d660b611251854637d2"
          ]
        },
        {
          "title": "Xanh titan",
          "slug": "xanh-titan",
          "label": "",
          "images": [
            "68260d660b611251854637d5",
            "68260d660b611251854637d6",
            "68260d660b611251854637d7",
            "68260d660b611251854637d8",
            "68260d660b611251854637d9",
            "68260d660b611251854637d3",
            "68260d660b611251854637d4"
          ]
        }
      ]
    }
  ],
  "images": [
    "68260d620b611251854637ba",
    "68260d630b611251854637bf",
    "68260d620b611251854637bb",
    "68260d620b611251854637bc",
    "68260d620b611251854637bd",
    "68260d630b611251854637c1",
    "68260d630b611251854637c2",
    "68260d620b611251854637b9",
    "68260d630b611251854637c0",
    "68260d630b611251854637be",
    "68260d610b611251854637b8"
  ],
  "available": true,
  "collection_id": "6825ea128eaaa408c6aaf628",
  "display_order": 411,
  "youtube_video": "",
  "coming_soon": false,
  "display_name_open": "Kháng khuẩn - Thấm Hút - Mát tự nhiên",
  "gender_type": "MALE",
  "all_image_contains": [
    "68260d620b611251854637ba",
    "68260d630b611251854637bf",
    "68260d620b611251854637bb",
    "68260d620b611251854637bc",
    "68260d620b611251854637bd",
    "68260d630b611251854637c1",
    "68260d630b611251854637c2",
    "68260d620b611251854637b9",
    "68260d630b611251854637c0",
    "68260d630b611251854637be",
    "68260d610b611251854637b8",
    "68260d640b611251854637c5",
    "68260d640b611251854637ca",
    "68260d640b611251854637c6",
    "68260d640b611251854637c7",
    "68260d630b611251854637c3",
    "68260d640b611251854637c8",
    "68260d630b611251854637c4",
    "68260d640b611251854637c9",
    "68260d650b611251854637ce",
    "68260d650b611251854637cf",
    "68260d650b611251854637cc",
    "68260d650b611251854637cd",
    "68260d650b611251854637cb",
    "68260d650b611251854637d0",
    "68260d650b611251854637d1",
    "68260d660b611251854637d2",
    "68260d660b611251854637d5",
    "68260d660b611251854637d6",
    "68260d660b611251854637d7",
    "68260d660b611251854637d8",
    "68260d660b611251854637d9",
    "68260d660b611251854637d3",
    "68260d660b611251854637d4"
  ],
  "is_lock": false,
  "createBy": "kiminonawa1305@gmail.com",
  "createAt": {
    "$date": "2025-05-15T15:51:06.520Z"
  },
  "updateBy": "kiminonawa1305@gmail.com",
  "updateAt": {
    "$date": "2025-05-15T15:51:06.520Z"
  },
  "_class": "com.lamnguyen.product_service.model.Product"
},
{
  "_id": "68260d6c213ef202c0fd2082",
  "title": "Combo 3 Quần Lót Nam Brief Boxer Modal V2",
  "seo_alias": "combo-3-quan-lot-nam-brief-boxer-modal-v2",
  "vendor": "5c482438000c695cfa6f8d22",
  "tags": [],
  "options": [
    {
      "type": "COLOR",
      "title": "Màu sắc",
      "values": [
        "Xanh Navy"
      ]
    },
    {
      "type": "SIZE",
      "title": "Kích thước",
      "values": [
        "M",
        "L",
        "XL",
        "2XL",
        "3XL"
      ]
    }
  ],
  "options_values": [
    {
      "title": "Màu sắc",
      "type": "COLOR",
      "options": [
        {
          "title": "Xanh Navy",
          "slug": "xanh-navy",
          "label": "",
          "images": [
            "68260d6b0b611251854637e0",
            "68260d6b0b611251854637e1",
            "68260d6b0b611251854637e4",
            "68260d6b0b611251854637e2",
            "68260d6b0b611251854637e3",
            "68260d6b0b611251854637de",
            "68260d6b0b611251854637df"
          ]
        }
      ]
    }
  ],
  "images": [
    "68260d6a0b611251854637db",
    "68260d6a0b611251854637dc",
    "68260d6a0b611251854637dd",
    "68260d6a0b611251854637da"
  ],
  "available": true,
  "collection_id": "6825ea128eaaa408c6aaf628",
  "display_order": 232,
  "youtube_video": "",
  "coming_soon": false,
  "display_name_open": "Mềm mịn",
  "gender_type": "MALE",
  "all_image_contains": [
    "68260d6a0b611251854637db",
    "68260d6a0b611251854637dc",
    "68260d6a0b611251854637dd",
    "68260d6a0b611251854637da",
    "68260d6b0b611251854637e0",
    "68260d6b0b611251854637e1",
    "68260d6b0b611251854637e4",
    "68260d6b0b611251854637e2",
    "68260d6b0b611251854637e3",
    "68260d6b0b611251854637de",
    "68260d6b0b611251854637df"
  ],
  "is_lock": false,
  "createBy": "kiminonawa1305@gmail.com",
  "createAt": {
    "$date": "2025-05-15T15:51:08.765Z"
  },
  "updateBy": "kiminonawa1305@gmail.com",
  "updateAt": {
    "$date": "2025-05-15T15:51:08.765Z"
  },
  "_class": "com.lamnguyen.product_service.model.Product"
},
{
  "_id": "68260d71213ef202c0fd2083",
  "title": "Combo 2 Boxer Brief Thể thao",
  "seo_alias": "combo-2-boxer-brief-the-thao",
  "vendor": "5c482438000c695cfa6f8d22",
  "tags": [],
  "options": [
    {
      "type": "COLOR",
      "title": "Màu sắc",
      "values": [
        "Xám",
        "Xanh Navy"
      ]
    },
    {
      "type": "SIZE",
      "title": "Kích thước Quần",
      "values": [
        "M",
        "L",
        "XL",
        "2XL",
        "3XL"
      ]
    }
  ],
  "options_values": [
    {
      "title": "Màu sắc",
      "type": "COLOR",
      "options": [
        {
          "title": "Xám",
          "slug": "xam",
          "label": "",
          "images": [
            "68260d6d0b611251854637f0",
            "68260d6e0b611251854637f2",
            "68260d6d0b611251854637ef",
            "68260d6d0b611251854637ed",
            "68260d6d0b611251854637ee",
            "68260d6d0b611251854637eb",
            "68260d6d0b611251854637ec",
            "68260d6d0b611251854637f1",
            "68260d6d0b611251854637ea"
          ]
        },
        {
          "title": "Xanh Navy",
          "slug": "xanh-navy",
          "label": "",
          "images": [
            "68260d6e0b611251854637f7",
            "68260d6e0b611251854637f6",
            "68260d6e0b611251854637f5",
            "68260d6e0b611251854637f4",
            "68260d6e0b611251854637f3",
            "68260d6f0b611251854637f9",
            "68260d6e0b611251854637f8"
          ]
        }
      ]
    }
  ],
  "images": [
    "68260d6c0b611251854637e5",
    "68260d6c0b611251854637e6",
    "68260d6d0b611251854637e8",
    "68260d6d0b611251854637e9",
    "68260d6d0b611251854637e7"
  ],
  "available": true,
  "collection_id": "6825ea128eaaa408c6aaf628",
  "display_order": 307,
  "youtube_video": "",
  "coming_soon": false,
  "display_name_open": "Ex-Dry Microfiber",
  "gender_type": "MALE",
  "all_image_contains": [
    "68260d6c0b611251854637e5",
    "68260d6c0b611251854637e6",
    "68260d6d0b611251854637e8",
    "68260d6d0b611251854637e9",
    "68260d6d0b611251854637e7",
    "68260d6d0b611251854637f0",
    "68260d6e0b611251854637f2",
    "68260d6d0b611251854637ef",
    "68260d6d0b611251854637ed",
    "68260d6d0b611251854637ee",
    "68260d6d0b611251854637eb",
    "68260d6d0b611251854637ec",
    "68260d6d0b611251854637f1",
    "68260d6d0b611251854637ea",
    "68260d6e0b611251854637f7",
    "68260d6e0b611251854637f6",
    "68260d6e0b611251854637f5",
    "68260d6e0b611251854637f4",
    "68260d6e0b611251854637f3",
    "68260d6f0b611251854637f9",
    "68260d6e0b611251854637f8"
  ],
  "is_lock": false,
  "createBy": "kiminonawa1305@gmail.com",
  "createAt": {
    "$date": "2025-05-15T15:51:13.671Z"
  },
  "updateBy": "kiminonawa1305@gmail.com",
  "updateAt": {
    "$date": "2025-05-15T15:51:13.671Z"
  },
  "_class": "com.lamnguyen.product_service.model.Product"
},
{
  "_id": "68260d77213ef202c0fd2084",
  "title": "Combo 3 Quần Lót Nam Boxer Brief Bamboo",
  "seo_alias": "combo-3-quan-lot-nam-boxer-brief-bamboo",
  "vendor": "5c482438000c695cfa6f8d22",
  "tags": [],
  "options": [
    {
      "type": "COLOR",
      "title": "Màu sắc",
      "values": [
        "Đen",
        "Trắng",
        "Xanh Navy"
      ]
    },
    {
      "type": "SIZE",
      "title": "Kích thước Quần",
      "values": [
        "M",
        "L",
        "XL",
        "2XL",
        "3XL",
        "4XL"
      ]
    }
  ],
  "options_values": [
    {
      "title": "Màu sắc",
      "type": "COLOR",
      "options": [
        {
          "title": "Đen",
          "slug": "den",
          "label": "",
          "images": [
            "68260d720b611251854637ff",
            "68260d720b61125185463800",
            "68260d720b611251854637fd",
            "68260d720b611251854637fe",
            "68260d720b61125185463803",
            "68260d720b61125185463801",
            "68260d720b61125185463802"
          ]
        },
        {
          "title": "Trắng",
          "slug": "trang",
          "label": "",
          "images": [
            "68260d730b61125185463808",
            "68260d730b61125185463809",
            "68260d730b61125185463804",
            "68260d730b61125185463805",
            "68260d730b61125185463806",
            "68260d730b61125185463807",
            "68260d730b6112518546380a"
          ]
        },
        {
          "title": "Xanh Navy",
          "slug": "xanh-navy",
          "label": "",
          "images": [
            "68260d740b61125185463810",
            "68260d740b61125185463811",
            "68260d730b6112518546380b",
            "68260d730b6112518546380c",
            "68260d740b6112518546380e",
            "68260d740b6112518546380f",
            "68260d740b6112518546380d"
          ]
        }
      ]
    }
  ],
  "images": [
    "68260d710b611251854637fa",
    "68260d710b611251854637fb",
    "68260d720b611251854637fc"
  ],
  "available": true,
  "collection_id": "6825ea128eaaa408c6aaf628",
  "display_order": 370,
  "youtube_video": "",
  "coming_soon": false,
  "display_name_open": "Kháng khuẩn",
  "gender_type": "MALE",
  "all_image_contains": [
    "68260d710b611251854637fa",
    "68260d710b611251854637fb",
    "68260d720b611251854637fc",
    "68260d720b611251854637ff",
    "68260d720b61125185463800",
    "68260d720b611251854637fd",
    "68260d720b611251854637fe",
    "68260d720b61125185463803",
    "68260d720b61125185463801",
    "68260d720b61125185463802",
    "68260d730b61125185463808",
    "68260d730b61125185463809",
    "68260d730b61125185463804",
    "68260d730b61125185463805",
    "68260d730b61125185463806",
    "68260d730b61125185463807",
    "68260d730b6112518546380a",
    "68260d740b61125185463810",
    "68260d740b61125185463811",
    "68260d730b6112518546380b",
    "68260d730b6112518546380c",
    "68260d740b6112518546380e",
    "68260d740b6112518546380f",
    "68260d740b6112518546380d"
  ],
  "is_lock": false,
  "createBy": "kiminonawa1305@gmail.com",
  "createAt": {
    "$date": "2025-05-15T15:51:19.114Z"
  },
  "updateBy": "kiminonawa1305@gmail.com",
  "updateAt": {
    "$date": "2025-05-15T15:51:19.114Z"
  },
  "_class": "com.lamnguyen.product_service.model.Product"
},
{
  "_id": "68260d7d213ef202c0fd2085",
  "title": "Quần Lót Nam chạy bộ Fast & Free",
  "seo_alias": "quan-lot-nam-chay-bo-fast-&-free",
  "vendor": "5c482438000c695cfa6f8d22",
  "tags": [],
  "options": [
    {
      "type": "COLOR",
      "title": "Màu sắc",
      "values": [
        "Đen",
        "Xanh Navy",
        "Xám đậm"
      ]
    },
    {
      "type": "SIZE",
      "title": "Kích thước Quần",
      "values": [
        "M",
        "L",
        "XL",
        "2XL",
        "3XL"
      ]
    }
  ],
  "options_values": [
    {
      "title": "Màu sắc",
      "type": "COLOR",
      "options": [
        {
          "title": "Đen",
          "slug": "den",
          "label": "",
          "images": [
            "68260d780b6112518546381e",
            "68260d780b6112518546381d",
            "68260d770b61125185463819",
            "68260d780b6112518546381f",
            "68260d780b6112518546381a",
            "68260d780b6112518546381c",
            "68260d780b6112518546381b",
            "68260d770b61125185463818"
          ]
        },
        {
          "title": "Xanh Navy",
          "slug": "xanh-navy",
          "label": "",
          "images": [
            "68260d780b61125185463821",
            "68260d790b61125185463827",
            "68260d790b61125185463826",
            "68260d780b61125185463820",
            "68260d790b61125185463825",
            "68260d790b61125185463824",
            "68260d790b61125185463823",
            "68260d790b61125185463822"
          ]
        },
        {
          "title": "Xám đậm",
          "slug": "xam-dam",
          "label": "",
          "images": [
            "68260d7a0b6112518546382b",
            "68260d7a0b6112518546382c",
            "68260d790b61125185463829",
            "68260d7a0b6112518546382d",
            "68260d790b61125185463828",
            "68260d7a0b6112518546382e",
            "68260d790b6112518546382a"
          ]
        }
      ]
    }
  ],
  "images": [
    "68260d770b61125185463814",
    "68260d770b61125185463813",
    "68260d770b61125185463812",
    "68260d770b61125185463817",
    "68260d770b61125185463816",
    "68260d770b61125185463815"
  ],
  "available": true,
  "collection_id": "6825ea128eaaa408c6aaf628",
  "display_order": 378,
  "youtube_video": "",
  "coming_soon": false,
  "display_name_open": "Nhanh khô",
  "gender_type": "MALE",
  "all_image_contains": [
    "68260d770b61125185463814",
    "68260d770b61125185463813",
    "68260d770b61125185463812",
    "68260d770b61125185463817",
    "68260d770b61125185463816",
    "68260d770b61125185463815",
    "68260d780b6112518546381e",
    "68260d780b6112518546381d",
    "68260d770b61125185463819",
    "68260d780b6112518546381f",
    "68260d780b6112518546381a",
    "68260d780b6112518546381c",
    "68260d780b6112518546381b",
    "68260d770b61125185463818",
    "68260d780b61125185463821",
    "68260d790b61125185463827",
    "68260d790b61125185463826",
    "68260d780b61125185463820",
    "68260d790b61125185463825",
    "68260d790b61125185463824",
    "68260d790b61125185463823",
    "68260d790b61125185463822",
    "68260d7a0b6112518546382b",
    "68260d7a0b6112518546382c",
    "68260d790b61125185463829",
    "68260d7a0b6112518546382d",
    "68260d790b61125185463828",
    "68260d7a0b6112518546382e",
    "68260d790b6112518546382a"
  ],
  "is_lock": false,
  "createBy": "kiminonawa1305@gmail.com",
  "createAt": {
    "$date": "2025-05-15T15:51:25.355Z"
  },
  "updateBy": "kiminonawa1305@gmail.com",
  "updateAt": {
    "$date": "2025-05-15T15:51:25.355Z"
  },
  "_class": "com.lamnguyen.product_service.model.Product"
}]