{
  "title" : "Set Đồ Bóng Đá Cổ Tròn CFA24",
  "vendor" : "",
  "tags" : [ "SAVING_PACKS" ],
  "options" : [ {
    "type" : "SIZE",
    "title" : "Kích thước Áo",
    "values" : [ "S", "M", "L", "XL", "2XL", "3XL" ]
  }, {
    "type" : "SIZE",
    "title" : "Kích thước Quần",
    "values" : [ "M", "L", "XL", "2XL", "3XL" ]
  } ],
  "images" : [ "6826040b0b61125185462b5c", "6826040b0b61125185462b5d", "6826040b0b61125185462b5e", "6826040b0b61125185462b5f", "6826040b0b61125185462b60", "6826040c0b61125185462b61" ],
  "discount" : null,
  "seo_alias" : "set-do-bong-da-co-tron-cfa24",
  "options_values" : [ ],
  "collection_id" : "6825e9d68eaaa408c6aaf621",
  "display_order" : 246,
  "youtube_video" : "",
  "coming_soon" : false,
  "display_name_open" : "Thấm hút ExDry",
  "gender_type" : "MALE",
  "icon_thumbnail" : null,
  "compare_price" : 507000.0,
  "regular_price" : 379000.0
}