{
  "title" : " Tất Nam chạy bộ Active Cổ Ngắn",
  "vendor" : "5c482438000c695cfa6f8d22",
  "tags" : [ ],
  "options" : [ {
    "type" : "COLOR",
    "title" : "Màu sắc",
    "values" : [ "Cam", "Đen phối xanh lá", "Xám phối xanh", "Xanh Navy" ]
  }, {
    "type" : "SIZE",
    "title" : "Kích thước",
    "values" : [ "39-42", "43-46" ]
  } ],
  "images" : [ "681fded51f583b08bcb3fc0c", "681fded51f583b08bcb3fc0d", "681fded51f583b08bcb3fc0e", "681fded61f583b08bcb3fc0f", "681fded61f583b08bcb3fc10", "681fded61f583b08bcb3fc11" ],
  "discount" : null,
  "seo_alias" : "tat-chay-bo-co-ngan-active",
  "options_values" : [ {
    "title" : "Màu sắc",
    "type" : "COLOR",
    "options" : [ {
      "title" : "Cam",
      "slug" : "cam",
      "label" : "",
      "images" : [ "681fded61f583b08bcb3fc12", "681fded61f583b08bcb3fc13", "681fded61f583b08bcb3fc14", "681fded61f583b08bcb3fc15", "681fded61f583b08bcb3fc16", "681fded71f583b08bcb3fc17" ]
    }, {
      "title" : "Đen phối xanh lá",
      "slug" : "den-phoi-xanh-la",
      "label" : "",
      "images" : [ "681fded71f583b08bcb3fc18", "681fded71f583b08bcb3fc19", "681fded71f583b08bcb3fc1a", "681fded71f583b08bcb3fc1b", "681fded71f583b08bcb3fc1c", "681fded71f583b08bcb3fc1d" ]
    }, {
      "title" : "Xám phối xanh",
      "slug" : "xam-phoi-xanh",
      "label" : "",
      "images" : [ "681fded71f583b08bcb3fc1e", "681fded81f583b08bcb3fc1f", "681fded81f583b08bcb3fc20", "681fded81f583b08bcb3fc21", "681fded81f583b08bcb3fc22", "681fded81f583b08bcb3fc23" ]
    }, {
      "title" : "Xanh Navy",
      "slug" : "xanh-navy",
      "label" : "",
      "images" : [ "681fded81f583b08bcb3fc24", "681fded81f583b08bcb3fc25", "681fded81f583b08bcb3fc26", "681fded81f583b08bcb3fc27", "681fded91f583b08bcb3fc28", "681fded91f583b08bcb3fc29" ]
    } ]
  } ],
  "collection_id" : "681ca21a2a59db3110ec0b91",
  "display_order" : 1,
  "youtube_video" : "",
  "coming_soon" : false,
  "display_name_open" : "Thoáng khí",
  "gender_type" : "MALE",
  "icon_thumbnail" : null,
  "compare_price" : 60000.0,
  "regular_price" : 49000.0
}