{
  "title" : " Wristband thể thao",
  "vendor" : "5c482438000c695cfa6f8d22",
  "tags" : [ ],
  "options" : [ {
    "type" : "COLOR",
    "title" : "Màu sắc",
    "values" : [ "Trắng", "Đen", "Xanh Navy" ]
  } ],
  "images" : [ "681fdf4e1f583b08bcb3fe39", "681fdf4e1f583b08bcb3fe3a", "681fdf4e1f583b08bcb3fe3b", "681fdf4f1f583b08bcb3fe3c", "681fdf4f1f583b08bcb3fe3d" ],
  "discount" : null,
  "seo_alias" : "wristband-the-thao",
  "options_values" : [ {
    "title" : "Màu sắc",
    "type" : "COLOR",
    "options" : [ {
      "title" : "Trắng",
      "slug" : "trang",
      "label" : "",
      "images" : [ "681fdf4f1f583b08bcb3fe3e", "681fdf4f1f583b08bcb3fe3f", "681fdf4f1f583b08bcb3fe40", "681fdf4f1f583b08bcb3fe41", "681fdf4f1f583b08bcb3fe42" ]
    }, {
      "title" : "Đen",
      "slug" : "den",
      "label" : "",
      "images" : [ "681fdf501f583b08bcb3fe43", "681fdf501f583b08bcb3fe44", "681fdf501f583b08bcb3fe45", "681fdf501f583b08bcb3fe46", "681fdf501f583b08bcb3fe47" ]
    }, {
      "title" : "Xanh Navy",
      "slug" : "xanh-navy",
      "label" : "",
      "images" : [ "681fdf501f583b08bcb3fe48", "681fdf501f583b08bcb3fe49", "681fdf501f583b08bcb3fe4a", "681fdf501f583b08bcb3fe4b", "681fdf511f583b08bcb3fe4c" ]
    } ]
  } ],
  "collection_id" : "681ca21a2a59db3110ec0b91",
  "display_order" : 421,
  "youtube_video" : "",
  "coming_soon" : false,
  "display_name_open" : " Thấm hút - Mềm mại",
  "gender_type" : "MALE",
  "icon_thumbnail" : null,
  "compare_price" : 59000.0,
  "regular_price" : 59000.0
}