{
  "title" : "Combo 2 đôi Tất cổ trung Cotton Ribbed Coolmate",
  "vendor" : "5c482438000c695cfa6f8d22",
  "tags" : [ ],
  "options" : [ {
    "type" : "COLOR",
    "title" : "Màu sắc",
    "values" : [ "Trắng", "Xám Melange", "Xanh Navy", "Đen" ]
  } ],
  "images" : [ "682602f70b61125185462904", "682602f70b61125185462905", "682602f70b61125185462906", "682602f70b61125185462907", "682602f70b61125185462908", "682602f70b61125185462909", "682602f70b6112518546290a", "682602f70b6112518546290b" ],
  "discount" : null,
  "seo_alias" : "-2-doi-tat-co-trung-ribbed-coolmate",
  "options_values" : [ {
    "title" : "Màu sắc",
    "type" : "COLOR",
    "options" : [ {
      "title" : "Trắng",
      "slug" : "trang",
      "label" : "",
      "images" : [ "682602f70b6112518546290c", "682602f70b6112518546290d", "682602f80b6112518546290e", "682602f80b6112518546290f", "682602f80b61125185462910" ]
    }, {
      "title" : "Xám Melange",
      "slug" : "xam-melange",
      "label" : "",
      "images" : [ "682602f80b61125185462911", "682602f80b61125185462912", "682602f80b61125185462913", "682602f80b61125185462914", "682602f80b61125185462915" ]
    }, {
      "title" : "Xanh Navy",
      "slug" : "xanh-navy",
      "label" : "",
      "images" : [ "682602f80b61125185462916", "682602f80b61125185462917", "682602f90b61125185462918", "682602f90b61125185462919", "682602f90b6112518546291a" ]
    }, {
      "title" : "Đen",
      "slug" : "den",
      "label" : "",
      "images" : [ "682602f90b6112518546291b", "682602f90b6112518546291c", "682602f90b6112518546291d", "682602f90b6112518546291e", "682602f90b6112518546291f" ]
    } ]
  } ],
  "collection_id" : "6825e9bd8eaaa408c6aaf61f",
  "display_order" : 315,
  "youtube_video" : "",
  "coming_soon" : false,
  "display_name_open" : "Thoáng khí",
  "gender_type" : "MALE",
  "icon_thumbnail" : null,
  "compare_price" : 118000.0,
  "regular_price" : 89000.0
}