{
  "title" : "Combo 2 đôi Tất cổ dài Cotton Ribbed Coolmate",
  "vendor" : "5c482438000c695cfa6f8d22",
  "tags" : [ ],
  "options" : [ {
    "type" : "COLOR",
    "title" : "Màu sắc",
    "values" : [ "Nâu nhạt", "Nâu đậm", "Rêu", "Đen", "Trắng", "Xám đậm", "Xám Melange", "Xanh Navy" ]
  } ],
  "images" : [ "681fdf171f583b08bcb3fd45", "681fdf171f583b08bcb3fd46", "681fdf171f583b08bcb3fd47", "681fdf171f583b08bcb3fd48", "681fdf171f583b08bcb3fd49", "681fdf181f583b08bcb3fd4a", "681fdf181f583b08bcb3fd4b", "681fdf181f583b08bcb3fd4c", "681fdf181f583b08bcb3fd4d", "681fdf181f583b08bcb3fd4e", "681fdf181f583b08bcb3fd4f", "681fdf181f583b08bcb3fd50", "681fdf181f583b08bcb3fd51", "681fdf191f583b08bcb3fd52", "681fdf191f583b08bcb3fd53", "681fdf191f583b08bcb3fd54" ],
  "discount" : null,
  "seo_alias" : "combo-2-doi-tat-co-dai-cotton-ribbed-coolmate",
  "options_values" : [ {
    "title" : "Màu sắc",
    "type" : "COLOR",
    "options" : [ {
      "title" : "Nâu nhạt",
      "slug" : "nau-nhat",
      "label" : "",
      "images" : [ "681fdf191f583b08bcb3fd55", "681fdf191f583b08bcb3fd56", "681fdf191f583b08bcb3fd57", "681fdf191f583b08bcb3fd58", "681fdf191f583b08bcb3fd59", "681fdf191f583b08bcb3fd5a", "681fdf1a1f583b08bcb3fd5b", "681fdf1b1f583b08bcb3fd5c", "681fdf1b1f583b08bcb3fd5d", "681fdf1b1f583b08bcb3fd5e", "681fdf1b1f583b08bcb3fd5f", "681fdf1b1f583b08bcb3fd60", "681fdf1b1f583b08bcb3fd61", "681fdf1b1f583b08bcb3fd62", "681fdf1c1f583b08bcb3fd63", "681fdf1c1f583b08bcb3fd64" ]
    }, {
      "title" : "Nâu đậm",
      "slug" : "nau-dam",
      "label" : "",
      "images" : [ "681fdf1c1f583b08bcb3fd65", "681fdf1c1f583b08bcb3fd66", "681fdf1c1f583b08bcb3fd67", "681fdf1c1f583b08bcb3fd68", "681fdf1c1f583b08bcb3fd69", "681fdf1c1f583b08bcb3fd6a", "681fdf1d1f583b08bcb3fd6b", "681fdf1d1f583b08bcb3fd6c", "681fdf1d1f583b08bcb3fd6d", "681fdf1d1f583b08bcb3fd6e", "681fdf1d1f583b08bcb3fd6f", "681fdf1d1f583b08bcb3fd70", "681fdf1d1f583b08bcb3fd71", "681fdf1d1f583b08bcb3fd72", "681fdf1e1f583b08bcb3fd73", "681fdf1e1f583b08bcb3fd74" ]
    }, {
      "title" : "Rêu",
      "slug" : "reu",
      "label" : "",
      "images" : [ "681fdf1e1f583b08bcb3fd75", "681fdf1e1f583b08bcb3fd76", "681fdf1e1f583b08bcb3fd77", "681fdf1e1f583b08bcb3fd78", "681fdf1e1f583b08bcb3fd79", "681fdf1f1f583b08bcb3fd7a", "681fdf1f1f583b08bcb3fd7b", "681fdf1f1f583b08bcb3fd7c", "681fdf1f1f583b08bcb3fd7d", "681fdf1f1f583b08bcb3fd7e", "681fdf1f1f583b08bcb3fd7f", "681fdf1f1f583b08bcb3fd80", "681fdf1f1f583b08bcb3fd81", "681fdf1f1f583b08bcb3fd82", "681fdf201f583b08bcb3fd83", "681fdf201f583b08bcb3fd84" ]
    }, {
      "title" : "Đen",
      "slug" : "den",
      "label" : "",
      "images" : [ "681fdf201f583b08bcb3fd85", "681fdf201f583b08bcb3fd86", "681fdf201f583b08bcb3fd87", "681fdf201f583b08bcb3fd88", "681fdf201f583b08bcb3fd89", "681fdf201f583b08bcb3fd8a", "681fdf211f583b08bcb3fd8b", "681fdf211f583b08bcb3fd8c", "681fdf211f583b08bcb3fd8d", "681fdf211f583b08bcb3fd8e", "681fdf211f583b08bcb3fd8f", "681fdf211f583b08bcb3fd90", "681fdf211f583b08bcb3fd91", "681fdf211f583b08bcb3fd92", "681fdf211f583b08bcb3fd93", "681fdf221f583b08bcb3fd94" ]
    }, {
      "title" : "Trắng",
      "slug" : "trang",
      "label" : "",
      "images" : [ "681fdf221f583b08bcb3fd95", "681fdf221f583b08bcb3fd96", "681fdf221f583b08bcb3fd97", "681fdf221f583b08bcb3fd98", "681fdf221f583b08bcb3fd99", "681fdf221f583b08bcb3fd9a", "681fdf231f583b08bcb3fd9b", "681fdf231f583b08bcb3fd9c", "681fdf231f583b08bcb3fd9d", "681fdf231f583b08bcb3fd9e", "681fdf231f583b08bcb3fd9f", "681fdf231f583b08bcb3fda0", "681fdf231f583b08bcb3fda1", "681fdf231f583b08bcb3fda2", "681fdf231f583b08bcb3fda3", "681fdf241f583b08bcb3fda4" ]
    }, {
      "title" : "Xám đậm",
      "slug" : "xam-dam",
      "label" : "",
      "images" : [ "681fdf241f583b08bcb3fda5", "681fdf241f583b08bcb3fda6", "681fdf241f583b08bcb3fda7", "681fdf241f583b08bcb3fda8", "681fdf251f583b08bcb3fda9", "681fdf251f583b08bcb3fdaa", "681fdf251f583b08bcb3fdab", "681fdf251f583b08bcb3fdac", "681fdf251f583b08bcb3fdad", "681fdf251f583b08bcb3fdae", "681fdf251f583b08bcb3fdaf", "681fdf251f583b08bcb3fdb0", "681fdf261f583b08bcb3fdb1", "681fdf261f583b08bcb3fdb2", "681fdf261f583b08bcb3fdb3", "681fdf261f583b08bcb3fdb4" ]
    }, {
      "title" : "Xám Melange",
      "slug" : "xam-melange",
      "label" : "",
      "images" : [ "681fdf261f583b08bcb3fdb5", "681fdf261f583b08bcb3fdb6", "681fdf261f583b08bcb3fdb7", "681fdf261f583b08bcb3fdb8", "681fdf271f583b08bcb3fdb9", "681fdf271f583b08bcb3fdba", "681fdf271f583b08bcb3fdbb", "681fdf271f583b08bcb3fdbc", "681fdf271f583b08bcb3fdbd", "681fdf271f583b08bcb3fdbe", "681fdf271f583b08bcb3fdbf", "681fdf271f583b08bcb3fdc0", "681fdf271f583b08bcb3fdc1", "681fdf281f583b08bcb3fdc2", "681fdf281f583b08bcb3fdc3", "681fdf281f583b08bcb3fdc4" ]
    }, {
      "title" : "Xanh Navy",
      "slug" : "xanh-navy",
      "label" : "",
      "images" : [ "681fdf281f583b08bcb3fdc5", "681fdf281f583b08bcb3fdc6", "681fdf281f583b08bcb3fdc7", "681fdf281f583b08bcb3fdc8", "681fdf281f583b08bcb3fdc9", "681fdf281f583b08bcb3fdca", "681fdf291f583b08bcb3fdcb", "681fdf291f583b08bcb3fdcc", "681fdf291f583b08bcb3fdcd", "681fdf291f583b08bcb3fdce", "681fdf291f583b08bcb3fdcf", "681fdf291f583b08bcb3fdd0", "681fdf291f583b08bcb3fdd1", "681fdf291f583b08bcb3fdd2", "681fdf291f583b08bcb3fdd3", "681fdf2a1f583b08bcb3fdd4" ]
    } ]
  } ],
  "collection_id" : "681ca21a2a59db3110ec0b91",
  "display_order" : 25,
  "youtube_video" : "",
  "coming_soon" : false,
  "display_name_open" : "Thoáng khí",
  "gender_type" : "MALE",
  "icon_thumbnail" : null,
  "compare_price" : 139000.0,
  "regular_price" : 109000.0
}