{
  "title" : "Combo phụ kiện chống nắng Coolmate",
  "vendor" : "5c482438000c695cfa6f8d22",
  "tags" : [ ],
  "options" : [ {
    "type" : "COLOR",
    "title" : "Màu sắc",
    "values" : [ "Đỏ-Nâu", "Hồng-Trắng", "Nâu", "Xanh-Xám", "Xanh đậm" ]
  } ],
  "images" : [ "6826030e0b6112518546298f", "6826030e0b61125185462990", "6826030e0b61125185462991", "6826030e0b61125185462992", "6826030e0b61125185462993", "6826030e0b61125185462994", "6826030e0b61125185462995" ],
  "discount" : null,
  "seo_alias" : "combo-phu-kien-chong-nang-coolmate",
  "options_values" : [ {
    "title" : "Màu sắc",
    "type" : "COLOR",
    "options" : [ {
      "title" : "Đỏ-Nâu",
      "slug" : "do-nau",
      "label" : "",
      "images" : [ "6826030e0b61125185462996", "6826030e0b61125185462997" ]
    }, {
      "title" : "Hồng-Trắng",
      "slug" : "hong-trang",
      "label" : "",
      "images" : [ "6826030f0b61125185462998", "6826030f0b61125185462999" ]
    }, {
      "title" : "Nâu",
      "slug" : "nau",
      "label" : "",
      "images" : [ "6826030f0b6112518546299a", "6826030f0b6112518546299b" ]
    }, {
      "title" : "Xanh-Xám",
      "slug" : "xanh-xam",
      "label" : "",
      "images" : [ "6826030f0b6112518546299c", "6826030f0b6112518546299d" ]
    }, {
      "title" : "Xanh đậm",
      "slug" : "xanh-dam",
      "label" : "",
      "images" : [ "6826030f0b6112518546299e", "6826030f0b6112518546299f" ]
    } ]
  } ],
  "collection_id" : "6825e9bd8eaaa408c6aaf61f",
  "display_order" : 1,
  "youtube_video" : "",
  "coming_soon" : false,
  "display_name_open" : "",
  "gender_type" : "UNISEX",
  "icon_thumbnail" : null,
  "compare_price" : 336000.0,
  "regular_price" : 299000.0
}