{
  "title" : "Combo phụ kiện chống nắng Coolmate",
  "vendor" : "5c482438000c695cfa6f8d22",
  "tags" : [ ],
  "options" : [ {
    "type" : "COLOR",
    "title" : "Màu sắc",
    "values" : [ "Đỏ-Nâu", "Hồng-Trắng", "Nâu", "Xanh-Xám", "Xanh đậm" ]
  } ],
  "images" : [ "681fdf5d1f583b08bcb3fe77", "681fdf5d1f583b08bcb3fe78", "681fdf5d1f583b08bcb3fe79", "681fdf5d1f583b08bcb3fe7a", "681fdf5d1f583b08bcb3fe7b", "681fdf5d1f583b08bcb3fe7c", "681fdf5d1f583b08bcb3fe7d" ],
  "discount" : null,
  "seo_alias" : "combo-phu-kien-chong-nang-coolmate",
  "options_values" : [ {
    "title" : "Màu sắc",
    "type" : "COLOR",
    "options" : [ {
      "title" : "Đỏ-Nâu",
      "slug" : "do-nau",
      "label" : "",
      "images" : [ "681fdf5e1f583b08bcb3fe7e", "681fdf5e1f583b08bcb3fe7f", "681fdf5e1f583b08bcb3fe80", "681fdf5e1f583b08bcb3fe81", "681fdf5e1f583b08bcb3fe82", "681fdf5f1f583b08bcb3fe83", "681fdf5f1f583b08bcb3fe84" ]
    }, {
      "title" : "Hồng-Trắng",
      "slug" : "hong-trang",
      "label" : "",
      "images" : [ "681fdf5f1f583b08bcb3fe85", "681fdf5f1f583b08bcb3fe86", "681fdf5f1f583b08bcb3fe87", "681fdf5f1f583b08bcb3fe88", "681fdf5f1f583b08bcb3fe89", "681fdf5f1f583b08bcb3fe8a", "681fdf5f1f583b08bcb3fe8b" ]
    }, {
      "title" : "Nâu",
      "slug" : "nau",
      "label" : "",
      "images" : [ "681fdf5f1f583b08bcb3fe8c", "681fdf5f1f583b08bcb3fe8d", "681fdf5f1f583b08bcb3fe8e", "681fdf5f1f583b08bcb3fe8f", "681fdf5f1f583b08bcb3fe90", "681fdf601f583b08bcb3fe91", "681fdf601f583b08bcb3fe92" ]
    }, {
      "title" : "Xanh-Xám",
      "slug" : "xanh-xam",
      "label" : "",
      "images" : [ "681fdf601f583b08bcb3fe93", "681fdf601f583b08bcb3fe94", "681fdf601f583b08bcb3fe95", "681fdf601f583b08bcb3fe96", "681fdf611f583b08bcb3fe97", "681fdf611f583b08bcb3fe98", "681fdf611f583b08bcb3fe99" ]
    }, {
      "title" : "Xanh đậm",
      "slug" : "xanh-dam",
      "label" : "",
      "images" : [ "681fdf611f583b08bcb3fe9a", "681fdf611f583b08bcb3fe9b", "681fdf611f583b08bcb3fe9c", "681fdf611f583b08bcb3fe9d", "681fdf611f583b08bcb3fe9e", "681fdf611f583b08bcb3fe9f", "681fdf621f583b08bcb3fea0" ]
    } ]
  } ],
  "collection_id" : "681ca21a2a59db3110ec0b91",
  "display_order" : 1,
  "youtube_video" : "",
  "coming_soon" : false,
  "display_name_open" : "",
  "gender_type" : "UNISEX",
  "icon_thumbnail" : null,
  "compare_price" : 336000.0,
  "regular_price" : 299000.0
}