{
  "title" : "Combo 5 Đôi Tất Nam cổ trung Basics",
  "vendor" : "5c482438000c695cfa6f8d22",
  "tags" : [ ],
  "options" : [ {
    "type" : "COLOR",
    "title" : "Màu sắc",
    "values" : [ "Đen", "Trắng", "Xám Melange" ]
  }, {
    "type" : "SIZE",
    "title" : "Size",
    "values" : [ ]
  } ],
  "images" : [ "681fdedc1f583b08bcb3fc2a", "681fdedc1f583b08bcb3fc2b", "681fdedc1f583b08bcb3fc2c", "681fdedc1f583b08bcb3fc2d", "681fdedc1f583b08bcb3fc2e", "681fdedc1f583b08bcb3fc2f", "681fdedc1f583b08bcb3fc30", "681fdedc1f583b08bcb3fc31", "681fdedd1f583b08bcb3fc32", "681fdedd1f583b08bcb3fc33", "681fdedd1f583b08bcb3fc34", "681fdedd1f583b08bcb3fc35", "681fdedd1f583b08bcb3fc36", "681fdedd1f583b08bcb3fc37", "681fdedd1f583b08bcb3fc38", "681fdedd1f583b08bcb3fc39", "681fdedd1f583b08bcb3fc3a", "681fdede1f583b08bcb3fc3b", "681fdede1f583b08bcb3fc3c", "681fdede1f583b08bcb3fc3d", "681fdede1f583b08bcb3fc3e" ],
  "discount" : null,
  "seo_alias" : "combo-5-tat-cotton-co-trung-basics",
  "options_values" : [ {
    "title" : "Màu sắc",
    "type" : "COLOR",
    "options" : [ {
      "title" : "Đen",
      "slug" : "den",
      "label" : "",
      "images" : [ "681fdedf1f583b08bcb3fc3f", "681fdedf1f583b08bcb3fc40", "681fdedf1f583b08bcb3fc41", "681fdedf1f583b08bcb3fc42", "681fdedf1f583b08bcb3fc43", "681fdedf1f583b08bcb3fc44", "681fdedf1f583b08bcb3fc45", "681fdedf1f583b08bcb3fc46", "681fdedf1f583b08bcb3fc47", "681fdedf1f583b08bcb3fc48", "681fdee01f583b08bcb3fc49", "681fdee01f583b08bcb3fc4a", "681fdee01f583b08bcb3fc4b", "681fdee01f583b08bcb3fc4c", "681fdee01f583b08bcb3fc4d", "681fdee01f583b08bcb3fc4e", "681fdee01f583b08bcb3fc4f", "681fdee01f583b08bcb3fc50", "681fdee01f583b08bcb3fc51", "681fdee01f583b08bcb3fc52", "681fdee11f583b08bcb3fc53" ]
    }, {
      "title" : "Trắng",
      "slug" : "trang",
      "label" : "",
      "images" : [ "681fdee11f583b08bcb3fc54", "681fdee11f583b08bcb3fc55", "681fdee11f583b08bcb3fc56", "681fdee11f583b08bcb3fc57", "681fdee11f583b08bcb3fc58", "681fdee11f583b08bcb3fc59", "681fdee11f583b08bcb3fc5a", "681fdee11f583b08bcb3fc5b", "681fdee11f583b08bcb3fc5c", "681fdee11f583b08bcb3fc5d", "681fdee21f583b08bcb3fc5e", "681fdee21f583b08bcb3fc5f", "681fdee21f583b08bcb3fc60", "681fdee21f583b08bcb3fc61", "681fdee21f583b08bcb3fc62", "681fdee21f583b08bcb3fc63", "681fdee21f583b08bcb3fc64", "681fdee21f583b08bcb3fc65", "681fdee21f583b08bcb3fc66", "681fdee21f583b08bcb3fc67", "681fdee31f583b08bcb3fc68" ]
    }, {
      "title" : "Xám Melange",
      "slug" : "xam-melange",
      "label" : "",
      "images" : [ "681fdee31f583b08bcb3fc69", "681fdee31f583b08bcb3fc6a", "681fdee31f583b08bcb3fc6b", "681fdee31f583b08bcb3fc6c", "681fdee31f583b08bcb3fc6d", "681fdee31f583b08bcb3fc6e", "681fdee31f583b08bcb3fc6f", "681fdee41f583b08bcb3fc70", "681fdee41f583b08bcb3fc71", "681fdee41f583b08bcb3fc72", "681fdee41f583b08bcb3fc73", "681fdee41f583b08bcb3fc74", "681fdee41f583b08bcb3fc75", "681fdee41f583b08bcb3fc76", "681fdee41f583b08bcb3fc77", "681fdee41f583b08bcb3fc78", "681fdee51f583b08bcb3fc79", "681fdee51f583b08bcb3fc7a", "681fdee51f583b08bcb3fc7b", "681fdee51f583b08bcb3fc7c", "681fdee51f583b08bcb3fc7d" ]
    } ]
  } ],
  "collection_id" : "681ca21a2a59db3110ec0b91",
  "display_order" : 377,
  "youtube_video" : "",
  "coming_soon" : false,
  "display_name_open" : "Co giãn",
  "gender_type" : "MALE",
  "icon_thumbnail" : null,
  "compare_price" : 99000.0,
  "regular_price" : 99000.0
}