{
  "title" : "Combo 2 Tất Thể Thao Cổ Trung Cushion",
  "vendor" : "5c482438000c695cfa6f8d22",
  "tags" : [ ],
  "options" : [ {
    "type" : "COLOR",
    "title" : "Màu sắc",
    "values" : [ "Trắng" ]
  } ],
  "images" : [ "681fdf531f583b08bcb3fe4d", "681fdf541f583b08bcb3fe4e", "681fdf541f583b08bcb3fe4f", "681fdf541f583b08bcb3fe50", "681fdf541f583b08bcb3fe51", "681fdf541f583b08bcb3fe52" ],
  "discount" : null,
  "seo_alias" : "tat-the-thao-co-trung-cotton-cushion-thoang-khi",
  "options_values" : [ {
    "title" : "Màu sắc",
    "type" : "COLOR",
    "options" : [ {
      "title" : "Trắng",
      "slug" : "trang",
      "label" : "",
      "images" : [ "681fdf541f583b08bcb3fe53", "681fdf541f583b08bcb3fe54", "681fdf541f583b08bcb3fe55", "681fdf541f583b08bcb3fe56", "681fdf541f583b08bcb3fe57", "681fdf551f583b08bcb3fe58" ]
    } ]
  } ],
  "collection_id" : "681ca21a2a59db3110ec0b91",
  "display_order" : 525,
  "youtube_video" : "",
  "coming_soon" : false,
  "display_name_open" : "Thoáng khí",
  "gender_type" : "MALE",
  "icon_thumbnail" : null,
  "compare_price" : 119000.0,
  "regular_price" : 108000.0
}