{
  "title" : "Combo 2 đôi Tất cổ trung Cotton Ribbed Coolmate",
  "vendor" : "5c482438000c695cfa6f8d22",
  "tags" : [ ],
  "options" : [ {
    "type" : "COLOR",
    "title" : "Màu sắc",
    "values" : [ "Trắng", "Xám Melange", "Xanh Navy", "Đen" ]
  } ],
  "images" : [ "681fdf361f583b08bcb3fdd5", "681fdf361f583b08bcb3fdd6", "681fdf361f583b08bcb3fdd7", "681fdf361f583b08bcb3fdd8", "681fdf361f583b08bcb3fdd9", "681fdf371f583b08bcb3fdda", "681fdf371f583b08bcb3fddb", "681fdf381f583b08bcb3fddc" ],
  "discount" : null,
  "seo_alias" : "-2-doi-tat-co-trung-ribbed-coolmate",
  "options_values" : [ {
    "title" : "Màu sắc",
    "type" : "COLOR",
    "options" : [ {
      "title" : "Trắng",
      "slug" : "trang",
      "label" : "",
      "images" : [ "681fdf381f583b08bcb3fddd", "681fdf381f583b08bcb3fdde", "681fdf381f583b08bcb3fddf", "681fdf381f583b08bcb3fde0", "681fdf391f583b08bcb3fde1", "681fdf391f583b08bcb3fde2", "681fdf391f583b08bcb3fde3", "681fdf391f583b08bcb3fde4" ]
    }, {
      "title" : "Xám Melange",
      "slug" : "xam-melange",
      "label" : "",
      "images" : [ "681fdf391f583b08bcb3fde5", "681fdf391f583b08bcb3fde6", "681fdf391f583b08bcb3fde7", "681fdf391f583b08bcb3fde8", "681fdf391f583b08bcb3fde9", "681fdf391f583b08bcb3fdea", "681fdf391f583b08bcb3fdeb", "681fdf391f583b08bcb3fdec" ]
    }, {
      "title" : "Xanh Navy",
      "slug" : "xanh-navy",
      "label" : "",
      "images" : [ "681fdf3a1f583b08bcb3fded", "681fdf3a1f583b08bcb3fdee", "681fdf3a1f583b08bcb3fdef", "681fdf3a1f583b08bcb3fdf0", "681fdf3a1f583b08bcb3fdf1", "681fdf3a1f583b08bcb3fdf2", "681fdf3a1f583b08bcb3fdf3", "681fdf3a1f583b08bcb3fdf4" ]
    }, {
      "title" : "Đen",
      "slug" : "den",
      "label" : "",
      "images" : [ "681fdf3a1f583b08bcb3fdf5", "681fdf3a1f583b08bcb3fdf6", "681fdf3b1f583b08bcb3fdf7", "681fdf3b1f583b08bcb3fdf8", "681fdf3b1f583b08bcb3fdf9", "681fdf3b1f583b08bcb3fdfa", "681fdf3b1f583b08bcb3fdfb", "681fdf3b1f583b08bcb3fdfc" ]
    } ]
  } ],
  "collection_id" : "681ca21a2a59db3110ec0b91",
  "display_order" : 315,
  "youtube_video" : "",
  "coming_soon" : false,
  "display_name_open" : "Thoáng khí",
  "gender_type" : "MALE",
  "icon_thumbnail" : null,
  "compare_price" : 118000.0,
  "regular_price" : 89000.0
}