{
  "title" : "Cốc giữ nhiệt Inox Coolmate",
  "vendor" : "5c482438000c695cfa6f8d22",
  "tags" : [ ],
  "options" : [ {
    "type" : "COLOR",
    "title" : "Màu sắc",
    "values" : [ "Trắng", "Vàng", "Đồng" ]
  } ],
  "images" : [ "682602d60b61125185462844", "682602d60b61125185462845", "682602d60b61125185462846", "682602d60b61125185462847", "682602d60b61125185462848" ],
  "discount" : null,
  "seo_alias" : "coc-giu-nhiet-coolmate",
  "options_values" : [ {
    "title" : "Màu sắc",
    "type" : "COLOR",
    "options" : [ {
      "title" : "Trắng",
      "slug" : "trang",
      "label" : "",
      "images" : [ "682602d70b61125185462849", "682602d70b6112518546284a", "682602d70b6112518546284b", "682602d70b6112518546284c", "682602d70b6112518546284d", "682602d70b6112518546284e" ]
    }, {
      "title" : "Vàng",
      "slug" : "vang",
      "label" : "",
      "images" : [ "682602d70b6112518546284f", "682602d70b61125185462850", "682602d70b61125185462851", "682602d70b61125185462852", "682602d70b61125185462853", "682602d80b61125185462854" ]
    }, {
      "title" : "Đồng",
      "slug" : "dong",
      "label" : "",
      "images" : [ "682602d80b61125185462855", "682602d80b61125185462856", "682602d80b61125185462857", "682602d80b61125185462858", "682602d80b61125185462859", "682602d80b6112518546285a" ]
    } ]
  } ],
  "collection_id" : "6825e9bd8eaaa408c6aaf61f",
  "display_order" : 319,
  "youtube_video" : "",
  "coming_soon" : false,
  "display_name_open" : "",
  "gender_type" : "MALE",
  "icon_thumbnail" : null,
  "compare_price" : 199000.0,
  "regular_price" : 169000.0
}