{
  "title" : "Cốc Inox Coolmate",
  "vendor" : "5c482438000c695cfa6f8d22",
  "tags" : [ ],
  "options" : [ {
    "type" : "COLOR",
    "title" : "Màu sắc",
    "values" : [ "Xanh", "Trắng", "Đen" ]
  } ],
  "images" : [ "682602dd0b6112518546286b", "682602dd0b6112518546286c", "682602dd0b6112518546286d" ],
  "discount" : null,
  "seo_alias" : "coc-coolmate",
  "options_values" : [ {
    "title" : "Màu sắc",
    "type" : "COLOR",
    "options" : [ {
      "title" : "Xanh",
      "slug" : "xanh",
      "label" : "",
      "images" : [ "682602dd0b6112518546286e", "682602dd0b6112518546286f", "682602dd0b61125185462870", "682602dd0b61125185462871", "682602dd0b61125185462872", "682602dd0b61125185462873" ]
    }, {
      "title" : "Trắng",
      "slug" : "trang",
      "label" : "",
      "images" : [ "682602dd0b61125185462874", "682602de0b61125185462875", "682602de0b61125185462876", "682602de0b61125185462877", "682602de0b61125185462878", "682602de0b61125185462879" ]
    }, {
      "title" : "Đen",
      "slug" : "den",
      "label" : "",
      "images" : [ "682602de0b6112518546287a", "682602de0b6112518546287b", "682602de0b6112518546287c", "682602de0b6112518546287d", "682602de0b6112518546287e", "682602de0b6112518546287f" ]
    } ]
  } ],
  "collection_id" : "6825e9bd8eaaa408c6aaf61f",
  "display_order" : 324,
  "youtube_video" : "",
  "coming_soon" : false,
  "display_name_open" : "",
  "gender_type" : "MALE",
  "icon_thumbnail" : null,
  "compare_price" : 199000.0,
  "regular_price" : 169000.0
}