{
  "title" : "Headband thể thao",
  "vendor" : "5c482438000c695cfa6f8d22",
  "tags" : [ ],
  "options" : [ {
    "type" : "COLOR",
    "title" : "Màu sắc",
    "values" : [ "Trắng", "Đen", "Xanh Navy" ]
  } ],
  "images" : [ "681fdf481f583b08bcb3fe21", "681fdf481f583b08bcb3fe22", "681fdf481f583b08bcb3fe23", "681fdf481f583b08bcb3fe24", "681fdf481f583b08bcb3fe25", "681fdf481f583b08bcb3fe26" ],
  "discount" : null,
  "seo_alias" : "headband-the-thao",
  "options_values" : [ {
    "title" : "Màu sắc",
    "type" : "COLOR",
    "options" : [ {
      "title" : "Trắng",
      "slug" : "trang",
      "label" : "",
      "images" : [ "681fdf481f583b08bcb3fe27", "681fdf491f583b08bcb3fe28", "681fdf491f583b08bcb3fe29", "681fdf491f583b08bcb3fe2a", "681fdf491f583b08bcb3fe2b", "681fdf4a1f583b08bcb3fe2c" ]
    }, {
      "title" : "Đen",
      "slug" : "den",
      "label" : "",
      "images" : [ "681fdf4a1f583b08bcb3fe2d", "681fdf4a1f583b08bcb3fe2e", "681fdf4a1f583b08bcb3fe2f", "681fdf4a1f583b08bcb3fe30", "681fdf4a1f583b08bcb3fe31", "681fdf4a1f583b08bcb3fe32" ]
    }, {
      "title" : "Xanh Navy",
      "slug" : "xanh-navy",
      "label" : "",
      "images" : [ "681fdf4b1f583b08bcb3fe33", "681fdf4b1f583b08bcb3fe34", "681fdf4c1f583b08bcb3fe35", "681fdf4c1f583b08bcb3fe36", "681fdf4c1f583b08bcb3fe37", "681fdf4c1f583b08bcb3fe38" ]
    } ]
  } ],
  "collection_id" : "681ca21a2a59db3110ec0b91",
  "display_order" : 477,
  "youtube_video" : "",
  "coming_soon" : false,
  "display_name_open" : " Thấm hút - Mềm mại",
  "gender_type" : "MALE",
  "icon_thumbnail" : null,
  "compare_price" : 79000.0,
  "regular_price" : 79000.0
}