{
  "title" : "Mũ bơi nam Coolmate",
  "vendor" : "5c482438000c695cfa6f8d22",
  "tags" : [ "NEW" ],
  "options" : [ {
    "type" : "COLOR",
    "title" : "Màu sắc",
    "values" : [ "Xanh đậm" ]
  } ],
  "images" : [ "682603290b61125185462a09" ],
  "discount" : null,
  "seo_alias" : "mu-boi-nam-coolmate",
  "options_values" : [ {
    "title" : "Màu sắc",
    "type" : "COLOR",
    "options" : [ {
      "title" : "Xanh đậm",
      "slug" : "xanh-dam",
      "label" : "",
      "images" : [ "682603290b61125185462a0a", "682603290b61125185462a0b", "682603290b61125185462a0c", "682603290b61125185462a0d", "682603290b61125185462a0e" ]
    } ]
  } ],
  "collection_id" : "6825e9bd8eaaa408c6aaf61f",
  "display_order" : 2,
  "youtube_video" : "",
  "coming_soon" : false,
  "display_name_open" : "",
  "gender_type" : "MALE",
  "icon_thumbnail" : null,
  "compare_price" : 99000.0,
  "regular_price" : 99000.0
}