{
  "title" : "Mũ lưỡi trai chạy bộ Unisex",
  "vendor" : "5c482438000c695cfa6f8d22",
  "tags" : [ "NEW" ],
  "options" : [ {
    "type" : "COLOR",
    "title" : "Màu sắc",
    "values" : [ "Đen", "Xám" ]
  }, {
    "type" : "SIZE",
    "title" : "Kích thước",
    "values" : [ "S", "M" ]
  } ],
  "images" : [ "682603250b611251854629f8", "682603250b611251854629f9" ],
  "discount" : null,
  "seo_alias" : "mu-luoi-trai-chay-bo-unisex",
  "options_values" : [ {
    "title" : "Màu sắc",
    "type" : "COLOR",
    "options" : [ {
      "title" : "Đen",
      "slug" : "den",
      "label" : "",
      "images" : [ "682603250b611251854629fa", "682603250b611251854629fb", "682603250b611251854629fc", "682603250b611251854629fd", "682603260b611251854629fe", "682603260b611251854629ff", "682603260b61125185462a00", "682603260b61125185462a01" ]
    }, {
      "title" : "Xám",
      "slug" : "xam",
      "label" : "",
      "images" : [ "682603260b61125185462a02", "682603260b61125185462a03", "682603260b61125185462a04", "682603260b61125185462a05", "682603260b61125185462a06", "682603270b61125185462a07", "682603270b61125185462a08" ]
    } ]
  } ],
  "collection_id" : "6825e9bd8eaaa408c6aaf61f",
  "display_order" : 2,
  "youtube_video" : "",
  "coming_soon" : false,
  "display_name_open" : "",
  "gender_type" : "UNISEX",
  "icon_thumbnail" : null,
  "compare_price" : 229000.0,
  "regular_price" : 229000.0
}