{
  "title" : "Pack 3 Tất Active cổ ngắn",
  "vendor" : "5c482438000c695cfa6f8d22",
  "tags" : [ ],
  "options" : [ {
    "type" : "COLOR",
    "title" : "Màu sắc",
    "values" : [ "Đen", "Trắng", "Xám", "Mix" ]
  }, {
    "type" : "SIZE",
    "title" : "Kích thước",
    "values" : [ "39-42", "43-46" ]
  } ],
  "images" : [ "681fdf561f583b08bcb3fe59", "681fdf561f583b08bcb3fe5a", "681fdf561f583b08bcb3fe5b", "681fdf571f583b08bcb3fe5c", "681fdf571f583b08bcb3fe5d", "681fdf571f583b08bcb3fe5e" ],
  "discount" : null,
  "seo_alias" : "pack-3-tat-active-co-ngan",
  "options_values" : [ {
    "title" : "Màu sắc",
    "type" : "COLOR",
    "options" : [ {
      "title" : "Đen",
      "slug" : "den",
      "label" : "",
      "images" : [ "681fdf581f583b08bcb3fe5f", "681fdf581f583b08bcb3fe60", "681fdf581f583b08bcb3fe61", "681fdf581f583b08bcb3fe62", "681fdf581f583b08bcb3fe63", "681fdf581f583b08bcb3fe64" ]
    }, {
      "title" : "Trắng",
      "slug" : "trang",
      "label" : "",
      "images" : [ "681fdf581f583b08bcb3fe65", "681fdf581f583b08bcb3fe66", "681fdf581f583b08bcb3fe67", "681fdf591f583b08bcb3fe68", "681fdf591f583b08bcb3fe69", "681fdf591f583b08bcb3fe6a" ]
    }, {
      "title" : "Xám",
      "slug" : "xam",
      "label" : "",
      "images" : [ "681fdf591f583b08bcb3fe6b", "681fdf591f583b08bcb3fe6c", "681fdf591f583b08bcb3fe6d", "681fdf591f583b08bcb3fe6e", "681fdf591f583b08bcb3fe6f", "681fdf591f583b08bcb3fe70" ]
    }, {
      "title" : "Mix",
      "slug" : "mix",
      "label" : "",
      "images" : [ "681fdf5a1f583b08bcb3fe71", "681fdf5a1f583b08bcb3fe72", "681fdf5a1f583b08bcb3fe73", "681fdf5a1f583b08bcb3fe74", "681fdf5a1f583b08bcb3fe75", "681fdf5a1f583b08bcb3fe76" ]
    } ]
  } ],
  "collection_id" : "681ca21a2a59db3110ec0b91",
  "display_order" : 25,
  "youtube_video" : "",
  "coming_soon" : false,
  "display_name_open" : "Cổ ngắn",
  "gender_type" : "MALE",
  "icon_thumbnail" : null,
  "compare_price" : 99000.0,
  "regular_price" : 99000.0
}