{
  "title" : "Thắt lưng nam Coolmate da bò Mill Lau khoá cài bấm giả đầu kim",
  "vendor" : "5c482438000c695cfa6f8d22",
  "tags" : [ ],
  "options" : [ {
    "type" : "COLOR",
    "title" : "Màu sắc",
    "values" : [ "Nâu", "Đen" ]
  } ],
  "images" : [ "681fdf081f583b08bcb3fd03", "681fdf081f583b08bcb3fd04", "681fdf081f583b08bcb3fd05", "681fdf081f583b08bcb3fd06" ],
  "discount" : null,
  "seo_alias" : "that-lung-nam-coolmate-da-bo-mill-lau-khoa-cai-bam-gia-dau-kim",
  "options_values" : [ {
    "title" : "Màu sắc",
    "type" : "COLOR",
    "options" : [ {
      "title" : "Nâu",
      "slug" : "nau",
      "label" : "",
      "images" : [ "681fdf081f583b08bcb3fd07", "681fdf081f583b08bcb3fd08", "681fdf081f583b08bcb3fd09", "681fdf081f583b08bcb3fd0a" ]
    }, {
      "title" : "Đen",
      "slug" : "den",
      "label" : "",
      "images" : [ "681fdf091f583b08bcb3fd0b", "681fdf091f583b08bcb3fd0c", "681fdf091f583b08bcb3fd0d", "681fdf091f583b08bcb3fd0e" ]
    } ]
  } ],
  "collection_id" : "681ca21a2a59db3110ec0b91",
  "display_order" : 320,
  "youtube_video" : "",
  "coming_soon" : false,
  "display_name_open" : "",
  "gender_type" : "MALE",
  "icon_thumbnail" : null,
  "compare_price" : 499000.0,
  "regular_price" : 429000.0
}