{
  "title" : "Thắt lưng nam Coolmate da bò Mill khoá gài khoá tự động",
  "vendor" : "5c482438000c695cfa6f8d22",
  "tags" : [ ],
  "options" : [ {
    "type" : "COLOR",
    "title" : "Màu sắc",
    "values" : [ "Đen" ]
  } ],
  "images" : [ "681fdf071f583b08bcb3fcff", "681fdf071f583b08bcb3fd00" ],
  "discount" : null,
  "seo_alias" : "that-lung-nam-coolmate-da-bo-mill-khoa-gai-tu-dong",
  "options_values" : [ {
    "title" : "Màu sắc",
    "type" : "COLOR",
    "options" : [ {
      "title" : "Đen",
      "slug" : "den",
      "label" : "",
      "images" : [ "681fdf071f583b08bcb3fd01", "681fdf071f583b08bcb3fd02" ]
    } ]
  } ],
  "collection_id" : "681ca21a2a59db3110ec0b91",
  "display_order" : 316,
  "youtube_video" : "",
  "coming_soon" : false,
  "display_name_open" : "",
  "gender_type" : "MALE",
  "icon_thumbnail" : null,
  "compare_price" : 499000.0,
  "regular_price" : 499000.0
}