{
  "title" : "Thắt lưng nam Coolmate da bò Mill Lau khoá cài bấm giả đầu kim",
  "vendor" : "5c482438000c695cfa6f8d22",
  "tags" : [ ],
  "options" : [ {
    "type" : "COLOR",
    "title" : "Màu sắc",
    "values" : [ "Nâu", "Đen" ]
  } ],
  "images" : [ "682602e10b61125185462887", "682602e20b61125185462888", "682602e20b61125185462889", "682602e20b6112518546288a" ],
  "discount" : null,
  "seo_alias" : "that-lung-nam-coolmate-da-bo-mill-lau-khoa-cai-bam-gia-dau-kim",
  "options_values" : [ {
    "title" : "Màu sắc",
    "type" : "COLOR",
    "options" : [ {
      "title" : "Nâu",
      "slug" : "nau",
      "label" : "",
      "images" : [ "682602e20b6112518546288b", "682602e20b6112518546288c", "682602e20b6112518546288d", "682602e20b6112518546288e", "682602e20b6112518546288f" ]
    }, {
      "title" : "Đen",
      "slug" : "den",
      "label" : "",
      "images" : [ "682602e20b61125185462890", "682602e20b61125185462891", "682602e20b61125185462892", "682602e20b61125185462893", "682602e30b61125185462894" ]
    } ]
  } ],
  "collection_id" : "6825e9bd8eaaa408c6aaf61f",
  "display_order" : 320,
  "youtube_video" : "",
  "coming_soon" : false,
  "display_name_open" : "",
  "gender_type" : "MALE",
  "icon_thumbnail" : null,
  "compare_price" : 499000.0,
  "regular_price" : 429000.0
}