{
  "title" : "Thắt lưng nam Coolmate da bò Mill khoá gài khoá tự động",
  "vendor" : "5c482438000c695cfa6f8d22",
  "tags" : [ ],
  "options" : [ {
    "type" : "COLOR",
    "title" : "Màu sắc",
    "values" : [ "Đen" ]
  } ],
  "images" : [ "682602e00b61125185462880", "682602e00b61125185462881" ],
  "discount" : null,
  "seo_alias" : "that-lung-nam-coolmate-da-bo-mill-khoa-gai-tu-dong",
  "options_values" : [ {
    "title" : "Màu sắc",
    "type" : "COLOR",
    "options" : [ {
      "title" : "Đen",
      "slug" : "den",
      "label" : "",
      "images" : [ "682602e00b61125185462882", "682602e00b61125185462883", "682602e10b61125185462884", "682602e10b61125185462885", "682602e10b61125185462886" ]
    } ]
  } ],
  "collection_id" : "6825e9bd8eaaa408c6aaf61f",
  "display_order" : 316,
  "youtube_video" : "",
  "coming_soon" : false,
  "display_name_open" : "",
  "gender_type" : "MALE",
  "icon_thumbnail" : null,
  "compare_price" : 499000.0,
  "regular_price" : 499000.0
}