{
  "title" : "Tất Nam chạy bộ Advanced",
  "vendor" : "5c482438000c695cfa6f8d22",
  "tags" : [ "CLEARANCE_SALE" ],
  "options" : [ {
    "type" : "COLOR",
    "title" : "Màu sắc",
    "values" : [ "Đen", "Trắng", "Cam" ]
  }, {
    "type" : "SIZE",
    "title" : "Kích thước",
    "values" : [ "39-42", "43-46" ]
  } ],
  "images" : [ "681fdf701f583b08bcb3fecd", "681fdf701f583b08bcb3fece", "681fdf701f583b08bcb3fecf", "681fdf701f583b08bcb3fed0", "681fdf701f583b08bcb3fed1", "681fdf701f583b08bcb3fed2", "681fdf701f583b08bcb3fed3", "681fdf701f583b08bcb3fed4" ],
  "discount" : null,
  "seo_alias" : "tat-vo-chay-bo-co-trung-advanced",
  "options_values" : [ {
    "title" : "Màu sắc",
    "type" : "COLOR",
    "options" : [ {
      "title" : "Đen",
      "slug" : "den",
      "label" : "",
      "images" : [ "681fdf701f583b08bcb3fed5", "681fdf701f583b08bcb3fed6", "681fdf711f583b08bcb3fed7", "681fdf711f583b08bcb3fed8", "681fdf711f583b08bcb3fed9", "681fdf711f583b08bcb3feda", "681fdf711f583b08bcb3fedb", "681fdf711f583b08bcb3fedc" ]
    }, {
      "title" : "Trắng",
      "slug" : "trang",
      "label" : "",
      "images" : [ "681fdf711f583b08bcb3fedd", "681fdf711f583b08bcb3fede", "681fdf711f583b08bcb3fedf", "681fdf721f583b08bcb3fee0", "681fdf721f583b08bcb3fee1", "681fdf721f583b08bcb3fee2", "681fdf721f583b08bcb3fee3", "681fdf721f583b08bcb3fee4" ]
    }, {
      "title" : "Cam",
      "slug" : "cam",
      "label" : "",
      "images" : [ "681fdf721f583b08bcb3fee5", "681fdf721f583b08bcb3fee6", "681fdf731f583b08bcb3fee7", "681fdf731f583b08bcb3fee8", "681fdf731f583b08bcb3fee9", "681fdf731f583b08bcb3feea", "681fdf731f583b08bcb3feeb", "681fdf731f583b08bcb3feec" ]
    } ]
  } ],
  "collection_id" : "681ca21a2a59db3110ec0b91",
  "display_order" : 1,
  "youtube_video" : "",
  "coming_soon" : false,
  "display_name_open" : "Cổ trung",
  "gender_type" : "MALE",
  "icon_thumbnail" : null,
  "compare_price" : 69000.0,
  "regular_price" : 59000.0
}