{
  "title" : "Tất Thể Thao Seamless Cổ Dài",
  "vendor" : "5c482438000c695cfa6f8d22",
  "tags" : [ ],
  "options" : [ {
    "type" : "COLOR",
    "title" : "Màu sắc",
    "values" : [ "Đen", "Trắng" ]
  }, {
    "type" : "SIZE",
    "title" : "Kích thước",
    "values" : [ "39-42", "43-46" ]
  } ],
  "images" : [ "682603120b611251854629a0", "682603120b611251854629a1", "682603120b611251854629a2", "682603120b611251854629a3" ],
  "discount" : null,
  "seo_alias" : "tat-the-thao-seamless-chay-bo-co-dai",
  "options_values" : [ {
    "title" : "Màu sắc",
    "type" : "COLOR",
    "options" : [ {
      "title" : "Đen",
      "slug" : "den",
      "label" : "",
      "images" : [ "682603120b611251854629a4", "682603120b611251854629a5", "682603120b611251854629a6", "682603120b611251854629a7", "682603130b611251854629a8", "682603130b611251854629a9" ]
    }, {
      "title" : "Trắng",
      "slug" : "trang",
      "label" : "",
      "images" : [ "682603130b611251854629aa", "682603130b611251854629ab", "682603130b611251854629ac", "682603130b611251854629ad", "682603130b611251854629ae", "682603130b611251854629af" ]
    } ]
  } ],
  "collection_id" : "6825e9bd8eaaa408c6aaf61f",
  "display_order" : 1,
  "youtube_video" : "",
  "coming_soon" : false,
  "display_name_open" : "Thoáng khí",
  "gender_type" : "MALE",
  "icon_thumbnail" : null,
  "compare_price" : 69000.0,
  "regular_price" : 59000.0
}