{
  "title" : "Tất Nam Thể Thao Cushion",
  "vendor" : "5c482438000c695cfa6f8d22",
  "tags" : [ ],
  "options" : [ {
    "type" : "COLOR",
    "title" : "Màu sắc",
    "values" : [ "Đen phối Cam", "Đen phối Xanh lá", "Trắng phối Đen", "Trắng phối Neon" ]
  }, {
    "type" : "SIZE",
    "title" : "Kích thước",
    "values" : [ "39-42", "43-46" ]
  } ],
  "images" : [ "6826032e0b61125185462a24", "6826032e0b61125185462a25", "6826032e0b61125185462a26", "6826032e0b61125185462a27", "6826032e0b61125185462a28" ],
  "discount" : null,
  "seo_alias" : "tat-the-thao-co-dai-compression-cushion",
  "options_values" : [ {
    "title" : "Màu sắc",
    "type" : "COLOR",
    "options" : [ {
      "title" : "Đen phối Cam",
      "slug" : "den-phoi-cam",
      "label" : "",
      "images" : [ "6826032e0b61125185462a29", "6826032e0b61125185462a2a", "6826032e0b61125185462a2b", "6826032f0b61125185462a2c", "6826032f0b61125185462a2d", "6826032f0b61125185462a2e", "6826032f0b61125185462a2f" ]
    }, {
      "title" : "Đen phối Xanh lá",
      "slug" : "den-phoi-xanh-la",
      "label" : "",
      "images" : [ "6826032f0b61125185462a30", "6826032f0b61125185462a31", "6826032f0b61125185462a32", "6826032f0b61125185462a33", "6826032f0b61125185462a34", "6826032f0b61125185462a35", "6826032f0b61125185462a36" ]
    }, {
      "title" : "Trắng phối Đen",
      "slug" : "trang-phoi-den",
      "label" : "",
      "images" : [ "6826032f0b61125185462a37", "682603300b61125185462a38", "682603300b61125185462a39", "682603300b61125185462a3a", "682603300b61125185462a3b", "682603300b61125185462a3c", "682603300b61125185462a3d" ]
    }, {
      "title" : "Trắng phối Neon",
      "slug" : "trang-phoi-neon",
      "label" : "",
      "images" : [ "682603300b61125185462a3e", "682603300b61125185462a3f", "682603300b61125185462a40", "682603300b61125185462a41", "682603300b61125185462a42", "682603310b61125185462a43" ]
    } ]
  } ],
  "collection_id" : "6825e9bd8eaaa408c6aaf61f",
  "display_order" : 128,
  "youtube_video" : "",
  "coming_soon" : false,
  "display_name_open" : "Cổ dài",
  "gender_type" : "MALE",
  "icon_thumbnail" : null,
  "compare_price" : 70000.0,
  "regular_price" : 59000.0
}