{
  "title" : "Tất Nam Thể Thao Bouncing",
  "vendor" : "5c482438000c695cfa6f8d22",
  "tags" : [ ],
  "options" : [ {
    "type" : "COLOR",
    "title" : "Màu sắc",
    "values" : [ "Xám phối Neon", "Trắng phối Đen", "Xanh Navy" ]
  } ],
  "images" : [ "6826032a0b61125185462a0f", "6826032a0b61125185462a10", "6826032a0b61125185462a11", "6826032a0b61125185462a12", "6826032a0b61125185462a13" ],
  "discount" : null,
  "seo_alias" : "tat-the-thao-co-ngan-compression-bouncing",
  "options_values" : [ {
    "title" : "Màu sắc",
    "type" : "COLOR",
    "options" : [ {
      "title" : "Xám phối Neon",
      "slug" : "xam-phoi-neon",
      "label" : "",
      "images" : [ "6826032b0b61125185462a14", "6826032b0b61125185462a15", "6826032b0b61125185462a16", "6826032b0b61125185462a17", "6826032b0b61125185462a18" ]
    }, {
      "title" : "Trắng phối Đen",
      "slug" : "trang-phoi-den",
      "label" : "",
      "images" : [ "6826032b0b61125185462a19", "6826032b0b61125185462a1a", "6826032b0b61125185462a1b", "6826032b0b61125185462a1c", "6826032c0b61125185462a1d" ]
    }, {
      "title" : "Xanh Navy",
      "slug" : "xanh-navy",
      "label" : "",
      "images" : [ "6826032c0b61125185462a1e", "6826032c0b61125185462a1f", "6826032c0b61125185462a20", "6826032c0b61125185462a21", "6826032c0b61125185462a22", "6826032c0b61125185462a23" ]
    } ]
  } ],
  "collection_id" : "6825e9bd8eaaa408c6aaf61f",
  "display_order" : 66,
  "youtube_video" : "",
  "coming_soon" : false,
  "display_name_open" : "Cổ ngắn",
  "gender_type" : "MALE",
  "icon_thumbnail" : null,
  "compare_price" : 69000.0,
  "regular_price" : 59000.0
}