{
  "title" : "Tất Nam Thể Thao Cushion",
  "vendor" : "5c482438000c695cfa6f8d22",
  "tags" : [ ],
  "options" : [ {
    "type" : "COLOR",
    "title" : "Màu sắc",
    "values" : [ "Đen phối Cam", "Đen phối Xanh lá", "Trắng phối Đen", "Trắng phối Neon" ]
  }, {
    "type" : "SIZE",
    "title" : "Kích thước",
    "values" : [ "39-42", "43-46" ]
  } ],
  "images" : [ "681fdf7e1f583b08bcb3ff09", "681fdf7e1f583b08bcb3ff0a", "681fdf7e1f583b08bcb3ff0b", "681fdf7e1f583b08bcb3ff0c", "681fdf7f1f583b08bcb3ff0d" ],
  "discount" : null,
  "seo_alias" : "tat-the-thao-co-dai-compression-cushion",
  "options_values" : [ {
    "title" : "Màu sắc",
    "type" : "COLOR",
    "options" : [ {
      "title" : "Đen phối Cam",
      "slug" : "den-phoi-cam",
      "label" : "",
      "images" : [ "681fdf7f1f583b08bcb3ff0e", "681fdf7f1f583b08bcb3ff0f", "681fdf7f1f583b08bcb3ff10", "681fdf7f1f583b08bcb3ff11", "681fdf7f1f583b08bcb3ff12" ]
    }, {
      "title" : "Đen phối Xanh lá",
      "slug" : "den-phoi-xanh-la",
      "label" : "",
      "images" : [ "681fdf801f583b08bcb3ff13", "681fdf801f583b08bcb3ff14", "681fdf801f583b08bcb3ff15", "681fdf801f583b08bcb3ff16", "681fdf801f583b08bcb3ff17" ]
    }, {
      "title" : "Trắng phối Đen",
      "slug" : "trang-phoi-den",
      "label" : "",
      "images" : [ "681fdf801f583b08bcb3ff18", "681fdf801f583b08bcb3ff19", "681fdf801f583b08bcb3ff1a", "681fdf801f583b08bcb3ff1b", "681fdf801f583b08bcb3ff1c" ]
    }, {
      "title" : "Trắng phối Neon",
      "slug" : "trang-phoi-neon",
      "label" : "",
      "images" : [ "681fdf801f583b08bcb3ff1d", "681fdf811f583b08bcb3ff1e", "681fdf811f583b08bcb3ff1f", "681fdf811f583b08bcb3ff20", "681fdf811f583b08bcb3ff21" ]
    } ]
  } ],
  "collection_id" : "681ca21a2a59db3110ec0b91",
  "display_order" : 128,
  "youtube_video" : "",
  "coming_soon" : false,
  "display_name_open" : "Cổ dài",
  "gender_type" : "MALE",
  "icon_thumbnail" : null,
  "compare_price" : 70000.0,
  "regular_price" : 59000.0
}