{
  "title" : "Tất Thể Thao Seamless Cổ Ngắn",
  "vendor" : "5c482438000c695cfa6f8d22",
  "tags" : [ ],
  "options" : [ {
    "type" : "COLOR",
    "title" : "Màu sắc",
    "values" : [ "Trắng", "Đen" ]
  }, {
    "type" : "SIZE",
    "title" : "Kích thước",
    "values" : [ "39-42", "43-46" ]
  } ],
  "images" : [ "682603150b611251854629b0", "682603160b611251854629b1", "682603160b611251854629b2", "682603160b611251854629b3" ],
  "discount" : null,
  "seo_alias" : "tat-the-thao-chay-bo-seamless-co-ngan",
  "options_values" : [ {
    "title" : "Màu sắc",
    "type" : "COLOR",
    "options" : [ {
      "title" : "Trắng",
      "slug" : "trang",
      "label" : "",
      "images" : [ "682603160b611251854629b4", "682603160b611251854629b5", "682603160b611251854629b6", "682603160b611251854629b7", "682603160b611251854629b8", "682603160b611251854629b9" ]
    }, {
      "title" : "Đen",
      "slug" : "den",
      "label" : "",
      "images" : [ "682603170b611251854629ba", "682603170b611251854629bb", "682603170b611251854629bc", "682603170b611251854629bd", "682603170b611251854629be", "682603170b611251854629bf" ]
    } ]
  } ],
  "collection_id" : "6825e9bd8eaaa408c6aaf61f",
  "display_order" : 1,
  "youtube_video" : "",
  "coming_soon" : false,
  "display_name_open" : "Thoáng khí",
  "gender_type" : "MALE",
  "icon_thumbnail" : null,
  "compare_price" : 69000.0,
  "regular_price" : 59000.0
}