{
  "title" : "Tất Nam Chạy Bộ Active Cổ Dài",
  "vendor" : "5c482438000c695cfa6f8d22",
  "tags" : [ ],
  "options" : [ {
    "type" : "COLOR",
    "title" : "Màu sắc",
    "values" : [ "Xám phối xanh", "Đen phối xanh lá", "Xanh Navy phối đen" ]
  }, {
    "type" : "SIZE",
    "title" : "Kích thước",
    "values" : [ "39-42", "43-46" ]
  } ],
  "images" : [ "682603190b611251854629c0", "682603190b611251854629c1", "682603190b611251854629c2", "682603190b611251854629c3", "682603190b611251854629c4" ],
  "discount" : null,
  "seo_alias" : "tat-chay-bo-co-dai-coolmate-active1",
  "options_values" : [ {
    "title" : "Màu sắc",
    "type" : "COLOR",
    "options" : [ {
      "title" : "Xám phối xanh",
      "slug" : "xam-phoi-xanh",
      "label" : "",
      "images" : [ "682603190b611251854629c5", "6826031a0b611251854629c6", "6826031a0b611251854629c7", "6826031a0b611251854629c8", "6826031a0b611251854629c9" ]
    }, {
      "title" : "Đen phối xanh lá",
      "slug" : "den-phoi-xanh-la",
      "label" : "",
      "images" : [ "6826031a0b611251854629ca", "6826031a0b611251854629cb", "6826031a0b611251854629cc", "6826031a0b611251854629cd", "6826031a0b611251854629ce" ]
    }, {
      "title" : "Xanh Navy phối đen",
      "slug" : "xanh-navy-phoi-den",
      "label" : "",
      "images" : [ "6826031b0b611251854629cf", "6826031b0b611251854629d0", "6826031b0b611251854629d1", "6826031b0b611251854629d2", "6826031b0b611251854629d3", "6826031b0b611251854629d4" ]
    } ]
  } ],
  "collection_id" : "6825e9bd8eaaa408c6aaf61f",
  "display_order" : 1,
  "youtube_video" : "",
  "coming_soon" : false,
  "display_name_open" : "Thoáng khí",
  "gender_type" : "MALE",
  "icon_thumbnail" : null,
  "compare_price" : 70000.0,
  "regular_price" : 59000.0
}