{
  "title" : "Tất bóng đá cổ cao",
  "vendor" : "5c482438000c695cfa6f8d22",
  "tags" : [ ],
  "options" : [ {
    "type" : "COLOR",
    "title" : "Màu sắc",
    "values" : [ "Đen-Trắng", "Đen-Đỏ", "Xanh" ]
  }, {
    "type" : "SIZE",
    "title" : "Kích thước",
    "values" : [ "39-42", "43-46" ]
  } ],
  "images" : [ "681fdf3f1f583b08bcb3fdfd", "681fdf3f1f583b08bcb3fdfe", "681fdf3f1f583b08bcb3fdff", "681fdf3f1f583b08bcb3fe00", "681fdf3f1f583b08bcb3fe01", "681fdf3f1f583b08bcb3fe02", "681fdf401f583b08bcb3fe03", "681fdf401f583b08bcb3fe04", "681fdf401f583b08bcb3fe05" ],
  "discount" : null,
  "seo_alias" : "tat-bong-da-co-cao",
  "options_values" : [ {
    "title" : "Màu sắc",
    "type" : "COLOR",
    "options" : [ {
      "title" : "Đen-Trắng",
      "slug" : "den-trang",
      "label" : "",
      "images" : [ "681fdf411f583b08bcb3fe06", "681fdf411f583b08bcb3fe07", "681fdf411f583b08bcb3fe08", "681fdf411f583b08bcb3fe09", "681fdf411f583b08bcb3fe0a", "681fdf411f583b08bcb3fe0b", "681fdf411f583b08bcb3fe0c", "681fdf411f583b08bcb3fe0d", "681fdf411f583b08bcb3fe0e" ]
    }, {
      "title" : "Đen-Đỏ",
      "slug" : "den-do",
      "label" : "",
      "images" : [ "681fdf411f583b08bcb3fe0f", "681fdf411f583b08bcb3fe10", "681fdf411f583b08bcb3fe11", "681fdf411f583b08bcb3fe12", "681fdf421f583b08bcb3fe13", "681fdf421f583b08bcb3fe14", "681fdf431f583b08bcb3fe15", "681fdf431f583b08bcb3fe16", "681fdf431f583b08bcb3fe17" ]
    }, {
      "title" : "Xanh",
      "slug" : "xanh",
      "label" : "",
      "images" : [ "681fdf431f583b08bcb3fe18", "681fdf441f583b08bcb3fe19", "681fdf441f583b08bcb3fe1a", "681fdf441f583b08bcb3fe1b", "681fdf441f583b08bcb3fe1c", "681fdf441f583b08bcb3fe1d", "681fdf441f583b08bcb3fe1e", "681fdf441f583b08bcb3fe1f", "681fdf441f583b08bcb3fe20" ]
    } ]
  } ],
  "collection_id" : "681ca21a2a59db3110ec0b91",
  "display_order" : 321,
  "youtube_video" : "",
  "coming_soon" : false,
  "display_name_open" : "Thoáng khí",
  "gender_type" : "MALE",
  "icon_thumbnail" : null,
  "compare_price" : 60000.0,
  "regular_price" : 60000.0
}