{
  "title" : "Tất Nam Thể Thao Techfit",
  "vendor" : "5c482438000c695cfa6f8d22",
  "tags" : [ ],
  "options" : [ {
    "type" : "COLOR",
    "title" : "Màu sắc",
    "values" : [ "Xanh lá", "Trắng", "Đen", "Xanh Aqua", "Xám", "Xanh Navy phối Neon" ]
  } ],
  "images" : [ "681fdeec1f583b08bcb3fc7e", "681fdeed1f583b08bcb3fc7f", "681fdeed1f583b08bcb3fc80", "681fdeed1f583b08bcb3fc81", "681fdeed1f583b08bcb3fc82", "681fdeed1f583b08bcb3fc83", "681fdeed1f583b08bcb3fc84", "681fdeed1f583b08bcb3fc85", "681fdeee1f583b08bcb3fc86", "681fdeee1f583b08bcb3fc87", "681fdeee1f583b08bcb3fc88" ],
  "discount" : null,
  "seo_alias" : "tat-the-thao-co-ngan-compression-techfit",
  "options_values" : [ {
    "title" : "Màu sắc",
    "type" : "COLOR",
    "options" : [ {
      "title" : "Xanh lá",
      "slug" : "xanh-la",
      "label" : "",
      "images" : [ "681fdeee1f583b08bcb3fc89", "681fdeee1f583b08bcb3fc8a", "681fdeee1f583b08bcb3fc8b", "681fdeee1f583b08bcb3fc8c", "681fdeee1f583b08bcb3fc8d", "681fdeee1f583b08bcb3fc8e", "681fdeee1f583b08bcb3fc8f", "681fdeee1f583b08bcb3fc90", "681fdeef1f583b08bcb3fc91", "681fdeef1f583b08bcb3fc92", "681fdeef1f583b08bcb3fc93" ]
    }, {
      "title" : "Trắng",
      "slug" : "trang",
      "label" : "",
      "images" : [ "681fdeef1f583b08bcb3fc94", "681fdeef1f583b08bcb3fc95", "681fdef01f583b08bcb3fc96", "681fdef01f583b08bcb3fc97", "681fdef01f583b08bcb3fc98", "681fdef01f583b08bcb3fc99", "681fdef01f583b08bcb3fc9a", "681fdef01f583b08bcb3fc9b", "681fdef01f583b08bcb3fc9c", "681fdef01f583b08bcb3fc9d", "681fdef01f583b08bcb3fc9e" ]
    }, {
      "title" : "Đen",
      "slug" : "den",
      "label" : "",
      "images" : [ "681fdef11f583b08bcb3fc9f", "681fdef11f583b08bcb3fca0", "681fdef11f583b08bcb3fca1", "681fdef11f583b08bcb3fca2", "681fdef11f583b08bcb3fca3", "681fdef11f583b08bcb3fca4", "681fdef11f583b08bcb3fca5", "681fdef11f583b08bcb3fca6", "681fdef11f583b08bcb3fca7", "681fdef11f583b08bcb3fca8", "681fdef11f583b08bcb3fca9" ]
    }, {
      "title" : "Xanh Aqua",
      "slug" : "xanh-aqua",
      "label" : "",
      "images" : [ "681fdef11f583b08bcb3fcaa", "681fdef11f583b08bcb3fcab", "681fdef21f583b08bcb3fcac", "681fdef21f583b08bcb3fcad", "681fdef21f583b08bcb3fcae", "681fdef21f583b08bcb3fcaf", "681fdef21f583b08bcb3fcb0", "681fdef31f583b08bcb3fcb1", "681fdef31f583b08bcb3fcb2", "681fdef31f583b08bcb3fcb3", "681fdef31f583b08bcb3fcb4" ]
    }, {
      "title" : "Xám",
      "slug" : "xam",
      "label" : "",
      "images" : [ "681fdef31f583b08bcb3fcb5", "681fdef31f583b08bcb3fcb6", "681fdef41f583b08bcb3fcb7", "681fdef41f583b08bcb3fcb8", "681fdef41f583b08bcb3fcb9", "681fdef41f583b08bcb3fcba", "681fdef41f583b08bcb3fcbb", "681fdef41f583b08bcb3fcbc", "681fdef41f583b08bcb3fcbd", "681fdef41f583b08bcb3fcbe", "681fdef41f583b08bcb3fcbf" ]
    }, {
      "title" : "Xanh Navy phối Neon",
      "slug" : "xanh-navy-phoi-neon",
      "label" : "",
      "images" : [ "681fdef41f583b08bcb3fcc0", "681fdef51f583b08bcb3fcc1", "681fdef51f583b08bcb3fcc2", "681fdef51f583b08bcb3fcc3", "681fdef51f583b08bcb3fcc4", "681fdef51f583b08bcb3fcc5", "681fdef51f583b08bcb3fcc6", "681fdef51f583b08bcb3fcc7", "681fdef51f583b08bcb3fcc8", "681fdef51f583b08bcb3fcc9", "681fdef51f583b08bcb3fcca" ]
    } ]
  } ],
  "collection_id" : "681ca21a2a59db3110ec0b91",
  "display_order" : 2,
  "youtube_video" : "",
  "coming_soon" : false,
  "display_name_open" : "Cổ ngắn",
  "gender_type" : "MALE",
  "icon_thumbnail" : null,
  "compare_price" : 49000.0,
  "regular_price" : 39000.0
}