{
  "title" : "Tất bóng đá cổ cao",
  "vendor" : "5c482438000c695cfa6f8d22",
  "tags" : [ ],
  "options" : [ {
    "type" : "COLOR",
    "title" : "Màu sắc",
    "values" : [ "Đen-Trắng", "Đen-Đỏ", "Xanh" ]
  }, {
    "type" : "SIZE",
    "title" : "Kích thước",
    "values" : [ "39-42", "43-46" ]
  } ],
  "images" : [ "682602fb0b61125185462920", "682602fb0b61125185462921", "682602fc0b61125185462922", "682602fc0b61125185462923", "682602fc0b61125185462924", "682602fc0b61125185462925", "682602fc0b61125185462926", "682602fc0b61125185462927", "682602fc0b61125185462928" ],
  "discount" : null,
  "seo_alias" : "tat-bong-da-co-cao",
  "options_values" : [ {
    "title" : "Màu sắc",
    "type" : "COLOR",
    "options" : [ {
      "title" : "Đen-Trắng",
      "slug" : "den-trang",
      "label" : "",
      "images" : [ "682602fc0b61125185462929", "682602fc0b6112518546292a", "682602fc0b6112518546292b", "682602fc0b6112518546292c", "682602fd0b6112518546292d", "682602fd0b6112518546292e", "682602fd0b6112518546292f" ]
    }, {
      "title" : "Đen-Đỏ",
      "slug" : "den-do",
      "label" : "",
      "images" : [ "682602fd0b61125185462930", "682602fd0b61125185462931", "682602fd0b61125185462932", "682602fd0b61125185462933", "682602fd0b61125185462934", "682602fd0b61125185462935", "682602fd0b61125185462936" ]
    }, {
      "title" : "Xanh",
      "slug" : "xanh",
      "label" : "",
      "images" : [ "682602fd0b61125185462937", "682602fd0b61125185462938", "682602fe0b61125185462939", "682602fe0b6112518546293a", "682602fe0b6112518546293b", "682602fe0b6112518546293c", "682602fe0b6112518546293d" ]
    } ]
  } ],
  "collection_id" : "6825e9bd8eaaa408c6aaf61f",
  "display_order" : 321,
  "youtube_video" : "",
  "coming_soon" : false,
  "display_name_open" : "Thoáng khí",
  "gender_type" : "MALE",
  "icon_thumbnail" : null,
  "compare_price" : 60000.0,
  "regular_price" : 60000.0
}