{
  "title" : "Áo Tank Yoga Slimfit",
  "vendor" : "5c482438000c695cfa6f8d22",
  "tags" : [ "NEW" ],
  "options" : [ {
    "type" : "COLOR",
    "title" : "Màu sắc",
    "values" : [ "Đen", "Xanh Colony" ]
  }, {
    "type" : "SIZE",
    "title" : "Kích thước",
    "values" : [ "XS", "S", "M", "L", "XL" ]
  } ],
  "images" : [ "6825fa6b0b61125185461241", "6825fa6b0b61125185461242", "6825fa6b0b61125185461243", "6825fa6c0b61125185461244", "6825fa6c0b61125185461245", "6825fa6c0b61125185461246" ],
  "discount" : null,
  "seo_alias" : "ao-tank-yoga-slim-fit",
  "options_values" : [ {
    "title" : "Màu sắc",
    "type" : "COLOR",
    "options" : [ {
      "title" : "Đen",
      "slug" : "den",
      "label" : "",
      "images" : [ "6825fa6c0b61125185461247", "6825fa6c0b61125185461248", "6825fa6c0b61125185461249", "6825fa6c0b6112518546124a", "6825fa6c0b6112518546124b", "6825fa6c0b6112518546124c", "6825fa6c0b6112518546124d" ]
    }, {
      "title" : "Xanh Colony",
      "slug" : "xanh-colony",
      "label" : "",
      "images" : [ "6825fa6d0b6112518546124e", "6825fa6d0b6112518546124f", "6825fa6d0b61125185461250", "6825fa6d0b61125185461251", "6825fa6d0b61125185461252" ]
    } ]
  } ],
  "collection_id" : "6825e9858eaaa408c6aaf61a",
  "display_order" : 1,
  "youtube_video" : "",
  "coming_soon" : false,
  "display_name_open" : "",
  "gender_type" : "FEMALE",
  "icon_thumbnail" : null,
  "compare_price" : 299000.0,
  "regular_price" : 299000.0
}