{
  "title" : "Áo Singlet thể thao nữ co giãn Slim Tee",
  "vendor" : "5c482438000c695cfa6f8d22",
  "tags" : [ "NEW" ],
  "options" : [ {
    "type" : "COLOR",
    "title" : "Màu sắc",
    "values" : [ "Xám Northern Droplet", "Đen", "Cam hồng Camelia" ]
  }, {
    "type" : "SIZE",
    "title" : "Size",
    "values" : [ "XS", "S", "M", "L", "XL" ]
  } ],
  "images" : [ "6825fa880b611251854612c5", "6825fa880b611251854612c6", "6825fa890b611251854612c7", "6825fa890b611251854612c8", "6825fa890b611251854612c9", "6825fa890b611251854612ca", "6825fa890b611251854612cb", "6825fa890b611251854612cc", "6825fa890b611251854612cd", "6825fa890b611251854612ce", "6825fa890b611251854612cf", "6825fa8a0b611251854612d0", "6825fa8a0b611251854612d1", "6825fa8a0b611251854612d2", "6825fa8a0b611251854612d3", "6825fa8a0b611251854612d4", "6825fa8a0b611251854612d5", "6825fa8a0b611251854612d6", "6825fa8a0b611251854612d7", "6825fa8a0b611251854612d8" ],
  "discount" : null,
  "seo_alias" : "ao-singlet-the-thao-nu-co-gian-slim-tee",
  "options_values" : [ {
    "title" : "Màu sắc",
    "type" : "COLOR",
    "options" : [ {
      "title" : "Xám Northern Droplet",
      "slug" : "xam-northern-droplet",
      "label" : "",
      "images" : [ "6825fa8a0b611251854612d9", "6825fa8b0b611251854612da", "6825fa8b0b611251854612db", "6825fa8b0b611251854612dc", "6825fa8b0b611251854612dd", "6825fa8b0b611251854612de", "6825fa8b0b611251854612df" ]
    }, {
      "title" : "Đen",
      "slug" : "den",
      "label" : "",
      "images" : [ "6825fa8b0b611251854612e0", "6825fa8b0b611251854612e1", "6825fa8b0b611251854612e2", "6825fa8b0b611251854612e3", "6825fa8c0b611251854612e4", "6825fa8c0b611251854612e5", "6825fa8c0b611251854612e6" ]
    }, {
      "title" : "Cam hồng Camelia",
      "slug" : "cam-hong-camelia",
      "label" : "",
      "images" : [ "6825fa8c0b611251854612e7", "6825fa8c0b611251854612e8", "6825fa8c0b611251854612e9", "6825fa8c0b611251854612ea", "6825fa8c0b611251854612eb", "6825fa8d0b611251854612ec" ]
    } ]
  } ],
  "collection_id" : "6825e9858eaaa408c6aaf61a",
  "display_order" : 1,
  "youtube_video" : "",
  "coming_soon" : false,
  "display_name_open" : "ExDry - Co giãn",
  "gender_type" : "FEMALE",
  "icon_thumbnail" : null,
  "compare_price" : 199000.0,
  "regular_price" : 199000.0
}