{
  "title" : "Áo Crop top Tank nữ Chạy bộ khoá zip",
  "vendor" : "5c482438000c695cfa6f8d22",
  "tags" : [ "NEW" ],
  "options" : [ {
    "type" : "COLOR",
    "title" : "Màu sắc",
    "values" : [ "Vàng Pineapple", "Đen" ]
  }, {
    "type" : "SIZE",
    "title" : "Size",
    "values" : [ "XS", "S", "M", "L", "XL" ]
  } ],
  "images" : [ "6825fa580b611251854611e7", "6825fa580b611251854611e8", "6825fa580b611251854611e9", "6825fa580b611251854611ea", "6825fa580b611251854611eb", "6825fa580b611251854611ec", "6825fa580b611251854611ed", "6825fa580b611251854611ee", "6825fa590b611251854611ef", "6825fa590b611251854611f0", "6825fa590b611251854611f1", "6825fa590b611251854611f2", "6825fa590b611251854611f3" ],
  "discount" : null,
  "seo_alias" : "ao-crop-top-tank-nu-chay-bo-khoa-zip",
  "options_values" : [ {
    "title" : "Màu sắc",
    "type" : "COLOR",
    "options" : [ {
      "title" : "Vàng Pineapple",
      "slug" : "vang-pineapple",
      "label" : "",
      "images" : [ "6825fa590b611251854611f4", "6825fa590b611251854611f5", "6825fa590b611251854611f6", "6825fa590b611251854611f7", "6825fa5a0b611251854611f8", "6825fa5a0b611251854611f9" ]
    }, {
      "title" : "Đen",
      "slug" : "den",
      "label" : "",
      "images" : [ "6825fa5a0b611251854611fa", "6825fa5a0b611251854611fb", "6825fa5a0b611251854611fc", "6825fa5a0b611251854611fd", "6825fa5a0b611251854611fe", "6825fa5a0b611251854611ff", "6825fa5a0b61125185461200" ]
    } ]
  } ],
  "collection_id" : "6825e9858eaaa408c6aaf61a",
  "display_order" : 0,
  "youtube_video" : "",
  "coming_soon" : false,
  "display_name_open" : "",
  "gender_type" : "FEMALE",
  "icon_thumbnail" : null,
  "compare_price" : 599000.0,
  "regular_price" : 539000.0
}