{
  "title" : "Áo Tank Bra thể thao nữ Aspire Ribbed",
  "vendor" : "5c482438000c695cfa6f8d22",
  "tags" : [ "NEW" ],
  "options" : [ {
    "type" : "COLOR",
    "title" : "Màu sắc",
    "values" : [ "Nâu Mocha", "Cam Flamingo", "Be Egret", "Đen" ]
  }, {
    "type" : "SIZE",
    "title" : "Size",
    "values" : [ "XS", "S", "M", "L", "XL" ]
  } ],
  "images" : [ "6825fa800b611251854612a1", "6825fa800b611251854612a2", "6825fa800b611251854612a3", "6825fa810b611251854612a4", "6825fa810b611251854612a5", "6825fa810b611251854612a6", "6825fa810b611251854612a7", "6825fa810b611251854612a8", "6825fa810b611251854612a9", "6825fa810b611251854612aa", "6825fa810b611251854612ab", "6825fa820b611251854612ac", "6825fa820b611251854612ad", "6825fa820b611251854612ae", "6825fa820b611251854612af", "6825fa820b611251854612b0", "6825fa830b611251854612b1", "6825fa830b611251854612b2" ],
  "discount" : null,
  "seo_alias" : "ao-tank-bra-the-thao-nu-aspire-ribbed",
  "options_values" : [ {
    "title" : "Màu sắc",
    "type" : "COLOR",
    "options" : [ {
      "title" : "Nâu Mocha",
      "slug" : "nau-mocha",
      "label" : "",
      "images" : [ "6825fa830b611251854612b3", "6825fa830b611251854612b4", "6825fa830b611251854612b5", "6825fa830b611251854612b6", "6825fa830b611251854612b7" ]
    }, {
      "title" : "Cam Flamingo",
      "slug" : "cam-flamingo",
      "label" : "",
      "images" : [ "6825fa830b611251854612b8", "6825fa830b611251854612b9", "6825fa840b611251854612ba" ]
    }, {
      "title" : "Be Egret",
      "slug" : "be-egret",
      "label" : "",
      "images" : [ "6825fa840b611251854612bb", "6825fa840b611251854612bc", "6825fa840b611251854612bd", "6825fa840b611251854612be", "6825fa840b611251854612bf" ]
    }, {
      "title" : "Đen",
      "slug" : "den",
      "label" : "",
      "images" : [ "6825fa840b611251854612c0", "6825fa850b611251854612c1", "6825fa850b611251854612c2", "6825fa850b611251854612c3", "6825fa850b611251854612c4" ]
    } ]
  } ],
  "collection_id" : "6825e9858eaaa408c6aaf61a",
  "display_order" : 1,
  "youtube_video" : "",
  "coming_soon" : false,
  "display_name_open" : "",
  "gender_type" : "FEMALE",
  "icon_thumbnail" : null,
  "compare_price" : 399000.0,
  "regular_price" : 399000.0
}