[{
  "_id": "682603af1bd0a01c950acbf2",
  "product_id": "682603af213ef202c0fd2023",
  "title": "Trắng",
  "regular_price": 89000,
  "compare_price": 89000,
  "sku": "SKU-682603AF213EF202C0FD2023-COLOR-TRẮNG",
  "quantity": 0,
  "options": {
    "COLOR": "Trắng"
  },
  "product_allow_buy_when_clocked": false,
  "product_exclude_discount": false,
  "product_apply_allowance_inventory": false,
  "pending": 0,
  "product_visibility": true,
  "is_delete": false,
  "is_lock": false,
  "createAt": {
    "$date": "2025-05-15T15:09:35.685Z"
  },
  "updateAt": {
    "$date": "2025-05-15T15:09:35.685Z"
  },
  "_class": "com.lamnguyen.inventory_service.model.VariantProduct"
},
{
  "_id": "682603b31bd0a01c950acbf3",
  "product_id": "682603b3213ef202c0fd2024",
  "title": "Cam",
  "regular_price": 79000,
  "compare_price": 79000,
  "sku": "SKU-682603B3213EF202C0FD2024-COLOR-CAM",
  "quantity": 0,
  "options": {
    "COLOR": "Cam"
  },
  "product_allow_buy_when_clocked": false,
  "product_exclude_discount": false,
  "product_apply_allowance_inventory": false,
  "pending": 0,
  "product_visibility": true,
  "is_delete": false,
  "is_lock": false,
  "createAt": {
    "$date": "2025-05-15T15:09:39.727Z"
  },
  "updateAt": {
    "$date": "2025-05-15T15:09:39.727Z"
  },
  "_class": "com.lamnguyen.inventory_service.model.VariantProduct"
},
{
  "_id": "682603b31bd0a01c950acbf4",
  "product_id": "682603b3213ef202c0fd2024",
  "title": "Hồng",
  "regular_price": 79000,
  "compare_price": 79000,
  "sku": "SKU-682603B3213EF202C0FD2024-COLOR-HỒNG",
  "quantity": 0,
  "options": {
    "COLOR": "Hồng"
  },
  "product_allow_buy_when_clocked": false,
  "product_exclude_discount": false,
  "product_apply_allowance_inventory": false,
  "pending": 0,
  "product_visibility": true,
  "is_delete": false,
  "is_lock": false,
  "createAt": {
    "$date": "2025-05-15T15:09:39.796Z"
  },
  "updateAt": {
    "$date": "2025-05-15T15:09:39.796Z"
  },
  "_class": "com.lamnguyen.inventory_service.model.VariantProduct"
},
{
  "_id": "682603b31bd0a01c950acbf5",
  "product_id": "682603b3213ef202c0fd2024",
  "title": "Tím",
  "regular_price": 79000,
  "compare_price": 79000,
  "sku": "SKU-682603B3213EF202C0FD2024-COLOR-TÍM",
  "quantity": 0,
  "options": {
    "COLOR": "Tím"
  },
  "product_allow_buy_when_clocked": false,
  "product_exclude_discount": false,
  "product_apply_allowance_inventory": false,
  "pending": 0,
  "product_visibility": true,
  "is_delete": false,
  "is_lock": false,
  "createAt": {
    "$date": "2025-05-15T15:09:39.873Z"
  },
  "updateAt": {
    "$date": "2025-05-15T15:09:39.873Z"
  },
  "_class": "com.lamnguyen.inventory_service.model.VariantProduct"
},
{
  "_id": "682603b31bd0a01c950acbf6",
  "product_id": "682603b3213ef202c0fd2024",
  "title": "Đen",
  "regular_price": 79000,
  "compare_price": 79000,
  "sku": "SKU-682603B3213EF202C0FD2024-COLOR-ĐEN",
  "quantity": 0,
  "options": {
    "COLOR": "Đen"
  },
  "product_allow_buy_when_clocked": false,
  "product_exclude_discount": false,
  "product_apply_allowance_inventory": false,
  "pending": 0,
  "product_visibility": true,
  "is_delete": false,
  "is_lock": false,
  "createAt": {
    "$date": "2025-05-15T15:09:39.949Z"
  },
  "updateAt": {
    "$date": "2025-05-15T15:09:39.949Z"
  },
  "_class": "com.lamnguyen.inventory_service.model.VariantProduct"
},
{
  "_id": "682603c31bd0a01c950acbf7",
  "product_id": "682603c3213ef202c0fd2026",
  "title": "Hồng",
  "regular_price": 59000,
  "compare_price": 59000,
  "sku": "SKU-682603C3213EF202C0FD2026-COLOR-HỒNG",
  "quantity": 0,
  "options": {
    "COLOR": "Hồng"
  },
  "product_allow_buy_when_clocked": false,
  "product_exclude_discount": false,
  "product_apply_allowance_inventory": false,
  "pending": 0,
  "product_visibility": true,
  "is_delete": false,
  "is_lock": false,
  "createAt": {
    "$date": "2025-05-15T15:09:55.317Z"
  },
  "updateAt": {
    "$date": "2025-05-15T15:09:55.317Z"
  },
  "_class": "com.lamnguyen.inventory_service.model.VariantProduct"
},
{
  "_id": "682603c31bd0a01c950acbf8",
  "product_id": "682603c3213ef202c0fd2026",
  "title": "Tím",
  "regular_price": 59000,
  "compare_price": 59000,
  "sku": "SKU-682603C3213EF202C0FD2026-COLOR-TÍM",
  "quantity": 0,
  "options": {
    "COLOR": "Tím"
  },
  "product_allow_buy_when_clocked": false,
  "product_exclude_discount": false,
  "product_apply_allowance_inventory": false,
  "pending": 0,
  "product_visibility": true,
  "is_delete": false,
  "is_lock": false,
  "createAt": {
    "$date": "2025-05-15T15:09:55.386Z"
  },
  "updateAt": {
    "$date": "2025-05-15T15:09:55.386Z"
  },
  "_class": "com.lamnguyen.inventory_service.model.VariantProduct"
},
{
  "_id": "682603c31bd0a01c950acbf9",
  "product_id": "682603c3213ef202c0fd2026",
  "title": "Trắng",
  "regular_price": 59000,
  "compare_price": 59000,
  "sku": "SKU-682603C3213EF202C0FD2026-COLOR-TRẮNG",
  "quantity": 0,
  "options": {
    "COLOR": "Trắng"
  },
  "product_allow_buy_when_clocked": false,
  "product_exclude_discount": false,
  "product_apply_allowance_inventory": false,
  "pending": 0,
  "product_visibility": true,
  "is_delete": false,
  "is_lock": false,
  "createAt": {
    "$date": "2025-05-15T15:09:55.456Z"
  },
  "updateAt": {
    "$date": "2025-05-15T15:09:55.456Z"
  },
  "_class": "com.lamnguyen.inventory_service.model.VariantProduct"
},
{
  "_id": "682603c31bd0a01c950acbfa",
  "product_id": "682603c3213ef202c0fd2026",
  "title": "Đen",
  "regular_price": 59000,
  "compare_price": 59000,
  "sku": "SKU-682603C3213EF202C0FD2026-COLOR-ĐEN",
  "quantity": 0,
  "options": {
    "COLOR": "Đen"
  },
  "product_allow_buy_when_clocked": false,
  "product_exclude_discount": false,
  "product_apply_allowance_inventory": false,
  "pending": 0,
  "product_visibility": true,
  "is_delete": false,
  "is_lock": false,
  "createAt": {
    "$date": "2025-05-15T15:09:55.526Z"
  },
  "updateAt": {
    "$date": "2025-05-15T15:09:55.526Z"
  },
  "_class": "com.lamnguyen.inventory_service.model.VariantProduct"
},
{
  "_id": "682603c41bd0a01c950acbfb",
  "product_id": "682603c4213ef202c0fd2027",
  "title": "Trắng",
  "regular_price": 59000,
  "compare_price": 59000,
  "sku": "SKU-682603C4213EF202C0FD2027-COLOR-TRẮNG",
  "quantity": 0,
  "options": {
    "COLOR": "Trắng"
  },
  "product_allow_buy_when_clocked": false,
  "product_exclude_discount": false,
  "product_apply_allowance_inventory": false,
  "pending": 0,
  "product_visibility": true,
  "is_delete": false,
  "is_lock": false,
  "createAt": {
    "$date": "2025-05-15T15:09:56.409Z"
  },
  "updateAt": {
    "$date": "2025-05-15T15:09:56.409Z"
  },
  "_class": "com.lamnguyen.inventory_service.model.VariantProduct"
},
{
  "_id": "682603c81bd0a01c950acbfc",
  "product_id": "682603c8213ef202c0fd2028",
  "title": "Trắng",
  "regular_price": 59000,
  "compare_price": 59000,
  "sku": "SKU-682603C8213EF202C0FD2028-COLOR-TRẮNG",
  "quantity": 0,
  "options": {
    "COLOR": "Trắng"
  },
  "product_allow_buy_when_clocked": false,
  "product_exclude_discount": false,
  "product_apply_allowance_inventory": false,
  "pending": 0,
  "product_visibility": true,
  "is_delete": false,
  "is_lock": false,
  "createAt": {
    "$date": "2025-05-15T15:10:00.651Z"
  },
  "updateAt": {
    "$date": "2025-05-15T15:10:00.651Z"
  },
  "_class": "com.lamnguyen.inventory_service.model.VariantProduct"
},
{
  "_id": "682603c81bd0a01c950acbfd",
  "product_id": "682603c8213ef202c0fd2028",
  "title": "Xám",
  "regular_price": 59000,
  "compare_price": 59000,
  "sku": "SKU-682603C8213EF202C0FD2028-COLOR-XÁM",
  "quantity": 0,
  "options": {
    "COLOR": "Xám"
  },
  "product_allow_buy_when_clocked": false,
  "product_exclude_discount": false,
  "product_apply_allowance_inventory": false,
  "pending": 0,
  "product_visibility": true,
  "is_delete": false,
  "is_lock": false,
  "createAt": {
    "$date": "2025-05-15T15:10:00.721Z"
  },
  "updateAt": {
    "$date": "2025-05-15T15:10:00.721Z"
  },
  "_class": "com.lamnguyen.inventory_service.model.VariantProduct"
},
{
  "_id": "682603c81bd0a01c950acbfe",
  "product_id": "682603c8213ef202c0fd2028",
  "title": "Hồng",
  "regular_price": 59000,
  "compare_price": 59000,
  "sku": "SKU-682603C8213EF202C0FD2028-COLOR-HỒNG",
  "quantity": 0,
  "options": {
    "COLOR": "Hồng"
  },
  "product_allow_buy_when_clocked": false,
  "product_exclude_discount": false,
  "product_apply_allowance_inventory": false,
  "pending": 0,
  "product_visibility": true,
  "is_delete": false,
  "is_lock": false,
  "createAt": {
    "$date": "2025-05-15T15:10:00.790Z"
  },
  "updateAt": {
    "$date": "2025-05-15T15:10:00.790Z"
  },
  "_class": "com.lamnguyen.inventory_service.model.VariantProduct"
},
{
  "_id": "682603c81bd0a01c950acbff",
  "product_id": "682603c8213ef202c0fd2028",
  "title": "Đen",
  "regular_price": 59000,
  "compare_price": 59000,
  "sku": "SKU-682603C8213EF202C0FD2028-COLOR-ĐEN",
  "quantity": 0,
  "options": {
    "COLOR": "Đen"
  },
  "product_allow_buy_when_clocked": false,
  "product_exclude_discount": false,
  "product_apply_allowance_inventory": false,
  "pending": 0,
  "product_visibility": true,
  "is_delete": false,
  "is_lock": false,
  "createAt": {
    "$date": "2025-05-15T15:10:00.865Z"
  },
  "updateAt": {
    "$date": "2025-05-15T15:10:00.865Z"
  },
  "_class": "com.lamnguyen.inventory_service.model.VariantProduct"
},
{
  "_id": "682603ca1bd0a01c950acc00",
  "product_id": "682603ca213ef202c0fd2029",
  "title": "Vàng - Vàng",
  "regular_price": 159000,
  "compare_price": 159000,
  "sku": "SKU-682603CA213EF202C0FD2029-COLOR-VÀNG - VÀNG",
  "quantity": 0,
  "options": {
    "COLOR": "Vàng - Vàng"
  },
  "product_allow_buy_when_clocked": false,
  "product_exclude_discount": false,
  "product_apply_allowance_inventory": false,
  "pending": 0,
  "product_visibility": true,
  "is_delete": false,
  "is_lock": false,
  "createAt": {
    "$date": "2025-05-15T15:10:02.878Z"
  },
  "updateAt": {
    "$date": "2025-05-15T15:10:02.878Z"
  },
  "_class": "com.lamnguyen.inventory_service.model.VariantProduct"
}]