[{
  "_id": "6826061b1bd0a01c950ace42",
  "product_id": "6826061b213ef202c0fd2052",
  "title": "29-Xanh wash",
  "regular_price": 439000,
  "compare_price": 499000,
  "sku": "SKU-6826061B213EF202C0FD2052-SIZE-29-COLOR-XANH WASH",
  "quantity": 0,
  "options": {
    "SIZE": "29",
    "COLOR": "Xanh wash"
  },
  "product_allow_buy_when_clocked": false,
  "product_exclude_discount": false,
  "product_apply_allowance_inventory": false,
  "pending": 0,
  "product_visibility": true,
  "is_delete": false,
  "is_lock": false,
  "createAt": {
    "$date": "2025-05-15T15:19:55.469Z"
  },
  "updateAt": {
    "$date": "2025-05-15T15:19:55.469Z"
  },
  "_class": "com.lamnguyen.inventory_service.model.VariantProduct"
},
{
  "_id": "6826061b1bd0a01c950ace43",
  "product_id": "6826061b213ef202c0fd2052",
  "title": "30-Xanh wash",
  "regular_price": 439000,
  "compare_price": 499000,
  "sku": "SKU-6826061B213EF202C0FD2052-SIZE-30-COLOR-XANH WASH",
  "quantity": 0,
  "options": {
    "SIZE": "30",
    "COLOR": "Xanh wash"
  },
  "product_allow_buy_when_clocked": false,
  "product_exclude_discount": false,
  "product_apply_allowance_inventory": false,
  "pending": 0,
  "product_visibility": true,
  "is_delete": false,
  "is_lock": false,
  "createAt": {
    "$date": "2025-05-15T15:19:55.575Z"
  },
  "updateAt": {
    "$date": "2025-05-15T15:19:55.575Z"
  },
  "_class": "com.lamnguyen.inventory_service.model.VariantProduct"
},
{
  "_id": "6826061b1bd0a01c950ace44",
  "product_id": "6826061b213ef202c0fd2052",
  "title": "31-Xanh wash",
  "regular_price": 439000,
  "compare_price": 499000,
  "sku": "SKU-6826061B213EF202C0FD2052-SIZE-31-COLOR-XANH WASH",
  "quantity": 0,
  "options": {
    "SIZE": "31",
    "COLOR": "Xanh wash"
  },
  "product_allow_buy_when_clocked": false,
  "product_exclude_discount": false,
  "product_apply_allowance_inventory": false,
  "pending": 0,
  "product_visibility": true,
  "is_delete": false,
  "is_lock": false,
  "createAt": {
    "$date": "2025-05-15T15:19:55.656Z"
  },
  "updateAt": {
    "$date": "2025-05-15T15:19:55.656Z"
  },
  "_class": "com.lamnguyen.inventory_service.model.VariantProduct"
},
{
  "_id": "6826061b1bd0a01c950ace45",
  "product_id": "6826061b213ef202c0fd2052",
  "title": "32-Xanh wash",
  "regular_price": 439000,
  "compare_price": 499000,
  "sku": "SKU-6826061B213EF202C0FD2052-SIZE-32-COLOR-XANH WASH",
  "quantity": 0,
  "options": {
    "SIZE": "32",
    "COLOR": "Xanh wash"
  },
  "product_allow_buy_when_clocked": false,
  "product_exclude_discount": false,
  "product_apply_allowance_inventory": false,
  "pending": 0,
  "product_visibility": true,
  "is_delete": false,
  "is_lock": false,
  "createAt": {
    "$date": "2025-05-15T15:19:55.735Z"
  },
  "updateAt": {
    "$date": "2025-05-15T15:19:55.735Z"
  },
  "_class": "com.lamnguyen.inventory_service.model.VariantProduct"
},
{
  "_id": "6826061b1bd0a01c950ace46",
  "product_id": "6826061b213ef202c0fd2052",
  "title": "33-Xanh wash",
  "regular_price": 439000,
  "compare_price": 499000,
  "sku": "SKU-6826061B213EF202C0FD2052-SIZE-33-COLOR-XANH WASH",
  "quantity": 0,
  "options": {
    "SIZE": "33",
    "COLOR": "Xanh wash"
  },
  "product_allow_buy_when_clocked": false,
  "product_exclude_discount": false,
  "product_apply_allowance_inventory": false,
  "pending": 0,
  "product_visibility": true,
  "is_delete": false,
  "is_lock": false,
  "createAt": {
    "$date": "2025-05-15T15:19:55.806Z"
  },
  "updateAt": {
    "$date": "2025-05-15T15:19:55.806Z"
  },
  "_class": "com.lamnguyen.inventory_service.model.VariantProduct"
},
{
  "_id": "6826061b1bd0a01c950ace47",
  "product_id": "6826061b213ef202c0fd2052",
  "title": "29-Xanh nhạt",
  "regular_price": 439000,
  "compare_price": 499000,
  "sku": "SKU-6826061B213EF202C0FD2052-SIZE-29-COLOR-XANH NHẠT",
  "quantity": 0,
  "options": {
    "SIZE": "29",
    "COLOR": "Xanh nhạt"
  },
  "product_allow_buy_when_clocked": false,
  "product_exclude_discount": false,
  "product_apply_allowance_inventory": false,
  "pending": 0,
  "product_visibility": true,
  "is_delete": false,
  "is_lock": false,
  "createAt": {
    "$date": "2025-05-15T15:19:55.888Z"
  },
  "updateAt": {
    "$date": "2025-05-15T15:19:55.888Z"
  },
  "_class": "com.lamnguyen.inventory_service.model.VariantProduct"
},
{
  "_id": "6826061b1bd0a01c950ace48",
  "product_id": "6826061b213ef202c0fd2052",
  "title": "30-Xanh nhạt",
  "regular_price": 439000,
  "compare_price": 499000,
  "sku": "SKU-6826061B213EF202C0FD2052-SIZE-30-COLOR-XANH NHẠT",
  "quantity": 0,
  "options": {
    "SIZE": "30",
    "COLOR": "Xanh nhạt"
  },
  "product_allow_buy_when_clocked": false,
  "product_exclude_discount": false,
  "product_apply_allowance_inventory": false,
  "pending": 0,
  "product_visibility": true,
  "is_delete": false,
  "is_lock": false,
  "createAt": {
    "$date": "2025-05-15T15:19:55.975Z"
  },
  "updateAt": {
    "$date": "2025-05-15T15:19:55.975Z"
  },
  "_class": "com.lamnguyen.inventory_service.model.VariantProduct"
},
{
  "_id": "6826061c1bd0a01c950ace49",
  "product_id": "6826061b213ef202c0fd2052",
  "title": "31-Xanh nhạt",
  "regular_price": 439000,
  "compare_price": 499000,
  "sku": "SKU-6826061B213EF202C0FD2052-SIZE-31-COLOR-XANH NHẠT",
  "quantity": 0,
  "options": {
    "SIZE": "31",
    "COLOR": "Xanh nhạt"
  },
  "product_allow_buy_when_clocked": false,
  "product_exclude_discount": false,
  "product_apply_allowance_inventory": false,
  "pending": 0,
  "product_visibility": true,
  "is_delete": false,
  "is_lock": false,
  "createAt": {
    "$date": "2025-05-15T15:19:56.062Z"
  },
  "updateAt": {
    "$date": "2025-05-15T15:19:56.062Z"
  },
  "_class": "com.lamnguyen.inventory_service.model.VariantProduct"
},
{
  "_id": "6826061c1bd0a01c950ace4a",
  "product_id": "6826061b213ef202c0fd2052",
  "title": "32-Xanh nhạt",
  "regular_price": 439000,
  "compare_price": 499000,
  "sku": "SKU-6826061B213EF202C0FD2052-SIZE-32-COLOR-XANH NHẠT",
  "quantity": 0,
  "options": {
    "SIZE": "32",
    "COLOR": "Xanh nhạt"
  },
  "product_allow_buy_when_clocked": false,
  "product_exclude_discount": false,
  "product_apply_allowance_inventory": false,
  "pending": 0,
  "product_visibility": true,
  "is_delete": false,
  "is_lock": false,
  "createAt": {
    "$date": "2025-05-15T15:19:56.137Z"
  },
  "updateAt": {
    "$date": "2025-05-15T15:19:56.137Z"
  },
  "_class": "com.lamnguyen.inventory_service.model.VariantProduct"
},
{
  "_id": "6826061c1bd0a01c950ace4b",
  "product_id": "6826061b213ef202c0fd2052",
  "title": "33-Xanh nhạt",
  "regular_price": 439000,
  "compare_price": 499000,
  "sku": "SKU-6826061B213EF202C0FD2052-SIZE-33-COLOR-XANH NHẠT",
  "quantity": 0,
  "options": {
    "SIZE": "33",
    "COLOR": "Xanh nhạt"
  },
  "product_allow_buy_when_clocked": false,
  "product_exclude_discount": false,
  "product_apply_allowance_inventory": false,
  "pending": 0,
  "product_visibility": true,
  "is_delete": false,
  "is_lock": false,
  "createAt": {
    "$date": "2025-05-15T15:19:56.215Z"
  },
  "updateAt": {
    "$date": "2025-05-15T15:19:56.215Z"
  },
  "_class": "com.lamnguyen.inventory_service.model.VariantProduct"
},
{
  "_id": "682606231bd0a01c950ace4c",
  "product_id": "68260623213ef202c0fd2053",
  "title": "29-Xanh sáng",
  "regular_price": 449000,
  "compare_price": 499000,
  "sku": "SKU-68260623213EF202C0FD2053-SIZE-29-COLOR-XANH SÁNG",
  "quantity": 0,
  "options": {
    "SIZE": "29",
    "COLOR": "Xanh sáng"
  },
  "product_allow_buy_when_clocked": false,
  "product_exclude_discount": false,
  "product_apply_allowance_inventory": false,
  "pending": 0,
  "product_visibility": true,
  "is_delete": false,
  "is_lock": false,
  "createAt": {
    "$date": "2025-05-15T15:20:03.154Z"
  },
  "updateAt": {
    "$date": "2025-05-15T15:20:03.154Z"
  },
  "_class": "com.lamnguyen.inventory_service.model.VariantProduct"
},
{
  "_id": "682606231bd0a01c950ace4d",
  "product_id": "68260623213ef202c0fd2053",
  "title": "30-Xanh sáng",
  "regular_price": 449000,
  "compare_price": 499000,
  "sku": "SKU-68260623213EF202C0FD2053-SIZE-30-COLOR-XANH SÁNG",
  "quantity": 0,
  "options": {
    "SIZE": "30",
    "COLOR": "Xanh sáng"
  },
  "product_allow_buy_when_clocked": false,
  "product_exclude_discount": false,
  "product_apply_allowance_inventory": false,
  "pending": 0,
  "product_visibility": true,
  "is_delete": false,
  "is_lock": false,
  "createAt": {
    "$date": "2025-05-15T15:20:03.229Z"
  },
  "updateAt": {
    "$date": "2025-05-15T15:20:03.229Z"
  },
  "_class": "com.lamnguyen.inventory_service.model.VariantProduct"
},
{
  "_id": "682606231bd0a01c950ace4e",
  "product_id": "68260623213ef202c0fd2053",
  "title": "31-Xanh sáng",
  "regular_price": 449000,
  "compare_price": 499000,
  "sku": "SKU-68260623213EF202C0FD2053-SIZE-31-COLOR-XANH SÁNG",
  "quantity": 0,
  "options": {
    "SIZE": "31",
    "COLOR": "Xanh sáng"
  },
  "product_allow_buy_when_clocked": false,
  "product_exclude_discount": false,
  "product_apply_allowance_inventory": false,
  "pending": 0,
  "product_visibility": true,
  "is_delete": false,
  "is_lock": false,
  "createAt": {
    "$date": "2025-05-15T15:20:03.298Z"
  },
  "updateAt": {
    "$date": "2025-05-15T15:20:03.298Z"
  },
  "_class": "com.lamnguyen.inventory_service.model.VariantProduct"
},
{
  "_id": "682606231bd0a01c950ace4f",
  "product_id": "68260623213ef202c0fd2053",
  "title": "32-Xanh sáng",
  "regular_price": 449000,
  "compare_price": 499000,
  "sku": "SKU-68260623213EF202C0FD2053-SIZE-32-COLOR-XANH SÁNG",
  "quantity": 0,
  "options": {
    "SIZE": "32",
    "COLOR": "Xanh sáng"
  },
  "product_allow_buy_when_clocked": false,
  "product_exclude_discount": false,
  "product_apply_allowance_inventory": false,
  "pending": 0,
  "product_visibility": true,
  "is_delete": false,
  "is_lock": false,
  "createAt": {
    "$date": "2025-05-15T15:20:03.366Z"
  },
  "updateAt": {
    "$date": "2025-05-15T15:20:03.366Z"
  },
  "_class": "com.lamnguyen.inventory_service.model.VariantProduct"
},
{
  "_id": "682606231bd0a01c950ace50",
  "product_id": "68260623213ef202c0fd2053",
  "title": "33-Xanh sáng",
  "regular_price": 449000,
  "compare_price": 499000,
  "sku": "SKU-68260623213EF202C0FD2053-SIZE-33-COLOR-XANH SÁNG",
  "quantity": 0,
  "options": {
    "SIZE": "33",
    "COLOR": "Xanh sáng"
  },
  "product_allow_buy_when_clocked": false,
  "product_exclude_discount": false,
  "product_apply_allowance_inventory": false,
  "pending": 0,
  "product_visibility": true,
  "is_delete": false,
  "is_lock": false,
  "createAt": {
    "$date": "2025-05-15T15:20:03.435Z"
  },
  "updateAt": {
    "$date": "2025-05-15T15:20:03.435Z"
  },
  "_class": "com.lamnguyen.inventory_service.model.VariantProduct"
},
{
  "_id": "682606231bd0a01c950ace51",
  "product_id": "68260623213ef202c0fd2053",
  "title": "29-Xanh đậm",
  "regular_price": 449000,
  "compare_price": 499000,
  "sku": "SKU-68260623213EF202C0FD2053-SIZE-29-COLOR-XANH ĐẬM",
  "quantity": 0,
  "options": {
    "SIZE": "29",
    "COLOR": "Xanh đậm"
  },
  "product_allow_buy_when_clocked": false,
  "product_exclude_discount": false,
  "product_apply_allowance_inventory": false,
  "pending": 0,
  "product_visibility": true,
  "is_delete": false,
  "is_lock": false,
  "createAt": {
    "$date": "2025-05-15T15:20:03.504Z"
  },
  "updateAt": {
    "$date": "2025-05-15T15:20:03.504Z"
  },
  "_class": "com.lamnguyen.inventory_service.model.VariantProduct"
},
{
  "_id": "682606231bd0a01c950ace52",
  "product_id": "68260623213ef202c0fd2053",
  "title": "30-Xanh đậm",
  "regular_price": 449000,
  "compare_price": 499000,
  "sku": "SKU-68260623213EF202C0FD2053-SIZE-30-COLOR-XANH ĐẬM",
  "quantity": 0,
  "options": {
    "SIZE": "30",
    "COLOR": "Xanh đậm"
  },
  "product_allow_buy_when_clocked": false,
  "product_exclude_discount": false,
  "product_apply_allowance_inventory": false,
  "pending": 0,
  "product_visibility": true,
  "is_delete": false,
  "is_lock": false,
  "createAt": {
    "$date": "2025-05-15T15:20:03.574Z"
  },
  "updateAt": {
    "$date": "2025-05-15T15:20:03.574Z"
  },
  "_class": "com.lamnguyen.inventory_service.model.VariantProduct"
},
{
  "_id": "682606231bd0a01c950ace53",
  "product_id": "68260623213ef202c0fd2053",
  "title": "31-Xanh đậm",
  "regular_price": 449000,
  "compare_price": 499000,
  "sku": "SKU-68260623213EF202C0FD2053-SIZE-31-COLOR-XANH ĐẬM",
  "quantity": 0,
  "options": {
    "SIZE": "31",
    "COLOR": "Xanh đậm"
  },
  "product_allow_buy_when_clocked": false,
  "product_exclude_discount": false,
  "product_apply_allowance_inventory": false,
  "pending": 0,
  "product_visibility": true,
  "is_delete": false,
  "is_lock": false,
  "createAt": {
    "$date": "2025-05-15T15:20:03.644Z"
  },
  "updateAt": {
    "$date": "2025-05-15T15:20:03.644Z"
  },
  "_class": "com.lamnguyen.inventory_service.model.VariantProduct"
},
{
  "_id": "682606231bd0a01c950ace54",
  "product_id": "68260623213ef202c0fd2053",
  "title": "32-Xanh đậm",
  "regular_price": 449000,
  "compare_price": 499000,
  "sku": "SKU-68260623213EF202C0FD2053-SIZE-32-COLOR-XANH ĐẬM",
  "quantity": 0,
  "options": {
    "SIZE": "32",
    "COLOR": "Xanh đậm"
  },
  "product_allow_buy_when_clocked": false,
  "product_exclude_discount": false,
  "product_apply_allowance_inventory": false,
  "pending": 0,
  "product_visibility": true,
  "is_delete": false,
  "is_lock": false,
  "createAt": {
    "$date": "2025-05-15T15:20:03.714Z"
  },
  "updateAt": {
    "$date": "2025-05-15T15:20:03.714Z"
  },
  "_class": "com.lamnguyen.inventory_service.model.VariantProduct"
},
{
  "_id": "682606231bd0a01c950ace55",
  "product_id": "68260623213ef202c0fd2053",
  "title": "33-Xanh đậm",
  "regular_price": 449000,
  "compare_price": 499000,
  "sku": "SKU-68260623213EF202C0FD2053-SIZE-33-COLOR-XANH ĐẬM",
  "quantity": 0,
  "options": {
    "SIZE": "33",
    "COLOR": "Xanh đậm"
  },
  "product_allow_buy_when_clocked": false,
  "product_exclude_discount": false,
  "product_apply_allowance_inventory": false,
  "pending": 0,
  "product_visibility": true,
  "is_delete": false,
  "is_lock": false,
  "createAt": {
    "$date": "2025-05-15T15:20:03.790Z"
  },
  "updateAt": {
    "$date": "2025-05-15T15:20:03.790Z"
  },
  "_class": "com.lamnguyen.inventory_service.model.VariantProduct"
},
{
  "_id": "682606231bd0a01c950ace56",
  "product_id": "68260623213ef202c0fd2053",
  "title": "29-Đen",
  "regular_price": 449000,
  "compare_price": 499000,
  "sku": "SKU-68260623213EF202C0FD2053-SIZE-29-COLOR-ĐEN",
  "quantity": 0,
  "options": {
    "SIZE": "29",
    "COLOR": "Đen"
  },
  "product_allow_buy_when_clocked": false,
  "product_exclude_discount": false,
  "product_apply_allowance_inventory": false,
  "pending": 0,
  "product_visibility": true,
  "is_delete": false,
  "is_lock": false,
  "createAt": {
    "$date": "2025-05-15T15:20:03.898Z"
  },
  "updateAt": {
    "$date": "2025-05-15T15:20:03.898Z"
  },
  "_class": "com.lamnguyen.inventory_service.model.VariantProduct"
},
{
  "_id": "682606241bd0a01c950ace57",
  "product_id": "68260623213ef202c0fd2053",
  "title": "30-Đen",
  "regular_price": 449000,
  "compare_price": 499000,
  "sku": "SKU-68260623213EF202C0FD2053-SIZE-30-COLOR-ĐEN",
  "quantity": 0,
  "options": {
    "SIZE": "30",
    "COLOR": "Đen"
  },
  "product_allow_buy_when_clocked": false,
  "product_exclude_discount": false,
  "product_apply_allowance_inventory": false,
  "pending": 0,
  "product_visibility": true,
  "is_delete": false,
  "is_lock": false,
  "createAt": {
    "$date": "2025-05-15T15:20:04.001Z"
  },
  "updateAt": {
    "$date": "2025-05-15T15:20:04.001Z"
  },
  "_class": "com.lamnguyen.inventory_service.model.VariantProduct"
},
{
  "_id": "682606241bd0a01c950ace58",
  "product_id": "68260623213ef202c0fd2053",
  "title": "31-Đen",
  "regular_price": 449000,
  "compare_price": 499000,
  "sku": "SKU-68260623213EF202C0FD2053-SIZE-31-COLOR-ĐEN",
  "quantity": 0,
  "options": {
    "SIZE": "31",
    "COLOR": "Đen"
  },
  "product_allow_buy_when_clocked": false,
  "product_exclude_discount": false,
  "product_apply_allowance_inventory": false,
  "pending": 0,
  "product_visibility": true,
  "is_delete": false,
  "is_lock": false,
  "createAt": {
    "$date": "2025-05-15T15:20:04.080Z"
  },
  "updateAt": {
    "$date": "2025-05-15T15:20:04.080Z"
  },
  "_class": "com.lamnguyen.inventory_service.model.VariantProduct"
},
{
  "_id": "682606241bd0a01c950ace59",
  "product_id": "68260623213ef202c0fd2053",
  "title": "32-Đen",
  "regular_price": 449000,
  "compare_price": 499000,
  "sku": "SKU-68260623213EF202C0FD2053-SIZE-32-COLOR-ĐEN",
  "quantity": 0,
  "options": {
    "SIZE": "32",
    "COLOR": "Đen"
  },
  "product_allow_buy_when_clocked": false,
  "product_exclude_discount": false,
  "product_apply_allowance_inventory": false,
  "pending": 0,
  "product_visibility": true,
  "is_delete": false,
  "is_lock": false,
  "createAt": {
    "$date": "2025-05-15T15:20:04.176Z"
  },
  "updateAt": {
    "$date": "2025-05-15T15:20:04.176Z"
  },
  "_class": "com.lamnguyen.inventory_service.model.VariantProduct"
},
{
  "_id": "682606241bd0a01c950ace5a",
  "product_id": "68260623213ef202c0fd2053",
  "title": "33-Đen",
  "regular_price": 449000,
  "compare_price": 499000,
  "sku": "SKU-68260623213EF202C0FD2053-SIZE-33-COLOR-ĐEN",
  "quantity": 0,
  "options": {
    "SIZE": "33",
    "COLOR": "Đen"
  },
  "product_allow_buy_when_clocked": false,
  "product_exclude_discount": false,
  "product_apply_allowance_inventory": false,
  "pending": 0,
  "product_visibility": true,
  "is_delete": false,
  "is_lock": false,
  "createAt": {
    "$date": "2025-05-15T15:20:04.267Z"
  },
  "updateAt": {
    "$date": "2025-05-15T15:20:04.267Z"
  },
  "_class": "com.lamnguyen.inventory_service.model.VariantProduct"
},
{
  "_id": "6826062a1bd0a01c950ace5b",
  "product_id": "6826062a213ef202c0fd2054",
  "title": "29-Đen wash",
  "regular_price": 449000,
  "compare_price": 499000,
  "sku": "SKU-6826062A213EF202C0FD2054-SIZE-29-COLOR-ĐEN WASH",
  "quantity": 0,
  "options": {
    "SIZE": "29",
    "COLOR": "Đen wash"
  },
  "product_allow_buy_when_clocked": false,
  "product_exclude_discount": false,
  "product_apply_allowance_inventory": false,
  "pending": 0,
  "product_visibility": true,
  "is_delete": false,
  "is_lock": false,
  "createAt": {
    "$date": "2025-05-15T15:20:10.210Z"
  },
  "updateAt": {
    "$date": "2025-05-15T15:20:10.210Z"
  },
  "_class": "com.lamnguyen.inventory_service.model.VariantProduct"
},
{
  "_id": "6826062a1bd0a01c950ace5c",
  "product_id": "6826062a213ef202c0fd2054",
  "title": "30-Đen wash",
  "regular_price": 449000,
  "compare_price": 499000,
  "sku": "SKU-6826062A213EF202C0FD2054-SIZE-30-COLOR-ĐEN WASH",
  "quantity": 0,
  "options": {
    "SIZE": "30",
    "COLOR": "Đen wash"
  },
  "product_allow_buy_when_clocked": false,
  "product_exclude_discount": false,
  "product_apply_allowance_inventory": false,
  "pending": 0,
  "product_visibility": true,
  "is_delete": false,
  "is_lock": false,
  "createAt": {
    "$date": "2025-05-15T15:20:10.308Z"
  },
  "updateAt": {
    "$date": "2025-05-15T15:20:10.308Z"
  },
  "_class": "com.lamnguyen.inventory_service.model.VariantProduct"
},
{
  "_id": "6826062a1bd0a01c950ace5d",
  "product_id": "6826062a213ef202c0fd2054",
  "title": "31-Đen wash",
  "regular_price": 449000,
  "compare_price": 499000,
  "sku": "SKU-6826062A213EF202C0FD2054-SIZE-31-COLOR-ĐEN WASH",
  "quantity": 0,
  "options": {
    "SIZE": "31",
    "COLOR": "Đen wash"
  },
  "product_allow_buy_when_clocked": false,
  "product_exclude_discount": false,
  "product_apply_allowance_inventory": false,
  "pending": 0,
  "product_visibility": true,
  "is_delete": false,
  "is_lock": false,
  "createAt": {
    "$date": "2025-05-15T15:20:10.385Z"
  },
  "updateAt": {
    "$date": "2025-05-15T15:20:10.385Z"
  },
  "_class": "com.lamnguyen.inventory_service.model.VariantProduct"
},
{
  "_id": "6826062a1bd0a01c950ace5e",
  "product_id": "6826062a213ef202c0fd2054",
  "title": "32-Đen wash",
  "regular_price": 449000,
  "compare_price": 499000,
  "sku": "SKU-6826062A213EF202C0FD2054-SIZE-32-COLOR-ĐEN WASH",
  "quantity": 0,
  "options": {
    "SIZE": "32",
    "COLOR": "Đen wash"
  },
  "product_allow_buy_when_clocked": false,
  "product_exclude_discount": false,
  "product_apply_allowance_inventory": false,
  "pending": 0,
  "product_visibility": true,
  "is_delete": false,
  "is_lock": false,
  "createAt": {
    "$date": "2025-05-15T15:20:10.492Z"
  },
  "updateAt": {
    "$date": "2025-05-15T15:20:10.492Z"
  },
  "_class": "com.lamnguyen.inventory_service.model.VariantProduct"
},
{
  "_id": "6826062a1bd0a01c950ace5f",
  "product_id": "6826062a213ef202c0fd2054",
  "title": "33-Đen wash",
  "regular_price": 449000,
  "compare_price": 499000,
  "sku": "SKU-6826062A213EF202C0FD2054-SIZE-33-COLOR-ĐEN WASH",
  "quantity": 0,
  "options": {
    "SIZE": "33",
    "COLOR": "Đen wash"
  },
  "product_allow_buy_when_clocked": false,
  "product_exclude_discount": false,
  "product_apply_allowance_inventory": false,
  "pending": 0,
  "product_visibility": true,
  "is_delete": false,
  "is_lock": false,
  "createAt": {
    "$date": "2025-05-15T15:20:10.568Z"
  },
  "updateAt": {
    "$date": "2025-05-15T15:20:10.568Z"
  },
  "_class": "com.lamnguyen.inventory_service.model.VariantProduct"
},
{
  "_id": "6826062a1bd0a01c950ace60",
  "product_id": "6826062a213ef202c0fd2054",
  "title": "29-Đen",
  "regular_price": 449000,
  "compare_price": 499000,
  "sku": "SKU-6826062A213EF202C0FD2054-SIZE-29-COLOR-ĐEN",
  "quantity": 0,
  "options": {
    "SIZE": "29",
    "COLOR": "Đen"
  },
  "product_allow_buy_when_clocked": false,
  "product_exclude_discount": false,
  "product_apply_allowance_inventory": false,
  "pending": 0,
  "product_visibility": true,
  "is_delete": false,
  "is_lock": false,
  "createAt": {
    "$date": "2025-05-15T15:20:10.643Z"
  },
  "updateAt": {
    "$date": "2025-05-15T15:20:10.643Z"
  },
  "_class": "com.lamnguyen.inventory_service.model.VariantProduct"
},
{
  "_id": "6826062a1bd0a01c950ace61",
  "product_id": "6826062a213ef202c0fd2054",
  "title": "30-Đen",
  "regular_price": 449000,
  "compare_price": 499000,
  "sku": "SKU-6826062A213EF202C0FD2054-SIZE-30-COLOR-ĐEN",
  "quantity": 0,
  "options": {
    "SIZE": "30",
    "COLOR": "Đen"
  },
  "product_allow_buy_when_clocked": false,
  "product_exclude_discount": false,
  "product_apply_allowance_inventory": false,
  "pending": 0,
  "product_visibility": true,
  "is_delete": false,
  "is_lock": false,
  "createAt": {
    "$date": "2025-05-15T15:20:10.720Z"
  },
  "updateAt": {
    "$date": "2025-05-15T15:20:10.720Z"
  },
  "_class": "com.lamnguyen.inventory_service.model.VariantProduct"
},
{
  "_id": "6826062a1bd0a01c950ace62",
  "product_id": "6826062a213ef202c0fd2054",
  "title": "31-Đen",
  "regular_price": 449000,
  "compare_price": 499000,
  "sku": "SKU-6826062A213EF202C0FD2054-SIZE-31-COLOR-ĐEN",
  "quantity": 0,
  "options": {
    "SIZE": "31",
    "COLOR": "Đen"
  },
  "product_allow_buy_when_clocked": false,
  "product_exclude_discount": false,
  "product_apply_allowance_inventory": false,
  "pending": 0,
  "product_visibility": true,
  "is_delete": false,
  "is_lock": false,
  "createAt": {
    "$date": "2025-05-15T15:20:10.808Z"
  },
  "updateAt": {
    "$date": "2025-05-15T15:20:10.808Z"
  },
  "_class": "com.lamnguyen.inventory_service.model.VariantProduct"
},
{
  "_id": "6826062a1bd0a01c950ace63",
  "product_id": "6826062a213ef202c0fd2054",
  "title": "32-Đen",
  "regular_price": 449000,
  "compare_price": 499000,
  "sku": "SKU-6826062A213EF202C0FD2054-SIZE-32-COLOR-ĐEN",
  "quantity": 0,
  "options": {
    "SIZE": "32",
    "COLOR": "Đen"
  },
  "product_allow_buy_when_clocked": false,
  "product_exclude_discount": false,
  "product_apply_allowance_inventory": false,
  "pending": 0,
  "product_visibility": true,
  "is_delete": false,
  "is_lock": false,
  "createAt": {
    "$date": "2025-05-15T15:20:10.879Z"
  },
  "updateAt": {
    "$date": "2025-05-15T15:20:10.879Z"
  },
  "_class": "com.lamnguyen.inventory_service.model.VariantProduct"
},
{
  "_id": "6826062a1bd0a01c950ace64",
  "product_id": "6826062a213ef202c0fd2054",
  "title": "33-Đen",
  "regular_price": 449000,
  "compare_price": 499000,
  "sku": "SKU-6826062A213EF202C0FD2054-SIZE-33-COLOR-ĐEN",
  "quantity": 0,
  "options": {
    "SIZE": "33",
    "COLOR": "Đen"
  },
  "product_allow_buy_when_clocked": false,
  "product_exclude_discount": false,
  "product_apply_allowance_inventory": false,
  "pending": 0,
  "product_visibility": true,
  "is_delete": false,
  "is_lock": false,
  "createAt": {
    "$date": "2025-05-15T15:20:10.958Z"
  },
  "updateAt": {
    "$date": "2025-05-15T15:20:10.958Z"
  },
  "_class": "com.lamnguyen.inventory_service.model.VariantProduct"
},
{
  "_id": "6826062b1bd0a01c950ace65",
  "product_id": "6826062a213ef202c0fd2054",
  "title": "29-Xanh đậm",
  "regular_price": 449000,
  "compare_price": 499000,
  "sku": "SKU-6826062A213EF202C0FD2054-SIZE-29-COLOR-XANH ĐẬM",
  "quantity": 0,
  "options": {
    "SIZE": "29",
    "COLOR": "Xanh đậm"
  },
  "product_allow_buy_when_clocked": false,
  "product_exclude_discount": false,
  "product_apply_allowance_inventory": false,
  "pending": 0,
  "product_visibility": true,
  "is_delete": false,
  "is_lock": false,
  "createAt": {
    "$date": "2025-05-15T15:20:11.070Z"
  },
  "updateAt": {
    "$date": "2025-05-15T15:20:11.070Z"
  },
  "_class": "com.lamnguyen.inventory_service.model.VariantProduct"
},
{
  "_id": "6826062b1bd0a01c950ace66",
  "product_id": "6826062a213ef202c0fd2054",
  "title": "30-Xanh đậm",
  "regular_price": 449000,
  "compare_price": 499000,
  "sku": "SKU-6826062A213EF202C0FD2054-SIZE-30-COLOR-XANH ĐẬM",
  "quantity": 0,
  "options": {
    "SIZE": "30",
    "COLOR": "Xanh đậm"
  },
  "product_allow_buy_when_clocked": false,
  "product_exclude_discount": false,
  "product_apply_allowance_inventory": false,
  "pending": 0,
  "product_visibility": true,
  "is_delete": false,
  "is_lock": false,
  "createAt": {
    "$date": "2025-05-15T15:20:11.174Z"
  },
  "updateAt": {
    "$date": "2025-05-15T15:20:11.174Z"
  },
  "_class": "com.lamnguyen.inventory_service.model.VariantProduct"
},
{
  "_id": "6826062b1bd0a01c950ace67",
  "product_id": "6826062a213ef202c0fd2054",
  "title": "31-Xanh đậm",
  "regular_price": 449000,
  "compare_price": 499000,
  "sku": "SKU-6826062A213EF202C0FD2054-SIZE-31-COLOR-XANH ĐẬM",
  "quantity": 0,
  "options": {
    "SIZE": "31",
    "COLOR": "Xanh đậm"
  },
  "product_allow_buy_when_clocked": false,
  "product_exclude_discount": false,
  "product_apply_allowance_inventory": false,
  "pending": 0,
  "product_visibility": true,
  "is_delete": false,
  "is_lock": false,
  "createAt": {
    "$date": "2025-05-15T15:20:11.252Z"
  },
  "updateAt": {
    "$date": "2025-05-15T15:20:11.252Z"
  },
  "_class": "com.lamnguyen.inventory_service.model.VariantProduct"
},
{
  "_id": "6826062b1bd0a01c950ace68",
  "product_id": "6826062a213ef202c0fd2054",
  "title": "32-Xanh đậm",
  "regular_price": 449000,
  "compare_price": 499000,
  "sku": "SKU-6826062A213EF202C0FD2054-SIZE-32-COLOR-XANH ĐẬM",
  "quantity": 0,
  "options": {
    "SIZE": "32",
    "COLOR": "Xanh đậm"
  },
  "product_allow_buy_when_clocked": false,
  "product_exclude_discount": false,
  "product_apply_allowance_inventory": false,
  "pending": 0,
  "product_visibility": true,
  "is_delete": false,
  "is_lock": false,
  "createAt": {
    "$date": "2025-05-15T15:20:11.344Z"
  },
  "updateAt": {
    "$date": "2025-05-15T15:20:11.344Z"
  },
  "_class": "com.lamnguyen.inventory_service.model.VariantProduct"
},
{
  "_id": "6826062b1bd0a01c950ace69",
  "product_id": "6826062a213ef202c0fd2054",
  "title": "33-Xanh đậm",
  "regular_price": 449000,
  "compare_price": 499000,
  "sku": "SKU-6826062A213EF202C0FD2054-SIZE-33-COLOR-XANH ĐẬM",
  "quantity": 0,
  "options": {
    "SIZE": "33",
    "COLOR": "Xanh đậm"
  },
  "product_allow_buy_when_clocked": false,
  "product_exclude_discount": false,
  "product_apply_allowance_inventory": false,
  "pending": 0,
  "product_visibility": true,
  "is_delete": false,
  "is_lock": false,
  "createAt": {
    "$date": "2025-05-15T15:20:11.439Z"
  },
  "updateAt": {
    "$date": "2025-05-15T15:20:11.439Z"
  },
  "_class": "com.lamnguyen.inventory_service.model.VariantProduct"
},
{
  "_id": "6826062e1bd0a01c950ace6a",
  "product_id": "6826062e213ef202c0fd2055",
  "title": "29-Xanh nhạt",
  "regular_price": 599000,
  "compare_price": 599000,
  "sku": "SKU-6826062E213EF202C0FD2055-SIZE-29-COLOR-XANH NHẠT",
  "quantity": 0,
  "options": {
    "SIZE": "29",
    "COLOR": "Xanh nhạt"
  },
  "product_allow_buy_when_clocked": false,
  "product_exclude_discount": false,
  "product_apply_allowance_inventory": false,
  "pending": 0,
  "product_visibility": true,
  "is_delete": false,
  "is_lock": false,
  "createAt": {
    "$date": "2025-05-15T15:20:14.325Z"
  },
  "updateAt": {
    "$date": "2025-05-15T15:20:14.325Z"
  },
  "_class": "com.lamnguyen.inventory_service.model.VariantProduct"
},
{
  "_id": "6826062e1bd0a01c950ace6b",
  "product_id": "6826062e213ef202c0fd2055",
  "title": "30-Xanh nhạt",
  "regular_price": 599000,
  "compare_price": 599000,
  "sku": "SKU-6826062E213EF202C0FD2055-SIZE-30-COLOR-XANH NHẠT",
  "quantity": 0,
  "options": {
    "SIZE": "30",
    "COLOR": "Xanh nhạt"
  },
  "product_allow_buy_when_clocked": false,
  "product_exclude_discount": false,
  "product_apply_allowance_inventory": false,
  "pending": 0,
  "product_visibility": true,
  "is_delete": false,
  "is_lock": false,
  "createAt": {
    "$date": "2025-05-15T15:20:14.474Z"
  },
  "updateAt": {
    "$date": "2025-05-15T15:20:14.474Z"
  },
  "_class": "com.lamnguyen.inventory_service.model.VariantProduct"
},
{
  "_id": "6826062e1bd0a01c950ace6c",
  "product_id": "6826062e213ef202c0fd2055",
  "title": "31-Xanh nhạt",
  "regular_price": 599000,
  "compare_price": 599000,
  "sku": "SKU-6826062E213EF202C0FD2055-SIZE-31-COLOR-XANH NHẠT",
  "quantity": 0,
  "options": {
    "SIZE": "31",
    "COLOR": "Xanh nhạt"
  },
  "product_allow_buy_when_clocked": false,
  "product_exclude_discount": false,
  "product_apply_allowance_inventory": false,
  "pending": 0,
  "product_visibility": true,
  "is_delete": false,
  "is_lock": false,
  "createAt": {
    "$date": "2025-05-15T15:20:14.612Z"
  },
  "updateAt": {
    "$date": "2025-05-15T15:20:14.612Z"
  },
  "_class": "com.lamnguyen.inventory_service.model.VariantProduct"
},
{
  "_id": "6826062e1bd0a01c950ace6d",
  "product_id": "6826062e213ef202c0fd2055",
  "title": "32-Xanh nhạt",
  "regular_price": 599000,
  "compare_price": 599000,
  "sku": "SKU-6826062E213EF202C0FD2055-SIZE-32-COLOR-XANH NHẠT",
  "quantity": 0,
  "options": {
    "SIZE": "32",
    "COLOR": "Xanh nhạt"
  },
  "product_allow_buy_when_clocked": false,
  "product_exclude_discount": false,
  "product_apply_allowance_inventory": false,
  "pending": 0,
  "product_visibility": true,
  "is_delete": false,
  "is_lock": false,
  "createAt": {
    "$date": "2025-05-15T15:20:14.681Z"
  },
  "updateAt": {
    "$date": "2025-05-15T15:20:14.681Z"
  },
  "_class": "com.lamnguyen.inventory_service.model.VariantProduct"
},
{
  "_id": "6826062e1bd0a01c950ace6e",
  "product_id": "6826062e213ef202c0fd2055",
  "title": "33-Xanh nhạt",
  "regular_price": 599000,
  "compare_price": 599000,
  "sku": "SKU-6826062E213EF202C0FD2055-SIZE-33-COLOR-XANH NHẠT",
  "quantity": 0,
  "options": {
    "SIZE": "33",
    "COLOR": "Xanh nhạt"
  },
  "product_allow_buy_when_clocked": false,
  "product_exclude_discount": false,
  "product_apply_allowance_inventory": false,
  "pending": 0,
  "product_visibility": true,
  "is_delete": false,
  "is_lock": false,
  "createAt": {
    "$date": "2025-05-15T15:20:14.777Z"
  },
  "updateAt": {
    "$date": "2025-05-15T15:20:14.777Z"
  },
  "_class": "com.lamnguyen.inventory_service.model.VariantProduct"
},
{
  "_id": "682606361bd0a01c950ace6f",
  "product_id": "68260635213ef202c0fd2056",
  "title": "29-Vàng Sáng",
  "regular_price": 539000,
  "compare_price": 599000,
  "sku": "SKU-68260635213EF202C0FD2056-SIZE-29-COLOR-VÀNG SÁNG",
  "quantity": 0,
  "options": {
    "SIZE": "29",
    "COLOR": "Vàng Sáng"
  },
  "product_allow_buy_when_clocked": false,
  "product_exclude_discount": false,
  "product_apply_allowance_inventory": false,
  "pending": 0,
  "product_visibility": true,
  "is_delete": false,
  "is_lock": false,
  "createAt": {
    "$date": "2025-05-15T15:20:22.037Z"
  },
  "updateAt": {
    "$date": "2025-05-15T15:20:22.037Z"
  },
  "_class": "com.lamnguyen.inventory_service.model.VariantProduct"
},
{
  "_id": "682606361bd0a01c950ace70",
  "product_id": "68260635213ef202c0fd2056",
  "title": "30-Vàng Sáng",
  "regular_price": 539000,
  "compare_price": 599000,
  "sku": "SKU-68260635213EF202C0FD2056-SIZE-30-COLOR-VÀNG SÁNG",
  "quantity": 0,
  "options": {
    "SIZE": "30",
    "COLOR": "Vàng Sáng"
  },
  "product_allow_buy_when_clocked": false,
  "product_exclude_discount": false,
  "product_apply_allowance_inventory": false,
  "pending": 0,
  "product_visibility": true,
  "is_delete": false,
  "is_lock": false,
  "createAt": {
    "$date": "2025-05-15T15:20:22.114Z"
  },
  "updateAt": {
    "$date": "2025-05-15T15:20:22.114Z"
  },
  "_class": "com.lamnguyen.inventory_service.model.VariantProduct"
},
{
  "_id": "682606361bd0a01c950ace71",
  "product_id": "68260635213ef202c0fd2056",
  "title": "31-Vàng Sáng",
  "regular_price": 539000,
  "compare_price": 599000,
  "sku": "SKU-68260635213EF202C0FD2056-SIZE-31-COLOR-VÀNG SÁNG",
  "quantity": 0,
  "options": {
    "SIZE": "31",
    "COLOR": "Vàng Sáng"
  },
  "product_allow_buy_when_clocked": false,
  "product_exclude_discount": false,
  "product_apply_allowance_inventory": false,
  "pending": 0,
  "product_visibility": true,
  "is_delete": false,
  "is_lock": false,
  "createAt": {
    "$date": "2025-05-15T15:20:22.194Z"
  },
  "updateAt": {
    "$date": "2025-05-15T15:20:22.194Z"
  },
  "_class": "com.lamnguyen.inventory_service.model.VariantProduct"
},
{
  "_id": "682606361bd0a01c950ace72",
  "product_id": "68260635213ef202c0fd2056",
  "title": "32-Vàng Sáng",
  "regular_price": 539000,
  "compare_price": 599000,
  "sku": "SKU-68260635213EF202C0FD2056-SIZE-32-COLOR-VÀNG SÁNG",
  "quantity": 0,
  "options": {
    "SIZE": "32",
    "COLOR": "Vàng Sáng"
  },
  "product_allow_buy_when_clocked": false,
  "product_exclude_discount": false,
  "product_apply_allowance_inventory": false,
  "pending": 0,
  "product_visibility": true,
  "is_delete": false,
  "is_lock": false,
  "createAt": {
    "$date": "2025-05-15T15:20:22.282Z"
  },
  "updateAt": {
    "$date": "2025-05-15T15:20:22.282Z"
  },
  "_class": "com.lamnguyen.inventory_service.model.VariantProduct"
},
{
  "_id": "682606361bd0a01c950ace73",
  "product_id": "68260635213ef202c0fd2056",
  "title": "33-Vàng Sáng",
  "regular_price": 539000,
  "compare_price": 599000,
  "sku": "SKU-68260635213EF202C0FD2056-SIZE-33-COLOR-VÀNG SÁNG",
  "quantity": 0,
  "options": {
    "SIZE": "33",
    "COLOR": "Vàng Sáng"
  },
  "product_allow_buy_when_clocked": false,
  "product_exclude_discount": false,
  "product_apply_allowance_inventory": false,
  "pending": 0,
  "product_visibility": true,
  "is_delete": false,
  "is_lock": false,
  "createAt": {
    "$date": "2025-05-15T15:20:22.364Z"
  },
  "updateAt": {
    "$date": "2025-05-15T15:20:22.364Z"
  },
  "_class": "com.lamnguyen.inventory_service.model.VariantProduct"
},
{
  "_id": "682606361bd0a01c950ace74",
  "product_id": "68260635213ef202c0fd2056",
  "title": "34-Vàng Sáng",
  "regular_price": 539000,
  "compare_price": 599000,
  "sku": "SKU-68260635213EF202C0FD2056-SIZE-34-COLOR-VÀNG SÁNG",
  "quantity": 0,
  "options": {
    "SIZE": "34",
    "COLOR": "Vàng Sáng"
  },
  "product_allow_buy_when_clocked": false,
  "product_exclude_discount": false,
  "product_apply_allowance_inventory": false,
  "pending": 0,
  "product_visibility": true,
  "is_delete": false,
  "is_lock": false,
  "createAt": {
    "$date": "2025-05-15T15:20:22.450Z"
  },
  "updateAt": {
    "$date": "2025-05-15T15:20:22.450Z"
  },
  "_class": "com.lamnguyen.inventory_service.model.VariantProduct"
},
{
  "_id": "682606361bd0a01c950ace75",
  "product_id": "68260635213ef202c0fd2056",
  "title": "29-Xanh nhạt",
  "regular_price": 539000,
  "compare_price": 599000,
  "sku": "SKU-68260635213EF202C0FD2056-SIZE-29-COLOR-XANH NHẠT",
  "quantity": 0,
  "options": {
    "SIZE": "29",
    "COLOR": "Xanh nhạt"
  },
  "product_allow_buy_when_clocked": false,
  "product_exclude_discount": false,
  "product_apply_allowance_inventory": false,
  "pending": 0,
  "product_visibility": true,
  "is_delete": false,
  "is_lock": false,
  "createAt": {
    "$date": "2025-05-15T15:20:22.532Z"
  },
  "updateAt": {
    "$date": "2025-05-15T15:20:22.532Z"
  },
  "_class": "com.lamnguyen.inventory_service.model.VariantProduct"
},
{
  "_id": "682606361bd0a01c950ace76",
  "product_id": "68260635213ef202c0fd2056",
  "title": "30-Xanh nhạt",
  "regular_price": 539000,
  "compare_price": 599000,
  "sku": "SKU-68260635213EF202C0FD2056-SIZE-30-COLOR-XANH NHẠT",
  "quantity": 0,
  "options": {
    "SIZE": "30",
    "COLOR": "Xanh nhạt"
  },
  "product_allow_buy_when_clocked": false,
  "product_exclude_discount": false,
  "product_apply_allowance_inventory": false,
  "pending": 0,
  "product_visibility": true,
  "is_delete": false,
  "is_lock": false,
  "createAt": {
    "$date": "2025-05-15T15:20:22.619Z"
  },
  "updateAt": {
    "$date": "2025-05-15T15:20:22.619Z"
  },
  "_class": "com.lamnguyen.inventory_service.model.VariantProduct"
},
{
  "_id": "682606361bd0a01c950ace77",
  "product_id": "68260635213ef202c0fd2056",
  "title": "31-Xanh nhạt",
  "regular_price": 539000,
  "compare_price": 599000,
  "sku": "SKU-68260635213EF202C0FD2056-SIZE-31-COLOR-XANH NHẠT",
  "quantity": 0,
  "options": {
    "SIZE": "31",
    "COLOR": "Xanh nhạt"
  },
  "product_allow_buy_when_clocked": false,
  "product_exclude_discount": false,
  "product_apply_allowance_inventory": false,
  "pending": 0,
  "product_visibility": true,
  "is_delete": false,
  "is_lock": false,
  "createAt": {
    "$date": "2025-05-15T15:20:22.701Z"
  },
  "updateAt": {
    "$date": "2025-05-15T15:20:22.701Z"
  },
  "_class": "com.lamnguyen.inventory_service.model.VariantProduct"
},
{
  "_id": "682606361bd0a01c950ace78",
  "product_id": "68260635213ef202c0fd2056",
  "title": "32-Xanh nhạt",
  "regular_price": 539000,
  "compare_price": 599000,
  "sku": "SKU-68260635213EF202C0FD2056-SIZE-32-COLOR-XANH NHẠT",
  "quantity": 0,
  "options": {
    "SIZE": "32",
    "COLOR": "Xanh nhạt"
  },
  "product_allow_buy_when_clocked": false,
  "product_exclude_discount": false,
  "product_apply_allowance_inventory": false,
  "pending": 0,
  "product_visibility": true,
  "is_delete": false,
  "is_lock": false,
  "createAt": {
    "$date": "2025-05-15T15:20:22.778Z"
  },
  "updateAt": {
    "$date": "2025-05-15T15:20:22.778Z"
  },
  "_class": "com.lamnguyen.inventory_service.model.VariantProduct"
},
{
  "_id": "682606361bd0a01c950ace79",
  "product_id": "68260635213ef202c0fd2056",
  "title": "33-Xanh nhạt",
  "regular_price": 539000,
  "compare_price": 599000,
  "sku": "SKU-68260635213EF202C0FD2056-SIZE-33-COLOR-XANH NHẠT",
  "quantity": 0,
  "options": {
    "SIZE": "33",
    "COLOR": "Xanh nhạt"
  },
  "product_allow_buy_when_clocked": false,
  "product_exclude_discount": false,
  "product_apply_allowance_inventory": false,
  "pending": 0,
  "product_visibility": true,
  "is_delete": false,
  "is_lock": false,
  "createAt": {
    "$date": "2025-05-15T15:20:22.858Z"
  },
  "updateAt": {
    "$date": "2025-05-15T15:20:22.858Z"
  },
  "_class": "com.lamnguyen.inventory_service.model.VariantProduct"
},
{
  "_id": "682606361bd0a01c950ace7a",
  "product_id": "68260635213ef202c0fd2056",
  "title": "34-Xanh nhạt",
  "regular_price": 539000,
  "compare_price": 599000,
  "sku": "SKU-68260635213EF202C0FD2056-SIZE-34-COLOR-XANH NHẠT",
  "quantity": 0,
  "options": {
    "SIZE": "34",
    "COLOR": "Xanh nhạt"
  },
  "product_allow_buy_when_clocked": false,
  "product_exclude_discount": false,
  "product_apply_allowance_inventory": false,
  "pending": 0,
  "product_visibility": true,
  "is_delete": false,
  "is_lock": false,
  "createAt": {
    "$date": "2025-05-15T15:20:22.953Z"
  },
  "updateAt": {
    "$date": "2025-05-15T15:20:22.953Z"
  },
  "_class": "com.lamnguyen.inventory_service.model.VariantProduct"
},
{
  "_id": "682606371bd0a01c950ace7b",
  "product_id": "68260635213ef202c0fd2056",
  "title": "29-Xanh Garment",
  "regular_price": 539000,
  "compare_price": 599000,
  "sku": "SKU-68260635213EF202C0FD2056-SIZE-29-COLOR-XANH GARMENT",
  "quantity": 0,
  "options": {
    "SIZE": "29",
    "COLOR": "Xanh Garment"
  },
  "product_allow_buy_when_clocked": false,
  "product_exclude_discount": false,
  "product_apply_allowance_inventory": false,
  "pending": 0,
  "product_visibility": true,
  "is_delete": false,
  "is_lock": false,
  "createAt": {
    "$date": "2025-05-15T15:20:23.044Z"
  },
  "updateAt": {
    "$date": "2025-05-15T15:20:23.044Z"
  },
  "_class": "com.lamnguyen.inventory_service.model.VariantProduct"
},
{
  "_id": "682606371bd0a01c950ace7c",
  "product_id": "68260635213ef202c0fd2056",
  "title": "30-Xanh Garment",
  "regular_price": 539000,
  "compare_price": 599000,
  "sku": "SKU-68260635213EF202C0FD2056-SIZE-30-COLOR-XANH GARMENT",
  "quantity": 0,
  "options": {
    "SIZE": "30",
    "COLOR": "Xanh Garment"
  },
  "product_allow_buy_when_clocked": false,
  "product_exclude_discount": false,
  "product_apply_allowance_inventory": false,
  "pending": 0,
  "product_visibility": true,
  "is_delete": false,
  "is_lock": false,
  "createAt": {
    "$date": "2025-05-15T15:20:23.159Z"
  },
  "updateAt": {
    "$date": "2025-05-15T15:20:23.159Z"
  },
  "_class": "com.lamnguyen.inventory_service.model.VariantProduct"
},
{
  "_id": "682606371bd0a01c950ace7d",
  "product_id": "68260635213ef202c0fd2056",
  "title": "31-Xanh Garment",
  "regular_price": 539000,
  "compare_price": 599000,
  "sku": "SKU-68260635213EF202C0FD2056-SIZE-31-COLOR-XANH GARMENT",
  "quantity": 0,
  "options": {
    "SIZE": "31",
    "COLOR": "Xanh Garment"
  },
  "product_allow_buy_when_clocked": false,
  "product_exclude_discount": false,
  "product_apply_allowance_inventory": false,
  "pending": 0,
  "product_visibility": true,
  "is_delete": false,
  "is_lock": false,
  "createAt": {
    "$date": "2025-05-15T15:20:23.264Z"
  },
  "updateAt": {
    "$date": "2025-05-15T15:20:23.264Z"
  },
  "_class": "com.lamnguyen.inventory_service.model.VariantProduct"
},
{
  "_id": "682606371bd0a01c950ace7e",
  "product_id": "68260635213ef202c0fd2056",
  "title": "32-Xanh Garment",
  "regular_price": 539000,
  "compare_price": 599000,
  "sku": "SKU-68260635213EF202C0FD2056-SIZE-32-COLOR-XANH GARMENT",
  "quantity": 0,
  "options": {
    "SIZE": "32",
    "COLOR": "Xanh Garment"
  },
  "product_allow_buy_when_clocked": false,
  "product_exclude_discount": false,
  "product_apply_allowance_inventory": false,
  "pending": 0,
  "product_visibility": true,
  "is_delete": false,
  "is_lock": false,
  "createAt": {
    "$date": "2025-05-15T15:20:23.346Z"
  },
  "updateAt": {
    "$date": "2025-05-15T15:20:23.346Z"
  },
  "_class": "com.lamnguyen.inventory_service.model.VariantProduct"
},
{
  "_id": "682606371bd0a01c950ace7f",
  "product_id": "68260635213ef202c0fd2056",
  "title": "33-Xanh Garment",
  "regular_price": 539000,
  "compare_price": 599000,
  "sku": "SKU-68260635213EF202C0FD2056-SIZE-33-COLOR-XANH GARMENT",
  "quantity": 0,
  "options": {
    "SIZE": "33",
    "COLOR": "Xanh Garment"
  },
  "product_allow_buy_when_clocked": false,
  "product_exclude_discount": false,
  "product_apply_allowance_inventory": false,
  "pending": 0,
  "product_visibility": true,
  "is_delete": false,
  "is_lock": false,
  "createAt": {
    "$date": "2025-05-15T15:20:23.458Z"
  },
  "updateAt": {
    "$date": "2025-05-15T15:20:23.458Z"
  },
  "_class": "com.lamnguyen.inventory_service.model.VariantProduct"
},
{
  "_id": "682606371bd0a01c950ace80",
  "product_id": "68260635213ef202c0fd2056",
  "title": "34-Xanh Garment",
  "regular_price": 539000,
  "compare_price": 599000,
  "sku": "SKU-68260635213EF202C0FD2056-SIZE-34-COLOR-XANH GARMENT",
  "quantity": 0,
  "options": {
    "SIZE": "34",
    "COLOR": "Xanh Garment"
  },
  "product_allow_buy_when_clocked": false,
  "product_exclude_discount": false,
  "product_apply_allowance_inventory": false,
  "pending": 0,
  "product_visibility": true,
  "is_delete": false,
  "is_lock": false,
  "createAt": {
    "$date": "2025-05-15T15:20:23.536Z"
  },
  "updateAt": {
    "$date": "2025-05-15T15:20:23.536Z"
  },
  "_class": "com.lamnguyen.inventory_service.model.VariantProduct"
},
{
  "_id": "682606371bd0a01c950ace81",
  "product_id": "68260635213ef202c0fd2056",
  "title": "29-Đen",
  "regular_price": 539000,
  "compare_price": 599000,
  "sku": "SKU-68260635213EF202C0FD2056-SIZE-29-COLOR-ĐEN",
  "quantity": 0,
  "options": {
    "SIZE": "29",
    "COLOR": "Đen"
  },
  "product_allow_buy_when_clocked": false,
  "product_exclude_discount": false,
  "product_apply_allowance_inventory": false,
  "pending": 0,
  "product_visibility": true,
  "is_delete": false,
  "is_lock": false,
  "createAt": {
    "$date": "2025-05-15T15:20:23.613Z"
  },
  "updateAt": {
    "$date": "2025-05-15T15:20:23.613Z"
  },
  "_class": "com.lamnguyen.inventory_service.model.VariantProduct"
},
{
  "_id": "682606371bd0a01c950ace82",
  "product_id": "68260635213ef202c0fd2056",
  "title": "30-Đen",
  "regular_price": 539000,
  "compare_price": 599000,
  "sku": "SKU-68260635213EF202C0FD2056-SIZE-30-COLOR-ĐEN",
  "quantity": 0,
  "options": {
    "SIZE": "30",
    "COLOR": "Đen"
  },
  "product_allow_buy_when_clocked": false,
  "product_exclude_discount": false,
  "product_apply_allowance_inventory": false,
  "pending": 0,
  "product_visibility": true,
  "is_delete": false,
  "is_lock": false,
  "createAt": {
    "$date": "2025-05-15T15:20:23.695Z"
  },
  "updateAt": {
    "$date": "2025-05-15T15:20:23.695Z"
  },
  "_class": "com.lamnguyen.inventory_service.model.VariantProduct"
},
{
  "_id": "682606371bd0a01c950ace83",
  "product_id": "68260635213ef202c0fd2056",
  "title": "31-Đen",
  "regular_price": 539000,
  "compare_price": 599000,
  "sku": "SKU-68260635213EF202C0FD2056-SIZE-31-COLOR-ĐEN",
  "quantity": 0,
  "options": {
    "SIZE": "31",
    "COLOR": "Đen"
  },
  "product_allow_buy_when_clocked": false,
  "product_exclude_discount": false,
  "product_apply_allowance_inventory": false,
  "pending": 0,
  "product_visibility": true,
  "is_delete": false,
  "is_lock": false,
  "createAt": {
    "$date": "2025-05-15T15:20:23.797Z"
  },
  "updateAt": {
    "$date": "2025-05-15T15:20:23.797Z"
  },
  "_class": "com.lamnguyen.inventory_service.model.VariantProduct"
},
{
  "_id": "682606371bd0a01c950ace84",
  "product_id": "68260635213ef202c0fd2056",
  "title": "32-Đen",
  "regular_price": 539000,
  "compare_price": 599000,
  "sku": "SKU-68260635213EF202C0FD2056-SIZE-32-COLOR-ĐEN",
  "quantity": 0,
  "options": {
    "SIZE": "32",
    "COLOR": "Đen"
  },
  "product_allow_buy_when_clocked": false,
  "product_exclude_discount": false,
  "product_apply_allowance_inventory": false,
  "pending": 0,
  "product_visibility": true,
  "is_delete": false,
  "is_lock": false,
  "createAt": {
    "$date": "2025-05-15T15:20:23.882Z"
  },
  "updateAt": {
    "$date": "2025-05-15T15:20:23.882Z"
  },
  "_class": "com.lamnguyen.inventory_service.model.VariantProduct"
},
{
  "_id": "682606371bd0a01c950ace85",
  "product_id": "68260635213ef202c0fd2056",
  "title": "33-Đen",
  "regular_price": 539000,
  "compare_price": 599000,
  "sku": "SKU-68260635213EF202C0FD2056-SIZE-33-COLOR-ĐEN",
  "quantity": 0,
  "options": {
    "SIZE": "33",
    "COLOR": "Đen"
  },
  "product_allow_buy_when_clocked": false,
  "product_exclude_discount": false,
  "product_apply_allowance_inventory": false,
  "pending": 0,
  "product_visibility": true,
  "is_delete": false,
  "is_lock": false,
  "createAt": {
    "$date": "2025-05-15T15:20:23.957Z"
  },
  "updateAt": {
    "$date": "2025-05-15T15:20:23.957Z"
  },
  "_class": "com.lamnguyen.inventory_service.model.VariantProduct"
},
{
  "_id": "682606381bd0a01c950ace86",
  "product_id": "68260635213ef202c0fd2056",
  "title": "34-Đen",
  "regular_price": 539000,
  "compare_price": 599000,
  "sku": "SKU-68260635213EF202C0FD2056-SIZE-34-COLOR-ĐEN",
  "quantity": 0,
  "options": {
    "SIZE": "34",
    "COLOR": "Đen"
  },
  "product_allow_buy_when_clocked": false,
  "product_exclude_discount": false,
  "product_apply_allowance_inventory": false,
  "pending": 0,
  "product_visibility": true,
  "is_delete": false,
  "is_lock": false,
  "createAt": {
    "$date": "2025-05-15T15:20:24.035Z"
  },
  "updateAt": {
    "$date": "2025-05-15T15:20:24.035Z"
  },
  "_class": "com.lamnguyen.inventory_service.model.VariantProduct"
},
{
  "_id": "6826063b1bd0a01c950ace87",
  "product_id": "6826063b213ef202c0fd2057",
  "title": "29-Xanh đậm",
  "regular_price": 539000,
  "compare_price": 599000,
  "sku": "SKU-6826063B213EF202C0FD2057-SIZE-29-COLOR-XANH ĐẬM",
  "quantity": 0,
  "options": {
    "SIZE": "29",
    "COLOR": "Xanh đậm"
  },
  "product_allow_buy_when_clocked": false,
  "product_exclude_discount": false,
  "product_apply_allowance_inventory": false,
  "pending": 0,
  "product_visibility": true,
  "is_delete": false,
  "is_lock": false,
  "createAt": {
    "$date": "2025-05-15T15:20:27.760Z"
  },
  "updateAt": {
    "$date": "2025-05-15T15:20:27.760Z"
  },
  "_class": "com.lamnguyen.inventory_service.model.VariantProduct"
},
{
  "_id": "6826063b1bd0a01c950ace88",
  "product_id": "6826063b213ef202c0fd2057",
  "title": "30-Xanh đậm",
  "regular_price": 539000,
  "compare_price": 599000,
  "sku": "SKU-6826063B213EF202C0FD2057-SIZE-30-COLOR-XANH ĐẬM",
  "quantity": 0,
  "options": {
    "SIZE": "30",
    "COLOR": "Xanh đậm"
  },
  "product_allow_buy_when_clocked": false,
  "product_exclude_discount": false,
  "product_apply_allowance_inventory": false,
  "pending": 0,
  "product_visibility": true,
  "is_delete": false,
  "is_lock": false,
  "createAt": {
    "$date": "2025-05-15T15:20:27.835Z"
  },
  "updateAt": {
    "$date": "2025-05-15T15:20:27.835Z"
  },
  "_class": "com.lamnguyen.inventory_service.model.VariantProduct"
},
{
  "_id": "6826063b1bd0a01c950ace89",
  "product_id": "6826063b213ef202c0fd2057",
  "title": "31-Xanh đậm",
  "regular_price": 539000,
  "compare_price": 599000,
  "sku": "SKU-6826063B213EF202C0FD2057-SIZE-31-COLOR-XANH ĐẬM",
  "quantity": 0,
  "options": {
    "SIZE": "31",
    "COLOR": "Xanh đậm"
  },
  "product_allow_buy_when_clocked": false,
  "product_exclude_discount": false,
  "product_apply_allowance_inventory": false,
  "pending": 0,
  "product_visibility": true,
  "is_delete": false,
  "is_lock": false,
  "createAt": {
    "$date": "2025-05-15T15:20:27.911Z"
  },
  "updateAt": {
    "$date": "2025-05-15T15:20:27.911Z"
  },
  "_class": "com.lamnguyen.inventory_service.model.VariantProduct"
},
{
  "_id": "6826063b1bd0a01c950ace8a",
  "product_id": "6826063b213ef202c0fd2057",
  "title": "32-Xanh đậm",
  "regular_price": 539000,
  "compare_price": 599000,
  "sku": "SKU-6826063B213EF202C0FD2057-SIZE-32-COLOR-XANH ĐẬM",
  "quantity": 0,
  "options": {
    "SIZE": "32",
    "COLOR": "Xanh đậm"
  },
  "product_allow_buy_when_clocked": false,
  "product_exclude_discount": false,
  "product_apply_allowance_inventory": false,
  "pending": 0,
  "product_visibility": true,
  "is_delete": false,
  "is_lock": false,
  "createAt": {
    "$date": "2025-05-15T15:20:27.980Z"
  },
  "updateAt": {
    "$date": "2025-05-15T15:20:27.980Z"
  },
  "_class": "com.lamnguyen.inventory_service.model.VariantProduct"
},
{
  "_id": "6826063c1bd0a01c950ace8b",
  "product_id": "6826063b213ef202c0fd2057",
  "title": "33-Xanh đậm",
  "regular_price": 539000,
  "compare_price": 599000,
  "sku": "SKU-6826063B213EF202C0FD2057-SIZE-33-COLOR-XANH ĐẬM",
  "quantity": 0,
  "options": {
    "SIZE": "33",
    "COLOR": "Xanh đậm"
  },
  "product_allow_buy_when_clocked": false,
  "product_exclude_discount": false,
  "product_apply_allowance_inventory": false,
  "pending": 0,
  "product_visibility": true,
  "is_delete": false,
  "is_lock": false,
  "createAt": {
    "$date": "2025-05-15T15:20:28.056Z"
  },
  "updateAt": {
    "$date": "2025-05-15T15:20:28.056Z"
  },
  "_class": "com.lamnguyen.inventory_service.model.VariantProduct"
},
{
  "_id": "6826063c1bd0a01c950ace8c",
  "product_id": "6826063b213ef202c0fd2057",
  "title": "29-Xanh nhạt",
  "regular_price": 539000,
  "compare_price": 599000,
  "sku": "SKU-6826063B213EF202C0FD2057-SIZE-29-COLOR-XANH NHẠT",
  "quantity": 0,
  "options": {
    "SIZE": "29",
    "COLOR": "Xanh nhạt"
  },
  "product_allow_buy_when_clocked": false,
  "product_exclude_discount": false,
  "product_apply_allowance_inventory": false,
  "pending": 0,
  "product_visibility": true,
  "is_delete": false,
  "is_lock": false,
  "createAt": {
    "$date": "2025-05-15T15:20:28.130Z"
  },
  "updateAt": {
    "$date": "2025-05-15T15:20:28.130Z"
  },
  "_class": "com.lamnguyen.inventory_service.model.VariantProduct"
},
{
  "_id": "6826063c1bd0a01c950ace8d",
  "product_id": "6826063b213ef202c0fd2057",
  "title": "30-Xanh nhạt",
  "regular_price": 539000,
  "compare_price": 599000,
  "sku": "SKU-6826063B213EF202C0FD2057-SIZE-30-COLOR-XANH NHẠT",
  "quantity": 0,
  "options": {
    "SIZE": "30",
    "COLOR": "Xanh nhạt"
  },
  "product_allow_buy_when_clocked": false,
  "product_exclude_discount": false,
  "product_apply_allowance_inventory": false,
  "pending": 0,
  "product_visibility": true,
  "is_delete": false,
  "is_lock": false,
  "createAt": {
    "$date": "2025-05-15T15:20:28.217Z"
  },
  "updateAt": {
    "$date": "2025-05-15T15:20:28.217Z"
  },
  "_class": "com.lamnguyen.inventory_service.model.VariantProduct"
},
{
  "_id": "6826063c1bd0a01c950ace8e",
  "product_id": "6826063b213ef202c0fd2057",
  "title": "31-Xanh nhạt",
  "regular_price": 539000,
  "compare_price": 599000,
  "sku": "SKU-6826063B213EF202C0FD2057-SIZE-31-COLOR-XANH NHẠT",
  "quantity": 0,
  "options": {
    "SIZE": "31",
    "COLOR": "Xanh nhạt"
  },
  "product_allow_buy_when_clocked": false,
  "product_exclude_discount": false,
  "product_apply_allowance_inventory": false,
  "pending": 0,
  "product_visibility": true,
  "is_delete": false,
  "is_lock": false,
  "createAt": {
    "$date": "2025-05-15T15:20:28.300Z"
  },
  "updateAt": {
    "$date": "2025-05-15T15:20:28.300Z"
  },
  "_class": "com.lamnguyen.inventory_service.model.VariantProduct"
},
{
  "_id": "6826063c1bd0a01c950ace8f",
  "product_id": "6826063b213ef202c0fd2057",
  "title": "32-Xanh nhạt",
  "regular_price": 539000,
  "compare_price": 599000,
  "sku": "SKU-6826063B213EF202C0FD2057-SIZE-32-COLOR-XANH NHẠT",
  "quantity": 0,
  "options": {
    "SIZE": "32",
    "COLOR": "Xanh nhạt"
  },
  "product_allow_buy_when_clocked": false,
  "product_exclude_discount": false,
  "product_apply_allowance_inventory": false,
  "pending": 0,
  "product_visibility": true,
  "is_delete": false,
  "is_lock": false,
  "createAt": {
    "$date": "2025-05-15T15:20:28.398Z"
  },
  "updateAt": {
    "$date": "2025-05-15T15:20:28.398Z"
  },
  "_class": "com.lamnguyen.inventory_service.model.VariantProduct"
},
{
  "_id": "6826063c1bd0a01c950ace90",
  "product_id": "6826063b213ef202c0fd2057",
  "title": "33-Xanh nhạt",
  "regular_price": 539000,
  "compare_price": 599000,
  "sku": "SKU-6826063B213EF202C0FD2057-SIZE-33-COLOR-XANH NHẠT",
  "quantity": 0,
  "options": {
    "SIZE": "33",
    "COLOR": "Xanh nhạt"
  },
  "product_allow_buy_when_clocked": false,
  "product_exclude_discount": false,
  "product_apply_allowance_inventory": false,
  "pending": 0,
  "product_visibility": true,
  "is_delete": false,
  "is_lock": false,
  "createAt": {
    "$date": "2025-05-15T15:20:28.518Z"
  },
  "updateAt": {
    "$date": "2025-05-15T15:20:28.518Z"
  },
  "_class": "com.lamnguyen.inventory_service.model.VariantProduct"
}]