[{
  "_id": "682602bf1bd0a01c950acb7a",
  "product_id": "682602bf213ef202c0fd2002",
  "title": "Trắng - Ghi sáng",
  "regular_price": 39000,
  "compare_price": 49000,
  "sku": "SKU-682602BF213EF202C0FD2002-COLOR-TRẮNG - GHI SÁNG",
  "quantity": 0,
  "options": {
    "COLOR": "Trắng - Ghi sáng"
  },
  "product_allow_buy_when_clocked": false,
  "product_exclude_discount": false,
  "product_apply_allowance_inventory": false,
  "pending": 0,
  "product_visibility": true,
  "is_delete": false,
  "is_lock": false,
  "createAt": {
    "$date": "2025-05-15T15:05:35.821Z"
  },
  "updateAt": {
    "$date": "2025-05-15T15:05:35.821Z"
  },
  "_class": "com.lamnguyen.inventory_service.model.VariantProduct"
},
{
  "_id": "682602bf1bd0a01c950acb7b",
  "product_id": "682602bf213ef202c0fd2002",
  "title": "Đen - Ghi đậm",
  "regular_price": 39000,
  "compare_price": 49000,
  "sku": "SKU-682602BF213EF202C0FD2002-COLOR-ĐEN - GHI ĐẬM",
  "quantity": 0,
  "options": {
    "COLOR": "Đen - Ghi đậm"
  },
  "product_allow_buy_when_clocked": false,
  "product_exclude_discount": false,
  "product_apply_allowance_inventory": false,
  "pending": 0,
  "product_visibility": true,
  "is_delete": false,
  "is_lock": false,
  "createAt": {
    "$date": "2025-05-15T15:05:35.910Z"
  },
  "updateAt": {
    "$date": "2025-05-15T15:05:35.910Z"
  },
  "_class": "com.lamnguyen.inventory_service.model.VariantProduct"
},
{
  "_id": "682602bf1bd0a01c950acb7c",
  "product_id": "682602bf213ef202c0fd2002",
  "title": "Ghi sáng - Ghi đậm",
  "regular_price": 39000,
  "compare_price": 49000,
  "sku": "SKU-682602BF213EF202C0FD2002-COLOR-GHI SÁNG - GHI ĐẬM",
  "quantity": 0,
  "options": {
    "COLOR": "Ghi sáng - Ghi đậm"
  },
  "product_allow_buy_when_clocked": false,
  "product_exclude_discount": false,
  "product_apply_allowance_inventory": false,
  "pending": 0,
  "product_visibility": true,
  "is_delete": false,
  "is_lock": false,
  "createAt": {
    "$date": "2025-05-15T15:05:35.985Z"
  },
  "updateAt": {
    "$date": "2025-05-15T15:05:35.985Z"
  },
  "_class": "com.lamnguyen.inventory_service.model.VariantProduct"
},
{
  "_id": "682602c41bd0a01c950acb7d",
  "product_id": "682602c4213ef202c0fd2003",
  "title": "39-42-Cam",
  "regular_price": 49000,
  "compare_price": 60000,
  "sku": "SKU-682602C4213EF202C0FD2003-SIZE-39-42-COLOR-CAM",
  "quantity": 0,
  "options": {
    "SIZE": "39-42",
    "COLOR": "Cam"
  },
  "product_allow_buy_when_clocked": false,
  "product_exclude_discount": false,
  "product_apply_allowance_inventory": false,
  "pending": 0,
  "product_visibility": true,
  "is_delete": false,
  "is_lock": false,
  "createAt": {
    "$date": "2025-05-15T15:05:40.531Z"
  },
  "updateAt": {
    "$date": "2025-05-15T15:05:40.531Z"
  },
  "_class": "com.lamnguyen.inventory_service.model.VariantProduct"
},
{
  "_id": "682602c41bd0a01c950acb7e",
  "product_id": "682602c4213ef202c0fd2003",
  "title": "43-46-Cam",
  "regular_price": 49000,
  "compare_price": 60000,
  "sku": "SKU-682602C4213EF202C0FD2003-SIZE-43-46-COLOR-CAM",
  "quantity": 0,
  "options": {
    "SIZE": "43-46",
    "COLOR": "Cam"
  },
  "product_allow_buy_when_clocked": false,
  "product_exclude_discount": false,
  "product_apply_allowance_inventory": false,
  "pending": 0,
  "product_visibility": true,
  "is_delete": false,
  "is_lock": false,
  "createAt": {
    "$date": "2025-05-15T15:05:40.600Z"
  },
  "updateAt": {
    "$date": "2025-05-15T15:05:40.600Z"
  },
  "_class": "com.lamnguyen.inventory_service.model.VariantProduct"
},
{
  "_id": "682602c41bd0a01c950acb7f",
  "product_id": "682602c4213ef202c0fd2003",
  "title": "39-42-Đen phối xanh lá",
  "regular_price": 49000,
  "compare_price": 60000,
  "sku": "SKU-682602C4213EF202C0FD2003-SIZE-39-42-COLOR-ĐEN PHỐI XANH LÁ",
  "quantity": 0,
  "options": {
    "SIZE": "39-42",
    "COLOR": "Đen phối xanh lá"
  },
  "product_allow_buy_when_clocked": false,
  "product_exclude_discount": false,
  "product_apply_allowance_inventory": false,
  "pending": 0,
  "product_visibility": true,
  "is_delete": false,
  "is_lock": false,
  "createAt": {
    "$date": "2025-05-15T15:05:40.657Z"
  },
  "updateAt": {
    "$date": "2025-05-15T15:05:40.657Z"
  },
  "_class": "com.lamnguyen.inventory_service.model.VariantProduct"
},
{
  "_id": "682602c41bd0a01c950acb80",
  "product_id": "682602c4213ef202c0fd2003",
  "title": "43-46-Đen phối xanh lá",
  "regular_price": 49000,
  "compare_price": 60000,
  "sku": "SKU-682602C4213EF202C0FD2003-SIZE-43-46-COLOR-ĐEN PHỐI XANH LÁ",
  "quantity": 0,
  "options": {
    "SIZE": "43-46",
    "COLOR": "Đen phối xanh lá"
  },
  "product_allow_buy_when_clocked": false,
  "product_exclude_discount": false,
  "product_apply_allowance_inventory": false,
  "pending": 0,
  "product_visibility": true,
  "is_delete": false,
  "is_lock": false,
  "createAt": {
    "$date": "2025-05-15T15:05:40.752Z"
  },
  "updateAt": {
    "$date": "2025-05-15T15:05:40.752Z"
  },
  "_class": "com.lamnguyen.inventory_service.model.VariantProduct"
},
{
  "_id": "682602c41bd0a01c950acb81",
  "product_id": "682602c4213ef202c0fd2003",
  "title": "39-42-Xám phối xanh",
  "regular_price": 49000,
  "compare_price": 60000,
  "sku": "SKU-682602C4213EF202C0FD2003-SIZE-39-42-COLOR-XÁM PHỐI XANH",
  "quantity": 0,
  "options": {
    "SIZE": "39-42",
    "COLOR": "Xám phối xanh"
  },
  "product_allow_buy_when_clocked": false,
  "product_exclude_discount": false,
  "product_apply_allowance_inventory": false,
  "pending": 0,
  "product_visibility": true,
  "is_delete": false,
  "is_lock": false,
  "createAt": {
    "$date": "2025-05-15T15:05:40.828Z"
  },
  "updateAt": {
    "$date": "2025-05-15T15:05:40.828Z"
  },
  "_class": "com.lamnguyen.inventory_service.model.VariantProduct"
},
{
  "_id": "682602c41bd0a01c950acb82",
  "product_id": "682602c4213ef202c0fd2003",
  "title": "43-46-Xám phối xanh",
  "regular_price": 49000,
  "compare_price": 60000,
  "sku": "SKU-682602C4213EF202C0FD2003-SIZE-43-46-COLOR-XÁM PHỐI XANH",
  "quantity": 0,
  "options": {
    "SIZE": "43-46",
    "COLOR": "Xám phối xanh"
  },
  "product_allow_buy_when_clocked": false,
  "product_exclude_discount": false,
  "product_apply_allowance_inventory": false,
  "pending": 0,
  "product_visibility": true,
  "is_delete": false,
  "is_lock": false,
  "createAt": {
    "$date": "2025-05-15T15:05:40.897Z"
  },
  "updateAt": {
    "$date": "2025-05-15T15:05:40.897Z"
  },
  "_class": "com.lamnguyen.inventory_service.model.VariantProduct"
},
{
  "_id": "682602c41bd0a01c950acb83",
  "product_id": "682602c4213ef202c0fd2003",
  "title": "39-42-Xanh Navy",
  "regular_price": 49000,
  "compare_price": 60000,
  "sku": "SKU-682602C4213EF202C0FD2003-SIZE-39-42-COLOR-XANH NAVY",
  "quantity": 0,
  "options": {
    "SIZE": "39-42",
    "COLOR": "Xanh Navy"
  },
  "product_allow_buy_when_clocked": false,
  "product_exclude_discount": false,
  "product_apply_allowance_inventory": false,
  "pending": 0,
  "product_visibility": true,
  "is_delete": false,
  "is_lock": false,
  "createAt": {
    "$date": "2025-05-15T15:05:40.968Z"
  },
  "updateAt": {
    "$date": "2025-05-15T15:05:40.968Z"
  },
  "_class": "com.lamnguyen.inventory_service.model.VariantProduct"
},
{
  "_id": "682602c51bd0a01c950acb84",
  "product_id": "682602c4213ef202c0fd2003",
  "title": "43-46-Xanh Navy",
  "regular_price": 49000,
  "compare_price": 60000,
  "sku": "SKU-682602C4213EF202C0FD2003-SIZE-43-46-COLOR-XANH NAVY",
  "quantity": 0,
  "options": {
    "SIZE": "43-46",
    "COLOR": "Xanh Navy"
  },
  "product_allow_buy_when_clocked": false,
  "product_exclude_discount": false,
  "product_apply_allowance_inventory": false,
  "pending": 0,
  "product_visibility": true,
  "is_delete": false,
  "is_lock": false,
  "createAt": {
    "$date": "2025-05-15T15:05:41.038Z"
  },
  "updateAt": {
    "$date": "2025-05-15T15:05:41.038Z"
  },
  "_class": "com.lamnguyen.inventory_service.model.VariantProduct"
},
{
  "_id": "682602d41bd0a01c950acb85",
  "product_id": "682602d4213ef202c0fd2005",
  "title": "Xanh lá",
  "regular_price": 39000,
  "compare_price": 49000,
  "sku": "SKU-682602D4213EF202C0FD2005-COLOR-XANH LÁ",
  "quantity": 0,
  "options": {
    "COLOR": "Xanh lá"
  },
  "product_allow_buy_when_clocked": false,
  "product_exclude_discount": false,
  "product_apply_allowance_inventory": false,
  "pending": 0,
  "product_visibility": true,
  "is_delete": false,
  "is_lock": false,
  "createAt": {
    "$date": "2025-05-15T15:05:56.224Z"
  },
  "updateAt": {
    "$date": "2025-05-15T15:05:56.224Z"
  },
  "_class": "com.lamnguyen.inventory_service.model.VariantProduct"
},
{
  "_id": "682602d41bd0a01c950acb86",
  "product_id": "682602d4213ef202c0fd2005",
  "title": "Trắng",
  "regular_price": 39000,
  "compare_price": 49000,
  "sku": "SKU-682602D4213EF202C0FD2005-COLOR-TRẮNG",
  "quantity": 0,
  "options": {
    "COLOR": "Trắng"
  },
  "product_allow_buy_when_clocked": false,
  "product_exclude_discount": false,
  "product_apply_allowance_inventory": false,
  "pending": 0,
  "product_visibility": true,
  "is_delete": false,
  "is_lock": false,
  "createAt": {
    "$date": "2025-05-15T15:05:56.296Z"
  },
  "updateAt": {
    "$date": "2025-05-15T15:05:56.296Z"
  },
  "_class": "com.lamnguyen.inventory_service.model.VariantProduct"
},
{
  "_id": "682602d41bd0a01c950acb87",
  "product_id": "682602d4213ef202c0fd2005",
  "title": "Đen",
  "regular_price": 39000,
  "compare_price": 49000,
  "sku": "SKU-682602D4213EF202C0FD2005-COLOR-ĐEN",
  "quantity": 0,
  "options": {
    "COLOR": "Đen"
  },
  "product_allow_buy_when_clocked": false,
  "product_exclude_discount": false,
  "product_apply_allowance_inventory": false,
  "pending": 0,
  "product_visibility": true,
  "is_delete": false,
  "is_lock": false,
  "createAt": {
    "$date": "2025-05-15T15:05:56.366Z"
  },
  "updateAt": {
    "$date": "2025-05-15T15:05:56.366Z"
  },
  "_class": "com.lamnguyen.inventory_service.model.VariantProduct"
},
{
  "_id": "682602d41bd0a01c950acb88",
  "product_id": "682602d4213ef202c0fd2005",
  "title": "Xanh Aqua",
  "regular_price": 39000,
  "compare_price": 49000,
  "sku": "SKU-682602D4213EF202C0FD2005-COLOR-XANH AQUA",
  "quantity": 0,
  "options": {
    "COLOR": "Xanh Aqua"
  },
  "product_allow_buy_when_clocked": false,
  "product_exclude_discount": false,
  "product_apply_allowance_inventory": false,
  "pending": 0,
  "product_visibility": true,
  "is_delete": false,
  "is_lock": false,
  "createAt": {
    "$date": "2025-05-15T15:05:56.436Z"
  },
  "updateAt": {
    "$date": "2025-05-15T15:05:56.436Z"
  },
  "_class": "com.lamnguyen.inventory_service.model.VariantProduct"
},
{
  "_id": "682602d41bd0a01c950acb89",
  "product_id": "682602d4213ef202c0fd2005",
  "title": "Xám",
  "regular_price": 39000,
  "compare_price": 49000,
  "sku": "SKU-682602D4213EF202C0FD2005-COLOR-XÁM",
  "quantity": 0,
  "options": {
    "COLOR": "Xám"
  },
  "product_allow_buy_when_clocked": false,
  "product_exclude_discount": false,
  "product_apply_allowance_inventory": false,
  "pending": 0,
  "product_visibility": true,
  "is_delete": false,
  "is_lock": false,
  "createAt": {
    "$date": "2025-05-15T15:05:56.505Z"
  },
  "updateAt": {
    "$date": "2025-05-15T15:05:56.505Z"
  },
  "_class": "com.lamnguyen.inventory_service.model.VariantProduct"
},
{
  "_id": "682602d41bd0a01c950acb8a",
  "product_id": "682602d4213ef202c0fd2005",
  "title": "Xanh Navy phối Neon",
  "regular_price": 39000,
  "compare_price": 49000,
  "sku": "SKU-682602D4213EF202C0FD2005-COLOR-XANH NAVY PHỐI NEON",
  "quantity": 0,
  "options": {
    "COLOR": "Xanh Navy phối Neon"
  },
  "product_allow_buy_when_clocked": false,
  "product_exclude_discount": false,
  "product_apply_allowance_inventory": false,
  "pending": 0,
  "product_visibility": true,
  "is_delete": false,
  "is_lock": false,
  "createAt": {
    "$date": "2025-05-15T15:05:56.575Z"
  },
  "updateAt": {
    "$date": "2025-05-15T15:05:56.575Z"
  },
  "_class": "com.lamnguyen.inventory_service.model.VariantProduct"
},
{
  "_id": "682602d61bd0a01c950acb8b",
  "product_id": "682602d6213ef202c0fd2006",
  "title": "Đen",
  "regular_price": 159000,
  "compare_price": 199000,
  "sku": "SKU-682602D6213EF202C0FD2006-COLOR-ĐEN",
  "quantity": 0,
  "options": {
    "COLOR": "Đen"
  },
  "product_allow_buy_when_clocked": false,
  "product_exclude_discount": false,
  "product_apply_allowance_inventory": false,
  "pending": 0,
  "product_visibility": true,
  "is_delete": false,
  "is_lock": false,
  "createAt": {
    "$date": "2025-05-15T15:05:58.582Z"
  },
  "updateAt": {
    "$date": "2025-05-15T15:05:58.582Z"
  },
  "_class": "com.lamnguyen.inventory_service.model.VariantProduct"
},
{
  "_id": "682602da1bd0a01c950acb8c",
  "product_id": "682602da213ef202c0fd2007",
  "title": "Trắng",
  "regular_price": 169000,
  "compare_price": 199000,
  "sku": "SKU-682602DA213EF202C0FD2007-COLOR-TRẮNG",
  "quantity": 0,
  "options": {
    "COLOR": "Trắng"
  },
  "product_allow_buy_when_clocked": false,
  "product_exclude_discount": false,
  "product_apply_allowance_inventory": false,
  "pending": 0,
  "product_visibility": true,
  "is_delete": false,
  "is_lock": false,
  "createAt": {
    "$date": "2025-05-15T15:06:02.415Z"
  },
  "updateAt": {
    "$date": "2025-05-15T15:06:02.415Z"
  },
  "_class": "com.lamnguyen.inventory_service.model.VariantProduct"
},
{
  "_id": "682602da1bd0a01c950acb8d",
  "product_id": "682602da213ef202c0fd2007",
  "title": "Vàng",
  "regular_price": 169000,
  "compare_price": 199000,
  "sku": "SKU-682602DA213EF202C0FD2007-COLOR-VÀNG",
  "quantity": 0,
  "options": {
    "COLOR": "Vàng"
  },
  "product_allow_buy_when_clocked": false,
  "product_exclude_discount": false,
  "product_apply_allowance_inventory": false,
  "pending": 0,
  "product_visibility": true,
  "is_delete": false,
  "is_lock": false,
  "createAt": {
    "$date": "2025-05-15T15:06:02.486Z"
  },
  "updateAt": {
    "$date": "2025-05-15T15:06:02.486Z"
  },
  "_class": "com.lamnguyen.inventory_service.model.VariantProduct"
},
{
  "_id": "682602da1bd0a01c950acb8e",
  "product_id": "682602da213ef202c0fd2007",
  "title": "Đồng",
  "regular_price": 169000,
  "compare_price": 199000,
  "sku": "SKU-682602DA213EF202C0FD2007-COLOR-ĐỒNG",
  "quantity": 0,
  "options": {
    "COLOR": "Đồng"
  },
  "product_allow_buy_when_clocked": false,
  "product_exclude_discount": false,
  "product_apply_allowance_inventory": false,
  "pending": 0,
  "product_visibility": true,
  "is_delete": false,
  "is_lock": false,
  "createAt": {
    "$date": "2025-05-15T15:06:02.556Z"
  },
  "updateAt": {
    "$date": "2025-05-15T15:06:02.556Z"
  },
  "_class": "com.lamnguyen.inventory_service.model.VariantProduct"
},
{
  "_id": "682602dd1bd0a01c950acb8f",
  "product_id": "682602dd213ef202c0fd2008",
  "title": "Nâu",
  "regular_price": 169000,
  "compare_price": 199000,
  "sku": "SKU-682602DD213EF202C0FD2008-COLOR-NÂU",
  "quantity": 0,
  "options": {
    "COLOR": "Nâu"
  },
  "product_allow_buy_when_clocked": false,
  "product_exclude_discount": false,
  "product_apply_allowance_inventory": false,
  "pending": 0,
  "product_visibility": true,
  "is_delete": false,
  "is_lock": false,
  "createAt": {
    "$date": "2025-05-15T15:06:05.158Z"
  },
  "updateAt": {
    "$date": "2025-05-15T15:06:05.158Z"
  },
  "_class": "com.lamnguyen.inventory_service.model.VariantProduct"
},
{
  "_id": "682602dd1bd0a01c950acb90",
  "product_id": "682602dd213ef202c0fd2008",
  "title": "Đen",
  "regular_price": 169000,
  "compare_price": 199000,
  "sku": "SKU-682602DD213EF202C0FD2008-COLOR-ĐEN",
  "quantity": 0,
  "options": {
    "COLOR": "Đen"
  },
  "product_allow_buy_when_clocked": false,
  "product_exclude_discount": false,
  "product_apply_allowance_inventory": false,
  "pending": 0,
  "product_visibility": true,
  "is_delete": false,
  "is_lock": false,
  "createAt": {
    "$date": "2025-05-15T15:06:05.227Z"
  },
  "updateAt": {
    "$date": "2025-05-15T15:06:05.227Z"
  },
  "_class": "com.lamnguyen.inventory_service.model.VariantProduct"
},
{
  "_id": "682602e01bd0a01c950acb91",
  "product_id": "682602e0213ef202c0fd2009",
  "title": "Xanh",
  "regular_price": 169000,
  "compare_price": 199000,
  "sku": "SKU-682602E0213EF202C0FD2009-COLOR-XANH",
  "quantity": 0,
  "options": {
    "COLOR": "Xanh"
  },
  "product_allow_buy_when_clocked": false,
  "product_exclude_discount": false,
  "product_apply_allowance_inventory": false,
  "pending": 0,
  "product_visibility": true,
  "is_delete": false,
  "is_lock": false,
  "createAt": {
    "$date": "2025-05-15T15:06:08.592Z"
  },
  "updateAt": {
    "$date": "2025-05-15T15:06:08.592Z"
  },
  "_class": "com.lamnguyen.inventory_service.model.VariantProduct"
},
{
  "_id": "682602e01bd0a01c950acb92",
  "product_id": "682602e0213ef202c0fd2009",
  "title": "Trắng",
  "regular_price": 169000,
  "compare_price": 199000,
  "sku": "SKU-682602E0213EF202C0FD2009-COLOR-TRẮNG",
  "quantity": 0,
  "options": {
    "COLOR": "Trắng"
  },
  "product_allow_buy_when_clocked": false,
  "product_exclude_discount": false,
  "product_apply_allowance_inventory": false,
  "pending": 0,
  "product_visibility": true,
  "is_delete": false,
  "is_lock": false,
  "createAt": {
    "$date": "2025-05-15T15:06:08.663Z"
  },
  "updateAt": {
    "$date": "2025-05-15T15:06:08.663Z"
  },
  "_class": "com.lamnguyen.inventory_service.model.VariantProduct"
},
{
  "_id": "682602e01bd0a01c950acb93",
  "product_id": "682602e0213ef202c0fd2009",
  "title": "Đen",
  "regular_price": 169000,
  "compare_price": 199000,
  "sku": "SKU-682602E0213EF202C0FD2009-COLOR-ĐEN",
  "quantity": 0,
  "options": {
    "COLOR": "Đen"
  },
  "product_allow_buy_when_clocked": false,
  "product_exclude_discount": false,
  "product_apply_allowance_inventory": false,
  "pending": 0,
  "product_visibility": true,
  "is_delete": false,
  "is_lock": false,
  "createAt": {
    "$date": "2025-05-15T15:06:08.732Z"
  },
  "updateAt": {
    "$date": "2025-05-15T15:06:08.732Z"
  },
  "_class": "com.lamnguyen.inventory_service.model.VariantProduct"
},
{
  "_id": "682602e11bd0a01c950acb94",
  "product_id": "682602e1213ef202c0fd200a",
  "title": "Đen",
  "regular_price": 499000,
  "compare_price": 499000,
  "sku": "SKU-682602E1213EF202C0FD200A-COLOR-ĐEN",
  "quantity": 0,
  "options": {
    "COLOR": "Đen"
  },
  "product_allow_buy_when_clocked": false,
  "product_exclude_discount": false,
  "product_apply_allowance_inventory": false,
  "pending": 0,
  "product_visibility": true,
  "is_delete": false,
  "is_lock": false,
  "createAt": {
    "$date": "2025-05-15T15:06:09.910Z"
  },
  "updateAt": {
    "$date": "2025-05-15T15:06:09.910Z"
  },
  "_class": "com.lamnguyen.inventory_service.model.VariantProduct"
},
{
  "_id": "682602e41bd0a01c950acb95",
  "product_id": "682602e4213ef202c0fd200b",
  "title": "Nâu",
  "regular_price": 429000,
  "compare_price": 499000,
  "sku": "SKU-682602E4213EF202C0FD200B-COLOR-NÂU",
  "quantity": 0,
  "options": {
    "COLOR": "Nâu"
  },
  "product_allow_buy_when_clocked": false,
  "product_exclude_discount": false,
  "product_apply_allowance_inventory": false,
  "pending": 0,
  "product_visibility": true,
  "is_delete": false,
  "is_lock": false,
  "createAt": {
    "$date": "2025-05-15T15:06:12.323Z"
  },
  "updateAt": {
    "$date": "2025-05-15T15:06:12.323Z"
  },
  "_class": "com.lamnguyen.inventory_service.model.VariantProduct"
},
{
  "_id": "682602e41bd0a01c950acb96",
  "product_id": "682602e4213ef202c0fd200b",
  "title": "Đen",
  "regular_price": 429000,
  "compare_price": 499000,
  "sku": "SKU-682602E4213EF202C0FD200B-COLOR-ĐEN",
  "quantity": 0,
  "options": {
    "COLOR": "Đen"
  },
  "product_allow_buy_when_clocked": false,
  "product_exclude_discount": false,
  "product_apply_allowance_inventory": false,
  "pending": 0,
  "product_visibility": true,
  "is_delete": false,
  "is_lock": false,
  "createAt": {
    "$date": "2025-05-15T15:06:12.392Z"
  },
  "updateAt": {
    "$date": "2025-05-15T15:06:12.392Z"
  },
  "_class": "com.lamnguyen.inventory_service.model.VariantProduct"
},
{
  "_id": "682602e61bd0a01c950acb97",
  "product_id": "682602e6213ef202c0fd200c",
  "title": "Đen",
  "regular_price": 499000,
  "compare_price": 499000,
  "sku": "SKU-682602E6213EF202C0FD200C-COLOR-ĐEN",
  "quantity": 0,
  "options": {
    "COLOR": "Đen"
  },
  "product_allow_buy_when_clocked": false,
  "product_exclude_discount": false,
  "product_apply_allowance_inventory": false,
  "pending": 0,
  "product_visibility": true,
  "is_delete": false,
  "is_lock": false,
  "createAt": {
    "$date": "2025-05-15T15:06:14.761Z"
  },
  "updateAt": {
    "$date": "2025-05-15T15:06:14.761Z"
  },
  "_class": "com.lamnguyen.inventory_service.model.VariantProduct"
},
{
  "_id": "682602e61bd0a01c950acb98",
  "product_id": "682602e6213ef202c0fd200c",
  "title": "Nâu",
  "regular_price": 499000,
  "compare_price": 499000,
  "sku": "SKU-682602E6213EF202C0FD200C-COLOR-NÂU",
  "quantity": 0,
  "options": {
    "COLOR": "Nâu"
  },
  "product_allow_buy_when_clocked": false,
  "product_exclude_discount": false,
  "product_apply_allowance_inventory": false,
  "pending": 0,
  "product_visibility": true,
  "is_delete": false,
  "is_lock": false,
  "createAt": {
    "$date": "2025-05-15T15:06:14.834Z"
  },
  "updateAt": {
    "$date": "2025-05-15T15:06:14.834Z"
  },
  "_class": "com.lamnguyen.inventory_service.model.VariantProduct"
},
{
  "_id": "682602e91bd0a01c950acb99",
  "product_id": "682602e9213ef202c0fd200d",
  "title": "Đen",
  "regular_price": 499000,
  "compare_price": 499000,
  "sku": "SKU-682602E9213EF202C0FD200D-COLOR-ĐEN",
  "quantity": 0,
  "options": {
    "COLOR": "Đen"
  },
  "product_allow_buy_when_clocked": false,
  "product_exclude_discount": false,
  "product_apply_allowance_inventory": false,
  "pending": 0,
  "product_visibility": true,
  "is_delete": false,
  "is_lock": false,
  "createAt": {
    "$date": "2025-05-15T15:06:17.172Z"
  },
  "updateAt": {
    "$date": "2025-05-15T15:06:17.172Z"
  },
  "_class": "com.lamnguyen.inventory_service.model.VariantProduct"
},
{
  "_id": "682602e91bd0a01c950acb9a",
  "product_id": "682602e9213ef202c0fd200d",
  "title": "Nâu",
  "regular_price": 499000,
  "compare_price": 499000,
  "sku": "SKU-682602E9213EF202C0FD200D-COLOR-NÂU",
  "quantity": 0,
  "options": {
    "COLOR": "Nâu"
  },
  "product_allow_buy_when_clocked": false,
  "product_exclude_discount": false,
  "product_apply_allowance_inventory": false,
  "pending": 0,
  "product_visibility": true,
  "is_delete": false,
  "is_lock": false,
  "createAt": {
    "$date": "2025-05-15T15:06:17.242Z"
  },
  "updateAt": {
    "$date": "2025-05-15T15:06:17.242Z"
  },
  "_class": "com.lamnguyen.inventory_service.model.VariantProduct"
},
{
  "_id": "682602ed1bd0a01c950acb9b",
  "product_id": "682602ed213ef202c0fd200e",
  "title": "39-42-Đen",
  "regular_price": 99000,
  "compare_price": 99000,
  "sku": "SKU-682602ED213EF202C0FD200E-SIZE-39-42-COLOR-ĐEN",
  "quantity": 0,
  "options": {
    "SIZE": "39-42",
    "COLOR": "Đen"
  },
  "product_allow_buy_when_clocked": false,
  "product_exclude_discount": false,
  "product_apply_allowance_inventory": false,
  "pending": 0,
  "product_visibility": true,
  "is_delete": false,
  "is_lock": false,
  "createAt": {
    "$date": "2025-05-15T15:06:21.774Z"
  },
  "updateAt": {
    "$date": "2025-05-15T15:06:21.774Z"
  },
  "_class": "com.lamnguyen.inventory_service.model.VariantProduct"
},
{
  "_id": "682602ed1bd0a01c950acb9c",
  "product_id": "682602ed213ef202c0fd200e",
  "title": "43-46-Đen",
  "regular_price": 99000,
  "compare_price": 99000,
  "sku": "SKU-682602ED213EF202C0FD200E-SIZE-43-46-COLOR-ĐEN",
  "quantity": 0,
  "options": {
    "SIZE": "43-46",
    "COLOR": "Đen"
  },
  "product_allow_buy_when_clocked": false,
  "product_exclude_discount": false,
  "product_apply_allowance_inventory": false,
  "pending": 0,
  "product_visibility": true,
  "is_delete": false,
  "is_lock": false,
  "createAt": {
    "$date": "2025-05-15T15:06:21.846Z"
  },
  "updateAt": {
    "$date": "2025-05-15T15:06:21.846Z"
  },
  "_class": "com.lamnguyen.inventory_service.model.VariantProduct"
},
{
  "_id": "682602ed1bd0a01c950acb9d",
  "product_id": "682602ed213ef202c0fd200e",
  "title": "39-42-Trắng",
  "regular_price": 99000,
  "compare_price": 99000,
  "sku": "SKU-682602ED213EF202C0FD200E-SIZE-39-42-COLOR-TRẮNG",
  "quantity": 0,
  "options": {
    "SIZE": "39-42",
    "COLOR": "Trắng"
  },
  "product_allow_buy_when_clocked": false,
  "product_exclude_discount": false,
  "product_apply_allowance_inventory": false,
  "pending": 0,
  "product_visibility": true,
  "is_delete": false,
  "is_lock": false,
  "createAt": {
    "$date": "2025-05-15T15:06:21.920Z"
  },
  "updateAt": {
    "$date": "2025-05-15T15:06:21.920Z"
  },
  "_class": "com.lamnguyen.inventory_service.model.VariantProduct"
},
{
  "_id": "682602ed1bd0a01c950acb9e",
  "product_id": "682602ed213ef202c0fd200e",
  "title": "43-46-Trắng",
  "regular_price": 99000,
  "compare_price": 99000,
  "sku": "SKU-682602ED213EF202C0FD200E-SIZE-43-46-COLOR-TRẮNG",
  "quantity": 0,
  "options": {
    "SIZE": "43-46",
    "COLOR": "Trắng"
  },
  "product_allow_buy_when_clocked": false,
  "product_exclude_discount": false,
  "product_apply_allowance_inventory": false,
  "pending": 0,
  "product_visibility": true,
  "is_delete": false,
  "is_lock": false,
  "createAt": {
    "$date": "2025-05-15T15:06:21.994Z"
  },
  "updateAt": {
    "$date": "2025-05-15T15:06:21.994Z"
  },
  "_class": "com.lamnguyen.inventory_service.model.VariantProduct"
},
{
  "_id": "682602ee1bd0a01c950acb9f",
  "product_id": "682602ed213ef202c0fd200e",
  "title": "39-42-Xám",
  "regular_price": 99000,
  "compare_price": 99000,
  "sku": "SKU-682602ED213EF202C0FD200E-SIZE-39-42-COLOR-XÁM",
  "quantity": 0,
  "options": {
    "SIZE": "39-42",
    "COLOR": "Xám"
  },
  "product_allow_buy_when_clocked": false,
  "product_exclude_discount": false,
  "product_apply_allowance_inventory": false,
  "pending": 0,
  "product_visibility": true,
  "is_delete": false,
  "is_lock": false,
  "createAt": {
    "$date": "2025-05-15T15:06:22.069Z"
  },
  "updateAt": {
    "$date": "2025-05-15T15:06:22.069Z"
  },
  "_class": "com.lamnguyen.inventory_service.model.VariantProduct"
},
{
  "_id": "682602ee1bd0a01c950acba0",
  "product_id": "682602ed213ef202c0fd200e",
  "title": "43-46-Xám",
  "regular_price": 99000,
  "compare_price": 99000,
  "sku": "SKU-682602ED213EF202C0FD200E-SIZE-43-46-COLOR-XÁM",
  "quantity": 0,
  "options": {
    "SIZE": "43-46",
    "COLOR": "Xám"
  },
  "product_allow_buy_when_clocked": false,
  "product_exclude_discount": false,
  "product_apply_allowance_inventory": false,
  "pending": 0,
  "product_visibility": true,
  "is_delete": false,
  "is_lock": false,
  "createAt": {
    "$date": "2025-05-15T15:06:22.149Z"
  },
  "updateAt": {
    "$date": "2025-05-15T15:06:22.149Z"
  },
  "_class": "com.lamnguyen.inventory_service.model.VariantProduct"
},
{
  "_id": "682602ee1bd0a01c950acba1",
  "product_id": "682602ed213ef202c0fd200e",
  "title": "39-42-Mix",
  "regular_price": 99000,
  "compare_price": 99000,
  "sku": "SKU-682602ED213EF202C0FD200E-SIZE-39-42-COLOR-MIX",
  "quantity": 0,
  "options": {
    "SIZE": "39-42",
    "COLOR": "Mix"
  },
  "product_allow_buy_when_clocked": false,
  "product_exclude_discount": false,
  "product_apply_allowance_inventory": false,
  "pending": 0,
  "product_visibility": true,
  "is_delete": false,
  "is_lock": false,
  "createAt": {
    "$date": "2025-05-15T15:06:22.217Z"
  },
  "updateAt": {
    "$date": "2025-05-15T15:06:22.217Z"
  },
  "_class": "com.lamnguyen.inventory_service.model.VariantProduct"
},
{
  "_id": "682602ee1bd0a01c950acba2",
  "product_id": "682602ed213ef202c0fd200e",
  "title": "43-46-Mix",
  "regular_price": 99000,
  "compare_price": 99000,
  "sku": "SKU-682602ED213EF202C0FD200E-SIZE-43-46-COLOR-MIX",
  "quantity": 0,
  "options": {
    "SIZE": "43-46",
    "COLOR": "Mix"
  },
  "product_allow_buy_when_clocked": false,
  "product_exclude_discount": false,
  "product_apply_allowance_inventory": false,
  "pending": 0,
  "product_visibility": true,
  "is_delete": false,
  "is_lock": false,
  "createAt": {
    "$date": "2025-05-15T15:06:22.303Z"
  },
  "updateAt": {
    "$date": "2025-05-15T15:06:22.303Z"
  },
  "_class": "com.lamnguyen.inventory_service.model.VariantProduct"
},
{
  "_id": "682602f71bd0a01c950acba3",
  "product_id": "682602f6213ef202c0fd200f",
  "title": "Nâu nhạt",
  "regular_price": 109000,
  "compare_price": 139000,
  "sku": "SKU-682602F6213EF202C0FD200F-COLOR-NÂU NHẠT",
  "quantity": 0,
  "options": {
    "COLOR": "Nâu nhạt"
  },
  "product_allow_buy_when_clocked": false,
  "product_exclude_discount": false,
  "product_apply_allowance_inventory": false,
  "pending": 0,
  "product_visibility": true,
  "is_delete": false,
  "is_lock": false,
  "createAt": {
    "$date": "2025-05-15T15:06:31.064Z"
  },
  "updateAt": {
    "$date": "2025-05-15T15:06:31.064Z"
  },
  "_class": "com.lamnguyen.inventory_service.model.VariantProduct"
},
{
  "_id": "682602f71bd0a01c950acba4",
  "product_id": "682602f6213ef202c0fd200f",
  "title": "Nâu đậm",
  "regular_price": 109000,
  "compare_price": 139000,
  "sku": "SKU-682602F6213EF202C0FD200F-COLOR-NÂU ĐẬM",
  "quantity": 0,
  "options": {
    "COLOR": "Nâu đậm"
  },
  "product_allow_buy_when_clocked": false,
  "product_exclude_discount": false,
  "product_apply_allowance_inventory": false,
  "pending": 0,
  "product_visibility": true,
  "is_delete": false,
  "is_lock": false,
  "createAt": {
    "$date": "2025-05-15T15:06:31.142Z"
  },
  "updateAt": {
    "$date": "2025-05-15T15:06:31.142Z"
  },
  "_class": "com.lamnguyen.inventory_service.model.VariantProduct"
},
{
  "_id": "682602f71bd0a01c950acba5",
  "product_id": "682602f6213ef202c0fd200f",
  "title": "Rêu",
  "regular_price": 109000,
  "compare_price": 139000,
  "sku": "SKU-682602F6213EF202C0FD200F-COLOR-RÊU",
  "quantity": 0,
  "options": {
    "COLOR": "Rêu"
  },
  "product_allow_buy_when_clocked": false,
  "product_exclude_discount": false,
  "product_apply_allowance_inventory": false,
  "pending": 0,
  "product_visibility": true,
  "is_delete": false,
  "is_lock": false,
  "createAt": {
    "$date": "2025-05-15T15:06:31.227Z"
  },
  "updateAt": {
    "$date": "2025-05-15T15:06:31.227Z"
  },
  "_class": "com.lamnguyen.inventory_service.model.VariantProduct"
},
{
  "_id": "682602f71bd0a01c950acba6",
  "product_id": "682602f6213ef202c0fd200f",
  "title": "Đen",
  "regular_price": 109000,
  "compare_price": 139000,
  "sku": "SKU-682602F6213EF202C0FD200F-COLOR-ĐEN",
  "quantity": 0,
  "options": {
    "COLOR": "Đen"
  },
  "product_allow_buy_when_clocked": false,
  "product_exclude_discount": false,
  "product_apply_allowance_inventory": false,
  "pending": 0,
  "product_visibility": true,
  "is_delete": false,
  "is_lock": false,
  "createAt": {
    "$date": "2025-05-15T15:06:31.310Z"
  },
  "updateAt": {
    "$date": "2025-05-15T15:06:31.310Z"
  },
  "_class": "com.lamnguyen.inventory_service.model.VariantProduct"
},
{
  "_id": "682602f71bd0a01c950acba7",
  "product_id": "682602f6213ef202c0fd200f",
  "title": "Trắng",
  "regular_price": 109000,
  "compare_price": 139000,
  "sku": "SKU-682602F6213EF202C0FD200F-COLOR-TRẮNG",
  "quantity": 0,
  "options": {
    "COLOR": "Trắng"
  },
  "product_allow_buy_when_clocked": false,
  "product_exclude_discount": false,
  "product_apply_allowance_inventory": false,
  "pending": 0,
  "product_visibility": true,
  "is_delete": false,
  "is_lock": false,
  "createAt": {
    "$date": "2025-05-15T15:06:31.392Z"
  },
  "updateAt": {
    "$date": "2025-05-15T15:06:31.392Z"
  },
  "_class": "com.lamnguyen.inventory_service.model.VariantProduct"
},
{
  "_id": "682602f71bd0a01c950acba8",
  "product_id": "682602f6213ef202c0fd200f",
  "title": "Xám đậm",
  "regular_price": 109000,
  "compare_price": 139000,
  "sku": "SKU-682602F6213EF202C0FD200F-COLOR-XÁM ĐẬM",
  "quantity": 0,
  "options": {
    "COLOR": "Xám đậm"
  },
  "product_allow_buy_when_clocked": false,
  "product_exclude_discount": false,
  "product_apply_allowance_inventory": false,
  "pending": 0,
  "product_visibility": true,
  "is_delete": false,
  "is_lock": false,
  "createAt": {
    "$date": "2025-05-15T15:06:31.476Z"
  },
  "updateAt": {
    "$date": "2025-05-15T15:06:31.476Z"
  },
  "_class": "com.lamnguyen.inventory_service.model.VariantProduct"
},
{
  "_id": "682602f71bd0a01c950acba9",
  "product_id": "682602f6213ef202c0fd200f",
  "title": "Xám Melange",
  "regular_price": 109000,
  "compare_price": 139000,
  "sku": "SKU-682602F6213EF202C0FD200F-COLOR-XÁM MELANGE",
  "quantity": 0,
  "options": {
    "COLOR": "Xám Melange"
  },
  "product_allow_buy_when_clocked": false,
  "product_exclude_discount": false,
  "product_apply_allowance_inventory": false,
  "pending": 0,
  "product_visibility": true,
  "is_delete": false,
  "is_lock": false,
  "createAt": {
    "$date": "2025-05-15T15:06:31.561Z"
  },
  "updateAt": {
    "$date": "2025-05-15T15:06:31.561Z"
  },
  "_class": "com.lamnguyen.inventory_service.model.VariantProduct"
},
{
  "_id": "682602f71bd0a01c950acbaa",
  "product_id": "682602f6213ef202c0fd200f",
  "title": "Xanh Navy",
  "regular_price": 109000,
  "compare_price": 139000,
  "sku": "SKU-682602F6213EF202C0FD200F-COLOR-XANH NAVY",
  "quantity": 0,
  "options": {
    "COLOR": "Xanh Navy"
  },
  "product_allow_buy_when_clocked": false,
  "product_exclude_discount": false,
  "product_apply_allowance_inventory": false,
  "pending": 0,
  "product_visibility": true,
  "is_delete": false,
  "is_lock": false,
  "createAt": {
    "$date": "2025-05-15T15:06:31.644Z"
  },
  "updateAt": {
    "$date": "2025-05-15T15:06:31.644Z"
  },
  "_class": "com.lamnguyen.inventory_service.model.VariantProduct"
},
{
  "_id": "682602fb1bd0a01c950acbab",
  "product_id": "682602fb213ef202c0fd2010",
  "title": "Trắng",
  "regular_price": 89000,
  "compare_price": 118000,
  "sku": "SKU-682602FB213EF202C0FD2010-COLOR-TRẮNG",
  "quantity": 0,
  "options": {
    "COLOR": "Trắng"
  },
  "product_allow_buy_when_clocked": false,
  "product_exclude_discount": false,
  "product_apply_allowance_inventory": false,
  "pending": 0,
  "product_visibility": true,
  "is_delete": false,
  "is_lock": false,
  "createAt": {
    "$date": "2025-05-15T15:06:35.850Z"
  },
  "updateAt": {
    "$date": "2025-05-15T15:06:35.850Z"
  },
  "_class": "com.lamnguyen.inventory_service.model.VariantProduct"
},
{
  "_id": "682602fb1bd0a01c950acbac",
  "product_id": "682602fb213ef202c0fd2010",
  "title": "Xám Melange",
  "regular_price": 89000,
  "compare_price": 118000,
  "sku": "SKU-682602FB213EF202C0FD2010-COLOR-XÁM MELANGE",
  "quantity": 0,
  "options": {
    "COLOR": "Xám Melange"
  },
  "product_allow_buy_when_clocked": false,
  "product_exclude_discount": false,
  "product_apply_allowance_inventory": false,
  "pending": 0,
  "product_visibility": true,
  "is_delete": false,
  "is_lock": false,
  "createAt": {
    "$date": "2025-05-15T15:06:35.920Z"
  },
  "updateAt": {
    "$date": "2025-05-15T15:06:35.920Z"
  },
  "_class": "com.lamnguyen.inventory_service.model.VariantProduct"
},
{
  "_id": "682602fb1bd0a01c950acbad",
  "product_id": "682602fb213ef202c0fd2010",
  "title": "Xanh Navy",
  "regular_price": 89000,
  "compare_price": 118000,
  "sku": "SKU-682602FB213EF202C0FD2010-COLOR-XANH NAVY",
  "quantity": 0,
  "options": {
    "COLOR": "Xanh Navy"
  },
  "product_allow_buy_when_clocked": false,
  "product_exclude_discount": false,
  "product_apply_allowance_inventory": false,
  "pending": 0,
  "product_visibility": true,
  "is_delete": false,
  "is_lock": false,
  "createAt": {
    "$date": "2025-05-15T15:06:35.991Z"
  },
  "updateAt": {
    "$date": "2025-05-15T15:06:35.991Z"
  },
  "_class": "com.lamnguyen.inventory_service.model.VariantProduct"
},
{
  "_id": "682602fc1bd0a01c950acbae",
  "product_id": "682602fb213ef202c0fd2010",
  "title": "Đen",
  "regular_price": 89000,
  "compare_price": 118000,
  "sku": "SKU-682602FB213EF202C0FD2010-COLOR-ĐEN",
  "quantity": 0,
  "options": {
    "COLOR": "Đen"
  },
  "product_allow_buy_when_clocked": false,
  "product_exclude_discount": false,
  "product_apply_allowance_inventory": false,
  "pending": 0,
  "product_visibility": true,
  "is_delete": false,
  "is_lock": false,
  "createAt": {
    "$date": "2025-05-15T15:06:36.062Z"
  },
  "updateAt": {
    "$date": "2025-05-15T15:06:36.062Z"
  },
  "_class": "com.lamnguyen.inventory_service.model.VariantProduct"
},
{
  "_id": "682603001bd0a01c950acbaf",
  "product_id": "68260300213ef202c0fd2011",
  "title": "39-42-Đen-Trắng",
  "regular_price": 60000,
  "compare_price": 60000,
  "sku": "SKU-68260300213EF202C0FD2011-SIZE-39-42-COLOR-ĐEN-TRẮNG",
  "quantity": 0,
  "options": {
    "SIZE": "39-42",
    "COLOR": "Đen-Trắng"
  },
  "product_allow_buy_when_clocked": false,
  "product_exclude_discount": false,
  "product_apply_allowance_inventory": false,
  "pending": 0,
  "product_visibility": true,
  "is_delete": false,
  "is_lock": false,
  "createAt": {
    "$date": "2025-05-15T15:06:40.711Z"
  },
  "updateAt": {
    "$date": "2025-05-15T15:06:40.711Z"
  },
  "_class": "com.lamnguyen.inventory_service.model.VariantProduct"
},
{
  "_id": "682603001bd0a01c950acbb0",
  "product_id": "68260300213ef202c0fd2011",
  "title": "43-46-Đen-Trắng",
  "regular_price": 60000,
  "compare_price": 60000,
  "sku": "SKU-68260300213EF202C0FD2011-SIZE-43-46-COLOR-ĐEN-TRẮNG",
  "quantity": 0,
  "options": {
    "SIZE": "43-46",
    "COLOR": "Đen-Trắng"
  },
  "product_allow_buy_when_clocked": false,
  "product_exclude_discount": false,
  "product_apply_allowance_inventory": false,
  "pending": 0,
  "product_visibility": true,
  "is_delete": false,
  "is_lock": false,
  "createAt": {
    "$date": "2025-05-15T15:06:40.786Z"
  },
  "updateAt": {
    "$date": "2025-05-15T15:06:40.786Z"
  },
  "_class": "com.lamnguyen.inventory_service.model.VariantProduct"
},
{
  "_id": "682603001bd0a01c950acbb1",
  "product_id": "68260300213ef202c0fd2011",
  "title": "39-42-Đen-Đỏ",
  "regular_price": 60000,
  "compare_price": 60000,
  "sku": "SKU-68260300213EF202C0FD2011-SIZE-39-42-COLOR-ĐEN-ĐỎ",
  "quantity": 0,
  "options": {
    "SIZE": "39-42",
    "COLOR": "Đen-Đỏ"
  },
  "product_allow_buy_when_clocked": false,
  "product_exclude_discount": false,
  "product_apply_allowance_inventory": false,
  "pending": 0,
  "product_visibility": true,
  "is_delete": false,
  "is_lock": false,
  "createAt": {
    "$date": "2025-05-15T15:06:40.860Z"
  },
  "updateAt": {
    "$date": "2025-05-15T15:06:40.860Z"
  },
  "_class": "com.lamnguyen.inventory_service.model.VariantProduct"
},
{
  "_id": "682603001bd0a01c950acbb2",
  "product_id": "68260300213ef202c0fd2011",
  "title": "43-46-Đen-Đỏ",
  "regular_price": 60000,
  "compare_price": 60000,
  "sku": "SKU-68260300213EF202C0FD2011-SIZE-43-46-COLOR-ĐEN-ĐỎ",
  "quantity": 0,
  "options": {
    "SIZE": "43-46",
    "COLOR": "Đen-Đỏ"
  },
  "product_allow_buy_when_clocked": false,
  "product_exclude_discount": false,
  "product_apply_allowance_inventory": false,
  "pending": 0,
  "product_visibility": true,
  "is_delete": false,
  "is_lock": false,
  "createAt": {
    "$date": "2025-05-15T15:06:40.935Z"
  },
  "updateAt": {
    "$date": "2025-05-15T15:06:40.935Z"
  },
  "_class": "com.lamnguyen.inventory_service.model.VariantProduct"
},
{
  "_id": "682603011bd0a01c950acbb3",
  "product_id": "68260300213ef202c0fd2011",
  "title": "39-42-Xanh",
  "regular_price": 60000,
  "compare_price": 60000,
  "sku": "SKU-68260300213EF202C0FD2011-SIZE-39-42-COLOR-XANH",
  "quantity": 0,
  "options": {
    "SIZE": "39-42",
    "COLOR": "Xanh"
  },
  "product_allow_buy_when_clocked": false,
  "product_exclude_discount": false,
  "product_apply_allowance_inventory": false,
  "pending": 0,
  "product_visibility": true,
  "is_delete": false,
  "is_lock": false,
  "createAt": {
    "$date": "2025-05-15T15:06:41.006Z"
  },
  "updateAt": {
    "$date": "2025-05-15T15:06:41.006Z"
  },
  "_class": "com.lamnguyen.inventory_service.model.VariantProduct"
},
{
  "_id": "682603011bd0a01c950acbb4",
  "product_id": "68260300213ef202c0fd2011",
  "title": "43-46-Xanh",
  "regular_price": 60000,
  "compare_price": 60000,
  "sku": "SKU-68260300213EF202C0FD2011-SIZE-43-46-COLOR-XANH",
  "quantity": 0,
  "options": {
    "SIZE": "43-46",
    "COLOR": "Xanh"
  },
  "product_allow_buy_when_clocked": false,
  "product_exclude_discount": false,
  "product_apply_allowance_inventory": false,
  "pending": 0,
  "product_visibility": true,
  "is_delete": false,
  "is_lock": false,
  "createAt": {
    "$date": "2025-05-15T15:06:41.087Z"
  },
  "updateAt": {
    "$date": "2025-05-15T15:06:41.087Z"
  },
  "_class": "com.lamnguyen.inventory_service.model.VariantProduct"
},
{
  "_id": "682603041bd0a01c950acbb5",
  "product_id": "68260304213ef202c0fd2012",
  "title": "Trắng",
  "regular_price": 79000,
  "compare_price": 79000,
  "sku": "SKU-68260304213EF202C0FD2012-COLOR-TRẮNG",
  "quantity": 0,
  "options": {
    "COLOR": "Trắng"
  },
  "product_allow_buy_when_clocked": false,
  "product_exclude_discount": false,
  "product_apply_allowance_inventory": false,
  "pending": 0,
  "product_visibility": true,
  "is_delete": false,
  "is_lock": false,
  "createAt": {
    "$date": "2025-05-15T15:06:44.307Z"
  },
  "updateAt": {
    "$date": "2025-05-15T15:06:44.307Z"
  },
  "_class": "com.lamnguyen.inventory_service.model.VariantProduct"
},
{
  "_id": "682603041bd0a01c950acbb6",
  "product_id": "68260304213ef202c0fd2012",
  "title": "Đen",
  "regular_price": 79000,
  "compare_price": 79000,
  "sku": "SKU-68260304213EF202C0FD2012-COLOR-ĐEN",
  "quantity": 0,
  "options": {
    "COLOR": "Đen"
  },
  "product_allow_buy_when_clocked": false,
  "product_exclude_discount": false,
  "product_apply_allowance_inventory": false,
  "pending": 0,
  "product_visibility": true,
  "is_delete": false,
  "is_lock": false,
  "createAt": {
    "$date": "2025-05-15T15:06:44.379Z"
  },
  "updateAt": {
    "$date": "2025-05-15T15:06:44.379Z"
  },
  "_class": "com.lamnguyen.inventory_service.model.VariantProduct"
},
{
  "_id": "682603041bd0a01c950acbb7",
  "product_id": "68260304213ef202c0fd2012",
  "title": "Xanh Navy",
  "regular_price": 79000,
  "compare_price": 79000,
  "sku": "SKU-68260304213EF202C0FD2012-COLOR-XANH NAVY",
  "quantity": 0,
  "options": {
    "COLOR": "Xanh Navy"
  },
  "product_allow_buy_when_clocked": false,
  "product_exclude_discount": false,
  "product_apply_allowance_inventory": false,
  "pending": 0,
  "product_visibility": true,
  "is_delete": false,
  "is_lock": false,
  "createAt": {
    "$date": "2025-05-15T15:06:44.453Z"
  },
  "updateAt": {
    "$date": "2025-05-15T15:06:44.453Z"
  },
  "_class": "com.lamnguyen.inventory_service.model.VariantProduct"
},
{
  "_id": "682603071bd0a01c950acbb8",
  "product_id": "68260307213ef202c0fd2013",
  "title": "Trắng",
  "regular_price": 59000,
  "compare_price": 59000,
  "sku": "SKU-68260307213EF202C0FD2013-COLOR-TRẮNG",
  "quantity": 0,
  "options": {
    "COLOR": "Trắng"
  },
  "product_allow_buy_when_clocked": false,
  "product_exclude_discount": false,
  "product_apply_allowance_inventory": false,
  "pending": 0,
  "product_visibility": true,
  "is_delete": false,
  "is_lock": false,
  "createAt": {
    "$date": "2025-05-15T15:06:47.712Z"
  },
  "updateAt": {
    "$date": "2025-05-15T15:06:47.712Z"
  },
  "_class": "com.lamnguyen.inventory_service.model.VariantProduct"
},
{
  "_id": "682603071bd0a01c950acbb9",
  "product_id": "68260307213ef202c0fd2013",
  "title": "Đen",
  "regular_price": 59000,
  "compare_price": 59000,
  "sku": "SKU-68260307213EF202C0FD2013-COLOR-ĐEN",
  "quantity": 0,
  "options": {
    "COLOR": "Đen"
  },
  "product_allow_buy_when_clocked": false,
  "product_exclude_discount": false,
  "product_apply_allowance_inventory": false,
  "pending": 0,
  "product_visibility": true,
  "is_delete": false,
  "is_lock": false,
  "createAt": {
    "$date": "2025-05-15T15:06:47.782Z"
  },
  "updateAt": {
    "$date": "2025-05-15T15:06:47.782Z"
  },
  "_class": "com.lamnguyen.inventory_service.model.VariantProduct"
},
{
  "_id": "682603071bd0a01c950acbba",
  "product_id": "68260307213ef202c0fd2013",
  "title": "Xanh Navy",
  "regular_price": 59000,
  "compare_price": 59000,
  "sku": "SKU-68260307213EF202C0FD2013-COLOR-XANH NAVY",
  "quantity": 0,
  "options": {
    "COLOR": "Xanh Navy"
  },
  "product_allow_buy_when_clocked": false,
  "product_exclude_discount": false,
  "product_apply_allowance_inventory": false,
  "pending": 0,
  "product_visibility": true,
  "is_delete": false,
  "is_lock": false,
  "createAt": {
    "$date": "2025-05-15T15:06:47.852Z"
  },
  "updateAt": {
    "$date": "2025-05-15T15:06:47.852Z"
  },
  "_class": "com.lamnguyen.inventory_service.model.VariantProduct"
},
{
  "_id": "682603091bd0a01c950acbbb",
  "product_id": "68260309213ef202c0fd2014",
  "title": "Trắng",
  "regular_price": 108000,
  "compare_price": 119000,
  "sku": "SKU-68260309213EF202C0FD2014-COLOR-TRẮNG",
  "quantity": 0,
  "options": {
    "COLOR": "Trắng"
  },
  "product_allow_buy_when_clocked": false,
  "product_exclude_discount": false,
  "product_apply_allowance_inventory": false,
  "pending": 0,
  "product_visibility": true,
  "is_delete": false,
  "is_lock": false,
  "createAt": {
    "$date": "2025-05-15T15:06:49.853Z"
  },
  "updateAt": {
    "$date": "2025-05-15T15:06:49.853Z"
  },
  "_class": "com.lamnguyen.inventory_service.model.VariantProduct"
},
{
  "_id": "6826030e1bd0a01c950acbbc",
  "product_id": "6826030e213ef202c0fd2015",
  "title": "39-42-Đen",
  "regular_price": 99000,
  "compare_price": 99000,
  "sku": "SKU-6826030E213EF202C0FD2015-SIZE-39-42-COLOR-ĐEN",
  "quantity": 0,
  "options": {
    "SIZE": "39-42",
    "COLOR": "Đen"
  },
  "product_allow_buy_when_clocked": false,
  "product_exclude_discount": false,
  "product_apply_allowance_inventory": false,
  "pending": 0,
  "product_visibility": true,
  "is_delete": false,
  "is_lock": false,
  "createAt": {
    "$date": "2025-05-15T15:06:54.278Z"
  },
  "updateAt": {
    "$date": "2025-05-15T15:06:54.278Z"
  },
  "_class": "com.lamnguyen.inventory_service.model.VariantProduct"
},
{
  "_id": "6826030e1bd0a01c950acbbd",
  "product_id": "6826030e213ef202c0fd2015",
  "title": "43-46-Đen",
  "regular_price": 99000,
  "compare_price": 99000,
  "sku": "SKU-6826030E213EF202C0FD2015-SIZE-43-46-COLOR-ĐEN",
  "quantity": 0,
  "options": {
    "SIZE": "43-46",
    "COLOR": "Đen"
  },
  "product_allow_buy_when_clocked": false,
  "product_exclude_discount": false,
  "product_apply_allowance_inventory": false,
  "pending": 0,
  "product_visibility": true,
  "is_delete": false,
  "is_lock": false,
  "createAt": {
    "$date": "2025-05-15T15:06:54.352Z"
  },
  "updateAt": {
    "$date": "2025-05-15T15:06:54.352Z"
  },
  "_class": "com.lamnguyen.inventory_service.model.VariantProduct"
},
{
  "_id": "6826030e1bd0a01c950acbbe",
  "product_id": "6826030e213ef202c0fd2015",
  "title": "39-42-Trắng",
  "regular_price": 99000,
  "compare_price": 99000,
  "sku": "SKU-6826030E213EF202C0FD2015-SIZE-39-42-COLOR-TRẮNG",
  "quantity": 0,
  "options": {
    "SIZE": "39-42",
    "COLOR": "Trắng"
  },
  "product_allow_buy_when_clocked": false,
  "product_exclude_discount": false,
  "product_apply_allowance_inventory": false,
  "pending": 0,
  "product_visibility": true,
  "is_delete": false,
  "is_lock": false,
  "createAt": {
    "$date": "2025-05-15T15:06:54.426Z"
  },
  "updateAt": {
    "$date": "2025-05-15T15:06:54.426Z"
  },
  "_class": "com.lamnguyen.inventory_service.model.VariantProduct"
},
{
  "_id": "6826030e1bd0a01c950acbbf",
  "product_id": "6826030e213ef202c0fd2015",
  "title": "43-46-Trắng",
  "regular_price": 99000,
  "compare_price": 99000,
  "sku": "SKU-6826030E213EF202C0FD2015-SIZE-43-46-COLOR-TRẮNG",
  "quantity": 0,
  "options": {
    "SIZE": "43-46",
    "COLOR": "Trắng"
  },
  "product_allow_buy_when_clocked": false,
  "product_exclude_discount": false,
  "product_apply_allowance_inventory": false,
  "pending": 0,
  "product_visibility": true,
  "is_delete": false,
  "is_lock": false,
  "createAt": {
    "$date": "2025-05-15T15:06:54.495Z"
  },
  "updateAt": {
    "$date": "2025-05-15T15:06:54.495Z"
  },
  "_class": "com.lamnguyen.inventory_service.model.VariantProduct"
},
{
  "_id": "6826030e1bd0a01c950acbc0",
  "product_id": "6826030e213ef202c0fd2015",
  "title": "39-42-Xám",
  "regular_price": 99000,
  "compare_price": 99000,
  "sku": "SKU-6826030E213EF202C0FD2015-SIZE-39-42-COLOR-XÁM",
  "quantity": 0,
  "options": {
    "SIZE": "39-42",
    "COLOR": "Xám"
  },
  "product_allow_buy_when_clocked": false,
  "product_exclude_discount": false,
  "product_apply_allowance_inventory": false,
  "pending": 0,
  "product_visibility": true,
  "is_delete": false,
  "is_lock": false,
  "createAt": {
    "$date": "2025-05-15T15:06:54.564Z"
  },
  "updateAt": {
    "$date": "2025-05-15T15:06:54.564Z"
  },
  "_class": "com.lamnguyen.inventory_service.model.VariantProduct"
},
{
  "_id": "6826030e1bd0a01c950acbc1",
  "product_id": "6826030e213ef202c0fd2015",
  "title": "43-46-Xám",
  "regular_price": 99000,
  "compare_price": 99000,
  "sku": "SKU-6826030E213EF202C0FD2015-SIZE-43-46-COLOR-XÁM",
  "quantity": 0,
  "options": {
    "SIZE": "43-46",
    "COLOR": "Xám"
  },
  "product_allow_buy_when_clocked": false,
  "product_exclude_discount": false,
  "product_apply_allowance_inventory": false,
  "pending": 0,
  "product_visibility": true,
  "is_delete": false,
  "is_lock": false,
  "createAt": {
    "$date": "2025-05-15T15:06:54.634Z"
  },
  "updateAt": {
    "$date": "2025-05-15T15:06:54.634Z"
  },
  "_class": "com.lamnguyen.inventory_service.model.VariantProduct"
},
{
  "_id": "6826030e1bd0a01c950acbc2",
  "product_id": "6826030e213ef202c0fd2015",
  "title": "39-42-Mix",
  "regular_price": 99000,
  "compare_price": 99000,
  "sku": "SKU-6826030E213EF202C0FD2015-SIZE-39-42-COLOR-MIX",
  "quantity": 0,
  "options": {
    "SIZE": "39-42",
    "COLOR": "Mix"
  },
  "product_allow_buy_when_clocked": false,
  "product_exclude_discount": false,
  "product_apply_allowance_inventory": false,
  "pending": 0,
  "product_visibility": true,
  "is_delete": false,
  "is_lock": false,
  "createAt": {
    "$date": "2025-05-15T15:06:54.703Z"
  },
  "updateAt": {
    "$date": "2025-05-15T15:06:54.703Z"
  },
  "_class": "com.lamnguyen.inventory_service.model.VariantProduct"
},
{
  "_id": "6826030e1bd0a01c950acbc3",
  "product_id": "6826030e213ef202c0fd2015",
  "title": "43-46-Mix",
  "regular_price": 99000,
  "compare_price": 99000,
  "sku": "SKU-6826030E213EF202C0FD2015-SIZE-43-46-COLOR-MIX",
  "quantity": 0,
  "options": {
    "SIZE": "43-46",
    "COLOR": "Mix"
  },
  "product_allow_buy_when_clocked": false,
  "product_exclude_discount": false,
  "product_apply_allowance_inventory": false,
  "pending": 0,
  "product_visibility": true,
  "is_delete": false,
  "is_lock": false,
  "createAt": {
    "$date": "2025-05-15T15:06:54.776Z"
  },
  "updateAt": {
    "$date": "2025-05-15T15:06:54.776Z"
  },
  "_class": "com.lamnguyen.inventory_service.model.VariantProduct"
},
{
  "_id": "682603121bd0a01c950acbc4",
  "product_id": "68260312213ef202c0fd2016",
  "title": "Đỏ-Nâu",
  "regular_price": 299000,
  "compare_price": 336000,
  "sku": "SKU-68260312213EF202C0FD2016-COLOR-ĐỎ-NÂU",
  "quantity": 0,
  "options": {
    "COLOR": "Đỏ-Nâu"
  },
  "product_allow_buy_when_clocked": false,
  "product_exclude_discount": false,
  "product_apply_allowance_inventory": false,
  "pending": 0,
  "product_visibility": true,
  "is_delete": false,
  "is_lock": false,
  "createAt": {
    "$date": "2025-05-15T15:06:58.125Z"
  },
  "updateAt": {
    "$date": "2025-05-15T15:06:58.125Z"
  },
  "_class": "com.lamnguyen.inventory_service.model.VariantProduct"
},
{
  "_id": "682603121bd0a01c950acbc5",
  "product_id": "68260312213ef202c0fd2016",
  "title": "Hồng-Trắng",
  "regular_price": 299000,
  "compare_price": 336000,
  "sku": "SKU-68260312213EF202C0FD2016-COLOR-HỒNG-TRẮNG",
  "quantity": 0,
  "options": {
    "COLOR": "Hồng-Trắng"
  },
  "product_allow_buy_when_clocked": false,
  "product_exclude_discount": false,
  "product_apply_allowance_inventory": false,
  "pending": 0,
  "product_visibility": true,
  "is_delete": false,
  "is_lock": false,
  "createAt": {
    "$date": "2025-05-15T15:06:58.224Z"
  },
  "updateAt": {
    "$date": "2025-05-15T15:06:58.224Z"
  },
  "_class": "com.lamnguyen.inventory_service.model.VariantProduct"
},
{
  "_id": "682603121bd0a01c950acbc6",
  "product_id": "68260312213ef202c0fd2016",
  "title": "Nâu",
  "regular_price": 299000,
  "compare_price": 336000,
  "sku": "SKU-68260312213EF202C0FD2016-COLOR-NÂU",
  "quantity": 0,
  "options": {
    "COLOR": "Nâu"
  },
  "product_allow_buy_when_clocked": false,
  "product_exclude_discount": false,
  "product_apply_allowance_inventory": false,
  "pending": 0,
  "product_visibility": true,
  "is_delete": false,
  "is_lock": false,
  "createAt": {
    "$date": "2025-05-15T15:06:58.325Z"
  },
  "updateAt": {
    "$date": "2025-05-15T15:06:58.325Z"
  },
  "_class": "com.lamnguyen.inventory_service.model.VariantProduct"
},
{
  "_id": "682603121bd0a01c950acbc7",
  "product_id": "68260312213ef202c0fd2016",
  "title": "Xanh-Xám",
  "regular_price": 299000,
  "compare_price": 336000,
  "sku": "SKU-68260312213EF202C0FD2016-COLOR-XANH-XÁM",
  "quantity": 0,
  "options": {
    "COLOR": "Xanh-Xám"
  },
  "product_allow_buy_when_clocked": false,
  "product_exclude_discount": false,
  "product_apply_allowance_inventory": false,
  "pending": 0,
  "product_visibility": true,
  "is_delete": false,
  "is_lock": false,
  "createAt": {
    "$date": "2025-05-15T15:06:58.422Z"
  },
  "updateAt": {
    "$date": "2025-05-15T15:06:58.422Z"
  },
  "_class": "com.lamnguyen.inventory_service.model.VariantProduct"
},
{
  "_id": "682603121bd0a01c950acbc8",
  "product_id": "68260312213ef202c0fd2016",
  "title": "Xanh đậm",
  "regular_price": 299000,
  "compare_price": 336000,
  "sku": "SKU-68260312213EF202C0FD2016-COLOR-XANH ĐẬM",
  "quantity": 0,
  "options": {
    "COLOR": "Xanh đậm"
  },
  "product_allow_buy_when_clocked": false,
  "product_exclude_discount": false,
  "product_apply_allowance_inventory": false,
  "pending": 0,
  "product_visibility": true,
  "is_delete": false,
  "is_lock": false,
  "createAt": {
    "$date": "2025-05-15T15:06:58.520Z"
  },
  "updateAt": {
    "$date": "2025-05-15T15:06:58.520Z"
  },
  "_class": "com.lamnguyen.inventory_service.model.VariantProduct"
},
{
  "_id": "682603151bd0a01c950acbc9",
  "product_id": "68260315213ef202c0fd2017",
  "title": "39-42-Đen",
  "regular_price": 59000,
  "compare_price": 69000,
  "sku": "SKU-68260315213EF202C0FD2017-SIZE-39-42-COLOR-ĐEN",
  "quantity": 0,
  "options": {
    "SIZE": "39-42",
    "COLOR": "Đen"
  },
  "product_allow_buy_when_clocked": false,
  "product_exclude_discount": false,
  "product_apply_allowance_inventory": false,
  "pending": 0,
  "product_visibility": true,
  "is_delete": false,
  "is_lock": false,
  "createAt": {
    "$date": "2025-05-15T15:07:01.891Z"
  },
  "updateAt": {
    "$date": "2025-05-15T15:07:01.891Z"
  },
  "_class": "com.lamnguyen.inventory_service.model.VariantProduct"
},
{
  "_id": "682603151bd0a01c950acbca",
  "product_id": "68260315213ef202c0fd2017",
  "title": "43-46-Đen",
  "regular_price": 59000,
  "compare_price": 69000,
  "sku": "SKU-68260315213EF202C0FD2017-SIZE-43-46-COLOR-ĐEN",
  "quantity": 0,
  "options": {
    "SIZE": "43-46",
    "COLOR": "Đen"
  },
  "product_allow_buy_when_clocked": false,
  "product_exclude_discount": false,
  "product_apply_allowance_inventory": false,
  "pending": 0,
  "product_visibility": true,
  "is_delete": false,
  "is_lock": false,
  "createAt": {
    "$date": "2025-05-15T15:07:01.987Z"
  },
  "updateAt": {
    "$date": "2025-05-15T15:07:01.987Z"
  },
  "_class": "com.lamnguyen.inventory_service.model.VariantProduct"
},
{
  "_id": "682603161bd0a01c950acbcb",
  "product_id": "68260315213ef202c0fd2017",
  "title": "39-42-Trắng",
  "regular_price": 59000,
  "compare_price": 69000,
  "sku": "SKU-68260315213EF202C0FD2017-SIZE-39-42-COLOR-TRẮNG",
  "quantity": 0,
  "options": {
    "SIZE": "39-42",
    "COLOR": "Trắng"
  },
  "product_allow_buy_when_clocked": false,
  "product_exclude_discount": false,
  "product_apply_allowance_inventory": false,
  "pending": 0,
  "product_visibility": true,
  "is_delete": false,
  "is_lock": false,
  "createAt": {
    "$date": "2025-05-15T15:07:02.083Z"
  },
  "updateAt": {
    "$date": "2025-05-15T15:07:02.083Z"
  },
  "_class": "com.lamnguyen.inventory_service.model.VariantProduct"
},
{
  "_id": "682603161bd0a01c950acbcc",
  "product_id": "68260315213ef202c0fd2017",
  "title": "43-46-Trắng",
  "regular_price": 59000,
  "compare_price": 69000,
  "sku": "SKU-68260315213EF202C0FD2017-SIZE-43-46-COLOR-TRẮNG",
  "quantity": 0,
  "options": {
    "SIZE": "43-46",
    "COLOR": "Trắng"
  },
  "product_allow_buy_when_clocked": false,
  "product_exclude_discount": false,
  "product_apply_allowance_inventory": false,
  "pending": 0,
  "product_visibility": true,
  "is_delete": false,
  "is_lock": false,
  "createAt": {
    "$date": "2025-05-15T15:07:02.182Z"
  },
  "updateAt": {
    "$date": "2025-05-15T15:07:02.182Z"
  },
  "_class": "com.lamnguyen.inventory_service.model.VariantProduct"
},
{
  "_id": "682603191bd0a01c950acbcd",
  "product_id": "68260319213ef202c0fd2018",
  "title": "39-42-Trắng",
  "regular_price": 59000,
  "compare_price": 69000,
  "sku": "SKU-68260319213EF202C0FD2018-SIZE-39-42-COLOR-TRẮNG",
  "quantity": 0,
  "options": {
    "SIZE": "39-42",
    "COLOR": "Trắng"
  },
  "product_allow_buy_when_clocked": false,
  "product_exclude_discount": false,
  "product_apply_allowance_inventory": false,
  "pending": 0,
  "product_visibility": true,
  "is_delete": false,
  "is_lock": false,
  "createAt": {
    "$date": "2025-05-15T15:07:05.335Z"
  },
  "updateAt": {
    "$date": "2025-05-15T15:07:05.335Z"
  },
  "_class": "com.lamnguyen.inventory_service.model.VariantProduct"
},
{
  "_id": "682603191bd0a01c950acbce",
  "product_id": "68260319213ef202c0fd2018",
  "title": "43-46-Trắng",
  "regular_price": 59000,
  "compare_price": 69000,
  "sku": "SKU-68260319213EF202C0FD2018-SIZE-43-46-COLOR-TRẮNG",
  "quantity": 0,
  "options": {
    "SIZE": "43-46",
    "COLOR": "Trắng"
  },
  "product_allow_buy_when_clocked": false,
  "product_exclude_discount": false,
  "product_apply_allowance_inventory": false,
  "pending": 0,
  "product_visibility": true,
  "is_delete": false,
  "is_lock": false,
  "createAt": {
    "$date": "2025-05-15T15:07:05.434Z"
  },
  "updateAt": {
    "$date": "2025-05-15T15:07:05.434Z"
  },
  "_class": "com.lamnguyen.inventory_service.model.VariantProduct"
},
{
  "_id": "682603191bd0a01c950acbcf",
  "product_id": "68260319213ef202c0fd2018",
  "title": "39-42-Đen",
  "regular_price": 59000,
  "compare_price": 69000,
  "sku": "SKU-68260319213EF202C0FD2018-SIZE-39-42-COLOR-ĐEN",
  "quantity": 0,
  "options": {
    "SIZE": "39-42",
    "COLOR": "Đen"
  },
  "product_allow_buy_when_clocked": false,
  "product_exclude_discount": false,
  "product_apply_allowance_inventory": false,
  "pending": 0,
  "product_visibility": true,
  "is_delete": false,
  "is_lock": false,
  "createAt": {
    "$date": "2025-05-15T15:07:05.533Z"
  },
  "updateAt": {
    "$date": "2025-05-15T15:07:05.533Z"
  },
  "_class": "com.lamnguyen.inventory_service.model.VariantProduct"
},
{
  "_id": "682603191bd0a01c950acbd0",
  "product_id": "68260319213ef202c0fd2018",
  "title": "43-46-Đen",
  "regular_price": 59000,
  "compare_price": 69000,
  "sku": "SKU-68260319213EF202C0FD2018-SIZE-43-46-COLOR-ĐEN",
  "quantity": 0,
  "options": {
    "SIZE": "43-46",
    "COLOR": "Đen"
  },
  "product_allow_buy_when_clocked": false,
  "product_exclude_discount": false,
  "product_apply_allowance_inventory": false,
  "pending": 0,
  "product_visibility": true,
  "is_delete": false,
  "is_lock": false,
  "createAt": {
    "$date": "2025-05-15T15:07:05.637Z"
  },
  "updateAt": {
    "$date": "2025-05-15T15:07:05.637Z"
  },
  "_class": "com.lamnguyen.inventory_service.model.VariantProduct"
},
{
  "_id": "6826031d1bd0a01c950acbd1",
  "product_id": "6826031d213ef202c0fd2019",
  "title": "39-42-Xám phối xanh",
  "regular_price": 59000,
  "compare_price": 70000,
  "sku": "SKU-6826031D213EF202C0FD2019-SIZE-39-42-COLOR-XÁM PHỐI XANH",
  "quantity": 0,
  "options": {
    "SIZE": "39-42",
    "COLOR": "Xám phối xanh"
  },
  "product_allow_buy_when_clocked": false,
  "product_exclude_discount": false,
  "product_apply_allowance_inventory": false,
  "pending": 0,
  "product_visibility": true,
  "is_delete": false,
  "is_lock": false,
  "createAt": {
    "$date": "2025-05-15T15:07:09.871Z"
  },
  "updateAt": {
    "$date": "2025-05-15T15:07:09.871Z"
  },
  "_class": "com.lamnguyen.inventory_service.model.VariantProduct"
},
{
  "_id": "6826031d1bd0a01c950acbd2",
  "product_id": "6826031d213ef202c0fd2019",
  "title": "43-46-Xám phối xanh",
  "regular_price": 59000,
  "compare_price": 70000,
  "sku": "SKU-6826031D213EF202C0FD2019-SIZE-43-46-COLOR-XÁM PHỐI XANH",
  "quantity": 0,
  "options": {
    "SIZE": "43-46",
    "COLOR": "Xám phối xanh"
  },
  "product_allow_buy_when_clocked": false,
  "product_exclude_discount": false,
  "product_apply_allowance_inventory": false,
  "pending": 0,
  "product_visibility": true,
  "is_delete": false,
  "is_lock": false,
  "createAt": {
    "$date": "2025-05-15T15:07:09.971Z"
  },
  "updateAt": {
    "$date": "2025-05-15T15:07:09.971Z"
  },
  "_class": "com.lamnguyen.inventory_service.model.VariantProduct"
},
{
  "_id": "6826031e1bd0a01c950acbd3",
  "product_id": "6826031d213ef202c0fd2019",
  "title": "39-42-Đen phối xanh lá",
  "regular_price": 59000,
  "compare_price": 70000,
  "sku": "SKU-6826031D213EF202C0FD2019-SIZE-39-42-COLOR-ĐEN PHỐI XANH LÁ",
  "quantity": 0,
  "options": {
    "SIZE": "39-42",
    "COLOR": "Đen phối xanh lá"
  },
  "product_allow_buy_when_clocked": false,
  "product_exclude_discount": false,
  "product_apply_allowance_inventory": false,
  "pending": 0,
  "product_visibility": true,
  "is_delete": false,
  "is_lock": false,
  "createAt": {
    "$date": "2025-05-15T15:07:10.076Z"
  },
  "updateAt": {
    "$date": "2025-05-15T15:07:10.076Z"
  },
  "_class": "com.lamnguyen.inventory_service.model.VariantProduct"
},
{
  "_id": "6826031e1bd0a01c950acbd4",
  "product_id": "6826031d213ef202c0fd2019",
  "title": "43-46-Đen phối xanh lá",
  "regular_price": 59000,
  "compare_price": 70000,
  "sku": "SKU-6826031D213EF202C0FD2019-SIZE-43-46-COLOR-ĐEN PHỐI XANH LÁ",
  "quantity": 0,
  "options": {
    "SIZE": "43-46",
    "COLOR": "Đen phối xanh lá"
  },
  "product_allow_buy_when_clocked": false,
  "product_exclude_discount": false,
  "product_apply_allowance_inventory": false,
  "pending": 0,
  "product_visibility": true,
  "is_delete": false,
  "is_lock": false,
  "createAt": {
    "$date": "2025-05-15T15:07:10.179Z"
  },
  "updateAt": {
    "$date": "2025-05-15T15:07:10.179Z"
  },
  "_class": "com.lamnguyen.inventory_service.model.VariantProduct"
},
{
  "_id": "6826031e1bd0a01c950acbd5",
  "product_id": "6826031d213ef202c0fd2019",
  "title": "39-42-Xanh Navy phối đen",
  "regular_price": 59000,
  "compare_price": 70000,
  "sku": "SKU-6826031D213EF202C0FD2019-SIZE-39-42-COLOR-XANH NAVY PHỐI ĐEN",
  "quantity": 0,
  "options": {
    "SIZE": "39-42",
    "COLOR": "Xanh Navy phối đen"
  },
  "product_allow_buy_when_clocked": false,
  "product_exclude_discount": false,
  "product_apply_allowance_inventory": false,
  "pending": 0,
  "product_visibility": true,
  "is_delete": false,
  "is_lock": false,
  "createAt": {
    "$date": "2025-05-15T15:07:10.281Z"
  },
  "updateAt": {
    "$date": "2025-05-15T15:07:10.281Z"
  },
  "_class": "com.lamnguyen.inventory_service.model.VariantProduct"
},
{
  "_id": "6826031e1bd0a01c950acbd6",
  "product_id": "6826031d213ef202c0fd2019",
  "title": "43-46-Xanh Navy phối đen",
  "regular_price": 59000,
  "compare_price": 70000,
  "sku": "SKU-6826031D213EF202C0FD2019-SIZE-43-46-COLOR-XANH NAVY PHỐI ĐEN",
  "quantity": 0,
  "options": {
    "SIZE": "43-46",
    "COLOR": "Xanh Navy phối đen"
  },
  "product_allow_buy_when_clocked": false,
  "product_exclude_discount": false,
  "product_apply_allowance_inventory": false,
  "pending": 0,
  "product_visibility": true,
  "is_delete": false,
  "is_lock": false,
  "createAt": {
    "$date": "2025-05-15T15:07:10.382Z"
  },
  "updateAt": {
    "$date": "2025-05-15T15:07:10.382Z"
  },
  "_class": "com.lamnguyen.inventory_service.model.VariantProduct"
},
{
  "_id": "682603251bd0a01c950acbd7",
  "product_id": "68260325213ef202c0fd201a",
  "title": "39-42-Đen",
  "regular_price": 59000,
  "compare_price": 69000,
  "sku": "SKU-68260325213EF202C0FD201A-SIZE-39-42-COLOR-ĐEN",
  "quantity": 0,
  "options": {
    "SIZE": "39-42",
    "COLOR": "Đen"
  },
  "product_allow_buy_when_clocked": false,
  "product_exclude_discount": false,
  "product_apply_allowance_inventory": false,
  "pending": 0,
  "product_visibility": true,
  "is_delete": false,
  "is_lock": false,
  "createAt": {
    "$date": "2025-05-15T15:07:17.314Z"
  },
  "updateAt": {
    "$date": "2025-05-15T15:07:17.314Z"
  },
  "_class": "com.lamnguyen.inventory_service.model.VariantProduct"
},
{
  "_id": "682603251bd0a01c950acbd8",
  "product_id": "68260325213ef202c0fd201a",
  "title": "43-46-Đen",
  "regular_price": 59000,
  "compare_price": 69000,
  "sku": "SKU-68260325213EF202C0FD201A-SIZE-43-46-COLOR-ĐEN",
  "quantity": 0,
  "options": {
    "SIZE": "43-46",
    "COLOR": "Đen"
  },
  "product_allow_buy_when_clocked": false,
  "product_exclude_discount": false,
  "product_apply_allowance_inventory": false,
  "pending": 0,
  "product_visibility": true,
  "is_delete": false,
  "is_lock": false,
  "createAt": {
    "$date": "2025-05-15T15:07:17.412Z"
  },
  "updateAt": {
    "$date": "2025-05-15T15:07:17.412Z"
  },
  "_class": "com.lamnguyen.inventory_service.model.VariantProduct"
},
{
  "_id": "682603251bd0a01c950acbd9",
  "product_id": "68260325213ef202c0fd201a",
  "title": "39-42-Trắng",
  "regular_price": 59000,
  "compare_price": 69000,
  "sku": "SKU-68260325213EF202C0FD201A-SIZE-39-42-COLOR-TRẮNG",
  "quantity": 0,
  "options": {
    "SIZE": "39-42",
    "COLOR": "Trắng"
  },
  "product_allow_buy_when_clocked": false,
  "product_exclude_discount": false,
  "product_apply_allowance_inventory": false,
  "pending": 0,
  "product_visibility": true,
  "is_delete": false,
  "is_lock": false,
  "createAt": {
    "$date": "2025-05-15T15:07:17.495Z"
  },
  "updateAt": {
    "$date": "2025-05-15T15:07:17.495Z"
  },
  "_class": "com.lamnguyen.inventory_service.model.VariantProduct"
},
{
  "_id": "682603251bd0a01c950acbda",
  "product_id": "68260325213ef202c0fd201a",
  "title": "43-46-Trắng",
  "regular_price": 59000,
  "compare_price": 69000,
  "sku": "SKU-68260325213EF202C0FD201A-SIZE-43-46-COLOR-TRẮNG",
  "quantity": 0,
  "options": {
    "SIZE": "43-46",
    "COLOR": "Trắng"
  },
  "product_allow_buy_when_clocked": false,
  "product_exclude_discount": false,
  "product_apply_allowance_inventory": false,
  "pending": 0,
  "product_visibility": true,
  "is_delete": false,
  "is_lock": false,
  "createAt": {
    "$date": "2025-05-15T15:07:17.603Z"
  },
  "updateAt": {
    "$date": "2025-05-15T15:07:17.603Z"
  },
  "_class": "com.lamnguyen.inventory_service.model.VariantProduct"
},
{
  "_id": "682603251bd0a01c950acbdb",
  "product_id": "68260325213ef202c0fd201a",
  "title": "39-42-Cam",
  "regular_price": 59000,
  "compare_price": 69000,
  "sku": "SKU-68260325213EF202C0FD201A-SIZE-39-42-COLOR-CAM",
  "quantity": 0,
  "options": {
    "SIZE": "39-42",
    "COLOR": "Cam"
  },
  "product_allow_buy_when_clocked": false,
  "product_exclude_discount": false,
  "product_apply_allowance_inventory": false,
  "pending": 0,
  "product_visibility": true,
  "is_delete": false,
  "is_lock": false,
  "createAt": {
    "$date": "2025-05-15T15:07:17.698Z"
  },
  "updateAt": {
    "$date": "2025-05-15T15:07:17.698Z"
  },
  "_class": "com.lamnguyen.inventory_service.model.VariantProduct"
},
{
  "_id": "682603251bd0a01c950acbdc",
  "product_id": "68260325213ef202c0fd201a",
  "title": "43-46-Cam",
  "regular_price": 59000,
  "compare_price": 69000,
  "sku": "SKU-68260325213EF202C0FD201A-SIZE-43-46-COLOR-CAM",
  "quantity": 0,
  "options": {
    "SIZE": "43-46",
    "COLOR": "Cam"
  },
  "product_allow_buy_when_clocked": false,
  "product_exclude_discount": false,
  "product_apply_allowance_inventory": false,
  "pending": 0,
  "product_visibility": true,
  "is_delete": false,
  "is_lock": false,
  "createAt": {
    "$date": "2025-05-15T15:07:17.795Z"
  },
  "updateAt": {
    "$date": "2025-05-15T15:07:17.795Z"
  },
  "_class": "com.lamnguyen.inventory_service.model.VariantProduct"
},
{
  "_id": "682603291bd0a01c950acbdd",
  "product_id": "68260329213ef202c0fd201b",
  "title": "S-Đen",
  "regular_price": 229000,
  "compare_price": 229000,
  "sku": "SKU-68260329213EF202C0FD201B-SIZE-S-COLOR-ĐEN",
  "quantity": 0,
  "options": {
    "SIZE": "S",
    "COLOR": "Đen"
  },
  "product_allow_buy_when_clocked": false,
  "product_exclude_discount": false,
  "product_apply_allowance_inventory": false,
  "pending": 0,
  "product_visibility": true,
  "is_delete": false,
  "is_lock": false,
  "createAt": {
    "$date": "2025-05-15T15:07:21.104Z"
  },
  "updateAt": {
    "$date": "2025-05-15T15:07:21.104Z"
  },
  "_class": "com.lamnguyen.inventory_service.model.VariantProduct"
},
{
  "_id": "682603291bd0a01c950acbde",
  "product_id": "68260329213ef202c0fd201b",
  "title": "M-Đen",
  "regular_price": 229000,
  "compare_price": 229000,
  "sku": "SKU-68260329213EF202C0FD201B-SIZE-M-COLOR-ĐEN",
  "quantity": 0,
  "options": {
    "SIZE": "M",
    "COLOR": "Đen"
  },
  "product_allow_buy_when_clocked": false,
  "product_exclude_discount": false,
  "product_apply_allowance_inventory": false,
  "pending": 0,
  "product_visibility": true,
  "is_delete": false,
  "is_lock": false,
  "createAt": {
    "$date": "2025-05-15T15:07:21.200Z"
  },
  "updateAt": {
    "$date": "2025-05-15T15:07:21.200Z"
  },
  "_class": "com.lamnguyen.inventory_service.model.VariantProduct"
},
{
  "_id": "682603291bd0a01c950acbdf",
  "product_id": "68260329213ef202c0fd201b",
  "title": "S-Xám",
  "regular_price": 229000,
  "compare_price": 229000,
  "sku": "SKU-68260329213EF202C0FD201B-SIZE-S-COLOR-XÁM",
  "quantity": 0,
  "options": {
    "SIZE": "S",
    "COLOR": "Xám"
  },
  "product_allow_buy_when_clocked": false,
  "product_exclude_discount": false,
  "product_apply_allowance_inventory": false,
  "pending": 0,
  "product_visibility": true,
  "is_delete": false,
  "is_lock": false,
  "createAt": {
    "$date": "2025-05-15T15:07:21.300Z"
  },
  "updateAt": {
    "$date": "2025-05-15T15:07:21.300Z"
  },
  "_class": "com.lamnguyen.inventory_service.model.VariantProduct"
},
{
  "_id": "682603291bd0a01c950acbe0",
  "product_id": "68260329213ef202c0fd201b",
  "title": "M-Xám",
  "regular_price": 229000,
  "compare_price": 229000,
  "sku": "SKU-68260329213EF202C0FD201B-SIZE-M-COLOR-XÁM",
  "quantity": 0,
  "options": {
    "SIZE": "M",
    "COLOR": "Xám"
  },
  "product_allow_buy_when_clocked": false,
  "product_exclude_discount": false,
  "product_apply_allowance_inventory": false,
  "pending": 0,
  "product_visibility": true,
  "is_delete": false,
  "is_lock": false,
  "createAt": {
    "$date": "2025-05-15T15:07:21.395Z"
  },
  "updateAt": {
    "$date": "2025-05-15T15:07:21.395Z"
  },
  "_class": "com.lamnguyen.inventory_service.model.VariantProduct"
},
{
  "_id": "6826032a1bd0a01c950acbe1",
  "product_id": "6826032a213ef202c0fd201c",
  "title": "Xanh đậm",
  "regular_price": 99000,
  "compare_price": 99000,
  "sku": "SKU-6826032A213EF202C0FD201C-COLOR-XANH ĐẬM",
  "quantity": 0,
  "options": {
    "COLOR": "Xanh đậm"
  },
  "product_allow_buy_when_clocked": false,
  "product_exclude_discount": false,
  "product_apply_allowance_inventory": false,
  "pending": 0,
  "product_visibility": true,
  "is_delete": false,
  "is_lock": false,
  "createAt": {
    "$date": "2025-05-15T15:07:22.504Z"
  },
  "updateAt": {
    "$date": "2025-05-15T15:07:22.504Z"
  },
  "_class": "com.lamnguyen.inventory_service.model.VariantProduct"
},
{
  "_id": "6826032e1bd0a01c950acbe2",
  "product_id": "6826032e213ef202c0fd201d",
  "title": "Xám phối Neon",
  "regular_price": 59000,
  "compare_price": 69000,
  "sku": "SKU-6826032E213EF202C0FD201D-COLOR-XÁM PHỐI NEON",
  "quantity": 0,
  "options": {
    "COLOR": "Xám phối Neon"
  },
  "product_allow_buy_when_clocked": false,
  "product_exclude_discount": false,
  "product_apply_allowance_inventory": false,
  "pending": 0,
  "product_visibility": true,
  "is_delete": false,
  "is_lock": false,
  "createAt": {
    "$date": "2025-05-15T15:07:26.215Z"
  },
  "updateAt": {
    "$date": "2025-05-15T15:07:26.215Z"
  },
  "_class": "com.lamnguyen.inventory_service.model.VariantProduct"
},
{
  "_id": "6826032e1bd0a01c950acbe3",
  "product_id": "6826032e213ef202c0fd201d",
  "title": "Trắng phối Đen",
  "regular_price": 59000,
  "compare_price": 69000,
  "sku": "SKU-6826032E213EF202C0FD201D-COLOR-TRẮNG PHỐI ĐEN",
  "quantity": 0,
  "options": {
    "COLOR": "Trắng phối Đen"
  },
  "product_allow_buy_when_clocked": false,
  "product_exclude_discount": false,
  "product_apply_allowance_inventory": false,
  "pending": 0,
  "product_visibility": true,
  "is_delete": false,
  "is_lock": false,
  "createAt": {
    "$date": "2025-05-15T15:07:26.291Z"
  },
  "updateAt": {
    "$date": "2025-05-15T15:07:26.291Z"
  },
  "_class": "com.lamnguyen.inventory_service.model.VariantProduct"
},
{
  "_id": "6826032e1bd0a01c950acbe4",
  "product_id": "6826032e213ef202c0fd201d",
  "title": "Xanh Navy",
  "regular_price": 59000,
  "compare_price": 69000,
  "sku": "SKU-6826032E213EF202C0FD201D-COLOR-XANH NAVY",
  "quantity": 0,
  "options": {
    "COLOR": "Xanh Navy"
  },
  "product_allow_buy_when_clocked": false,
  "product_exclude_discount": false,
  "product_apply_allowance_inventory": false,
  "pending": 0,
  "product_visibility": true,
  "is_delete": false,
  "is_lock": false,
  "createAt": {
    "$date": "2025-05-15T15:07:26.362Z"
  },
  "updateAt": {
    "$date": "2025-05-15T15:07:26.362Z"
  },
  "_class": "com.lamnguyen.inventory_service.model.VariantProduct"
},
{
  "_id": "682603331bd0a01c950acbe5",
  "product_id": "68260333213ef202c0fd201e",
  "title": "39-42-Đen phối Cam",
  "regular_price": 59000,
  "compare_price": 70000,
  "sku": "SKU-68260333213EF202C0FD201E-SIZE-39-42-COLOR-ĐEN PHỐI CAM",
  "quantity": 0,
  "options": {
    "SIZE": "39-42",
    "COLOR": "Đen phối Cam"
  },
  "product_allow_buy_when_clocked": false,
  "product_exclude_discount": false,
  "product_apply_allowance_inventory": false,
  "pending": 0,
  "product_visibility": true,
  "is_delete": false,
  "is_lock": false,
  "createAt": {
    "$date": "2025-05-15T15:07:31.407Z"
  },
  "updateAt": {
    "$date": "2025-05-15T15:07:31.407Z"
  },
  "_class": "com.lamnguyen.inventory_service.model.VariantProduct"
},
{
  "_id": "682603331bd0a01c950acbe6",
  "product_id": "68260333213ef202c0fd201e",
  "title": "43-46-Đen phối Cam",
  "regular_price": 59000,
  "compare_price": 70000,
  "sku": "SKU-68260333213EF202C0FD201E-SIZE-43-46-COLOR-ĐEN PHỐI CAM",
  "quantity": 0,
  "options": {
    "SIZE": "43-46",
    "COLOR": "Đen phối Cam"
  },
  "product_allow_buy_when_clocked": false,
  "product_exclude_discount": false,
  "product_apply_allowance_inventory": false,
  "pending": 0,
  "product_visibility": true,
  "is_delete": false,
  "is_lock": false,
  "createAt": {
    "$date": "2025-05-15T15:07:31.476Z"
  },
  "updateAt": {
    "$date": "2025-05-15T15:07:31.476Z"
  },
  "_class": "com.lamnguyen.inventory_service.model.VariantProduct"
},
{
  "_id": "682603331bd0a01c950acbe7",
  "product_id": "68260333213ef202c0fd201e",
  "title": "39-42-Đen phối Xanh lá",
  "regular_price": 59000,
  "compare_price": 70000,
  "sku": "SKU-68260333213EF202C0FD201E-SIZE-39-42-COLOR-ĐEN PHỐI XANH LÁ",
  "quantity": 0,
  "options": {
    "SIZE": "39-42",
    "COLOR": "Đen phối Xanh lá"
  },
  "product_allow_buy_when_clocked": false,
  "product_exclude_discount": false,
  "product_apply_allowance_inventory": false,
  "pending": 0,
  "product_visibility": true,
  "is_delete": false,
  "is_lock": false,
  "createAt": {
    "$date": "2025-05-15T15:07:31.548Z"
  },
  "updateAt": {
    "$date": "2025-05-15T15:07:31.548Z"
  },
  "_class": "com.lamnguyen.inventory_service.model.VariantProduct"
},
{
  "_id": "682603331bd0a01c950acbe8",
  "product_id": "68260333213ef202c0fd201e",
  "title": "43-46-Đen phối Xanh lá",
  "regular_price": 59000,
  "compare_price": 70000,
  "sku": "SKU-68260333213EF202C0FD201E-SIZE-43-46-COLOR-ĐEN PHỐI XANH LÁ",
  "quantity": 0,
  "options": {
    "SIZE": "43-46",
    "COLOR": "Đen phối Xanh lá"
  },
  "product_allow_buy_when_clocked": false,
  "product_exclude_discount": false,
  "product_apply_allowance_inventory": false,
  "pending": 0,
  "product_visibility": true,
  "is_delete": false,
  "is_lock": false,
  "createAt": {
    "$date": "2025-05-15T15:07:31.620Z"
  },
  "updateAt": {
    "$date": "2025-05-15T15:07:31.620Z"
  },
  "_class": "com.lamnguyen.inventory_service.model.VariantProduct"
},
{
  "_id": "682603331bd0a01c950acbe9",
  "product_id": "68260333213ef202c0fd201e",
  "title": "39-42-Trắng phối Đen",
  "regular_price": 59000,
  "compare_price": 70000,
  "sku": "SKU-68260333213EF202C0FD201E-SIZE-39-42-COLOR-TRẮNG PHỐI ĐEN",
  "quantity": 0,
  "options": {
    "SIZE": "39-42",
    "COLOR": "Trắng phối Đen"
  },
  "product_allow_buy_when_clocked": false,
  "product_exclude_discount": false,
  "product_apply_allowance_inventory": false,
  "pending": 0,
  "product_visibility": true,
  "is_delete": false,
  "is_lock": false,
  "createAt": {
    "$date": "2025-05-15T15:07:31.692Z"
  },
  "updateAt": {
    "$date": "2025-05-15T15:07:31.692Z"
  },
  "_class": "com.lamnguyen.inventory_service.model.VariantProduct"
},
{
  "_id": "682603331bd0a01c950acbea",
  "product_id": "68260333213ef202c0fd201e",
  "title": "43-46-Trắng phối Đen",
  "regular_price": 59000,
  "compare_price": 70000,
  "sku": "SKU-68260333213EF202C0FD201E-SIZE-43-46-COLOR-TRẮNG PHỐI ĐEN",
  "quantity": 0,
  "options": {
    "SIZE": "43-46",
    "COLOR": "Trắng phối Đen"
  },
  "product_allow_buy_when_clocked": false,
  "product_exclude_discount": false,
  "product_apply_allowance_inventory": false,
  "pending": 0,
  "product_visibility": true,
  "is_delete": false,
  "is_lock": false,
  "createAt": {
    "$date": "2025-05-15T15:07:31.765Z"
  },
  "updateAt": {
    "$date": "2025-05-15T15:07:31.765Z"
  },
  "_class": "com.lamnguyen.inventory_service.model.VariantProduct"
},
{
  "_id": "682603331bd0a01c950acbeb",
  "product_id": "68260333213ef202c0fd201e",
  "title": "39-42-Trắng phối Neon",
  "regular_price": 59000,
  "compare_price": 70000,
  "sku": "SKU-68260333213EF202C0FD201E-SIZE-39-42-COLOR-TRẮNG PHỐI NEON",
  "quantity": 0,
  "options": {
    "SIZE": "39-42",
    "COLOR": "Trắng phối Neon"
  },
  "product_allow_buy_when_clocked": false,
  "product_exclude_discount": false,
  "product_apply_allowance_inventory": false,
  "pending": 0,
  "product_visibility": true,
  "is_delete": false,
  "is_lock": false,
  "createAt": {
    "$date": "2025-05-15T15:07:31.835Z"
  },
  "updateAt": {
    "$date": "2025-05-15T15:07:31.835Z"
  },
  "_class": "com.lamnguyen.inventory_service.model.VariantProduct"
},
{
  "_id": "682603331bd0a01c950acbec",
  "product_id": "68260333213ef202c0fd201e",
  "title": "43-46-Trắng phối Neon",
  "regular_price": 59000,
  "compare_price": 70000,
  "sku": "SKU-68260333213EF202C0FD201E-SIZE-43-46-COLOR-TRẮNG PHỐI NEON",
  "quantity": 0,
  "options": {
    "SIZE": "43-46",
    "COLOR": "Trắng phối Neon"
  },
  "product_allow_buy_when_clocked": false,
  "product_exclude_discount": false,
  "product_apply_allowance_inventory": false,
  "pending": 0,
  "product_visibility": true,
  "is_delete": false,
  "is_lock": false,
  "createAt": {
    "$date": "2025-05-15T15:07:31.906Z"
  },
  "updateAt": {
    "$date": "2025-05-15T15:07:31.906Z"
  },
  "_class": "com.lamnguyen.inventory_service.model.VariantProduct"
},
{
  "_id": "682603381bd0a01c950acbed",
  "product_id": "68260338213ef202c0fd201f",
  "title": "Xám đen",
  "regular_price": 29000,
  "compare_price": 49000,
  "sku": "SKU-68260338213EF202C0FD201F-COLOR-XÁM ĐEN",
  "quantity": 0,
  "options": {
    "COLOR": "Xám đen"
  },
  "product_allow_buy_when_clocked": false,
  "product_exclude_discount": false,
  "product_apply_allowance_inventory": false,
  "pending": 0,
  "product_visibility": true,
  "is_delete": false,
  "is_lock": false,
  "createAt": {
    "$date": "2025-05-15T15:07:36.901Z"
  },
  "updateAt": {
    "$date": "2025-05-15T15:07:36.901Z"
  },
  "_class": "com.lamnguyen.inventory_service.model.VariantProduct"
},
{
  "_id": "682603381bd0a01c950acbee",
  "product_id": "68260338213ef202c0fd201f",
  "title": "Đỏ",
  "regular_price": 29000,
  "compare_price": 49000,
  "sku": "SKU-68260338213EF202C0FD201F-COLOR-ĐỎ",
  "quantity": 0,
  "options": {
    "COLOR": "Đỏ"
  },
  "product_allow_buy_when_clocked": false,
  "product_exclude_discount": false,
  "product_apply_allowance_inventory": false,
  "pending": 0,
  "product_visibility": true,
  "is_delete": false,
  "is_lock": false,
  "createAt": {
    "$date": "2025-05-15T15:07:36.970Z"
  },
  "updateAt": {
    "$date": "2025-05-15T15:07:36.970Z"
  },
  "_class": "com.lamnguyen.inventory_service.model.VariantProduct"
},
{
  "_id": "682603391bd0a01c950acbef",
  "product_id": "68260338213ef202c0fd201f",
  "title": "Cam",
  "regular_price": 29000,
  "compare_price": 49000,
  "sku": "SKU-68260338213EF202C0FD201F-COLOR-CAM",
  "quantity": 0,
  "options": {
    "COLOR": "Cam"
  },
  "product_allow_buy_when_clocked": false,
  "product_exclude_discount": false,
  "product_apply_allowance_inventory": false,
  "pending": 0,
  "product_visibility": true,
  "is_delete": false,
  "is_lock": false,
  "createAt": {
    "$date": "2025-05-15T15:07:37.047Z"
  },
  "updateAt": {
    "$date": "2025-05-15T15:07:37.047Z"
  },
  "_class": "com.lamnguyen.inventory_service.model.VariantProduct"
},
{
  "_id": "682603391bd0a01c950acbf0",
  "product_id": "68260338213ef202c0fd201f",
  "title": "Xanh",
  "regular_price": 29000,
  "compare_price": 49000,
  "sku": "SKU-68260338213EF202C0FD201F-COLOR-XANH",
  "quantity": 0,
  "options": {
    "COLOR": "Xanh"
  },
  "product_allow_buy_when_clocked": false,
  "product_exclude_discount": false,
  "product_apply_allowance_inventory": false,
  "pending": 0,
  "product_visibility": true,
  "is_delete": false,
  "is_lock": false,
  "createAt": {
    "$date": "2025-05-15T15:07:37.119Z"
  },
  "updateAt": {
    "$date": "2025-05-15T15:07:37.119Z"
  },
  "_class": "com.lamnguyen.inventory_service.model.VariantProduct"
},
{
  "_id": "682603391bd0a01c950acbf1",
  "product_id": "68260338213ef202c0fd201f",
  "title": "Xanh lá đậm ",
  "regular_price": 29000,
  "compare_price": 49000,
  "sku": "SKU-68260338213EF202C0FD201F-COLOR-XANH LÁ ĐẬM ",
  "quantity": 0,
  "options": {
    "COLOR": "Xanh lá đậm "
  },
  "product_allow_buy_when_clocked": false,
  "product_exclude_discount": false,
  "product_apply_allowance_inventory": false,
  "pending": 0,
  "product_visibility": true,
  "is_delete": false,
  "is_lock": false,
  "createAt": {
    "$date": "2025-05-15T15:07:37.185Z"
  },
  "updateAt": {
    "$date": "2025-05-15T15:07:37.185Z"
  },
  "_class": "com.lamnguyen.inventory_service.model.VariantProduct"
}]