[{
  "_id": "68260d6a1bd0a01c950ad1cb",
  "product_id": "68260d6a213ef202c0fd2081",
  "title": "M-Mix màu",
  "regular_price": 179000,
  "compare_price": 219000,
  "sku": "SKU-68260D6A213EF202C0FD2081-SIZE-M-COLOR-MIX MÀU",
  "quantity": 0,
  "options": {
    "SIZE": "M",
    "COLOR": "Mix màu"
  },
  "product_allow_buy_when_clocked": false,
  "product_exclude_discount": false,
  "product_apply_allowance_inventory": false,
  "pending": 0,
  "product_visibility": true,
  "is_delete": false,
  "is_lock": false,
  "createAt": {
    "$date": "2025-05-15T15:51:06.748Z"
  },
  "updateAt": {
    "$date": "2025-05-15T15:51:06.748Z"
  },
  "_class": "com.lamnguyen.inventory_service.model.VariantProduct"
},
{
  "_id": "68260d6b1bd0a01c950ad1cc",
  "product_id": "68260d6a213ef202c0fd2081",
  "title": "L-Mix màu",
  "regular_price": 179000,
  "compare_price": 219000,
  "sku": "SKU-68260D6A213EF202C0FD2081-SIZE-L-COLOR-MIX MÀU",
  "quantity": 0,
  "options": {
    "SIZE": "L",
    "COLOR": "Mix màu"
  },
  "product_allow_buy_when_clocked": false,
  "product_exclude_discount": false,
  "product_apply_allowance_inventory": false,
  "pending": 0,
  "product_visibility": true,
  "is_delete": false,
  "is_lock": false,
  "createAt": {
    "$date": "2025-05-15T15:51:07.512Z"
  },
  "updateAt": {
    "$date": "2025-05-15T15:51:07.512Z"
  },
  "_class": "com.lamnguyen.inventory_service.model.VariantProduct"
},
{
  "_id": "68260d6b1bd0a01c950ad1cd",
  "product_id": "68260d6a213ef202c0fd2081",
  "title": "XL-Mix màu",
  "regular_price": 179000,
  "compare_price": 219000,
  "sku": "SKU-68260D6A213EF202C0FD2081-SIZE-XL-COLOR-MIX MÀU",
  "quantity": 0,
  "options": {
    "SIZE": "XL",
    "COLOR": "Mix màu"
  },
  "product_allow_buy_when_clocked": false,
  "product_exclude_discount": false,
  "product_apply_allowance_inventory": false,
  "pending": 0,
  "product_visibility": true,
  "is_delete": false,
  "is_lock": false,
  "createAt": {
    "$date": "2025-05-15T15:51:07.570Z"
  },
  "updateAt": {
    "$date": "2025-05-15T15:51:07.570Z"
  },
  "_class": "com.lamnguyen.inventory_service.model.VariantProduct"
},
{
  "_id": "68260d6b1bd0a01c950ad1ce",
  "product_id": "68260d6a213ef202c0fd2081",
  "title": "2XL-Mix màu",
  "regular_price": 179000,
  "compare_price": 219000,
  "sku": "SKU-68260D6A213EF202C0FD2081-SIZE-2XL-COLOR-MIX MÀU",
  "quantity": 0,
  "options": {
    "SIZE": "2XL",
    "COLOR": "Mix màu"
  },
  "product_allow_buy_when_clocked": false,
  "product_exclude_discount": false,
  "product_apply_allowance_inventory": false,
  "pending": 0,
  "product_visibility": true,
  "is_delete": false,
  "is_lock": false,
  "createAt": {
    "$date": "2025-05-15T15:51:07.637Z"
  },
  "updateAt": {
    "$date": "2025-05-15T15:51:07.637Z"
  },
  "_class": "com.lamnguyen.inventory_service.model.VariantProduct"
},
{
  "_id": "68260d6b1bd0a01c950ad1cf",
  "product_id": "68260d6a213ef202c0fd2081",
  "title": "3XL-Mix màu",
  "regular_price": 179000,
  "compare_price": 219000,
  "sku": "SKU-68260D6A213EF202C0FD2081-SIZE-3XL-COLOR-MIX MÀU",
  "quantity": 0,
  "options": {
    "SIZE": "3XL",
    "COLOR": "Mix màu"
  },
  "product_allow_buy_when_clocked": false,
  "product_exclude_discount": false,
  "product_apply_allowance_inventory": false,
  "pending": 0,
  "product_visibility": true,
  "is_delete": false,
  "is_lock": false,
  "createAt": {
    "$date": "2025-05-15T15:51:07.694Z"
  },
  "updateAt": {
    "$date": "2025-05-15T15:51:07.694Z"
  },
  "_class": "com.lamnguyen.inventory_service.model.VariantProduct"
},
{
  "_id": "68260d6b1bd0a01c950ad1d0",
  "product_id": "68260d6a213ef202c0fd2081",
  "title": "M-Đen",
  "regular_price": 179000,
  "compare_price": 219000,
  "sku": "SKU-68260D6A213EF202C0FD2081-SIZE-M-COLOR-ĐEN",
  "quantity": 0,
  "options": {
    "SIZE": "M",
    "COLOR": "Đen"
  },
  "product_allow_buy_when_clocked": false,
  "product_exclude_discount": false,
  "product_apply_allowance_inventory": false,
  "pending": 0,
  "product_visibility": true,
  "is_delete": false,
  "is_lock": false,
  "createAt": {
    "$date": "2025-05-15T15:51:07.758Z"
  },
  "updateAt": {
    "$date": "2025-05-15T15:51:07.758Z"
  },
  "_class": "com.lamnguyen.inventory_service.model.VariantProduct"
},
{
  "_id": "68260d6b1bd0a01c950ad1d1",
  "product_id": "68260d6a213ef202c0fd2081",
  "title": "L-Đen",
  "regular_price": 179000,
  "compare_price": 219000,
  "sku": "SKU-68260D6A213EF202C0FD2081-SIZE-L-COLOR-ĐEN",
  "quantity": 0,
  "options": {
    "SIZE": "L",
    "COLOR": "Đen"
  },
  "product_allow_buy_when_clocked": false,
  "product_exclude_discount": false,
  "product_apply_allowance_inventory": false,
  "pending": 0,
  "product_visibility": true,
  "is_delete": false,
  "is_lock": false,
  "createAt": {
    "$date": "2025-05-15T15:51:07.818Z"
  },
  "updateAt": {
    "$date": "2025-05-15T15:51:07.818Z"
  },
  "_class": "com.lamnguyen.inventory_service.model.VariantProduct"
},
{
  "_id": "68260d6b1bd0a01c950ad1d2",
  "product_id": "68260d6a213ef202c0fd2081",
  "title": "XL-Đen",
  "regular_price": 179000,
  "compare_price": 219000,
  "sku": "SKU-68260D6A213EF202C0FD2081-SIZE-XL-COLOR-ĐEN",
  "quantity": 0,
  "options": {
    "SIZE": "XL",
    "COLOR": "Đen"
  },
  "product_allow_buy_when_clocked": false,
  "product_exclude_discount": false,
  "product_apply_allowance_inventory": false,
  "pending": 0,
  "product_visibility": true,
  "is_delete": false,
  "is_lock": false,
  "createAt": {
    "$date": "2025-05-15T15:51:07.885Z"
  },
  "updateAt": {
    "$date": "2025-05-15T15:51:07.885Z"
  },
  "_class": "com.lamnguyen.inventory_service.model.VariantProduct"
},
{
  "_id": "68260d6b1bd0a01c950ad1d3",
  "product_id": "68260d6a213ef202c0fd2081",
  "title": "2XL-Đen",
  "regular_price": 179000,
  "compare_price": 219000,
  "sku": "SKU-68260D6A213EF202C0FD2081-SIZE-2XL-COLOR-ĐEN",
  "quantity": 0,
  "options": {
    "SIZE": "2XL",
    "COLOR": "Đen"
  },
  "product_allow_buy_when_clocked": false,
  "product_exclude_discount": false,
  "product_apply_allowance_inventory": false,
  "pending": 0,
  "product_visibility": true,
  "is_delete": false,
  "is_lock": false,
  "createAt": {
    "$date": "2025-05-15T15:51:07.963Z"
  },
  "updateAt": {
    "$date": "2025-05-15T15:51:07.963Z"
  },
  "_class": "com.lamnguyen.inventory_service.model.VariantProduct"
},
{
  "_id": "68260d6c1bd0a01c950ad1d4",
  "product_id": "68260d6a213ef202c0fd2081",
  "title": "3XL-Đen",
  "regular_price": 179000,
  "compare_price": 219000,
  "sku": "SKU-68260D6A213EF202C0FD2081-SIZE-3XL-COLOR-ĐEN",
  "quantity": 0,
  "options": {
    "SIZE": "3XL",
    "COLOR": "Đen"
  },
  "product_allow_buy_when_clocked": false,
  "product_exclude_discount": false,
  "product_apply_allowance_inventory": false,
  "pending": 0,
  "product_visibility": true,
  "is_delete": false,
  "is_lock": false,
  "createAt": {
    "$date": "2025-05-15T15:51:08.031Z"
  },
  "updateAt": {
    "$date": "2025-05-15T15:51:08.031Z"
  },
  "_class": "com.lamnguyen.inventory_service.model.VariantProduct"
},
{
  "_id": "68260d6c1bd0a01c950ad1d5",
  "product_id": "68260d6a213ef202c0fd2081",
  "title": "M-Xanh titan",
  "regular_price": 179000,
  "compare_price": 219000,
  "sku": "SKU-68260D6A213EF202C0FD2081-SIZE-M-COLOR-XANH TITAN",
  "quantity": 0,
  "options": {
    "SIZE": "M",
    "COLOR": "Xanh titan"
  },
  "product_allow_buy_when_clocked": false,
  "product_exclude_discount": false,
  "product_apply_allowance_inventory": false,
  "pending": 0,
  "product_visibility": true,
  "is_delete": false,
  "is_lock": false,
  "createAt": {
    "$date": "2025-05-15T15:51:08.078Z"
  },
  "updateAt": {
    "$date": "2025-05-15T15:51:08.078Z"
  },
  "_class": "com.lamnguyen.inventory_service.model.VariantProduct"
},
{
  "_id": "68260d6c1bd0a01c950ad1d6",
  "product_id": "68260d6a213ef202c0fd2081",
  "title": "L-Xanh titan",
  "regular_price": 179000,
  "compare_price": 219000,
  "sku": "SKU-68260D6A213EF202C0FD2081-SIZE-L-COLOR-XANH TITAN",
  "quantity": 0,
  "options": {
    "SIZE": "L",
    "COLOR": "Xanh titan"
  },
  "product_allow_buy_when_clocked": false,
  "product_exclude_discount": false,
  "product_apply_allowance_inventory": false,
  "pending": 0,
  "product_visibility": true,
  "is_delete": false,
  "is_lock": false,
  "createAt": {
    "$date": "2025-05-15T15:51:08.146Z"
  },
  "updateAt": {
    "$date": "2025-05-15T15:51:08.146Z"
  },
  "_class": "com.lamnguyen.inventory_service.model.VariantProduct"
},
{
  "_id": "68260d6c1bd0a01c950ad1d7",
  "product_id": "68260d6a213ef202c0fd2081",
  "title": "XL-Xanh titan",
  "regular_price": 179000,
  "compare_price": 219000,
  "sku": "SKU-68260D6A213EF202C0FD2081-SIZE-XL-COLOR-XANH TITAN",
  "quantity": 0,
  "options": {
    "SIZE": "XL",
    "COLOR": "Xanh titan"
  },
  "product_allow_buy_when_clocked": false,
  "product_exclude_discount": false,
  "product_apply_allowance_inventory": false,
  "pending": 0,
  "product_visibility": true,
  "is_delete": false,
  "is_lock": false,
  "createAt": {
    "$date": "2025-05-15T15:51:08.241Z"
  },
  "updateAt": {
    "$date": "2025-05-15T15:51:08.241Z"
  },
  "_class": "com.lamnguyen.inventory_service.model.VariantProduct"
},
{
  "_id": "68260d6c1bd0a01c950ad1d8",
  "product_id": "68260d6a213ef202c0fd2081",
  "title": "2XL-Xanh titan",
  "regular_price": 179000,
  "compare_price": 219000,
  "sku": "SKU-68260D6A213EF202C0FD2081-SIZE-2XL-COLOR-XANH TITAN",
  "quantity": 0,
  "options": {
    "SIZE": "2XL",
    "COLOR": "Xanh titan"
  },
  "product_allow_buy_when_clocked": false,
  "product_exclude_discount": false,
  "product_apply_allowance_inventory": false,
  "pending": 0,
  "product_visibility": true,
  "is_delete": false,
  "is_lock": false,
  "createAt": {
    "$date": "2025-05-15T15:51:08.307Z"
  },
  "updateAt": {
    "$date": "2025-05-15T15:51:08.307Z"
  },
  "_class": "com.lamnguyen.inventory_service.model.VariantProduct"
},
{
  "_id": "68260d6c1bd0a01c950ad1d9",
  "product_id": "68260d6a213ef202c0fd2081",
  "title": "3XL-Xanh titan",
  "regular_price": 179000,
  "compare_price": 219000,
  "sku": "SKU-68260D6A213EF202C0FD2081-SIZE-3XL-COLOR-XANH TITAN",
  "quantity": 0,
  "options": {
    "SIZE": "3XL",
    "COLOR": "Xanh titan"
  },
  "product_allow_buy_when_clocked": false,
  "product_exclude_discount": false,
  "product_apply_allowance_inventory": false,
  "pending": 0,
  "product_visibility": true,
  "is_delete": false,
  "is_lock": false,
  "createAt": {
    "$date": "2025-05-15T15:51:08.367Z"
  },
  "updateAt": {
    "$date": "2025-05-15T15:51:08.367Z"
  },
  "_class": "com.lamnguyen.inventory_service.model.VariantProduct"
},
{
  "_id": "68260d6c1bd0a01c950ad1da",
  "product_id": "68260d6c213ef202c0fd2082",
  "title": "M-Xanh Navy",
  "regular_price": 169000,
  "compare_price": 330000,
  "sku": "SKU-68260D6C213EF202C0FD2082-SIZE-M-COLOR-XANH NAVY",
  "quantity": 0,
  "options": {
    "SIZE": "M",
    "COLOR": "Xanh Navy"
  },
  "product_allow_buy_when_clocked": false,
  "product_exclude_discount": false,
  "product_apply_allowance_inventory": false,
  "pending": 0,
  "product_visibility": true,
  "is_delete": false,
  "is_lock": false,
  "createAt": {
    "$date": "2025-05-15T15:51:08.847Z"
  },
  "updateAt": {
    "$date": "2025-05-15T15:51:08.847Z"
  },
  "_class": "com.lamnguyen.inventory_service.model.VariantProduct"
},
{
  "_id": "68260d6c1bd0a01c950ad1db",
  "product_id": "68260d6c213ef202c0fd2082",
  "title": "L-Xanh Navy",
  "regular_price": 169000,
  "compare_price": 330000,
  "sku": "SKU-68260D6C213EF202C0FD2082-SIZE-L-COLOR-XANH NAVY",
  "quantity": 0,
  "options": {
    "SIZE": "L",
    "COLOR": "Xanh Navy"
  },
  "product_allow_buy_when_clocked": false,
  "product_exclude_discount": false,
  "product_apply_allowance_inventory": false,
  "pending": 0,
  "product_visibility": true,
  "is_delete": false,
  "is_lock": false,
  "createAt": {
    "$date": "2025-05-15T15:51:08.906Z"
  },
  "updateAt": {
    "$date": "2025-05-15T15:51:08.906Z"
  },
  "_class": "com.lamnguyen.inventory_service.model.VariantProduct"
},
{
  "_id": "68260d6c1bd0a01c950ad1dc",
  "product_id": "68260d6c213ef202c0fd2082",
  "title": "XL-Xanh Navy",
  "regular_price": 169000,
  "compare_price": 330000,
  "sku": "SKU-68260D6C213EF202C0FD2082-SIZE-XL-COLOR-XANH NAVY",
  "quantity": 0,
  "options": {
    "SIZE": "XL",
    "COLOR": "Xanh Navy"
  },
  "product_allow_buy_when_clocked": false,
  "product_exclude_discount": false,
  "product_apply_allowance_inventory": false,
  "pending": 0,
  "product_visibility": true,
  "is_delete": false,
  "is_lock": false,
  "createAt": {
    "$date": "2025-05-15T15:51:08.964Z"
  },
  "updateAt": {
    "$date": "2025-05-15T15:51:08.964Z"
  },
  "_class": "com.lamnguyen.inventory_service.model.VariantProduct"
},
{
  "_id": "68260d6d1bd0a01c950ad1dd",
  "product_id": "68260d6c213ef202c0fd2082",
  "title": "2XL-Xanh Navy",
  "regular_price": 169000,
  "compare_price": 330000,
  "sku": "SKU-68260D6C213EF202C0FD2082-SIZE-2XL-COLOR-XANH NAVY",
  "quantity": 0,
  "options": {
    "SIZE": "2XL",
    "COLOR": "Xanh Navy"
  },
  "product_allow_buy_when_clocked": false,
  "product_exclude_discount": false,
  "product_apply_allowance_inventory": false,
  "pending": 0,
  "product_visibility": true,
  "is_delete": false,
  "is_lock": false,
  "createAt": {
    "$date": "2025-05-15T15:51:09.033Z"
  },
  "updateAt": {
    "$date": "2025-05-15T15:51:09.033Z"
  },
  "_class": "com.lamnguyen.inventory_service.model.VariantProduct"
},
{
  "_id": "68260d6d1bd0a01c950ad1de",
  "product_id": "68260d6c213ef202c0fd2082",
  "title": "3XL-Xanh Navy",
  "regular_price": 169000,
  "compare_price": 330000,
  "sku": "SKU-68260D6C213EF202C0FD2082-SIZE-3XL-COLOR-XANH NAVY",
  "quantity": 0,
  "options": {
    "SIZE": "3XL",
    "COLOR": "Xanh Navy"
  },
  "product_allow_buy_when_clocked": false,
  "product_exclude_discount": false,
  "product_apply_allowance_inventory": false,
  "pending": 0,
  "product_visibility": true,
  "is_delete": false,
  "is_lock": false,
  "createAt": {
    "$date": "2025-05-15T15:51:09.098Z"
  },
  "updateAt": {
    "$date": "2025-05-15T15:51:09.098Z"
  },
  "_class": "com.lamnguyen.inventory_service.model.VariantProduct"
},
{
  "_id": "68260d711bd0a01c950ad1df",
  "product_id": "68260d71213ef202c0fd2083",
  "title": "M-Xám",
  "regular_price": 219000,
  "compare_price": 259000,
  "sku": "SKU-68260D71213EF202C0FD2083-SIZE-M-COLOR-XÁM",
  "quantity": 0,
  "options": {
    "SIZE": "M",
    "COLOR": "Xám"
  },
  "product_allow_buy_when_clocked": false,
  "product_exclude_discount": false,
  "product_apply_allowance_inventory": false,
  "pending": 0,
  "product_visibility": true,
  "is_delete": false,
  "is_lock": false,
  "createAt": {
    "$date": "2025-05-15T15:51:13.749Z"
  },
  "updateAt": {
    "$date": "2025-05-15T15:51:13.749Z"
  },
  "_class": "com.lamnguyen.inventory_service.model.VariantProduct"
},
{
  "_id": "68260d711bd0a01c950ad1e0",
  "product_id": "68260d71213ef202c0fd2083",
  "title": "L-Xám",
  "regular_price": 219000,
  "compare_price": 259000,
  "sku": "SKU-68260D71213EF202C0FD2083-SIZE-L-COLOR-XÁM",
  "quantity": 0,
  "options": {
    "SIZE": "L",
    "COLOR": "Xám"
  },
  "product_allow_buy_when_clocked": false,
  "product_exclude_discount": false,
  "product_apply_allowance_inventory": false,
  "pending": 0,
  "product_visibility": true,
  "is_delete": false,
  "is_lock": false,
  "createAt": {
    "$date": "2025-05-15T15:51:13.810Z"
  },
  "updateAt": {
    "$date": "2025-05-15T15:51:13.810Z"
  },
  "_class": "com.lamnguyen.inventory_service.model.VariantProduct"
},
{
  "_id": "68260d711bd0a01c950ad1e1",
  "product_id": "68260d71213ef202c0fd2083",
  "title": "XL-Xám",
  "regular_price": 219000,
  "compare_price": 259000,
  "sku": "SKU-68260D71213EF202C0FD2083-SIZE-XL-COLOR-XÁM",
  "quantity": 0,
  "options": {
    "SIZE": "XL",
    "COLOR": "Xám"
  },
  "product_allow_buy_when_clocked": false,
  "product_exclude_discount": false,
  "product_apply_allowance_inventory": false,
  "pending": 0,
  "product_visibility": true,
  "is_delete": false,
  "is_lock": false,
  "createAt": {
    "$date": "2025-05-15T15:51:13.873Z"
  },
  "updateAt": {
    "$date": "2025-05-15T15:51:13.873Z"
  },
  "_class": "com.lamnguyen.inventory_service.model.VariantProduct"
},
{
  "_id": "68260d721bd0a01c950ad1e2",
  "product_id": "68260d71213ef202c0fd2083",
  "title": "2XL-Xám",
  "regular_price": 219000,
  "compare_price": 259000,
  "sku": "SKU-68260D71213EF202C0FD2083-SIZE-2XL-COLOR-XÁM",
  "quantity": 0,
  "options": {
    "SIZE": "2XL",
    "COLOR": "Xám"
  },
  "product_allow_buy_when_clocked": false,
  "product_exclude_discount": false,
  "product_apply_allowance_inventory": false,
  "pending": 0,
  "product_visibility": true,
  "is_delete": false,
  "is_lock": false,
  "createAt": {
    "$date": "2025-05-15T15:51:14.097Z"
  },
  "updateAt": {
    "$date": "2025-05-15T15:51:14.097Z"
  },
  "_class": "com.lamnguyen.inventory_service.model.VariantProduct"
},
{
  "_id": "68260d721bd0a01c950ad1e3",
  "product_id": "68260d71213ef202c0fd2083",
  "title": "3XL-Xám",
  "regular_price": 219000,
  "compare_price": 259000,
  "sku": "SKU-68260D71213EF202C0FD2083-SIZE-3XL-COLOR-XÁM",
  "quantity": 0,
  "options": {
    "SIZE": "3XL",
    "COLOR": "Xám"
  },
  "product_allow_buy_when_clocked": false,
  "product_exclude_discount": false,
  "product_apply_allowance_inventory": false,
  "pending": 0,
  "product_visibility": true,
  "is_delete": false,
  "is_lock": false,
  "createAt": {
    "$date": "2025-05-15T15:51:14.173Z"
  },
  "updateAt": {
    "$date": "2025-05-15T15:51:14.173Z"
  },
  "_class": "com.lamnguyen.inventory_service.model.VariantProduct"
},
{
  "_id": "68260d721bd0a01c950ad1e4",
  "product_id": "68260d71213ef202c0fd2083",
  "title": "M-Xanh Navy",
  "regular_price": 219000,
  "compare_price": 259000,
  "sku": "SKU-68260D71213EF202C0FD2083-SIZE-M-COLOR-XANH NAVY",
  "quantity": 0,
  "options": {
    "SIZE": "M",
    "COLOR": "Xanh Navy"
  },
  "product_allow_buy_when_clocked": false,
  "product_exclude_discount": false,
  "product_apply_allowance_inventory": false,
  "pending": 0,
  "product_visibility": true,
  "is_delete": false,
  "is_lock": false,
  "createAt": {
    "$date": "2025-05-15T15:51:14.233Z"
  },
  "updateAt": {
    "$date": "2025-05-15T15:51:14.233Z"
  },
  "_class": "com.lamnguyen.inventory_service.model.VariantProduct"
},
{
  "_id": "68260d721bd0a01c950ad1e5",
  "product_id": "68260d71213ef202c0fd2083",
  "title": "L-Xanh Navy",
  "regular_price": 219000,
  "compare_price": 259000,
  "sku": "SKU-68260D71213EF202C0FD2083-SIZE-L-COLOR-XANH NAVY",
  "quantity": 0,
  "options": {
    "SIZE": "L",
    "COLOR": "Xanh Navy"
  },
  "product_allow_buy_when_clocked": false,
  "product_exclude_discount": false,
  "product_apply_allowance_inventory": false,
  "pending": 0,
  "product_visibility": true,
  "is_delete": false,
  "is_lock": false,
  "createAt": {
    "$date": "2025-05-15T15:51:14.312Z"
  },
  "updateAt": {
    "$date": "2025-05-15T15:51:14.312Z"
  },
  "_class": "com.lamnguyen.inventory_service.model.VariantProduct"
},
{
  "_id": "68260d721bd0a01c950ad1e6",
  "product_id": "68260d71213ef202c0fd2083",
  "title": "XL-Xanh Navy",
  "regular_price": 219000,
  "compare_price": 259000,
  "sku": "SKU-68260D71213EF202C0FD2083-SIZE-XL-COLOR-XANH NAVY",
  "quantity": 0,
  "options": {
    "SIZE": "XL",
    "COLOR": "Xanh Navy"
  },
  "product_allow_buy_when_clocked": false,
  "product_exclude_discount": false,
  "product_apply_allowance_inventory": false,
  "pending": 0,
  "product_visibility": true,
  "is_delete": false,
  "is_lock": false,
  "createAt": {
    "$date": "2025-05-15T15:51:14.382Z"
  },
  "updateAt": {
    "$date": "2025-05-15T15:51:14.382Z"
  },
  "_class": "com.lamnguyen.inventory_service.model.VariantProduct"
},
{
  "_id": "68260d721bd0a01c950ad1e7",
  "product_id": "68260d71213ef202c0fd2083",
  "title": "2XL-Xanh Navy",
  "regular_price": 219000,
  "compare_price": 259000,
  "sku": "SKU-68260D71213EF202C0FD2083-SIZE-2XL-COLOR-XANH NAVY",
  "quantity": 0,
  "options": {
    "SIZE": "2XL",
    "COLOR": "Xanh Navy"
  },
  "product_allow_buy_when_clocked": false,
  "product_exclude_discount": false,
  "product_apply_allowance_inventory": false,
  "pending": 0,
  "product_visibility": true,
  "is_delete": false,
  "is_lock": false,
  "createAt": {
    "$date": "2025-05-15T15:51:14.452Z"
  },
  "updateAt": {
    "$date": "2025-05-15T15:51:14.452Z"
  },
  "_class": "com.lamnguyen.inventory_service.model.VariantProduct"
},
{
  "_id": "68260d721bd0a01c950ad1e8",
  "product_id": "68260d71213ef202c0fd2083",
  "title": "3XL-Xanh Navy",
  "regular_price": 219000,
  "compare_price": 259000,
  "sku": "SKU-68260D71213EF202C0FD2083-SIZE-3XL-COLOR-XANH NAVY",
  "quantity": 0,
  "options": {
    "SIZE": "3XL",
    "COLOR": "Xanh Navy"
  },
  "product_allow_buy_when_clocked": false,
  "product_exclude_discount": false,
  "product_apply_allowance_inventory": false,
  "pending": 0,
  "product_visibility": true,
  "is_delete": false,
  "is_lock": false,
  "createAt": {
    "$date": "2025-05-15T15:51:14.521Z"
  },
  "updateAt": {
    "$date": "2025-05-15T15:51:14.521Z"
  },
  "_class": "com.lamnguyen.inventory_service.model.VariantProduct"
},
{
  "_id": "68260d771bd0a01c950ad1e9",
  "product_id": "68260d77213ef202c0fd2084",
  "title": "M-Đen",
  "regular_price": 239000,
  "compare_price": 299000,
  "sku": "SKU-68260D77213EF202C0FD2084-SIZE-M-COLOR-ĐEN",
  "quantity": 0,
  "options": {
    "SIZE": "M",
    "COLOR": "Đen"
  },
  "product_allow_buy_when_clocked": false,
  "product_exclude_discount": false,
  "product_apply_allowance_inventory": false,
  "pending": 0,
  "product_visibility": true,
  "is_delete": false,
  "is_lock": false,
  "createAt": {
    "$date": "2025-05-15T15:51:19.196Z"
  },
  "updateAt": {
    "$date": "2025-05-15T15:51:19.196Z"
  },
  "_class": "com.lamnguyen.inventory_service.model.VariantProduct"
},
{
  "_id": "68260d771bd0a01c950ad1ea",
  "product_id": "68260d77213ef202c0fd2084",
  "title": "L-Đen",
  "regular_price": 239000,
  "compare_price": 299000,
  "sku": "SKU-68260D77213EF202C0FD2084-SIZE-L-COLOR-ĐEN",
  "quantity": 0,
  "options": {
    "SIZE": "L",
    "COLOR": "Đen"
  },
  "product_allow_buy_when_clocked": false,
  "product_exclude_discount": false,
  "product_apply_allowance_inventory": false,
  "pending": 0,
  "product_visibility": true,
  "is_delete": false,
  "is_lock": false,
  "createAt": {
    "$date": "2025-05-15T15:51:19.257Z"
  },
  "updateAt": {
    "$date": "2025-05-15T15:51:19.257Z"
  },
  "_class": "com.lamnguyen.inventory_service.model.VariantProduct"
},
{
  "_id": "68260d771bd0a01c950ad1eb",
  "product_id": "68260d77213ef202c0fd2084",
  "title": "XL-Đen",
  "regular_price": 239000,
  "compare_price": 299000,
  "sku": "SKU-68260D77213EF202C0FD2084-SIZE-XL-COLOR-ĐEN",
  "quantity": 0,
  "options": {
    "SIZE": "XL",
    "COLOR": "Đen"
  },
  "product_allow_buy_when_clocked": false,
  "product_exclude_discount": false,
  "product_apply_allowance_inventory": false,
  "pending": 0,
  "product_visibility": true,
  "is_delete": false,
  "is_lock": false,
  "createAt": {
    "$date": "2025-05-15T15:51:19.322Z"
  },
  "updateAt": {
    "$date": "2025-05-15T15:51:19.322Z"
  },
  "_class": "com.lamnguyen.inventory_service.model.VariantProduct"
},
{
  "_id": "68260d771bd0a01c950ad1ec",
  "product_id": "68260d77213ef202c0fd2084",
  "title": "2XL-Đen",
  "regular_price": 239000,
  "compare_price": 299000,
  "sku": "SKU-68260D77213EF202C0FD2084-SIZE-2XL-COLOR-ĐEN",
  "quantity": 0,
  "options": {
    "SIZE": "2XL",
    "COLOR": "Đen"
  },
  "product_allow_buy_when_clocked": false,
  "product_exclude_discount": false,
  "product_apply_allowance_inventory": false,
  "pending": 0,
  "product_visibility": true,
  "is_delete": false,
  "is_lock": false,
  "createAt": {
    "$date": "2025-05-15T15:51:19.381Z"
  },
  "updateAt": {
    "$date": "2025-05-15T15:51:19.381Z"
  },
  "_class": "com.lamnguyen.inventory_service.model.VariantProduct"
},
{
  "_id": "68260d771bd0a01c950ad1ed",
  "product_id": "68260d77213ef202c0fd2084",
  "title": "3XL-Đen",
  "regular_price": 239000,
  "compare_price": 299000,
  "sku": "SKU-68260D77213EF202C0FD2084-SIZE-3XL-COLOR-ĐEN",
  "quantity": 0,
  "options": {
    "SIZE": "3XL",
    "COLOR": "Đen"
  },
  "product_allow_buy_when_clocked": false,
  "product_exclude_discount": false,
  "product_apply_allowance_inventory": false,
  "pending": 0,
  "product_visibility": true,
  "is_delete": false,
  "is_lock": false,
  "createAt": {
    "$date": "2025-05-15T15:51:19.441Z"
  },
  "updateAt": {
    "$date": "2025-05-15T15:51:19.441Z"
  },
  "_class": "com.lamnguyen.inventory_service.model.VariantProduct"
},
{
  "_id": "68260d771bd0a01c950ad1ee",
  "product_id": "68260d77213ef202c0fd2084",
  "title": "4XL-Đen",
  "regular_price": 239000,
  "compare_price": 299000,
  "sku": "SKU-68260D77213EF202C0FD2084-SIZE-4XL-COLOR-ĐEN",
  "quantity": 0,
  "options": {
    "SIZE": "4XL",
    "COLOR": "Đen"
  },
  "product_allow_buy_when_clocked": false,
  "product_exclude_discount": false,
  "product_apply_allowance_inventory": false,
  "pending": 0,
  "product_visibility": true,
  "is_delete": false,
  "is_lock": false,
  "createAt": {
    "$date": "2025-05-15T15:51:19.508Z"
  },
  "updateAt": {
    "$date": "2025-05-15T15:51:19.508Z"
  },
  "_class": "com.lamnguyen.inventory_service.model.VariantProduct"
},
{
  "_id": "68260d771bd0a01c950ad1ef",
  "product_id": "68260d77213ef202c0fd2084",
  "title": "M-Trắng",
  "regular_price": 239000,
  "compare_price": 299000,
  "sku": "SKU-68260D77213EF202C0FD2084-SIZE-M-COLOR-TRẮNG",
  "quantity": 0,
  "options": {
    "SIZE": "M",
    "COLOR": "Trắng"
  },
  "product_allow_buy_when_clocked": false,
  "product_exclude_discount": false,
  "product_apply_allowance_inventory": false,
  "pending": 0,
  "product_visibility": true,
  "is_delete": false,
  "is_lock": false,
  "createAt": {
    "$date": "2025-05-15T15:51:19.607Z"
  },
  "updateAt": {
    "$date": "2025-05-15T15:51:19.607Z"
  },
  "_class": "com.lamnguyen.inventory_service.model.VariantProduct"
},
{
  "_id": "68260d771bd0a01c950ad1f0",
  "product_id": "68260d77213ef202c0fd2084",
  "title": "L-Trắng",
  "regular_price": 239000,
  "compare_price": 299000,
  "sku": "SKU-68260D77213EF202C0FD2084-SIZE-L-COLOR-TRẮNG",
  "quantity": 0,
  "options": {
    "SIZE": "L",
    "COLOR": "Trắng"
  },
  "product_allow_buy_when_clocked": false,
  "product_exclude_discount": false,
  "product_apply_allowance_inventory": false,
  "pending": 0,
  "product_visibility": true,
  "is_delete": false,
  "is_lock": false,
  "createAt": {
    "$date": "2025-05-15T15:51:19.670Z"
  },
  "updateAt": {
    "$date": "2025-05-15T15:51:19.670Z"
  },
  "_class": "com.lamnguyen.inventory_service.model.VariantProduct"
},
{
  "_id": "68260d771bd0a01c950ad1f1",
  "product_id": "68260d77213ef202c0fd2084",
  "title": "XL-Trắng",
  "regular_price": 239000,
  "compare_price": 299000,
  "sku": "SKU-68260D77213EF202C0FD2084-SIZE-XL-COLOR-TRẮNG",
  "quantity": 0,
  "options": {
    "SIZE": "XL",
    "COLOR": "Trắng"
  },
  "product_allow_buy_when_clocked": false,
  "product_exclude_discount": false,
  "product_apply_allowance_inventory": false,
  "pending": 0,
  "product_visibility": true,
  "is_delete": false,
  "is_lock": false,
  "createAt": {
    "$date": "2025-05-15T15:51:19.737Z"
  },
  "updateAt": {
    "$date": "2025-05-15T15:51:19.737Z"
  },
  "_class": "com.lamnguyen.inventory_service.model.VariantProduct"
},
{
  "_id": "68260d771bd0a01c950ad1f2",
  "product_id": "68260d77213ef202c0fd2084",
  "title": "2XL-Trắng",
  "regular_price": 239000,
  "compare_price": 299000,
  "sku": "SKU-68260D77213EF202C0FD2084-SIZE-2XL-COLOR-TRẮNG",
  "quantity": 0,
  "options": {
    "SIZE": "2XL",
    "COLOR": "Trắng"
  },
  "product_allow_buy_when_clocked": false,
  "product_exclude_discount": false,
  "product_apply_allowance_inventory": false,
  "pending": 0,
  "product_visibility": true,
  "is_delete": false,
  "is_lock": false,
  "createAt": {
    "$date": "2025-05-15T15:51:19.795Z"
  },
  "updateAt": {
    "$date": "2025-05-15T15:51:19.795Z"
  },
  "_class": "com.lamnguyen.inventory_service.model.VariantProduct"
},
{
  "_id": "68260d771bd0a01c950ad1f3",
  "product_id": "68260d77213ef202c0fd2084",
  "title": "3XL-Trắng",
  "regular_price": 239000,
  "compare_price": 299000,
  "sku": "SKU-68260D77213EF202C0FD2084-SIZE-3XL-COLOR-TRẮNG",
  "quantity": 0,
  "options": {
    "SIZE": "3XL",
    "COLOR": "Trắng"
  },
  "product_allow_buy_when_clocked": false,
  "product_exclude_discount": false,
  "product_apply_allowance_inventory": false,
  "pending": 0,
  "product_visibility": true,
  "is_delete": false,
  "is_lock": false,
  "createAt": {
    "$date": "2025-05-15T15:51:19.861Z"
  },
  "updateAt": {
    "$date": "2025-05-15T15:51:19.861Z"
  },
  "_class": "com.lamnguyen.inventory_service.model.VariantProduct"
},
{
  "_id": "68260d771bd0a01c950ad1f4",
  "product_id": "68260d77213ef202c0fd2084",
  "title": "4XL-Trắng",
  "regular_price": 239000,
  "compare_price": 299000,
  "sku": "SKU-68260D77213EF202C0FD2084-SIZE-4XL-COLOR-TRẮNG",
  "quantity": 0,
  "options": {
    "SIZE": "4XL",
    "COLOR": "Trắng"
  },
  "product_allow_buy_when_clocked": false,
  "product_exclude_discount": false,
  "product_apply_allowance_inventory": false,
  "pending": 0,
  "product_visibility": true,
  "is_delete": false,
  "is_lock": false,
  "createAt": {
    "$date": "2025-05-15T15:51:19.924Z"
  },
  "updateAt": {
    "$date": "2025-05-15T15:51:19.924Z"
  },
  "_class": "com.lamnguyen.inventory_service.model.VariantProduct"
},
{
  "_id": "68260d771bd0a01c950ad1f5",
  "product_id": "68260d77213ef202c0fd2084",
  "title": "M-Xanh Navy",
  "regular_price": 239000,
  "compare_price": 299000,
  "sku": "SKU-68260D77213EF202C0FD2084-SIZE-M-COLOR-XANH NAVY",
  "quantity": 0,
  "options": {
    "SIZE": "M",
    "COLOR": "Xanh Navy"
  },
  "product_allow_buy_when_clocked": false,
  "product_exclude_discount": false,
  "product_apply_allowance_inventory": false,
  "pending": 0,
  "product_visibility": true,
  "is_delete": false,
  "is_lock": false,
  "createAt": {
    "$date": "2025-05-15T15:51:19.987Z"
  },
  "updateAt": {
    "$date": "2025-05-15T15:51:19.987Z"
  },
  "_class": "com.lamnguyen.inventory_service.model.VariantProduct"
},
{
  "_id": "68260d781bd0a01c950ad1f6",
  "product_id": "68260d77213ef202c0fd2084",
  "title": "L-Xanh Navy",
  "regular_price": 239000,
  "compare_price": 299000,
  "sku": "SKU-68260D77213EF202C0FD2084-SIZE-L-COLOR-XANH NAVY",
  "quantity": 0,
  "options": {
    "SIZE": "L",
    "COLOR": "Xanh Navy"
  },
  "product_allow_buy_when_clocked": false,
  "product_exclude_discount": false,
  "product_apply_allowance_inventory": false,
  "pending": 0,
  "product_visibility": true,
  "is_delete": false,
  "is_lock": false,
  "createAt": {
    "$date": "2025-05-15T15:51:20.053Z"
  },
  "updateAt": {
    "$date": "2025-05-15T15:51:20.053Z"
  },
  "_class": "com.lamnguyen.inventory_service.model.VariantProduct"
},
{
  "_id": "68260d781bd0a01c950ad1f7",
  "product_id": "68260d77213ef202c0fd2084",
  "title": "XL-Xanh Navy",
  "regular_price": 239000,
  "compare_price": 299000,
  "sku": "SKU-68260D77213EF202C0FD2084-SIZE-XL-COLOR-XANH NAVY",
  "quantity": 0,
  "options": {
    "SIZE": "XL",
    "COLOR": "Xanh Navy"
  },
  "product_allow_buy_when_clocked": false,
  "product_exclude_discount": false,
  "product_apply_allowance_inventory": false,
  "pending": 0,
  "product_visibility": true,
  "is_delete": false,
  "is_lock": false,
  "createAt": {
    "$date": "2025-05-15T15:51:20.147Z"
  },
  "updateAt": {
    "$date": "2025-05-15T15:51:20.147Z"
  },
  "_class": "com.lamnguyen.inventory_service.model.VariantProduct"
},
{
  "_id": "68260d781bd0a01c950ad1f8",
  "product_id": "68260d77213ef202c0fd2084",
  "title": "2XL-Xanh Navy",
  "regular_price": 239000,
  "compare_price": 299000,
  "sku": "SKU-68260D77213EF202C0FD2084-SIZE-2XL-COLOR-XANH NAVY",
  "quantity": 0,
  "options": {
    "SIZE": "2XL",
    "COLOR": "Xanh Navy"
  },
  "product_allow_buy_when_clocked": false,
  "product_exclude_discount": false,
  "product_apply_allowance_inventory": false,
  "pending": 0,
  "product_visibility": true,
  "is_delete": false,
  "is_lock": false,
  "createAt": {
    "$date": "2025-05-15T15:51:20.342Z"
  },
  "updateAt": {
    "$date": "2025-05-15T15:51:20.342Z"
  },
  "_class": "com.lamnguyen.inventory_service.model.VariantProduct"
},
{
  "_id": "68260d781bd0a01c950ad1f9",
  "product_id": "68260d77213ef202c0fd2084",
  "title": "3XL-Xanh Navy",
  "regular_price": 239000,
  "compare_price": 299000,
  "sku": "SKU-68260D77213EF202C0FD2084-SIZE-3XL-COLOR-XANH NAVY",
  "quantity": 0,
  "options": {
    "SIZE": "3XL",
    "COLOR": "Xanh Navy"
  },
  "product_allow_buy_when_clocked": false,
  "product_exclude_discount": false,
  "product_apply_allowance_inventory": false,
  "pending": 0,
  "product_visibility": true,
  "is_delete": false,
  "is_lock": false,
  "createAt": {
    "$date": "2025-05-15T15:51:20.407Z"
  },
  "updateAt": {
    "$date": "2025-05-15T15:51:20.407Z"
  },
  "_class": "com.lamnguyen.inventory_service.model.VariantProduct"
},
{
  "_id": "68260d781bd0a01c950ad1fa",
  "product_id": "68260d77213ef202c0fd2084",
  "title": "4XL-Xanh Navy",
  "regular_price": 239000,
  "compare_price": 299000,
  "sku": "SKU-68260D77213EF202C0FD2084-SIZE-4XL-COLOR-XANH NAVY",
  "quantity": 0,
  "options": {
    "SIZE": "4XL",
    "COLOR": "Xanh Navy"
  },
  "product_allow_buy_when_clocked": false,
  "product_exclude_discount": false,
  "product_apply_allowance_inventory": false,
  "pending": 0,
  "product_visibility": true,
  "is_delete": false,
  "is_lock": false,
  "createAt": {
    "$date": "2025-05-15T15:51:20.494Z"
  },
  "updateAt": {
    "$date": "2025-05-15T15:51:20.494Z"
  },
  "_class": "com.lamnguyen.inventory_service.model.VariantProduct"
},
{
  "_id": "68260d7d1bd0a01c950ad1fb",
  "product_id": "68260d7d213ef202c0fd2085",
  "title": "M-Đen",
  "regular_price": 129000,
  "compare_price": 129000,
  "sku": "SKU-68260D7D213EF202C0FD2085-SIZE-M-COLOR-ĐEN",
  "quantity": 0,
  "options": {
    "SIZE": "M",
    "COLOR": "Đen"
  },
  "product_allow_buy_when_clocked": false,
  "product_exclude_discount": false,
  "product_apply_allowance_inventory": false,
  "pending": 0,
  "product_visibility": true,
  "is_delete": false,
  "is_lock": false,
  "createAt": {
    "$date": "2025-05-15T15:51:25.436Z"
  },
  "updateAt": {
    "$date": "2025-05-15T15:51:25.436Z"
  },
  "_class": "com.lamnguyen.inventory_service.model.VariantProduct"
},
{
  "_id": "68260d7d1bd0a01c950ad1fc",
  "product_id": "68260d7d213ef202c0fd2085",
  "title": "L-Đen",
  "regular_price": 129000,
  "compare_price": 129000,
  "sku": "SKU-68260D7D213EF202C0FD2085-SIZE-L-COLOR-ĐEN",
  "quantity": 0,
  "options": {
    "SIZE": "L",
    "COLOR": "Đen"
  },
  "product_allow_buy_when_clocked": false,
  "product_exclude_discount": false,
  "product_apply_allowance_inventory": false,
  "pending": 0,
  "product_visibility": true,
  "is_delete": false,
  "is_lock": false,
  "createAt": {
    "$date": "2025-05-15T15:51:25.650Z"
  },
  "updateAt": {
    "$date": "2025-05-15T15:51:25.650Z"
  },
  "_class": "com.lamnguyen.inventory_service.model.VariantProduct"
},
{
  "_id": "68260d7d1bd0a01c950ad1fd",
  "product_id": "68260d7d213ef202c0fd2085",
  "title": "XL-Đen",
  "regular_price": 129000,
  "compare_price": 129000,
  "sku": "SKU-68260D7D213EF202C0FD2085-SIZE-XL-COLOR-ĐEN",
  "quantity": 0,
  "options": {
    "SIZE": "XL",
    "COLOR": "Đen"
  },
  "product_allow_buy_when_clocked": false,
  "product_exclude_discount": false,
  "product_apply_allowance_inventory": false,
  "pending": 0,
  "product_visibility": true,
  "is_delete": false,
  "is_lock": false,
  "createAt": {
    "$date": "2025-05-15T15:51:25.749Z"
  },
  "updateAt": {
    "$date": "2025-05-15T15:51:25.749Z"
  },
  "_class": "com.lamnguyen.inventory_service.model.VariantProduct"
},
{
  "_id": "68260d7d1bd0a01c950ad1fe",
  "product_id": "68260d7d213ef202c0fd2085",
  "title": "2XL-Đen",
  "regular_price": 129000,
  "compare_price": 129000,
  "sku": "SKU-68260D7D213EF202C0FD2085-SIZE-2XL-COLOR-ĐEN",
  "quantity": 0,
  "options": {
    "SIZE": "2XL",
    "COLOR": "Đen"
  },
  "product_allow_buy_when_clocked": false,
  "product_exclude_discount": false,
  "product_apply_allowance_inventory": false,
  "pending": 0,
  "product_visibility": true,
  "is_delete": false,
  "is_lock": false,
  "createAt": {
    "$date": "2025-05-15T15:51:25.822Z"
  },
  "updateAt": {
    "$date": "2025-05-15T15:51:25.822Z"
  },
  "_class": "com.lamnguyen.inventory_service.model.VariantProduct"
},
{
  "_id": "68260d7d1bd0a01c950ad1ff",
  "product_id": "68260d7d213ef202c0fd2085",
  "title": "3XL-Đen",
  "regular_price": 129000,
  "compare_price": 129000,
  "sku": "SKU-68260D7D213EF202C0FD2085-SIZE-3XL-COLOR-ĐEN",
  "quantity": 0,
  "options": {
    "SIZE": "3XL",
    "COLOR": "Đen"
  },
  "product_allow_buy_when_clocked": false,
  "product_exclude_discount": false,
  "product_apply_allowance_inventory": false,
  "pending": 0,
  "product_visibility": true,
  "is_delete": false,
  "is_lock": false,
  "createAt": {
    "$date": "2025-05-15T15:51:25.911Z"
  },
  "updateAt": {
    "$date": "2025-05-15T15:51:25.911Z"
  },
  "_class": "com.lamnguyen.inventory_service.model.VariantProduct"
},
{
  "_id": "68260d7e1bd0a01c950ad200",
  "product_id": "68260d7d213ef202c0fd2085",
  "title": "M-Xanh Navy",
  "regular_price": 129000,
  "compare_price": 129000,
  "sku": "SKU-68260D7D213EF202C0FD2085-SIZE-M-COLOR-XANH NAVY",
  "quantity": 0,
  "options": {
    "SIZE": "M",
    "COLOR": "Xanh Navy"
  },
  "product_allow_buy_when_clocked": false,
  "product_exclude_discount": false,
  "product_apply_allowance_inventory": false,
  "pending": 0,
  "product_visibility": true,
  "is_delete": false,
  "is_lock": false,
  "createAt": {
    "$date": "2025-05-15T15:51:26.006Z"
  },
  "updateAt": {
    "$date": "2025-05-15T15:51:26.006Z"
  },
  "_class": "com.lamnguyen.inventory_service.model.VariantProduct"
},
{
  "_id": "68260d7e1bd0a01c950ad201",
  "product_id": "68260d7d213ef202c0fd2085",
  "title": "L-Xanh Navy",
  "regular_price": 129000,
  "compare_price": 129000,
  "sku": "SKU-68260D7D213EF202C0FD2085-SIZE-L-COLOR-XANH NAVY",
  "quantity": 0,
  "options": {
    "SIZE": "L",
    "COLOR": "Xanh Navy"
  },
  "product_allow_buy_when_clocked": false,
  "product_exclude_discount": false,
  "product_apply_allowance_inventory": false,
  "pending": 0,
  "product_visibility": true,
  "is_delete": false,
  "is_lock": false,
  "createAt": {
    "$date": "2025-05-15T15:51:26.087Z"
  },
  "updateAt": {
    "$date": "2025-05-15T15:51:26.087Z"
  },
  "_class": "com.lamnguyen.inventory_service.model.VariantProduct"
},
{
  "_id": "68260d7e1bd0a01c950ad202",
  "product_id": "68260d7d213ef202c0fd2085",
  "title": "XL-Xanh Navy",
  "regular_price": 129000,
  "compare_price": 129000,
  "sku": "SKU-68260D7D213EF202C0FD2085-SIZE-XL-COLOR-XANH NAVY",
  "quantity": 0,
  "options": {
    "SIZE": "XL",
    "COLOR": "Xanh Navy"
  },
  "product_allow_buy_when_clocked": false,
  "product_exclude_discount": false,
  "product_apply_allowance_inventory": false,
  "pending": 0,
  "product_visibility": true,
  "is_delete": false,
  "is_lock": false,
  "createAt": {
    "$date": "2025-05-15T15:51:26.178Z"
  },
  "updateAt": {
    "$date": "2025-05-15T15:51:26.178Z"
  },
  "_class": "com.lamnguyen.inventory_service.model.VariantProduct"
},
{
  "_id": "68260d7e1bd0a01c950ad203",
  "product_id": "68260d7d213ef202c0fd2085",
  "title": "2XL-Xanh Navy",
  "regular_price": 129000,
  "compare_price": 129000,
  "sku": "SKU-68260D7D213EF202C0FD2085-SIZE-2XL-COLOR-XANH NAVY",
  "quantity": 0,
  "options": {
    "SIZE": "2XL",
    "COLOR": "Xanh Navy"
  },
  "product_allow_buy_when_clocked": false,
  "product_exclude_discount": false,
  "product_apply_allowance_inventory": false,
  "pending": 0,
  "product_visibility": true,
  "is_delete": false,
  "is_lock": false,
  "createAt": {
    "$date": "2025-05-15T15:51:26.248Z"
  },
  "updateAt": {
    "$date": "2025-05-15T15:51:26.248Z"
  },
  "_class": "com.lamnguyen.inventory_service.model.VariantProduct"
},
{
  "_id": "68260d7e1bd0a01c950ad204",
  "product_id": "68260d7d213ef202c0fd2085",
  "title": "3XL-Xanh Navy",
  "regular_price": 129000,
  "compare_price": 129000,
  "sku": "SKU-68260D7D213EF202C0FD2085-SIZE-3XL-COLOR-XANH NAVY",
  "quantity": 0,
  "options": {
    "SIZE": "3XL",
    "COLOR": "Xanh Navy"
  },
  "product_allow_buy_when_clocked": false,
  "product_exclude_discount": false,
  "product_apply_allowance_inventory": false,
  "pending": 0,
  "product_visibility": true,
  "is_delete": false,
  "is_lock": false,
  "createAt": {
    "$date": "2025-05-15T15:51:26.305Z"
  },
  "updateAt": {
    "$date": "2025-05-15T15:51:26.305Z"
  },
  "_class": "com.lamnguyen.inventory_service.model.VariantProduct"
},
{
  "_id": "68260d7e1bd0a01c950ad205",
  "product_id": "68260d7d213ef202c0fd2085",
  "title": "M-Xám đậm",
  "regular_price": 129000,
  "compare_price": 129000,
  "sku": "SKU-68260D7D213EF202C0FD2085-SIZE-M-COLOR-XÁM ĐẬM",
  "quantity": 0,
  "options": {
    "SIZE": "M",
    "COLOR": "Xám đậm"
  },
  "product_allow_buy_when_clocked": false,
  "product_exclude_discount": false,
  "product_apply_allowance_inventory": false,
  "pending": 0,
  "product_visibility": true,
  "is_delete": false,
  "is_lock": false,
  "createAt": {
    "$date": "2025-05-15T15:51:26.398Z"
  },
  "updateAt": {
    "$date": "2025-05-15T15:51:26.398Z"
  },
  "_class": "com.lamnguyen.inventory_service.model.VariantProduct"
},
{
  "_id": "68260d7e1bd0a01c950ad206",
  "product_id": "68260d7d213ef202c0fd2085",
  "title": "L-Xám đậm",
  "regular_price": 129000,
  "compare_price": 129000,
  "sku": "SKU-68260D7D213EF202C0FD2085-SIZE-L-COLOR-XÁM ĐẬM",
  "quantity": 0,
  "options": {
    "SIZE": "L",
    "COLOR": "Xám đậm"
  },
  "product_allow_buy_when_clocked": false,
  "product_exclude_discount": false,
  "product_apply_allowance_inventory": false,
  "pending": 0,
  "product_visibility": true,
  "is_delete": false,
  "is_lock": false,
  "createAt": {
    "$date": "2025-05-15T15:51:26.486Z"
  },
  "updateAt": {
    "$date": "2025-05-15T15:51:26.486Z"
  },
  "_class": "com.lamnguyen.inventory_service.model.VariantProduct"
},
{
  "_id": "68260d7e1bd0a01c950ad207",
  "product_id": "68260d7d213ef202c0fd2085",
  "title": "XL-Xám đậm",
  "regular_price": 129000,
  "compare_price": 129000,
  "sku": "SKU-68260D7D213EF202C0FD2085-SIZE-XL-COLOR-XÁM ĐẬM",
  "quantity": 0,
  "options": {
    "SIZE": "XL",
    "COLOR": "Xám đậm"
  },
  "product_allow_buy_when_clocked": false,
  "product_exclude_discount": false,
  "product_apply_allowance_inventory": false,
  "pending": 0,
  "product_visibility": true,
  "is_delete": false,
  "is_lock": false,
  "createAt": {
    "$date": "2025-05-15T15:51:26.552Z"
  },
  "updateAt": {
    "$date": "2025-05-15T15:51:26.552Z"
  },
  "_class": "com.lamnguyen.inventory_service.model.VariantProduct"
},
{
  "_id": "68260d7e1bd0a01c950ad208",
  "product_id": "68260d7d213ef202c0fd2085",
  "title": "2XL-Xám đậm",
  "regular_price": 129000,
  "compare_price": 129000,
  "sku": "SKU-68260D7D213EF202C0FD2085-SIZE-2XL-COLOR-XÁM ĐẬM",
  "quantity": 0,
  "options": {
    "SIZE": "2XL",
    "COLOR": "Xám đậm"
  },
  "product_allow_buy_when_clocked": false,
  "product_exclude_discount": false,
  "product_apply_allowance_inventory": false,
  "pending": 0,
  "product_visibility": true,
  "is_delete": false,
  "is_lock": false,
  "createAt": {
    "$date": "2025-05-15T15:51:26.653Z"
  },
  "updateAt": {
    "$date": "2025-05-15T15:51:26.653Z"
  },
  "_class": "com.lamnguyen.inventory_service.model.VariantProduct"
},
{
  "_id": "68260d7e1bd0a01c950ad209",
  "product_id": "68260d7d213ef202c0fd2085",
  "title": "3XL-Xám đậm",
  "regular_price": 129000,
  "compare_price": 129000,
  "sku": "SKU-68260D7D213EF202C0FD2085-SIZE-3XL-COLOR-XÁM ĐẬM",
  "quantity": 0,
  "options": {
    "SIZE": "3XL",
    "COLOR": "Xám đậm"
  },
  "product_allow_buy_when_clocked": false,
  "product_exclude_discount": false,
  "product_apply_allowance_inventory": false,
  "pending": 0,
  "product_visibility": true,
  "is_delete": false,
  "is_lock": false,
  "createAt": {
    "$date": "2025-05-15T15:51:26.742Z"
  },
  "updateAt": {
    "$date": "2025-05-15T15:51:26.742Z"
  },
  "_class": "com.lamnguyen.inventory_service.model.VariantProduct"
}]