{
  "title" : "Quần Jogger nam thể thao Studio Woven",
  "vendor" : "5c482438000c695cfa6f8d22",
  "tags" : [ ],
  "options" : [ {
    "type" : "COLOR",
    "title" : "Màu sắc",
    "values" : [ "Rêu Buluga", "Đen" ]
  }, {
    "type" : "SIZE",
    "title" : "Kích thước",
    "values" : [ "M", "L", "XL", "2XL", "3XL" ]
  } ],
  "images" : [ "681fe1fa1f583b08bcb402fd", "681fe1fa1f583b08bcb402fe", "681fe1fa1f583b08bcb402ff", "681fe1fa1f583b08bcb40300" ],
  "discount" : null,
  "seo_alias" : "quan-jogger-nam-the-thao-studio-woven",
  "options_values" : [ {
    "title" : "Màu sắc",
    "type" : "COLOR",
    "options" : [ {
      "title" : "Rêu Buluga",
      "slug" : "reu-buluga",
      "label" : "",
      "images" : [ "681fe1fa1f583b08bcb40301", "681fe1fa1f583b08bcb40302", "681fe1fa1f583b08bcb40303", "681fe1fa1f583b08bcb40304" ]
    }, {
      "title" : "Đen",
      "slug" : "den",
      "label" : "",
      "images" : [ "681fe1fa1f583b08bcb40305", "681fe1fb1f583b08bcb40306", "681fe1fb1f583b08bcb40307", "681fe1fb1f583b08bcb40308" ]
    } ]
  } ],
  "collection_id" : "681ca2322a59db3110ec0b93",
  "display_order" : 1,
  "youtube_video" : "",
  "coming_soon" : false,
  "display_name_open" : "Co giãn, Ex-Dry",
  "gender_type" : "MALE",
  "icon_thumbnail" : null,
  "compare_price" : 399000.0,
  "regular_price" : 399000.0
}