{
  "title" : "Quần Dài Nam Kaki Excool",
  "vendor" : "5c482438000c695cfa6f8d22",
  "tags" : [ "WORTH_BUYING", "BEST_SELLER" ],
  "options" : [ {
    "type" : "COLOR",
    "title" : "Màu sắc",
    "values" : [ "Xám đen", "Đen", "Xanh đậm", "Xanh Navy", "Be Kaki", "Xám nhạt" ]
  }, {
    "type" : "SIZE",
    "title" : "Kích thước",
    "values" : [ "M", "L", "XL", "2XL", "3XL" ]
  } ],
  "images" : [ "681fe2221f583b08bcb403ad", "681fe2221f583b08bcb403ae", "681fe2221f583b08bcb403af", "681fe2221f583b08bcb403b0", "681fe2221f583b08bcb403b1" ],
  "discount" : null,
  "seo_alias" : "quan-dai-kaki-excool-co-gian",
  "options_values" : [ {
    "title" : "Màu sắc",
    "type" : "COLOR",
    "options" : [ {
      "title" : "Xám đen",
      "slug" : "xam-den",
      "label" : "",
      "images" : [ "681fe2221f583b08bcb403b2", "681fe2221f583b08bcb403b3", "681fe2221f583b08bcb403b4", "681fe2231f583b08bcb403b5", "681fe2231f583b08bcb403b6" ]
    }, {
      "title" : "Đen",
      "slug" : "den",
      "label" : "",
      "images" : [ "681fe2231f583b08bcb403b7", "681fe2231f583b08bcb403b8", "681fe2231f583b08bcb403b9", "681fe2231f583b08bcb403ba", "681fe2231f583b08bcb403bb" ]
    }, {
      "title" : "Xanh đậm",
      "slug" : "xanh-dam",
      "label" : "",
      "images" : [ "681fe2231f583b08bcb403bc", "681fe2231f583b08bcb403bd", "681fe2241f583b08bcb403be", "681fe2241f583b08bcb403bf", "681fe2241f583b08bcb403c0" ]
    }, {
      "title" : "Xanh Navy",
      "slug" : "xanh-navy",
      "label" : "",
      "images" : [ "681fe2241f583b08bcb403c1", "681fe2241f583b08bcb403c2", "681fe2241f583b08bcb403c3", "681fe2241f583b08bcb403c4", "681fe2241f583b08bcb403c5" ]
    }, {
      "title" : "Be Kaki",
      "slug" : "be-kaki",
      "label" : "",
      "images" : [ "681fe2241f583b08bcb403c6", "681fe2241f583b08bcb403c7", "681fe2241f583b08bcb403c8", "681fe2241f583b08bcb403c9", "681fe2241f583b08bcb403ca" ]
    }, {
      "title" : "Xám nhạt",
      "slug" : "xam-nhat",
      "label" : "",
      "images" : [ "681fe2251f583b08bcb403cb", "681fe2251f583b08bcb403cc", "681fe2251f583b08bcb403cd", "681fe2251f583b08bcb403ce", "681fe2251f583b08bcb403cf" ]
    } ]
  } ],
  "collection_id" : "681ca2322a59db3110ec0b93",
  "display_order" : 300,
  "youtube_video" : "",
  "coming_soon" : false,
  "display_name_open" : "Slim fit",
  "gender_type" : "MALE",
  "icon_thumbnail" : null,
  "compare_price" : 499000.0,
  "regular_price" : 449000.0
}