{
  "title" : "Quần Jogger ECC Warp Knitting",
  "vendor" : "5c482438000c695cfa6f8d22",
  "tags" : [ ],
  "options" : [ {
    "type" : "COLOR",
    "title" : "Màu sắc",
    "values" : [ "Rêu", "Đen", "Xám đậm", "Xanh Navy" ]
  }, {
    "type" : "SIZE",
    "title" : "Kích thước",
    "values" : [ "M", "L", "XL", "2XL", "3XL" ]
  } ],
  "images" : [ "681fe1601f583b08bcb3ffd4", "681fe1601f583b08bcb3ffd5", "681fe1601f583b08bcb3ffd6", "681fe1611f583b08bcb3ffd7", "681fe1611f583b08bcb3ffd8", "681fe1611f583b08bcb3ffd9", "681fe1611f583b08bcb3ffda", "681fe1611f583b08bcb3ffdb", "681fe1611f583b08bcb3ffdc", "681fe1611f583b08bcb3ffdd", "681fe1611f583b08bcb3ffde", "681fe1611f583b08bcb3ffdf" ],
  "discount" : null,
  "seo_alias" : "quan-jogger-ecc-warp-knitting",
  "options_values" : [ {
    "title" : "Màu sắc",
    "type" : "COLOR",
    "options" : [ {
      "title" : "Rêu",
      "slug" : "reu",
      "label" : "",
      "images" : [ "681fe1611f583b08bcb3ffe0", "681fe1611f583b08bcb3ffe1", "681fe1621f583b08bcb3ffe2", "681fe1621f583b08bcb3ffe3", "681fe1621f583b08bcb3ffe4", "681fe1621f583b08bcb3ffe5", "681fe1621f583b08bcb3ffe6", "681fe1621f583b08bcb3ffe7", "681fe1621f583b08bcb3ffe8", "681fe1621f583b08bcb3ffe9", "681fe1621f583b08bcb3ffea", "681fe1621f583b08bcb3ffeb" ]
    }, {
      "title" : "Đen",
      "slug" : "den",
      "label" : "",
      "images" : [ "681fe1631f583b08bcb3ffec", "681fe1631f583b08bcb3ffed", "681fe1631f583b08bcb3ffee", "681fe1631f583b08bcb3ffef", "681fe1631f583b08bcb3fff0", "681fe1631f583b08bcb3fff1", "681fe1631f583b08bcb3fff2", "681fe1631f583b08bcb3fff3", "681fe1631f583b08bcb3fff4", "681fe1631f583b08bcb3fff5", "681fe1631f583b08bcb3fff6", "681fe1641f583b08bcb3fff7" ]
    }, {
      "title" : "Xám đậm",
      "slug" : "xam-dam",
      "label" : "",
      "images" : [ "681fe1641f583b08bcb3fff8", "681fe1641f583b08bcb3fff9", "681fe1641f583b08bcb3fffa", "681fe1641f583b08bcb3fffb", "681fe1641f583b08bcb3fffc", "681fe1641f583b08bcb3fffd", "681fe1641f583b08bcb3fffe", "681fe1641f583b08bcb3ffff", "681fe1641f583b08bcb40000", "681fe1641f583b08bcb40001", "681fe1651f583b08bcb40002", "681fe1651f583b08bcb40003" ]
    }, {
      "title" : "Xanh Navy",
      "slug" : "xanh-navy",
      "label" : "",
      "images" : [ "681fe1651f583b08bcb40004", "681fe1651f583b08bcb40005", "681fe1651f583b08bcb40006", "681fe1651f583b08bcb40007", "681fe1651f583b08bcb40008", "681fe1651f583b08bcb40009", "681fe1651f583b08bcb4000a", "681fe1651f583b08bcb4000b", "681fe1651f583b08bcb4000c", "681fe1651f583b08bcb4000d", "681fe1661f583b08bcb4000e", "681fe1661f583b08bcb4000f" ]
    } ]
  } ],
  "collection_id" : "681ca2322a59db3110ec0b93",
  "display_order" : 25,
  "youtube_video" : "",
  "coming_soon" : false,
  "display_name_open" : "Thoáng khí",
  "gender_type" : "MALE",
  "icon_thumbnail" : null,
  "compare_price" : 590000.0,
  "regular_price" : 590000.0
}