{
  "title" : "Quần Jogger Nam Excool",
  "vendor" : "5c482438000c695cfa6f8d22",
  "tags" : [ ],
  "options" : [ {
    "type" : "COLOR",
    "title" : "Màu sắc",
    "values" : [ "Xám sáng", "Xanh Navy", "Đen" ]
  }, {
    "type" : "SIZE",
    "title" : "Kích thước",
    "values" : [ "M", "L", "XL", "2XL", "3XL" ]
  } ],
  "images" : [ "681fe2071f583b08bcb40335", "681fe2071f583b08bcb40336", "681fe2071f583b08bcb40337", "681fe2071f583b08bcb40338", "681fe2081f583b08bcb40339", "681fe2081f583b08bcb4033a", "681fe2081f583b08bcb4033b", "681fe2091f583b08bcb4033c" ],
  "discount" : null,
  "seo_alias" : "quan-joggers-co-gian-excool",
  "options_values" : [ {
    "title" : "Màu sắc",
    "type" : "COLOR",
    "options" : [ {
      "title" : "Xám sáng",
      "slug" : "xam-sang",
      "label" : "",
      "images" : [ "681fe2091f583b08bcb4033d", "681fe2091f583b08bcb4033e", "681fe2091f583b08bcb4033f", "681fe2091f583b08bcb40340", "681fe2091f583b08bcb40341", "681fe2091f583b08bcb40342", "681fe20a1f583b08bcb40343", "681fe20a1f583b08bcb40344" ]
    }, {
      "title" : "Xanh Navy",
      "slug" : "xanh-navy",
      "label" : "",
      "images" : [ "681fe20a1f583b08bcb40345", "681fe20a1f583b08bcb40346", "681fe20a1f583b08bcb40347", "681fe20a1f583b08bcb40348", "681fe20a1f583b08bcb40349", "681fe20a1f583b08bcb4034a", "681fe20b1f583b08bcb4034b", "681fe20b1f583b08bcb4034c" ]
    }, {
      "title" : "Đen",
      "slug" : "den",
      "label" : "",
      "images" : [ "681fe20b1f583b08bcb4034d", "681fe20b1f583b08bcb4034e", "681fe20b1f583b08bcb4034f", "681fe20b1f583b08bcb40350", "681fe20b1f583b08bcb40351", "681fe20b1f583b08bcb40352", "681fe20b1f583b08bcb40353", "681fe20b1f583b08bcb40354" ]
    } ]
  } ],
  "collection_id" : "681ca2322a59db3110ec0b93",
  "display_order" : 55,
  "youtube_video" : "",
  "coming_soon" : false,
  "display_name_open" : "Co giãn",
  "gender_type" : "MALE",
  "icon_thumbnail" : null,
  "compare_price" : 379000.0,
  "regular_price" : 379000.0
}