{
  "title" : "Quần Dài Nam UT Pants V2",
  "vendor" : "5c482438000c695cfa6f8d22",
  "tags" : [ ],
  "options" : [ {
    "type" : "COLOR",
    "title" : "Màu sắc",
    "values" : [ "Xám đậm", "Đen", "Xám nhạt" ]
  }, {
    "type" : "SIZE",
    "title" : "Kích thước Quần",
    "values" : [ "M", "L", "XL", "2XL", "3XL" ]
  } ],
  "images" : [ "681fe1d41f583b08bcb40245", "681fe1d41f583b08bcb40246", "681fe1d41f583b08bcb40247", "681fe1d51f583b08bcb40248", "681fe1d51f583b08bcb40249", "681fe1d51f583b08bcb4024a" ],
  "discount" : null,
  "seo_alias" : "quan-dai-nam-ut-pants-v2-da-nang-vai-polyamide-taslan-thoi-trang",
  "options_values" : [ {
    "title" : "Màu sắc",
    "type" : "COLOR",
    "options" : [ {
      "title" : "Xám đậm",
      "slug" : "xam-dam",
      "label" : "",
      "images" : [ "681fe1d51f583b08bcb4024b", "681fe1d51f583b08bcb4024c", "681fe1d51f583b08bcb4024d", "681fe1d51f583b08bcb4024e", "681fe1d51f583b08bcb4024f", "681fe1d51f583b08bcb40250" ]
    }, {
      "title" : "Đen",
      "slug" : "den",
      "label" : "",
      "images" : [ "681fe1d51f583b08bcb40251", "681fe1d51f583b08bcb40252", "681fe1d51f583b08bcb40253", "681fe1d61f583b08bcb40254", "681fe1d61f583b08bcb40255", "681fe1d61f583b08bcb40256" ]
    }, {
      "title" : "Xám nhạt",
      "slug" : "xam-nhat",
      "label" : "",
      "images" : [ "681fe1d61f583b08bcb40257", "681fe1d61f583b08bcb40258", "681fe1d61f583b08bcb40259", "681fe1d61f583b08bcb4025a", "681fe1d61f583b08bcb4025b", "681fe1d61f583b08bcb4025c" ]
    } ]
  } ],
  "collection_id" : "681ca2322a59db3110ec0b93",
  "display_order" : 290,
  "youtube_video" : "",
  "coming_soon" : false,
  "display_name_open" : "Trượt nước",
  "gender_type" : "MALE",
  "icon_thumbnail" : null,
  "compare_price" : 690000.0,
  "regular_price" : 619000.0
}