{
  "title" : "Quần Jeans Nam siêu nhẹ",
  "vendor" : "5c482438000c695cfa6f8d22",
  "tags" : [ "WORTH_BUYING", "BEST_SELLER" ],
  "options" : [ {
    "type" : "COLOR",
    "title" : "Màu sắc",
    "values" : [ "Xanh wash", "Xanh nhạt" ]
  }, {
    "type" : "SIZE",
    "title" : "Size",
    "values" : [ "29", "30", "31", "32", "33" ]
  } ],
  "images" : [ "681fe1d91f583b08bcb4025d", "681fe1d91f583b08bcb4025e", "681fe1d91f583b08bcb4025f", "681fe1d91f583b08bcb40260", "681fe1d91f583b08bcb40261", "681fe1d91f583b08bcb40262", "681fe1da1f583b08bcb40263", "681fe1db1f583b08bcb40264", "681fe1db1f583b08bcb40265", "681fe1db1f583b08bcb40266", "681fe1db1f583b08bcb40267", "681fe1db1f583b08bcb40268", "681fe1db1f583b08bcb40269", "681fe1db1f583b08bcb4026a", "681fe1db1f583b08bcb4026b", "681fe1db1f583b08bcb4026c" ],
  "discount" : null,
  "seo_alias" : "quan-jeans-nam-dang-straight-sieu-nhe",
  "options_values" : [ {
    "title" : "Màu sắc",
    "type" : "COLOR",
    "options" : [ {
      "title" : "Xanh wash",
      "slug" : "xanh-wash",
      "label" : "",
      "images" : [ "681fe1db1f583b08bcb4026d", "681fe1dc1f583b08bcb4026e", "681fe1dc1f583b08bcb4026f", "681fe1dc1f583b08bcb40270", "681fe1dc1f583b08bcb40271", "681fe1dc1f583b08bcb40272", "681fe1dc1f583b08bcb40273", "681fe1dc1f583b08bcb40274", "681fe1dc1f583b08bcb40275", "681fe1dd1f583b08bcb40276", "681fe1dd1f583b08bcb40277", "681fe1dd1f583b08bcb40278", "681fe1dd1f583b08bcb40279", "681fe1dd1f583b08bcb4027a", "681fe1dd1f583b08bcb4027b", "681fe1dd1f583b08bcb4027c" ]
    }, {
      "title" : "Xanh nhạt",
      "slug" : "xanh-nhat",
      "label" : "",
      "images" : [ "681fe1dd1f583b08bcb4027d", "681fe1dd1f583b08bcb4027e", "681fe1de1f583b08bcb4027f", "681fe1de1f583b08bcb40280", "681fe1de1f583b08bcb40281", "681fe1de1f583b08bcb40282", "681fe1de1f583b08bcb40283", "681fe1de1f583b08bcb40284", "681fe1de1f583b08bcb40285", "681fe1de1f583b08bcb40286", "681fe1de1f583b08bcb40287", "681fe1de1f583b08bcb40288", "681fe1de1f583b08bcb40289", "681fe1df1f583b08bcb4028a", "681fe1df1f583b08bcb4028b", "681fe1df1f583b08bcb4028c" ]
    } ]
  } ],
  "collection_id" : "681ca2322a59db3110ec0b93",
  "display_order" : 291,
  "youtube_video" : "https://media.coolmate.me/uploads/videos/27Sequence01Jeanssieunhe.mp4",
  "coming_soon" : false,
  "display_name_open" : "Dáng Straight",
  "gender_type" : "MALE",
  "icon_thumbnail" : null,
  "compare_price" : 499000.0,
  "regular_price" : 439000.0
}