{
  "title" : "Quần dài kaki ECC Pants",
  "vendor" : "5c482438000c695cfa6f8d22",
  "tags" : [ ],
  "options" : [ {
    "type" : "COLOR",
    "title" : "Màu Quần",
    "values" : [ "Đen", "Xám", "Rêu" ]
  }, {
    "type" : "SIZE",
    "title" : "Kích thước",
    "values" : [ "M", "L", "XL", "2XL", "3XL" ]
  } ],
  "images" : [ "681fe16b1f583b08bcb40010", "681fe16b1f583b08bcb40011", "681fe16b1f583b08bcb40012", "681fe16b1f583b08bcb40013", "681fe16b1f583b08bcb40014", "681fe16b1f583b08bcb40015", "681fe16b1f583b08bcb40016", "681fe16b1f583b08bcb40017", "681fe16c1f583b08bcb40018" ],
  "discount" : null,
  "seo_alias" : "quan-dai-kaki-ecc-pants",
  "options_values" : [ {
    "title" : "Màu Quần",
    "type" : "COLOR",
    "options" : [ {
      "title" : "Đen",
      "slug" : "den",
      "label" : "",
      "images" : [ "681fe16c1f583b08bcb40019", "681fe16c1f583b08bcb4001a", "681fe16c1f583b08bcb4001b", "681fe16c1f583b08bcb4001c", "681fe16c1f583b08bcb4001d", "681fe16c1f583b08bcb4001e", "681fe16c1f583b08bcb4001f", "681fe16c1f583b08bcb40020", "681fe16c1f583b08bcb40021" ]
    }, {
      "title" : "Xám",
      "slug" : "xam",
      "label" : "",
      "images" : [ "681fe16c1f583b08bcb40022", "681fe16c1f583b08bcb40023", "681fe16c1f583b08bcb40024", "681fe16c1f583b08bcb40025", "681fe16d1f583b08bcb40026", "681fe16d1f583b08bcb40027", "681fe16d1f583b08bcb40028", "681fe16d1f583b08bcb40029", "681fe16d1f583b08bcb4002a" ]
    }, {
      "title" : "Rêu",
      "slug" : "reu",
      "label" : "",
      "images" : [ "681fe16d1f583b08bcb4002b", "681fe16d1f583b08bcb4002c", "681fe16d1f583b08bcb4002d", "681fe16d1f583b08bcb4002e", "681fe16d1f583b08bcb4002f", "681fe16d1f583b08bcb40030", "681fe16d1f583b08bcb40031", "681fe16d1f583b08bcb40032", "681fe16d1f583b08bcb40033" ]
    } ]
  } ],
  "collection_id" : "681ca2322a59db3110ec0b93",
  "display_order" : 25,
  "youtube_video" : "",
  "coming_soon" : false,
  "display_name_open" : "",
  "gender_type" : "MALE",
  "icon_thumbnail" : null,
  "compare_price" : 599000.0,
  "regular_price" : 529000.0
}