{
  "title" : "Pack 5 Quần Lót Nam Brief Cotton Basics",
  "vendor" : "5c482438000c695cfa6f8d22",
  "tags" : [ "BEST_SELLER", "WORTH_BUYING" ],
  "options" : [ {
    "type" : "COLOR",
    "title" : "Màu sắc",
    "values" : [ "Xám", "Xanh Navy", "Đen", "Mix ngẫu nhiên " ]
  }, {
    "type" : "SIZE",
    "title" : "Kích thước",
    "values" : [ "M", "L", "XL", "2XL", "3XL" ]
  } ],
  "images" : [ "681feb251f583b08bcb40eb9", "681feb251f583b08bcb40eba", "681feb251f583b08bcb40ebb", "681feb251f583b08bcb40ebc", "681feb251f583b08bcb40ebd", "681feb251f583b08bcb40ebe", "681feb251f583b08bcb40ebf", "681feb251f583b08bcb40ec0", "681feb261f583b08bcb40ec1", "681feb261f583b08bcb40ec2" ],
  "discount" : null,
  "seo_alias" : "pack-5-quan-lot-brief-cotton-coolmate-basics-mem-mai",
  "options_values" : [ {
    "title" : "Màu sắc",
    "type" : "COLOR",
    "options" : [ {
      "title" : "Xám",
      "slug" : "xam",
      "label" : "",
      "images" : [ "681feb261f583b08bcb40ec3", "681feb261f583b08bcb40ec4", "681feb261f583b08bcb40ec5", "681feb261f583b08bcb40ec6", "681feb261f583b08bcb40ec7", "681feb261f583b08bcb40ec8", "681feb261f583b08bcb40ec9", "681feb261f583b08bcb40eca", "681feb261f583b08bcb40ecb", "681feb261f583b08bcb40ecc" ]
    }, {
      "title" : "Xanh Navy",
      "slug" : "xanh-navy",
      "label" : "",
      "images" : [ "681feb261f583b08bcb40ecd", "681feb261f583b08bcb40ece", "681feb261f583b08bcb40ecf", "681feb271f583b08bcb40ed0", "681feb271f583b08bcb40ed1", "681feb271f583b08bcb40ed2", "681feb271f583b08bcb40ed3", "681feb271f583b08bcb40ed4", "681feb271f583b08bcb40ed5", "681feb271f583b08bcb40ed6" ]
    }, {
      "title" : "Đen",
      "slug" : "den",
      "label" : "",
      "images" : [ "681feb271f583b08bcb40ed7", "681feb271f583b08bcb40ed8", "681feb271f583b08bcb40ed9", "681feb271f583b08bcb40eda", "681feb271f583b08bcb40edb", "681feb271f583b08bcb40edc", "681feb281f583b08bcb40edd", "681feb281f583b08bcb40ede", "681feb281f583b08bcb40edf", "681feb281f583b08bcb40ee0" ]
    }, {
      "title" : "Mix ngẫu nhiên ",
      "slug" : "mix-ngau-nhien",
      "label" : "",
      "images" : null
    } ]
  } ],
  "collection_id" : "681ca2c72a59db3110ec0b99",
  "display_order" : 345,
  "youtube_video" : "",
  "coming_soon" : false,
  "display_name_open" : "Mềm mại",
  "gender_type" : "MALE",
  "icon_thumbnail" : null,
  "compare_price" : 229000.0,
  "regular_price" : 179000.0
}