{
  "title" : "Combo 2 Boxer Brief Thể thao",
  "vendor" : "5c482438000c695cfa6f8d22",
  "tags" : [ ],
  "options" : [ {
    "type" : "COLOR",
    "title" : "Màu sắc",
    "values" : [ "Xám", "Xanh Navy" ]
  }, {
    "type" : "SIZE",
    "title" : "Kích thước Quần",
    "values" : [ "M", "L", "XL", "2XL", "3XL" ]
  } ],
  "images" : [ "681fea9c1f583b08bcb40ded", "681fea9c1f583b08bcb40dee", "681fea9c1f583b08bcb40def", "681fea9c1f583b08bcb40df0", "681fea9c1f583b08bcb40df1" ],
  "discount" : null,
  "seo_alias" : "combo-02-quan-lot-nam-the-thao-boxer-briefs-ex-dry-microfiber",
  "options_values" : [ {
    "title" : "Màu sắc",
    "type" : "COLOR",
    "options" : [ {
      "title" : "Xám",
      "slug" : "xam",
      "label" : "",
      "images" : [ "681fea9c1f583b08bcb40df2", "681fea9c1f583b08bcb40df3", "681fea9c1f583b08bcb40df4", "681fea9c1f583b08bcb40df5", "681fea9c1f583b08bcb40df6" ]
    }, {
      "title" : "Xanh Navy",
      "slug" : "xanh-navy",
      "label" : "",
      "images" : [ "681fea9c1f583b08bcb40df7", "681fea9d1f583b08bcb40df8", "681fea9d1f583b08bcb40df9", "681fea9d1f583b08bcb40dfa", "681fea9d1f583b08bcb40dfb" ]
    } ]
  } ],
  "collection_id" : "681ca2bf2a59db3110ec0b98",
  "display_order" : 307,
  "youtube_video" : "",
  "coming_soon" : false,
  "display_name_open" : "Ex-Dry Microfiber",
  "gender_type" : "MALE",
  "icon_thumbnail" : null,
  "compare_price" : 259000.0,
  "regular_price" : 219000.0
}