{
  "title" : "Combo 2 Quần Lót Nam Boxer Brief Lenzing Modal",
  "vendor" : "",
  "tags" : [ ],
  "options" : [ {
    "type" : "COLOR",
    "title" : "Màu sắc",
    "values" : [ "Mix màu", "Đen", "Xanh titan" ]
  }, {
    "type" : "SIZE",
    "title" : "Kích thước",
    "values" : [ "M", "L", "XL", "2XL", "3XL" ]
  } ],
  "images" : [ "681fea931f583b08bcb40db9", "681fea931f583b08bcb40dba", "681fea931f583b08bcb40dbb", "681fea931f583b08bcb40dbc", "681fea931f583b08bcb40dbd", "681fea931f583b08bcb40dbe", "681fea931f583b08bcb40dbf", "681fea931f583b08bcb40dc0", "681fea931f583b08bcb40dc1", "681fea941f583b08bcb40dc2", "681fea941f583b08bcb40dc3" ],
  "discount" : null,
  "seo_alias" : "combo-2-quan-lot-nam-boxer-brief-lenzing-modal",
  "options_values" : [ {
    "title" : "Màu sắc",
    "type" : "COLOR",
    "options" : [ {
      "title" : "Mix màu",
      "slug" : "mix-mau",
      "label" : "",
      "images" : [ "681fea941f583b08bcb40dc4", "681fea941f583b08bcb40dc5", "681fea941f583b08bcb40dc6", "681fea941f583b08bcb40dc7", "681fea941f583b08bcb40dc8", "681fea941f583b08bcb40dc9", "681fea941f583b08bcb40dca", "681fea941f583b08bcb40dcb", "681fea951f583b08bcb40dcc", "681fea951f583b08bcb40dcd", "681fea951f583b08bcb40dce" ]
    }, {
      "title" : "Đen",
      "slug" : "den",
      "label" : "",
      "images" : [ "681fea951f583b08bcb40dcf", "681fea951f583b08bcb40dd0", "681fea951f583b08bcb40dd1", "681fea951f583b08bcb40dd2", "681fea951f583b08bcb40dd3", "681fea951f583b08bcb40dd4", "681fea961f583b08bcb40dd5", "681fea961f583b08bcb40dd6", "681fea961f583b08bcb40dd7", "681fea961f583b08bcb40dd8", "681fea961f583b08bcb40dd9" ]
    }, {
      "title" : "Xanh titan",
      "slug" : "xanh-titan",
      "label" : "",
      "images" : [ "681fea961f583b08bcb40dda", "681fea961f583b08bcb40ddb", "681fea961f583b08bcb40ddc", "681fea961f583b08bcb40ddd", "681fea961f583b08bcb40dde", "681fea961f583b08bcb40ddf", "681fea961f583b08bcb40de0", "681fea971f583b08bcb40de1", "681fea971f583b08bcb40de2", "681fea971f583b08bcb40de3", "681fea971f583b08bcb40de4" ]
    } ]
  } ],
  "collection_id" : "681ca2bf2a59db3110ec0b98",
  "display_order" : 411,
  "youtube_video" : "",
  "coming_soon" : false,
  "display_name_open" : "Kháng khuẩn - Thấm Hút - Mát tự nhiên",
  "gender_type" : "MALE",
  "icon_thumbnail" : null,
  "compare_price" : 219000.0,
  "regular_price" : 179000.0
}