{
  "title" : "Combo 3 Áo Polo Nam Thể Thao ProMax-S1",
  "vendor" : "5c482438000c695cfa6f8d22",
  "tags" : [ "SAVING_PACKS" ],
  "options" : [ {
    "type" : "COLOR",
    "title" : "Màu sắc",
    "values" : [ "Mix màu 1", "Mix màu 2", "Mix màu 3", "Mix màu 4" ]
  }, {
    "type" : "SIZE",
    "title" : "Kích thước Áo",
    "values" : [ "S", "M", "L", "XL", "2XL", "3XL" ]
  } ],
  "images" : [ "681e21e2c47228653a983cc3", "681e21e2c47228653a983cc4", "681e21e2c47228653a983cc5", "681e21e2c47228653a983cc6", "681e21e2c47228653a983cc7" ],
  "discount" : null,
  "seo_alias" : "combo-03-ao-polo-the-thao-nam-promax-s1-logo-thoang-khi",
  "options_values" : [ {
    "title" : "Màu sắc",
    "type" : "COLOR",
    "options" : [ {
      "title" : "Mix màu 1",
      "slug" : "mix-mau-1",
      "label" : "",
      "images" : [ "681e21e2c47228653a983cc8", "681e21e3c47228653a983cc9", "681e21e3c47228653a983cca", "681e21e3c47228653a983ccb", "681e21e3c47228653a983ccc" ]
    }, {
      "title" : "Mix màu 2",
      "slug" : "mix-mau-2",
      "label" : "",
      "images" : [ "681e21e3c47228653a983ccd", "681e21e4c47228653a983cce", "681e21e4c47228653a983ccf", "681e21e4c47228653a983cd0", "681e21e4c47228653a983cd1" ]
    }, {
      "title" : "Mix màu 3",
      "slug" : "mix-mau-3",
      "label" : "",
      "images" : [ "681e21e4c47228653a983cd2", "681e21e4c47228653a983cd3", "681e21e4c47228653a983cd4", "681e21e4c47228653a983cd5", "681e21e4c47228653a983cd6" ]
    }, {
      "title" : "Mix màu 4",
      "slug" : "mix-mau-4",
      "label" : "",
      "images" : [ "681e21e5c47228653a983cd7", "681e21e5c47228653a983cd8", "681e21e5c47228653a983cd9", "681e21e5c47228653a983cda", "681e21e5c47228653a983cdb" ]
    } ]
  } ],
  "collection_id" : "681ca1e22a59db3110ec0b8c",
  "display_order" : 222,
  "youtube_video" : "",
  "coming_soon" : false,
  "display_name_open" : "Thoáng khí",
  "gender_type" : "MALE",
  "icon_thumbnail" : null,
  "compare_price" : 717000.0,
  "regular_price" : 629000.0
}