{
  "title" : "Áo Polo Nam Cafe",
  "vendor" : "5c482438000c695cfa6f8d22",
  "tags" : [ "WORTH_BUYING" ],
  "options" : [ {
    "type" : "COLOR",
    "title" : "Màu sắc",
    "values" : [ "Đen", "Xám nhạt", "Xanh Navy", "Trắng" ]
  }, {
    "type" : "SIZE",
    "title" : "Kích thước Áo",
    "values" : [ "S", "M", "L", "XL", "2XL", "3XL" ]
  } ],
  "images" : [ "681e21f1c47228653a983d04", "681e21f1c47228653a983d05", "681e21f1c47228653a983d06", "681e21f1c47228653a983d07", "681e21f1c47228653a983d08", "681e21f2c47228653a983d09", "681e21f2c47228653a983d0a", "681e21f2c47228653a983d0b" ],
  "discount" : null,
  "seo_alias" : "ao-polo-nam-cafe",
  "options_values" : [ {
    "title" : "Màu sắc",
    "type" : "COLOR",
    "options" : [ {
      "title" : "Đen",
      "slug" : "den",
      "label" : "",
      "images" : [ "681e21f2c47228653a983d0c", "681e21f2c47228653a983d0d", "681e21f3c47228653a983d0e", "681e21f4c47228653a983d0f", "681e21f4c47228653a983d10", "681e21f4c47228653a983d11", "681e21f4c47228653a983d12", "681e21f4c47228653a983d13" ]
    }, {
      "title" : "Xám nhạt",
      "slug" : "xam-nhat",
      "label" : "",
      "images" : [ "681e21f5c47228653a983d14", "681e21f5c47228653a983d15", "681e21f5c47228653a983d16", "681e21f5c47228653a983d17", "681e21f5c47228653a983d18", "681e21f5c47228653a983d19", "681e21f5c47228653a983d1a", "681e21f5c47228653a983d1b" ]
    }, {
      "title" : "Xanh Navy",
      "slug" : "xanh-navy",
      "label" : "",
      "images" : [ "681e21f5c47228653a983d1c", "681e21f5c47228653a983d1d", "681e21f6c47228653a983d1e", "681e21f6c47228653a983d1f", "681e21f6c47228653a983d20", "681e21f6c47228653a983d21", "681e21f6c47228653a983d22", "681e21f6c47228653a983d23" ]
    }, {
      "title" : "Trắng",
      "slug" : "trang",
      "label" : "",
      "images" : [ "681e21f6c47228653a983d24", "681e21f6c47228653a983d25", "681e21f7c47228653a983d26", "681e21f7c47228653a983d27", "681e21f7c47228653a983d28", "681e21f7c47228653a983d29", "681e21f7c47228653a983d2a", "681e21f7c47228653a983d2b" ]
    } ]
  } ],
  "collection_id" : "681ca1e22a59db3110ec0b8c",
  "display_order" : 235,
  "youtube_video" : "https://mcdn.coolmate.me/uploads/videos/POLO_CAFE.mp4",
  "coming_soon" : false,
  "display_name_open" : "Khử Mùi / Kháng khuẩn",
  "gender_type" : "MALE",
  "icon_thumbnail" : null,
  "compare_price" : 329000.0,
  "regular_price" : 279000.0
}