{
  "title" : "Áo Polo Nam Cafe Essentials",
  "vendor" : "5c482438000c695cfa6f8d22",
  "tags" : [ "OUTLET" ],
  "options" : [ {
    "type" : "COLOR",
    "title" : "Màu sắc",
    "values" : [ "Xanh Navy", "Xám nhạt", "Đen" ]
  }, {
    "type" : "SIZE",
    "title" : "Kích thước",
    "values" : [ "S", "M", "L", "XL", "2XL", "3XL" ]
  } ],
  "images" : [ "6825f9440b61125185461161", "6825f9440b61125185461162", "6825f9440b61125185461163", "6825f9440b61125185461164", "6825f9440b61125185461165", "6825f9450b61125185461166", "6825f9450b61125185461167", "6825f9450b61125185461168", "6825f9450b61125185461169" ],
  "discount" : null,
  "seo_alias" : "ao-polo-nam-cafe-essentials-thoang-mat-chong-uv",
  "options_values" : [ {
    "title" : "Màu sắc",
    "type" : "COLOR",
    "options" : [ {
      "title" : "Xanh Navy",
      "slug" : "xanh-navy",
      "label" : "",
      "images" : [ "6825f9450b6112518546116a", "6825f9450b6112518546116b", "6825f9450b6112518546116c", "6825f9460b6112518546116d", "6825f9460b6112518546116e", "6825f9460b6112518546116f", "6825f9460b61125185461170" ]
    }, {
      "title" : "Xám nhạt",
      "slug" : "xam-nhat",
      "label" : "",
      "images" : [ "6825f9460b61125185461171", "6825f9470b61125185461172", "6825f9470b61125185461173", "6825f9470b61125185461174", "6825f9470b61125185461175", "6825f9470b61125185461176", "6825f9480b61125185461177" ]
    }, {
      "title" : "Đen",
      "slug" : "den",
      "label" : "",
      "images" : [ "6825f9480b61125185461178", "6825f9480b61125185461179", "6825f9480b6112518546117a", "6825f9480b6112518546117b", "6825f9490b6112518546117c", "6825f9490b6112518546117d", "6825f9490b6112518546117e" ]
    } ]
  } ],
  "collection_id" : "6825e97a8eaaa408c6aaf619",
  "display_order" : 341,
  "youtube_video" : "",
  "coming_soon" : false,
  "display_name_open" : "Chống UV",
  "gender_type" : "MALE",
  "icon_thumbnail" : null,
  "compare_price" : 299000.0,
  "regular_price" : 269000.0
}