{
  "title" : "Áo Polo Nam Ice Cooling",
  "vendor" : "5c482438000c695cfa6f8d22",
  "tags" : [ ],
  "options" : [ {
    "type" : "COLOR",
    "title" : "Màu sắc",
    "values" : [ "Xanh dương", "Đen", "Xanh Navy" ]
  }, {
    "type" : "SIZE",
    "title" : "Kích thước",
    "values" : [ "S", "M", "L", "XL", "2XL", "3XL" ]
  } ],
  "images" : [ "6825f9380b61125185461143", "6825f9380b61125185461144", "6825f9390b61125185461145", "6825f9390b61125185461146", "6825f9390b61125185461147", "6825f9390b61125185461148" ],
  "discount" : null,
  "seo_alias" : "ao-polo-ice-cooling-thoang-mat",
  "options_values" : [ {
    "title" : "Màu sắc",
    "type" : "COLOR",
    "options" : [ {
      "title" : "Xanh dương",
      "slug" : "xanh-duong",
      "label" : "",
      "images" : [ "6825f9390b61125185461149", "6825f93a0b6112518546114a", "6825f93a0b6112518546114b", "6825f93a0b6112518546114c", "6825f93a0b6112518546114d", "6825f93b0b6112518546114e", "6825f93b0b6112518546114f", "6825f93b0b61125185461150" ]
    }, {
      "title" : "Đen",
      "slug" : "den",
      "label" : "",
      "images" : [ "6825f93b0b61125185461151", "6825f93b0b61125185461152", "6825f93b0b61125185461153", "6825f93c0b61125185461154", "6825f93c0b61125185461155", "6825f93c0b61125185461156", "6825f93c0b61125185461157", "6825f93c0b61125185461158" ]
    }, {
      "title" : "Xanh Navy",
      "slug" : "xanh-navy",
      "label" : "",
      "images" : [ "6825f93c0b61125185461159", "6825f93d0b6112518546115a", "6825f93d0b6112518546115b", "6825f93d0b6112518546115c", "6825f93d0b6112518546115d", "6825f93e0b6112518546115e", "6825f93e0b6112518546115f", "6825f93e0b61125185461160" ]
    } ]
  } ],
  "collection_id" : "6825e97a8eaaa408c6aaf619",
  "display_order" : 338,
  "youtube_video" : "",
  "coming_soon" : false,
  "display_name_open" : "Thoáng mát",
  "gender_type" : "MALE",
  "icon_thumbnail" : null,
  "compare_price" : 349000.0,
  "regular_price" : 299000.0
}