{
  "title" : "Áo Polo Thể Thao Active Premium",
  "vendor" : "5c482438000c695cfa6f8d22",
  "tags" : [ ],
  "options" : [ {
    "type" : "COLOR",
    "title" : "Màu sắc",
    "values" : [ "Xám", "Đen" ]
  }, {
    "type" : "SIZE",
    "title" : "Kích thước",
    "values" : [ "S", "M", "L", "XL", "2XL", "3XL" ]
  } ],
  "images" : [ "6825f8ce0b61125185460f4a", "6825f8cf0b61125185460f4b", "6825f8cf0b61125185460f4c", "6825f8cf0b61125185460f4d" ],
  "discount" : null,
  "seo_alias" : "ao-polo-the-thao-active-premium-thoang-khi-exdry",
  "options_values" : [ {
    "title" : "Màu sắc",
    "type" : "COLOR",
    "options" : [ {
      "title" : "Xám",
      "slug" : "xam",
      "label" : "",
      "images" : [ "6825f8cf0b61125185460f4e", "6825f8cf0b61125185460f4f", "6825f8cf0b61125185460f50", "6825f8cf0b61125185460f51", "6825f8cf0b61125185460f52", "6825f8d00b61125185460f53", "6825f8d00b61125185460f54" ]
    }, {
      "title" : "Đen",
      "slug" : "den",
      "label" : "",
      "images" : [ "6825f8d00b61125185460f55", "6825f8d00b61125185460f56", "6825f8d00b61125185460f57", "6825f8d00b61125185460f58", "6825f8d00b61125185460f59", "6825f8d00b61125185460f5a", "6825f8d00b61125185460f5b", "6825f8d00b61125185460f5c" ]
    } ]
  } ],
  "collection_id" : "6825e97a8eaaa408c6aaf619",
  "display_order" : 391,
  "youtube_video" : "",
  "coming_soon" : false,
  "display_name_open" : "ExDry",
  "gender_type" : "MALE",
  "icon_thumbnail" : null,
  "compare_price" : 329000.0,
  "regular_price" : 279000.0
}