{
  "title" : "Áo Polo Nam Pique Cotton USA ",
  "vendor" : "5c482438000c695cfa6f8d22",
  "tags" : [ "CLEARANCE_SALE", "OUTLET" ],
  "options" : [ {
    "type" : "COLOR",
    "title" : "Màu sắc",
    "values" : [ "Xanh rêu", "Xanh Navy" ]
  }, {
    "type" : "SIZE",
    "title" : "Kích thước Áo",
    "values" : [ "S", "XL", "3XL" ]
  } ],
  "images" : [ "6825f8d20b61125185460f5d", "6825f8d30b61125185460f5e", "6825f8d30b61125185460f5f", "6825f8d30b61125185460f60", "6825f8d30b61125185460f61", "6825f8d30b61125185460f62", "6825f8d30b61125185460f63" ],
  "discount" : null,
  "seo_alias" : "ao-polo-nam-pique-cotton-usa-tham-hut-toi-da",
  "options_values" : [ {
    "title" : "Màu sắc",
    "type" : "COLOR",
    "options" : [ {
      "title" : "Xanh rêu",
      "slug" : "xanh-reu",
      "label" : "",
      "images" : [ "6825f8d30b61125185460f64", "6825f8d30b61125185460f65", "6825f8d30b61125185460f66", "6825f8d40b61125185460f67", "6825f8d40b61125185460f68", "6825f8d40b61125185460f69", "6825f8d40b61125185460f6a" ]
    }, {
      "title" : "Xanh Navy",
      "slug" : "xanh-navy",
      "label" : "",
      "images" : [ "6825f8d40b61125185460f6b", "6825f8d40b61125185460f6c", "6825f8d40b61125185460f6d", "6825f8d40b61125185460f6e" ]
    } ]
  } ],
  "collection_id" : "6825e97a8eaaa408c6aaf619",
  "display_order" : 115,
  "youtube_video" : "",
  "coming_soon" : false,
  "display_name_open" : "Thấm hút",
  "gender_type" : "MALE",
  "icon_thumbnail" : null,
  "compare_price" : 399000.0,
  "regular_price" : 149000.0
}