{
  "title" : "Áo Polo Nam Cafe Essentials",
  "vendor" : "5c482438000c695cfa6f8d22",
  "tags" : [ "OUTLET" ],
  "options" : [ {
    "type" : "COLOR",
    "title" : "Màu sắc",
    "values" : [ "Xanh Navy", "Xám nhạt", "Đen" ]
  }, {
    "type" : "SIZE",
    "title" : "Kích thước",
    "values" : [ "S", "M", "L", "XL", "2XL", "3XL" ]
  } ],
  "images" : [ "681e2247c47228653a983e55", "681e2247c47228653a983e56", "681e2247c47228653a983e57", "681e2247c47228653a983e58", "681e2247c47228653a983e59", "681e2247c47228653a983e5a", "681e2248c47228653a983e5b", "681e2248c47228653a983e5c", "681e2248c47228653a983e5d" ],
  "discount" : null,
  "seo_alias" : "ao-polo-nam-cafe-essentials-thoang-mat-chong-uv",
  "options_values" : [ {
    "title" : "Màu sắc",
    "type" : "COLOR",
    "options" : [ {
      "title" : "Xanh Navy",
      "slug" : "xanh-navy",
      "label" : "",
      "images" : [ "681e2248c47228653a983e5e", "681e2248c47228653a983e5f", "681e2248c47228653a983e60", "681e2248c47228653a983e61", "681e2248c47228653a983e62", "681e2248c47228653a983e63", "681e2248c47228653a983e64", "681e2248c47228653a983e65", "681e2249c47228653a983e66" ]
    }, {
      "title" : "Xám nhạt",
      "slug" : "xam-nhat",
      "label" : "",
      "images" : [ "681e2249c47228653a983e67", "681e2249c47228653a983e68", "681e2249c47228653a983e69", "681e2249c47228653a983e6a", "681e2249c47228653a983e6b", "681e2249c47228653a983e6c", "681e2249c47228653a983e6d", "681e2249c47228653a983e6e", "681e2249c47228653a983e6f" ]
    }, {
      "title" : "Đen",
      "slug" : "den",
      "label" : "",
      "images" : [ "681e2249c47228653a983e70", "681e2249c47228653a983e71", "681e2249c47228653a983e72", "681e2249c47228653a983e73", "681e224ac47228653a983e74", "681e224ac47228653a983e75", "681e224ac47228653a983e76", "681e224ac47228653a983e77", "681e224bc47228653a983e78" ]
    } ]
  } ],
  "collection_id" : "681ca1e22a59db3110ec0b8c",
  "display_order" : 341,
  "youtube_video" : "",
  "coming_soon" : false,
  "display_name_open" : "Chống UV",
  "gender_type" : "MALE",
  "icon_thumbnail" : null,
  "compare_price" : 299000.0,
  "regular_price" : 269000.0
}