{
  "title" : "Áo Polo Nam Pique Cotton",
  "vendor" : "5c482438000c695cfa6f8d22",
  "tags" : [ "WORTH_BUYING", "BEST_SELLER" ],
  "options" : [ {
    "type" : "COLOR",
    "title" : "Màu sắc",
    "values" : [ "Nâu đậm", "Đen", "Xanh rêu", "Trắng", "Xanh Navy", "Xanh lá", "Nâu be", "Xám CastleRock", "Vàng Golden Fleece", "Xanh Glacier", "Đỏ Chocolate Truffle", "Xanh Frosty Green" ]
  }, {
    "type" : "SIZE",
    "title" : "Kích thước Áo",
    "values" : [ "S", "M", "L", "XL", "2XL", "3XL", "4XL" ]
  } ],
  "images" : [ "681e21fcc47228653a983d2c", "681e21fcc47228653a983d2d", "681e21fcc47228653a983d2e", "681e21fcc47228653a983d2f" ],
  "discount" : null,
  "seo_alias" : "polo-pique-basic-cotton-100",
  "options_values" : [ {
    "title" : "Màu sắc",
    "type" : "COLOR",
    "options" : [ {
      "title" : "Nâu đậm",
      "slug" : "nau-dam",
      "label" : "",
      "images" : [ "681e21fcc47228653a983d30", "681e21fcc47228653a983d31", "681e21fcc47228653a983d32", "681e21fdc47228653a983d33" ]
    }, {
      "title" : "Đen",
      "slug" : "den",
      "label" : "",
      "images" : [ "681e21fdc47228653a983d34", "681e21fdc47228653a983d35", "681e21fdc47228653a983d36", "681e21fdc47228653a983d37" ]
    }, {
      "title" : "Xanh rêu",
      "slug" : "xanh-reu",
      "label" : "",
      "images" : [ "681e21fdc47228653a983d38", "681e21fdc47228653a983d39", "681e21fdc47228653a983d3a", "681e21fdc47228653a983d3b" ]
    }, {
      "title" : "Trắng",
      "slug" : "trang",
      "label" : "",
      "images" : [ "681e21fec47228653a983d3c", "681e21fec47228653a983d3d", "681e21fec47228653a983d3e", "681e21fec47228653a983d3f" ]
    }, {
      "title" : "Xanh Navy",
      "slug" : "xanh-navy",
      "label" : "",
      "images" : [ "681e21fec47228653a983d40", "681e21fec47228653a983d41", "681e21fec47228653a983d42", "681e21ffc47228653a983d43" ]
    }, {
      "title" : "Xanh lá",
      "slug" : "xanh-la",
      "label" : "",
      "images" : [ "681e21ffc47228653a983d44", "681e21ffc47228653a983d45", "681e21ffc47228653a983d46", "681e21ffc47228653a983d47" ]
    }, {
      "title" : "Nâu be",
      "slug" : "nau-be",
      "label" : "",
      "images" : [ "681e21ffc47228653a983d48", "681e21ffc47228653a983d49", "681e21ffc47228653a983d4a", "681e2200c47228653a983d4b" ]
    }, {
      "title" : "Xám CastleRock",
      "slug" : "xam-castlerock",
      "label" : "",
      "images" : [ "681e2200c47228653a983d4c", "681e2200c47228653a983d4d", "681e2200c47228653a983d4e", "681e2200c47228653a983d4f" ]
    }, {
      "title" : "Vàng Golden Fleece",
      "slug" : "vang-golden-fleece",
      "label" : "",
      "images" : [ "681e2200c47228653a983d50", "681e2200c47228653a983d51", "681e2200c47228653a983d52", "681e2201c47228653a983d53" ]
    }, {
      "title" : "Xanh Glacier",
      "slug" : "xanh-glacier",
      "label" : "",
      "images" : [ "681e2201c47228653a983d54", "681e2201c47228653a983d55", "681e2201c47228653a983d56", "681e2201c47228653a983d57" ]
    }, {
      "title" : "Đỏ Chocolate Truffle",
      "slug" : "do-chocolate-truffle",
      "label" : "",
      "images" : [ "681e2201c47228653a983d58", "681e2201c47228653a983d59", "681e2201c47228653a983d5a", "681e2202c47228653a983d5b" ]
    }, {
      "title" : "Xanh Frosty Green",
      "slug" : "xanh-frosty-green",
      "label" : "",
      "images" : [ "681e2202c47228653a983d5c", "681e2202c47228653a983d5d", "681e2202c47228653a983d5e", "681e2202c47228653a983d5f" ]
    } ]
  } ],
  "collection_id" : "681ca1e22a59db3110ec0b8c",
  "display_order" : 296,
  "youtube_video" : "",
  "coming_soon" : false,
  "display_name_open" : "100% Cotton",
  "gender_type" : "MALE",
  "icon_thumbnail" : null,
  "compare_price" : 299000.0,
  "regular_price" : 259000.0
}