{
  "title" : "Áo Polo Nam Thể Thao Promax-S2",
  "vendor" : "5c482438000c695cfa6f8d22",
  "tags" : [ "CLEARANCE_SALE", "OUTLET" ],
  "options" : [ {
    "type" : "COLOR",
    "title" : "Màu Áo",
    "values" : [ "Xanh aqua", "Đen", "Trắng", "Neon", "Cam" ]
  }, {
    "type" : "SIZE",
    "title" : "Kích thước Áo",
    "values" : [ "S", "M", "L", "XL", "2XL", "3XL" ]
  } ],
  "images" : [ "681e21c6c47228653a983c49", "681e21c6c47228653a983c4a", "681e21c7c47228653a983c4b", "681e21c7c47228653a983c4c", "681e21c7c47228653a983c4d" ],
  "discount" : null,
  "seo_alias" : "ao-polo-the-thao-nam-promax-s2-logo-thoang-khi",
  "options_values" : [ {
    "title" : "Màu Áo",
    "type" : "COLOR",
    "options" : [ {
      "title" : "Xanh aqua",
      "slug" : "xanh-aqua",
      "label" : "",
      "images" : [ "681e21c7c47228653a983c4e", "681e21c7c47228653a983c4f", "681e21c7c47228653a983c50", "681e21c7c47228653a983c51", "681e21c8c47228653a983c52" ]
    }, {
      "title" : "Đen",
      "slug" : "den",
      "label" : "",
      "images" : [ "681e21c8c47228653a983c53", "681e21c8c47228653a983c54", "681e21c8c47228653a983c55", "681e21c8c47228653a983c56", "681e21c8c47228653a983c57" ]
    }, {
      "title" : "Trắng",
      "slug" : "trang",
      "label" : "",
      "images" : [ "681e21c8c47228653a983c58", "681e21c8c47228653a983c59", "681e21c8c47228653a983c5a", "681e21c8c47228653a983c5b", "681e21c8c47228653a983c5c" ]
    }, {
      "title" : "Neon",
      "slug" : "neon",
      "label" : "",
      "images" : [ "681e21c9c47228653a983c5d", "681e21c9c47228653a983c5e", "681e21c9c47228653a983c5f", "681e21c9c47228653a983c60", "681e21c9c47228653a983c61" ]
    }, {
      "title" : "Cam",
      "slug" : "cam",
      "label" : "",
      "images" : [ "681e21c9c47228653a983c62", "681e21cac47228653a983c63", "681e21cac47228653a983c64", "681e21cac47228653a983c65", "681e21cac47228653a983c66" ]
    } ]
  } ],
  "collection_id" : "681ca1e22a59db3110ec0b8c",
  "display_order" : 201,
  "youtube_video" : "",
  "coming_soon" : false,
  "display_name_open" : "Thoáng khí",
  "gender_type" : "MALE",
  "icon_thumbnail" : null,
  "compare_price" : 289000.0,
  "regular_price" : 139000.0
}