{
  "title" : "Áo Polo Nam Cafe Bo Kẻ",
  "vendor" : "5c482438000c695cfa6f8d22",
  "tags" : [ ],
  "options" : [ {
    "type" : "COLOR",
    "title" : "Màu sắc",
    "values" : [ "Nâu", "Rêu" ]
  }, {
    "type" : "SIZE",
    "title" : "Kích thước",
    "values" : [ "S", "M", "L", "XL", "2XL", "3XL" ]
  } ],
  "images" : [ "6825f95e0b6112518546119c", "6825f95e0b6112518546119d", "6825f95f0b6112518546119e", "6825f95f0b6112518546119f", "6825f95f0b611251854611a0", "6825f95f0b611251854611a1", "6825f95f0b611251854611a2", "6825f95f0b611251854611a3" ],
  "discount" : null,
  "seo_alias" : "ao-polo-nam-cafe-bo-ke-thoang-mat",
  "options_values" : [ {
    "title" : "Màu sắc",
    "type" : "COLOR",
    "options" : [ {
      "title" : "Nâu",
      "slug" : "nau",
      "label" : "",
      "images" : [ "6825f95f0b611251854611a4", "6825f9600b611251854611a5", "6825f9600b611251854611a6", "6825f9600b611251854611a7", "6825f9600b611251854611a8", "6825f9600b611251854611a9", "6825f9600b611251854611aa", "6825f9600b611251854611ab" ]
    }, {
      "title" : "Rêu",
      "slug" : "reu",
      "label" : "",
      "images" : [ "6825f9600b611251854611ac", "6825f9600b611251854611ad", "6825f9610b611251854611ae", "6825f9610b611251854611af", "6825f9610b611251854611b0", "6825f9610b611251854611b1", "6825f9610b611251854611b2" ]
    } ]
  } ],
  "collection_id" : "6825e97a8eaaa408c6aaf619",
  "display_order" : 381,
  "youtube_video" : "",
  "coming_soon" : false,
  "display_name_open" : "Chống UV",
  "gender_type" : "MALE",
  "icon_thumbnail" : null,
  "compare_price" : 329000.0,
  "regular_price" : 279000.0
}