{
  "title" : "Áo Polo Thể Thao Active Pique",
  "vendor" : "5c482438000c695cfa6f8d22",
  "tags" : [ ],
  "options" : [ {
    "type" : "COLOR",
    "title" : "Màu sắc",
    "values" : [ "Xanh dương", "Be", "Đen" ]
  }, {
    "type" : "SIZE",
    "title" : "Kích thước",
    "values" : [ "S", "M", "L", "XL", "2XL", "3XL" ]
  } ],
  "images" : [ "681e21cdc47228653a983c67", "681e21cdc47228653a983c68", "681e21cdc47228653a983c69", "681e21cec47228653a983c6a", "681e21cec47228653a983c6b", "681e21cec47228653a983c6c", "681e21cec47228653a983c6d", "681e21cec47228653a983c6e", "681e21cec47228653a983c6f" ],
  "discount" : null,
  "seo_alias" : "ao-polo-the-thao-active-pique-thoang-khi-exdry",
  "options_values" : [ {
    "title" : "Màu sắc",
    "type" : "COLOR",
    "options" : [ {
      "title" : "Xanh dương",
      "slug" : "xanh-duong",
      "label" : "",
      "images" : [ "681e21cec47228653a983c70", "681e21cec47228653a983c71", "681e21cec47228653a983c72", "681e21cec47228653a983c73", "681e21cfc47228653a983c74", "681e21cfc47228653a983c75", "681e21d0c47228653a983c76", "681e21d0c47228653a983c77", "681e21d0c47228653a983c78" ]
    }, {
      "title" : "Be",
      "slug" : "be",
      "label" : "",
      "images" : [ "681e21d0c47228653a983c79", "681e21d0c47228653a983c7a", "681e21d0c47228653a983c7b", "681e21d0c47228653a983c7c", "681e21d0c47228653a983c7d", "681e21d0c47228653a983c7e", "681e21d0c47228653a983c7f", "681e21d0c47228653a983c80", "681e21d1c47228653a983c81" ]
    }, {
      "title" : "Đen",
      "slug" : "den",
      "label" : "",
      "images" : [ "681e21d1c47228653a983c82", "681e21d1c47228653a983c83", "681e21d1c47228653a983c84", "681e21d1c47228653a983c85", "681e21d1c47228653a983c86", "681e21d1c47228653a983c87", "681e21d1c47228653a983c88", "681e21d2c47228653a983c89", "681e21d2c47228653a983c8a" ]
    } ]
  } ],
  "collection_id" : "681ca1e22a59db3110ec0b8c",
  "display_order" : 136,
  "youtube_video" : "",
  "coming_soon" : false,
  "display_name_open" : "ExDry - Thoáng khí",
  "gender_type" : "MALE",
  "icon_thumbnail" : null,
  "compare_price" : 239000.0,
  "regular_price" : 199000.0
}