{
  "title" : "Áo Polo Thể Thao Pro Active 1595 Phối Màu",
  "vendor" : "5c482438000c695cfa6f8d22",
  "tags" : [ "WORTH_BUYING", "BEST_SELLER" ],
  "options" : [ {
    "type" : "COLOR",
    "title" : "Màu sắc",
    "values" : [ "Đen", "Xanh Colony", "Trắng" ]
  }, {
    "type" : "SIZE",
    "title" : "Kích thước",
    "values" : [ "S", "M", "L", "XL", "2XL", "3XL" ]
  } ],
  "images" : [ "681e224ec47228653a983e79", "681e224fc47228653a983e7a", "681e224fc47228653a983e7b", "681e224fc47228653a983e7c", "681e224fc47228653a983e7d", "681e224fc47228653a983e7e", "681e224fc47228653a983e7f", "681e224fc47228653a983e80" ],
  "discount" : null,
  "seo_alias" : "ao-polo-the-thao-pro-active-1595-thoang-khi-ex-dry-phoi-mau",
  "options_values" : [ {
    "title" : "Màu sắc",
    "type" : "COLOR",
    "options" : [ {
      "title" : "Đen",
      "slug" : "den",
      "label" : "",
      "images" : [ "681e224fc47228653a983e81", "681e224fc47228653a983e82", "681e224fc47228653a983e83", "681e224fc47228653a983e84", "681e224fc47228653a983e85", "681e224fc47228653a983e86", "681e2250c47228653a983e87", "681e2250c47228653a983e88" ]
    }, {
      "title" : "Xanh Colony",
      "slug" : "xanh-colony",
      "label" : "",
      "images" : [ "681e2250c47228653a983e89", "681e2250c47228653a983e8a", "681e2250c47228653a983e8b", "681e2250c47228653a983e8c", "681e2250c47228653a983e8d", "681e2250c47228653a983e8e", "681e2250c47228653a983e8f", "681e2251c47228653a983e90" ]
    }, {
      "title" : "Trắng",
      "slug" : "trang",
      "label" : "",
      "images" : [ "681e2251c47228653a983e91", "681e2251c47228653a983e92", "681e2251c47228653a983e93", "681e2251c47228653a983e94", "681e2251c47228653a983e95", "681e2251c47228653a983e96", "681e2251c47228653a983e97", "681e2251c47228653a983e98" ]
    } ]
  } ],
  "collection_id" : "681ca1e22a59db3110ec0b8c",
  "display_order" : 380,
  "youtube_video" : "https://media.coolmate.me/uploads/videos/28polo1595videolisting.mp4",
  "coming_soon" : false,
  "display_name_open" : "ExDry",
  "gender_type" : "MALE",
  "icon_thumbnail" : null,
  "compare_price" : 249000.0,
  "regular_price" : 249000.0
}