{
  "title" : "Áo Polo Nam Cafe",
  "vendor" : "5c482438000c695cfa6f8d22",
  "tags" : [ "WORTH_BUYING" ],
  "options" : [ {
    "type" : "COLOR",
    "title" : "Màu sắc",
    "values" : [ "Đen", "Xám nhạt", "Xanh Navy", "Trắng" ]
  }, {
    "type" : "SIZE",
    "title" : "Kích thước Áo",
    "values" : [ "S", "M", "L", "XL", "2XL", "3XL" ]
  } ],
  "images" : [ "6825f8ff0b61125185461049", "6825f8ff0b6112518546104a", "6825f8ff0b6112518546104b", "6825f8ff0b6112518546104c", "6825f8ff0b6112518546104d", "6825f8ff0b6112518546104e", "6825f9000b6112518546104f", "6825f9000b61125185461050" ],
  "discount" : null,
  "seo_alias" : "ao-polo-nam-cafe",
  "options_values" : [ {
    "title" : "Màu sắc",
    "type" : "COLOR",
    "options" : [ {
      "title" : "Đen",
      "slug" : "den",
      "label" : "",
      "images" : [ "6825f9000b61125185461051", "6825f9000b61125185461052", "6825f9000b61125185461053", "6825f9000b61125185461054", "6825f9000b61125185461055", "6825f9000b61125185461056", "6825f9000b61125185461057", "6825f9010b61125185461058" ]
    }, {
      "title" : "Xám nhạt",
      "slug" : "xam-nhat",
      "label" : "",
      "images" : [ "6825f9010b61125185461059", "6825f9010b6112518546105a", "6825f9010b6112518546105b", "6825f9010b6112518546105c", "6825f9010b6112518546105d", "6825f9010b6112518546105e", "6825f9010b6112518546105f", "6825f9010b61125185461060" ]
    }, {
      "title" : "Xanh Navy",
      "slug" : "xanh-navy",
      "label" : "",
      "images" : [ "6825f9020b61125185461061" ]
    }, {
      "title" : "Trắng",
      "slug" : "trang",
      "label" : "",
      "images" : [ "6825f9020b61125185461062", "6825f9020b61125185461063", "6825f9020b61125185461064", "6825f9020b61125185461065", "6825f9020b61125185461066", "6825f9020b61125185461067", "6825f9020b61125185461068" ]
    } ]
  } ],
  "collection_id" : "6825e97a8eaaa408c6aaf619",
  "display_order" : 235,
  "youtube_video" : "https://mcdn.coolmate.me/uploads/videos/POLO_CAFE.mp4",
  "coming_soon" : false,
  "display_name_open" : "Khử Mùi / Kháng khuẩn",
  "gender_type" : "MALE",
  "icon_thumbnail" : null,
  "compare_price" : 329000.0,
  "regular_price" : 279000.0
}