{
  "title" : "Áo Polo Nam Thể Thao Promax-S2",
  "vendor" : "5c482438000c695cfa6f8d22",
  "tags" : [ "CLEARANCE_SALE", "OUTLET" ],
  "options" : [ {
    "type" : "COLOR",
    "title" : "Màu Áo",
    "values" : [ "Xanh aqua", "Đen", "Trắng", "Neon", "Cam" ]
  }, {
    "type" : "SIZE",
    "title" : "Kích thước Áo",
    "values" : [ "S", "M", "L", "XL", "2XL", "3XL" ]
  } ],
  "images" : [ "6825f8d60b61125185460f6f", "6825f8d60b61125185460f70", "6825f8d60b61125185460f71", "6825f8d60b61125185460f72", "6825f8d60b61125185460f73" ],
  "discount" : null,
  "seo_alias" : "ao-polo-the-thao-nam-promax-s2-logo-thoang-khi",
  "options_values" : [ {
    "title" : "Màu Áo",
    "type" : "COLOR",
    "options" : [ {
      "title" : "Xanh aqua",
      "slug" : "xanh-aqua",
      "label" : "",
      "images" : [ "6825f8d60b61125185460f74", "6825f8d70b61125185460f75", "6825f8d70b61125185460f76", "6825f8d70b61125185460f77", "6825f8d70b61125185460f78", "6825f8d70b61125185460f79", "6825f8d70b61125185460f7a" ]
    }, {
      "title" : "Đen",
      "slug" : "den",
      "label" : "",
      "images" : [ "6825f8d70b61125185460f7b", "6825f8d70b61125185460f7c", "6825f8d70b61125185460f7d", "6825f8d80b61125185460f7e", "6825f8d80b61125185460f7f", "6825f8d80b61125185460f80", "6825f8d80b61125185460f81" ]
    }, {
      "title" : "Trắng",
      "slug" : "trang",
      "label" : "",
      "images" : [ "6825f8d80b61125185460f82", "6825f8d80b61125185460f83", "6825f8d80b61125185460f84", "6825f8d80b61125185460f85", "6825f8d80b61125185460f86", "6825f8d80b61125185460f87", "6825f8d90b61125185460f88", "6825f8d90b61125185460f89" ]
    }, {
      "title" : "Neon",
      "slug" : "neon",
      "label" : "",
      "images" : [ "6825f8d90b61125185460f8a", "6825f8d90b61125185460f8b", "6825f8d90b61125185460f8c", "6825f8d90b61125185460f8d", "6825f8d90b61125185460f8e", "6825f8d90b61125185460f8f" ]
    }, {
      "title" : "Cam",
      "slug" : "cam",
      "label" : "",
      "images" : [ "6825f8d90b61125185460f90", "6825f8da0b61125185460f91", "6825f8da0b61125185460f92", "6825f8da0b61125185460f93", "6825f8da0b61125185460f94", "6825f8da0b61125185460f95", "6825f8da0b61125185460f96" ]
    } ]
  } ],
  "collection_id" : "6825e97a8eaaa408c6aaf619",
  "display_order" : 201,
  "youtube_video" : "",
  "coming_soon" : false,
  "display_name_open" : "Thoáng khí",
  "gender_type" : "MALE",
  "icon_thumbnail" : null,
  "compare_price" : 289000.0,
  "regular_price" : 139000.0
}