{
  "title" : "Combo 2 Quần Shorts Chạy Bộ Ultra Fast & Free II",
  "vendor" : "5c482438000c695cfa6f8d22",
  "tags" : [ "SAVING_PACKS" ],
  "options" : [ {
    "type" : "COLOR",
    "title" : "Màu sắc",
    "values" : [ "Mix màu 1", "Mix màu 2", "Mix màu 3", "Mix màu 4", "Đen", "Xanh Navy", "Xám nhạt", "Xanh Mosaic" ]
  }, {
    "type" : "SIZE",
    "title" : "Kích thước",
    "values" : [ "M", "L", "XL", "2XL", "3XL" ]
  } ],
  "images" : [ "681fed471f583b08bcb41231", "681fed471f583b08bcb41232", "681fed481f583b08bcb41233", "681fed481f583b08bcb41234", "681fed481f583b08bcb41235", "681fed481f583b08bcb41236", "681fed481f583b08bcb41237", "681fed481f583b08bcb41238" ],
  "discount" : null,
  "seo_alias" : "combo-2-quan-shorts-nam-chay-bo-ultra-fast-free-run-ii-exdry-nhanh-kho",
  "options_values" : [ {
    "title" : "Màu sắc",
    "type" : "COLOR",
    "options" : [ {
      "title" : "Mix màu 1",
      "slug" : "mix-mau-1",
      "label" : "",
      "images" : [ "681fed491f583b08bcb41239", "681fed491f583b08bcb4123a", "681fed491f583b08bcb4123b", "681fed491f583b08bcb4123c", "681fed491f583b08bcb4123d", "681fed491f583b08bcb4123e", "681fed491f583b08bcb4123f", "681fed491f583b08bcb41240" ]
    }, {
      "title" : "Mix màu 2",
      "slug" : "mix-mau-2",
      "label" : "",
      "images" : [ "681fed491f583b08bcb41241", "681fed491f583b08bcb41242", "681fed491f583b08bcb41243", "681fed491f583b08bcb41244", "681fed491f583b08bcb41245", "681fed4a1f583b08bcb41246", "681fed4a1f583b08bcb41247", "681fed4a1f583b08bcb41248" ]
    }, {
      "title" : "Mix màu 3",
      "slug" : "mix-mau-3",
      "label" : "",
      "images" : [ "681fed4a1f583b08bcb41249", "681fed4a1f583b08bcb4124a", "681fed4a1f583b08bcb4124b", "681fed4a1f583b08bcb4124c", "681fed4b1f583b08bcb4124d", "681fed4b1f583b08bcb4124e", "681fed4b1f583b08bcb4124f", "681fed4b1f583b08bcb41250" ]
    }, {
      "title" : "Mix màu 4",
      "slug" : "mix-mau-4",
      "label" : "",
      "images" : [ "681fed4c1f583b08bcb41251", "681fed4c1f583b08bcb41252", "681fed4c1f583b08bcb41253", "681fed4c1f583b08bcb41254", "681fed4c1f583b08bcb41255", "681fed4c1f583b08bcb41256", "681fed4c1f583b08bcb41257", "681fed4c1f583b08bcb41258" ]
    }, {
      "title" : "Đen",
      "slug" : "den",
      "label" : "",
      "images" : [ "681fed4c1f583b08bcb41259", "681fed4d1f583b08bcb4125a", "681fed4d1f583b08bcb4125b", "681fed4d1f583b08bcb4125c", "681fed4d1f583b08bcb4125d", "681fed4d1f583b08bcb4125e", "681fed4d1f583b08bcb4125f", "681fed4d1f583b08bcb41260" ]
    }, {
      "title" : "Xanh Navy",
      "slug" : "xanh-navy",
      "label" : "",
      "images" : [ "681fed4d1f583b08bcb41261", "681fed4d1f583b08bcb41262", "681fed4e1f583b08bcb41263", "681fed4e1f583b08bcb41264", "681fed4e1f583b08bcb41265", "681fed4e1f583b08bcb41266", "681fed4e1f583b08bcb41267", "681fed4e1f583b08bcb41268" ]
    }, {
      "title" : "Xám nhạt",
      "slug" : "xam-nhat",
      "label" : "",
      "images" : [ "681fed4e1f583b08bcb41269", "681fed4e1f583b08bcb4126a", "681fed4e1f583b08bcb4126b", "681fed4e1f583b08bcb4126c", "681fed4f1f583b08bcb4126d", "681fed4f1f583b08bcb4126e", "681fed4f1f583b08bcb4126f", "681fed4f1f583b08bcb41270" ]
    }, {
      "title" : "Xanh Mosaic",
      "slug" : "xanh-mosaic",
      "label" : "",
      "images" : [ "681fed4f1f583b08bcb41271", "681fed4f1f583b08bcb41272", "681fed4f1f583b08bcb41273", "681fed4f1f583b08bcb41274", "681fed4f1f583b08bcb41275", "681fed4f1f583b08bcb41276", "681fed501f583b08bcb41277", "681fed501f583b08bcb41278" ]
    } ]
  } ],
  "collection_id" : "681ca2ed2a59db3110ec0b9b",
  "display_order" : 244,
  "youtube_video" : "",
  "coming_soon" : false,
  "display_name_open" : "ExDry - Nhanh khô",
  "gender_type" : "MALE",
  "icon_thumbnail" : null,
  "compare_price" : 498000.0,
  "regular_price" : 399000.0
}