{
  "title" : "Quần Shorts Chạy Bộ 5 inch Essentials",
  "vendor" : "5c482438000c695cfa6f8d22",
  "tags" : [ ],
  "options" : [ {
    "type" : "COLOR",
    "title" : "Màu sắc",
    "values" : [ "Cam", "Đỏ" ]
  }, {
    "type" : "SIZE",
    "title" : "Kích thước",
    "values" : [ "M", "L", "XL", "2XL", "3XL" ]
  } ],
  "images" : [ "681fed431f583b08bcb41218", "681fed431f583b08bcb41219", "681fed431f583b08bcb4121a", "681fed431f583b08bcb4121b", "681fed431f583b08bcb4121c", "681fed431f583b08bcb4121d", "681fed431f583b08bcb4121e" ],
  "discount" : null,
  "seo_alias" : "quan-shorts-nam-chay-bo-essentials-5-sieu-nhe-nhanh-kho",
  "options_values" : [ {
    "title" : "Màu sắc",
    "type" : "COLOR",
    "options" : [ {
      "title" : "Cam",
      "slug" : "cam",
      "label" : "",
      "images" : [ "681fed441f583b08bcb4121f", "681fed441f583b08bcb41220", "681fed441f583b08bcb41221", "681fed441f583b08bcb41222", "681fed441f583b08bcb41223", "681fed441f583b08bcb41224", "681fed441f583b08bcb41225" ]
    }, {
      "title" : "Đỏ",
      "slug" : "do",
      "label" : "",
      "images" : [ "681fed441f583b08bcb41226", "681fed441f583b08bcb41227", "681fed441f583b08bcb41228", "681fed441f583b08bcb41229", "681fed441f583b08bcb4122a", "681fed441f583b08bcb4122b", "681fed441f583b08bcb4122c" ]
    } ]
  } ],
  "collection_id" : "681ca2ed2a59db3110ec0b9b",
  "display_order" : 456,
  "youtube_video" : "",
  "coming_soon" : false,
  "display_name_open" : "ExDry",
  "gender_type" : "MALE",
  "icon_thumbnail" : null,
  "compare_price" : 189000.0,
  "regular_price" : 159000.0
}