{
  "title" : "Quần Dài Nam Tháo Ống UT Pants 2 in 1",
  "vendor" : "5c482438000c695cfa6f8d22",
  "tags" : [ "BEST_SELLER", "WORTH_BUYING" ],
  "options" : [ {
    "type" : "COLOR",
    "title" : "Màu sắc",
    "values" : [ "Xanh bóng đêm", "Đen" ]
  }, {
    "type" : "SIZE",
    "title" : "Kích thước",
    "values" : [ "M", "L", "XL", "2XL", "3XL" ]
  } ],
  "images" : [ "681fedab1f583b08bcb41404", "681fedab1f583b08bcb41405", "681fedab1f583b08bcb41406", "681fedab1f583b08bcb41407" ],
  "discount" : null,
  "seo_alias" : "quan-dai-nam-khop-noi-ut-pants-2-in-1-thao-ong-da-nang",
  "options_values" : [ {
    "title" : "Màu sắc",
    "type" : "COLOR",
    "options" : [ {
      "title" : "Xanh bóng đêm",
      "slug" : "xanh-bong-dem",
      "label" : "",
      "images" : [ "681fedab1f583b08bcb41408", "681fedab1f583b08bcb41409", "681fedab1f583b08bcb4140a", "681fedac1f583b08bcb4140b" ]
    }, {
      "title" : "Đen",
      "slug" : "den",
      "label" : "",
      "images" : [ "681fedac1f583b08bcb4140c", "681fedac1f583b08bcb4140d", "681fedac1f583b08bcb4140e", "681fedac1f583b08bcb4140f" ]
    } ]
  } ],
  "collection_id" : "681ca2ed2a59db3110ec0b9b",
  "display_order" : 292,
  "youtube_video" : "https://mcdn.coolmate.me/uploads/videos/webutpant2in1.mp4",
  "coming_soon" : false,
  "display_name_open" : "Tháo ống linh hoạt",
  "gender_type" : "MALE",
  "icon_thumbnail" : null,
  "compare_price" : 790000.0,
  "regular_price" : 669000.0
}