{
  "title" : "Quần shorts nam chạy bộ CoolFast 5 inch",
  "vendor" : "",
  "tags" : [ ],
  "options" : [ {
    "type" : "COLOR",
    "title" : "Màu sắc",
    "values" : [ "Đen", "Xanh Coban", "Xanh bóng đêm" ]
  }, {
    "type" : "SIZE",
    "title" : "Kích thước",
    "values" : [ "M", "L", "XL", "2XL", "3Xl" ]
  } ],
  "images" : [ "681fed411f583b08bcb4120c", "681fed411f583b08bcb4120d", "681fed411f583b08bcb4120e" ],
  "discount" : null,
  "seo_alias" : "quan-shorts-nam-chay-bo-coolfast-5-inch",
  "options_values" : [ {
    "title" : "Màu sắc",
    "type" : "COLOR",
    "options" : [ {
      "title" : "Đen",
      "slug" : "den",
      "label" : "",
      "images" : [ "681fed411f583b08bcb4120f", "681fed411f583b08bcb41210", "681fed411f583b08bcb41211" ]
    }, {
      "title" : "Xanh Coban",
      "slug" : "xanh-coban",
      "label" : "",
      "images" : [ "681fed411f583b08bcb41212", "681fed411f583b08bcb41213", "681fed411f583b08bcb41214" ]
    }, {
      "title" : "Xanh bóng đêm",
      "slug" : "xanh-bong-dem",
      "label" : "",
      "images" : [ "681fed411f583b08bcb41215", "681fed411f583b08bcb41216", "681fed411f583b08bcb41217" ]
    } ]
  } ],
  "collection_id" : "681ca2ed2a59db3110ec0b9b",
  "display_order" : 434,
  "youtube_video" : "https://media3.coolmate.me/uploads/videos/quan_chay_coolfast.mp4",
  "coming_soon" : false,
  "display_name_open" : "ExDry - Thoáng khí",
  "gender_type" : "MALE",
  "icon_thumbnail" : null,
  "compare_price" : 349000.0,
  "regular_price" : 349000.0
}