{
  "title" : "Quần Jogger Thể Thao ExDry",
  "vendor" : "5c482438000c695cfa6f8d22",
  "tags" : [ "BEST_SELLER", "WORTH_BUYING" ],
  "options" : [ {
    "type" : "COLOR",
    "title" : "Màu sắc",
    "values" : [ "Đen", "Xám đậm", "Xanh Nephrite" ]
  }, {
    "type" : "SIZE",
    "title" : "Kích thước",
    "values" : [ "M", "L", "XL", "2XL", "3XL" ]
  } ],
  "images" : [ "681feda61f583b08bcb413ec", "681feda61f583b08bcb413ed", "681feda61f583b08bcb413ee", "681feda61f583b08bcb413ef", "681feda71f583b08bcb413f0", "681feda71f583b08bcb413f1" ],
  "discount" : null,
  "seo_alias" : "quan-jogger-the-thao-nam-co-gian-tham-hut-exdry",
  "options_values" : [ {
    "title" : "Màu sắc",
    "type" : "COLOR",
    "options" : [ {
      "title" : "Đen",
      "slug" : "den",
      "label" : "",
      "images" : [ "681feda71f583b08bcb413f2", "681feda71f583b08bcb413f3", "681feda71f583b08bcb413f4", "681feda71f583b08bcb413f5", "681feda71f583b08bcb413f6", "681feda81f583b08bcb413f7" ]
    }, {
      "title" : "Xám đậm",
      "slug" : "xam-dam",
      "label" : "",
      "images" : [ "681feda81f583b08bcb413f8", "681feda81f583b08bcb413f9", "681feda81f583b08bcb413fa", "681feda81f583b08bcb413fb", "681feda81f583b08bcb413fc", "681feda81f583b08bcb413fd" ]
    }, {
      "title" : "Xanh Nephrite",
      "slug" : "xanh-nephrite",
      "label" : "",
      "images" : [ "681feda81f583b08bcb413fe", "681feda81f583b08bcb413ff", "681feda81f583b08bcb41400", "681feda81f583b08bcb41401", "681feda81f583b08bcb41402", "681feda81f583b08bcb41403" ]
    } ]
  } ],
  "collection_id" : "681ca2ed2a59db3110ec0b9b",
  "display_order" : 280,
  "youtube_video" : "",
  "coming_soon" : false,
  "display_name_open" : "Co giãn - Nhanh khô ExDry",
  "gender_type" : "MALE",
  "icon_thumbnail" : null,
  "compare_price" : 329000.0,
  "regular_price" : 329000.0
}