{
  "title" : "Quần Shorts Chạy Bộ Economy II",
  "vendor" : "5c482438000c695cfa6f8d22",
  "tags" : [ ],
  "options" : [ {
    "type" : "COLOR",
    "title" : "Màu Quần",
    "values" : [ "Xanh ngọc", "Xám đậm", "Đen", "Xám nhạt", "Xanh rêu", "Xanh Navy" ]
  }, {
    "type" : "SIZE",
    "title" : "Kích thước Quần",
    "values" : [ "M", "L", "XL", "2XL", "3XL" ]
  } ],
  "images" : [ "681fed021f583b08bcb410cf", "681fed021f583b08bcb410d0", "681fed021f583b08bcb410d1", "681fed021f583b08bcb410d2", "681fed021f583b08bcb410d3", "681fed021f583b08bcb410d4" ],
  "discount" : null,
  "seo_alias" : "quan-shorts-chay-bo-economy-ii",
  "options_values" : [ {
    "title" : "Màu Quần",
    "type" : "COLOR",
    "options" : [ {
      "title" : "Xanh ngọc",
      "slug" : "xanh-ngoc",
      "label" : "",
      "images" : [ "681fed031f583b08bcb410d5", "681fed031f583b08bcb410d6", "681fed031f583b08bcb410d7", "681fed041f583b08bcb410d8", "681fed041f583b08bcb410d9", "681fed041f583b08bcb410da" ]
    }, {
      "title" : "Xám đậm",
      "slug" : "xam-dam",
      "label" : "",
      "images" : [ "681fed041f583b08bcb410db", "681fed041f583b08bcb410dc", "681fed041f583b08bcb410dd", "681fed041f583b08bcb410de", "681fed041f583b08bcb410df", "681fed041f583b08bcb410e0" ]
    }, {
      "title" : "Đen",
      "slug" : "den",
      "label" : "",
      "images" : [ "681fed041f583b08bcb410e1", "681fed041f583b08bcb410e2", "681fed041f583b08bcb410e3", "681fed051f583b08bcb410e4", "681fed051f583b08bcb410e5", "681fed051f583b08bcb410e6" ]
    }, {
      "title" : "Xám nhạt",
      "slug" : "xam-nhat",
      "label" : "",
      "images" : [ "681fed051f583b08bcb410e7", "681fed051f583b08bcb410e8", "681fed051f583b08bcb410e9", "681fed051f583b08bcb410ea", "681fed051f583b08bcb410eb", "681fed051f583b08bcb410ec" ]
    }, {
      "title" : "Xanh rêu",
      "slug" : "xanh-reu",
      "label" : "",
      "images" : [ "681fed061f583b08bcb410ed", "681fed061f583b08bcb410ee", "681fed061f583b08bcb410ef", "681fed061f583b08bcb410f0", "681fed061f583b08bcb410f1", "681fed061f583b08bcb410f2" ]
    }, {
      "title" : "Xanh Navy",
      "slug" : "xanh-navy",
      "label" : "",
      "images" : [ "681fed061f583b08bcb410f3", "681fed061f583b08bcb410f4", "681fed061f583b08bcb410f5", "681fed061f583b08bcb410f6", "681fed061f583b08bcb410f7", "681fed061f583b08bcb410f8" ]
    } ]
  } ],
  "collection_id" : "681ca2ed2a59db3110ec0b9b",
  "display_order" : 376,
  "youtube_video" : "",
  "coming_soon" : false,
  "display_name_open" : "Thoáng mát",
  "gender_type" : "MALE",
  "icon_thumbnail" : null,
  "compare_price" : 149000.0,
  "regular_price" : 129000.0
}