{
  "title" : "Quần Shorts chạy bộ Advanced Vent Tech",
  "vendor" : "",
  "tags" : [ ],
  "options" : [ {
    "type" : "COLOR",
    "title" : "Màu sắc",
    "values" : [ "Xám đậm", "Xám nhạt", "Rêu" ]
  }, {
    "type" : "SIZE",
    "title" : "Kích thước",
    "values" : [ "M", "L", "XL", "2XL", "3Xl" ]
  } ],
  "images" : [ "681fed131f583b08bcb41121", "681fed131f583b08bcb41122", "681fed131f583b08bcb41123", "681fed131f583b08bcb41124" ],
  "discount" : null,
  "seo_alias" : "quan-shorts-chay-bo-advanced-vent-tech",
  "options_values" : [ {
    "title" : "Màu sắc",
    "type" : "COLOR",
    "options" : [ {
      "title" : "Xám đậm",
      "slug" : "xam-dam",
      "label" : "",
      "images" : [ "681fed131f583b08bcb41125", "681fed131f583b08bcb41126", "681fed131f583b08bcb41127", "681fed131f583b08bcb41128" ]
    }, {
      "title" : "Xám nhạt",
      "slug" : "xam-nhat",
      "label" : "",
      "images" : [ "681fed131f583b08bcb41129", "681fed131f583b08bcb4112a", "681fed131f583b08bcb4112b", "681fed141f583b08bcb4112c" ]
    }, {
      "title" : "Rêu",
      "slug" : "reu",
      "label" : "",
      "images" : [ "681fed141f583b08bcb4112d", "681fed141f583b08bcb4112e", "681fed141f583b08bcb4112f", "681fed141f583b08bcb41130" ]
    } ]
  } ],
  "collection_id" : "681ca2ed2a59db3110ec0b9b",
  "display_order" : 356,
  "youtube_video" : "",
  "coming_soon" : false,
  "display_name_open" : "ExDry - Thoáng khí",
  "gender_type" : "MALE",
  "icon_thumbnail" : null,
  "compare_price" : 239000.0,
  "regular_price" : 199000.0
}