{
  "title" : "Quần Shorts Chạy Bộ 7 inch Essentials",
  "vendor" : "5c482438000c695cfa6f8d22",
  "tags" : [ ],
  "options" : [ {
    "type" : "COLOR",
    "title" : "Màu sắc",
    "values" : [ "Cam" ]
  }, {
    "type" : "SIZE",
    "title" : "Kích thước",
    "values" : [ "M", "L", "XL", "2XL", "3XL" ]
  } ],
  "images" : [ "681fed3e1f583b08bcb41200", "681fed3e1f583b08bcb41201", "681fed3e1f583b08bcb41202", "681fed3e1f583b08bcb41203", "681fed3e1f583b08bcb41204", "681fed3e1f583b08bcb41205" ],
  "discount" : null,
  "seo_alias" : "quan-shorts-nam-chay-bo-essentials-7-co-gian-nhanh-kho",
  "options_values" : [ {
    "title" : "Màu sắc",
    "type" : "COLOR",
    "options" : [ {
      "title" : "Cam",
      "slug" : "cam",
      "label" : "",
      "images" : [ "681fed3e1f583b08bcb41206", "681fed3e1f583b08bcb41207", "681fed3e1f583b08bcb41208", "681fed3e1f583b08bcb41209", "681fed3f1f583b08bcb4120a", "681fed3f1f583b08bcb4120b" ]
    } ]
  } ],
  "collection_id" : "681ca2ed2a59db3110ec0b9b",
  "display_order" : 418,
  "youtube_video" : "",
  "coming_soon" : false,
  "display_name_open" : "ExDry",
  "gender_type" : "MALE",
  "icon_thumbnail" : null,
  "compare_price" : 219000.0,
  "regular_price" : 189000.0
}