{
  "title" : "Túi Coolmate Clean Bag",
  "vendor" : "5c482438000c695cfa6f8d22",
  "tags" : [ "CLEARANCE_SALE" ],
  "options" : [ {
    "type" : "COLOR",
    "title" : "Màu sắc",
    "values" : [ "Xám đen", "Đỏ", "Cam", "Xanh", "Xanh lá đậm " ]
  } ],
  "images" : [ "681fdf831f583b08bcb3ff22", "681fdf831f583b08bcb3ff23", "681fdf831f583b08bcb3ff24", "681fdf841f583b08bcb3ff25", "681fdf841f583b08bcb3ff26", "681fdf841f583b08bcb3ff27", "681fdf841f583b08bcb3ff28", "681fdf841f583b08bcb3ff29", "681fdf841f583b08bcb3ff2a", "681fdf841f583b08bcb3ff2b", "681fdf851f583b08bcb3ff2c", "681fdf851f583b08bcb3ff2d", "681fdf851f583b08bcb3ff2e" ],
  "discount" : null,
  "seo_alias" : "tui-coolmate-clean-bag-1",
  "options_values" : [ {
    "title" : "Màu sắc",
    "type" : "COLOR",
    "options" : [ {
      "title" : "Xám đen",
      "slug" : "xam-den",
      "label" : "",
      "images" : [ "681fdf851f583b08bcb3ff2f", "681fdf851f583b08bcb3ff30", "681fdf851f583b08bcb3ff31", "681fdf851f583b08bcb3ff32", "681fdf851f583b08bcb3ff33", "681fdf861f583b08bcb3ff34", "681fdf861f583b08bcb3ff35", "681fdf861f583b08bcb3ff36", "681fdf861f583b08bcb3ff37", "681fdf861f583b08bcb3ff38", "681fdf861f583b08bcb3ff39", "681fdf861f583b08bcb3ff3a", "681fdf861f583b08bcb3ff3b" ]
    }, {
      "title" : "Đỏ",
      "slug" : "do",
      "label" : "",
      "images" : [ "681fdf861f583b08bcb3ff3c", "681fdf861f583b08bcb3ff3d", "681fdf861f583b08bcb3ff3e", "681fdf871f583b08bcb3ff3f", "681fdf871f583b08bcb3ff40", "681fdf871f583b08bcb3ff41", "681fdf871f583b08bcb3ff42", "681fdf871f583b08bcb3ff43", "681fdf871f583b08bcb3ff44", "681fdf871f583b08bcb3ff45", "681fdf871f583b08bcb3ff46", "681fdf871f583b08bcb3ff47", "681fdf871f583b08bcb3ff48" ]
    }, {
      "title" : "Cam",
      "slug" : "cam",
      "label" : "",
      "images" : [ "681fdf881f583b08bcb3ff49", "681fdf881f583b08bcb3ff4a", "681fdf881f583b08bcb3ff4b", "681fdf881f583b08bcb3ff4c", "681fdf881f583b08bcb3ff4d", "681fdf891f583b08bcb3ff4e", "681fdf891f583b08bcb3ff4f", "681fdf891f583b08bcb3ff50", "681fdf891f583b08bcb3ff51", "681fdf891f583b08bcb3ff52", "681fdf891f583b08bcb3ff53", "681fdf891f583b08bcb3ff54", "681fdf891f583b08bcb3ff55" ]
    }, {
      "title" : "Xanh",
      "slug" : "xanh",
      "label" : "",
      "images" : [ "681fdf891f583b08bcb3ff56", "681fdf891f583b08bcb3ff57", "681fdf891f583b08bcb3ff58", "681fdf891f583b08bcb3ff59", "681fdf891f583b08bcb3ff5a", "681fdf8a1f583b08bcb3ff5b", "681fdf8a1f583b08bcb3ff5c", "681fdf8a1f583b08bcb3ff5d", "681fdf8a1f583b08bcb3ff5e", "681fdf8a1f583b08bcb3ff5f", "681fdf8a1f583b08bcb3ff60", "681fdf8a1f583b08bcb3ff61", "681fdf8a1f583b08bcb3ff62" ]
    }, {
      "title" : "Xanh lá đậm ",
      "slug" : "xanh-la-dam",
      "label" : "",
      "images" : null
    } ]
  } ],
  "collection_id" : "681ca21a2a59db3110ec0b91",
  "display_order" : 167,
  "youtube_video" : "",
  "coming_soon" : false,
  "display_name_open" : "",
  "gender_type" : "MALE",
  "icon_thumbnail" : null,
  "compare_price" : 49000.0,
  "regular_price" : 29000.0
}