{
  "title" : "Tất lười No show socks",
  "vendor" : "5c482438000c695cfa6f8d22",
  "tags" : [ "NEW" ],
  "options" : [ {
    "type" : "COLOR",
    "title" : "Màu sắc",
    "values" : [ "Trắng - Ghi sáng", "Đen - Ghi đậm", "Ghi sáng - Ghi đậm" ]
  } ],
  "images" : [ "681fded31f583b08bcb3fc06", "681fded31f583b08bcb3fc07", "681fded31f583b08bcb3fc08", "681fded31f583b08bcb3fc09", "681fded31f583b08bcb3fc0a", "681fded41f583b08bcb3fc0b" ],
  "discount" : null,
  "seo_alias" : "tat-luoi-no-show-socks",
  "options_values" : [ {
    "title" : "Màu sắc",
    "type" : "COLOR",
    "options" : [ {
      "title" : "Trắng - Ghi sáng",
      "slug" : "trang-ghi-sang",
      "label" : "",
      "images" : null
    }, {
      "title" : "Đen - Ghi đậm",
      "slug" : "den-ghi-dam",
      "label" : "",
      "images" : null
    }, {
      "title" : "Ghi sáng - Ghi đậm",
      "slug" : "ghi-sang-ghi-dam",
      "label" : "",
      "images" : null
    } ]
  } ],
  "collection_id" : "681ca21a2a59db3110ec0b91",
  "display_order" : 999,
  "youtube_video" : "",
  "coming_soon" : false,
  "display_name_open" : "",
  "gender_type" : "MALE",
  "icon_thumbnail" : null,
  "compare_price" : 49000.0,
  "regular_price" : 39000.0
}