[
  {
    "_id": null,
    "apply_allowance_inventory": true,
    "id": "672de6df4bee250f6a434fb9",
    "title": "Quần Long Leg Co giãn",
    "seo_alias": "quan-lot-nam-long-leg-the-co-gian",
    "vendor": "5c482438000c695cfa6f8d22",
    "tags": [],
    "options": [
      {
        "title": "Màu sắc",
        "type": "COLOR",
        "values": [
          "Xám"
        ]
      },
      {
        "title": "Size",
        "type": "SIZE",
        "values": [
          "M",
          "L",
          "XL",
          "2XL",
          "3XL"
        ]
      }
    ],
    "options_values": [
      {
        "title": "Màu sắc",
        "type": "COLOR",
        "options": [
          {
            "title": "Xám",
            "slug": "xam",
            "label": "",
            "images": [
              {
                "id": "3a310888",
                "src": "/image/November2024/24CMHU.LL001-XAM-7_20.jpg"
              },
              {
                "id": "4d36b90b",
                "src": "/image/November2024/24CMHU.LL001-XAM-8_33.jpg"
              },
              {
                "id": "51e934ea",
                "src": "/image/November2024/24CMHU.LL001-XAM_3.JPG"
              },
              {
                "id": "dc96dfd5",
                "src": "/image/November2024/24CMHU.LL001-Xam_6.JPG"
              },
              {
                "id": "0a5de5bd",
                "src": "/image/November2024/24CMHU.LL001-Xam_5.JPG"
              },
              {
                "id": "9d649d76",
                "src": "/image/November2024/24CMHU.LL001-XAM_2.JPG"
              },
              {
                "id": "5c0564a3",
                "src": "/image/November2024/24CMHU.LL001-XAM_1.JPG"
              },
              {
                "id": "a129f814",
                "src": "/image/November2024/XAM-9.jpg"
              }
            ]
          },
          {
            "title": "Đen",
            "slug": "den",
            "label": "",
            "images": [
              {
                "id": "cbd37e69",
                "src": "/image/November2024/24CMHU.LL001-DEN-8_52.jpg"
              },
              {
                "id": "2c9ac701",
                "src": "/image/November2024/24CMHU.LL001-DEN-9_17.jpg"
              },
              {
                "id": "d453d6d7",
                "src": "/image/November2024/24CMHU.LL001-DEN_1.JPG"
              },
              {
                "id": "32e8e221",
                "src": "/image/November2024/24CMHU.LL001-DEN_5.JPG"
              },
              {
                "id": "f9579644",
                "src": "/image/November2024/24CMHU.LL001-DEN_7.JPG"
              },
              {
                "id": "2f309aad",
                "src": "/image/November2024/24CMHU.LL001-DEN_3.JPG"
              },
              {
                "id": "c4132c0d",
                "src": "/image/November2024/24CMHU.LL001-DEN_6.JPG"
              },
              {
                "id": "f52ea2f4",
                "src": "/image/November2024/DEN_4.JPG"
              }
            ]
          }
        ],
        "values": [
          "Xám",
          "Đen"
        ]
      }
    ],
    "images": [
      {
        "id": "3a310888",
        "src": "/image/November2024/24CMHU.LL001-XAM-7_20.jpg"
      },
      {
        "id": "4d36b90b",
        "src": "/image/November2024/24CMHU.LL001-XAM-8_33.jpg"
      },
      {
        "id": "51e934ea",
        "src": "/image/November2024/24CMHU.LL001-XAM_3.JPG"
      },
      {
        "id": "dc96dfd5",
        "src": "/image/November2024/24CMHU.LL001-Xam_6.JPG"
      },
      {
        "id": "0a5de5bd",
        "src": "/image/November2024/24CMHU.LL001-Xam_5.JPG"
      },
      {
        "id": "9d649d76",
        "src": "/image/November2024/24CMHU.LL001-XAM_2.JPG"
      },
      {
        "id": "5c0564a3",
        "src": "/image/November2024/24CMHU.LL001-XAM_1.JPG"
      },
      {
        "id": "a129f814",
        "src": "/image/November2024/XAM-9.jpg"
      }
    ],
    "onsale": true,
    "available": true,
    "collections": [
      "64376ec516a25f35bc16c1eb",
      "62bd4e92e5272114a7439e97",
      "64f8395721033c4663675712",
      "6683bc0b72892d744b53e401",
      "643e4a2b1c88ae681353e0e0",
      "66bf27f59b75a4281c74f1e2",
      "672c859781c84f290353c261",
      "6740229474050316951c83d4",
      "6740053c247aed176734bd3b",
      "6757afb4e87a57575f5def4b",
      "5c40244248e13031079e2363",
      "6746d667386990018f228f18",
      "67b2af8de818f82910825226",
      "6757b177ae935404bb11801f",
      "6740229474050316951c83d4",
      "6740053c247aed176734bd3b",
      "67e24040aa8167278930d133"
    ],
    "price": 169000,
    "compare_price": 199000,
    "preorder": false,
    "pricing": [
      {
        "discount_quantity": 2,
        "discount_price": 139000
      }
    ],
    "is_pricing": false,
    "is_combo": false,
    "display_order": 22,
    "sale_number": 13,
    "is_color_image_option": false,
    "youtube_video": "",
    "addon_note": "",
    "review": {
      "count": 8,
      "avg": 9.8,
      "ratingValue": 4.9,
      "ratingCount": 8,
      "reviewCount": 8,
      "bestRating": 5,
      "worstRating": 4
    },
    "coming_soon": false,
    "display_name": "Quần Long Leg Co giãn",
    "display_name_open": "Ex-Dry",
    "variants": [
      {
        "_id": "672dec90031411430a54e2aa",
        "id": "a64642dd",
        "product_id": "672de6df4bee250f6a434fb9",
        "title": "Đen / XL",
        "regular_price": 169000,
        "compare_price": 199000,
        "quantity": 152,
        "option1": "Đen",
        "option2": "XL",
        "option3": "",
        "option4": "",
        "sync_product": [
          {
            "label": "24CMHU.LL001.DEN.XL_Quần Long Leg co giãn - Đen - XL",
            "value": "1000015991",
            "nhanh_id": "1000015991",
            "item_name": "Quần Long Leg co giãn - Đen - XL",
            "item_category2": "",
            "item_category": "Long leg"
          }
        ],
        "hide": false,
        "pending": 0,
        "based_product_id": null,
        "product_stoppage": false,
        "product_visibility": true,
        "product_allow_buy_hidden": false,
        "product_exclude_discount": false,
        "product_apply_allowance_inventory": true,
        "available": true,
        "product_title": "Quần Long Leg Co giãn",
        "display_collections_variant": 1000
      },
      {
        "_id": "672dec95031411430a54e2b0",
        "id": "4db40ed1",
        "product_id": "672de6df4bee250f6a434fb9",
        "title": "Xám / 2XL",
        "regular_price": 169000,
        "compare_price": 199000,
        "quantity": 96,
        "option1": "Xám",
        "option2": "2XL",
        "option3": "",
        "option4": "",
        "sync_product": [
          {
            "label": "24CMHU.LL001.XAD.2XL_Quần Long Leg co giãn - Xám đậm - 2XL",
            "value": "1000015993",
            "nhanh_id": "1000015993",
            "item_name": "Quần Long Leg co giãn - Xám đậm - 2XL",
            "item_category2": "",
            "item_category": "Long leg"
          }
        ],
        "hide": false,
        "pending": 0,
        "based_product_id": null,
        "product_stoppage": false,
        "product_visibility": true,
        "product_allow_buy_hidden": false,
        "product_exclude_discount": false,
        "product_apply_allowance_inventory": true,
        "available": true,
        "product_title": "Quần Long Leg Co giãn",
        "display_collections_variant": 1000
      },
      {
        "_id": "672dec94031411430a54e2af",
        "id": "0c81bb51",
        "product_id": "672de6df4bee250f6a434fb9",
        "title": "Xám / XL",
        "regular_price": 169000,
        "compare_price": 199000,
        "quantity": 128,
        "option1": "Xám",
        "option2": "XL",
        "option3": "",
        "option4": "",
        "sync_product": [
          {
            "label": "24CMHU.LL001.XAD.XL_Quần Long Leg co giãn - Xám đậm - XL",
            "value": "1000015992",
            "nhanh_id": "1000015992",
            "item_name": "Quần Long Leg co giãn - Xám đậm - XL",
            "item_category2": "",
            "item_category": "Long leg"
          }
        ],
        "hide": false,
        "pending": 0,
        "based_product_id": null,
        "product_stoppage": false,
        "product_visibility": true,
        "product_allow_buy_hidden": false,
        "product_exclude_discount": false,
        "product_apply_allowance_inventory": true,
        "available": true,
        "product_title": "Quần Long Leg Co giãn",
        "display_collections_variant": 1000
      },
      {
        "_id": "672dec93031411430a54e2ae",
        "id": "9cbd6b92",
        "product_id": "672de6df4bee250f6a434fb9",
        "title": "Xám / L",
        "regular_price": 169000,
        "compare_price": 199000,
        "quantity": 92,
        "option1": "Xám",
        "option2": "L",
        "option3": "",
        "option4": "",
        "sync_product": [
          {
            "label": "24CMHU.LL001.XAD.L_Quần Long Leg co giãn - Xám đậm - L",
            "value": "1000015985",
            "nhanh_id": "1000015985",
            "item_name": "Quần Long Leg co giãn - Xám đậm - L",
            "item_category2": "",
            "item_category": "Long leg"
          }
        ],
        "hide": false,
        "pending": 0,
        "based_product_id": null,
        "product_stoppage": false,
        "product_visibility": true,
        "product_allow_buy_hidden": false,
        "product_exclude_discount": false,
        "product_apply_allowance_inventory": true,
        "available": true,
        "product_title": "Quần Long Leg Co giãn",
        "display_collections_variant": 1000
      },
      {
        "_id": "672dec92031411430a54e2ad",
        "id": "eaa1d111",
        "product_id": "672de6df4bee250f6a434fb9",
        "title": "Xám / M",
        "regular_price": 169000,
        "compare_price": 199000,
        "quantity": 77,
        "option1": "Xám",
        "option2": "M",
        "option3": "",
        "option4": "",
        "sync_product": [
          {
            "label": "24CMHU.LL001.XAD.M_Quần Long Leg co giãn - Xám đậm - M",
            "value": "1000015988",
            "nhanh_id": "1000015988",
            "item_name": "Quần Long Leg co giãn - Xám đậm - M",
            "item_category2": "",
            "item_category": "Long leg"
          }
        ],
        "hide": false,
        "pending": 0,
        "based_product_id": null,
        "product_stoppage": false,
        "product_visibility": true,
        "product_allow_buy_hidden": false,
        "product_exclude_discount": false,
        "product_apply_allowance_inventory": true,
        "available": true,
        "product_title": "Quần Long Leg Co giãn",
        "display_collections_variant": 1000
      },
      {
        "_id": "672dec92031411430a54e2ac",
        "id": "cab73326",
        "product_id": "672de6df4bee250f6a434fb9",
        "title": "Đen / 3XL",
        "regular_price": 169000,
        "compare_price": 199000,
        "quantity": 192,
        "option1": "Đen",
        "option2": "3XL",
        "option3": "",
        "option4": "",
        "sync_product": [
          {
            "label": "24CMHU.LL001.DEN.3XL_Quần Long Leg co giãn - Đen - 3XL",
            "value": "1000015987",
            "nhanh_id": "1000015987",
            "item_name": "Quần Long Leg co giãn - Đen - 3XL",
            "item_category2": "",
            "item_category": "Long leg"
          }
        ],
        "hide": false,
        "pending": 0,
        "based_product_id": null,
        "product_stoppage": false,
        "product_visibility": true,
        "product_allow_buy_hidden": false,
        "product_exclude_discount": false,
        "product_apply_allowance_inventory": true,
        "available": true,
        "product_title": "Quần Long Leg Co giãn",
        "display_collections_variant": 1000
      },
      {
        "_id": "672dec91031411430a54e2ab",
        "id": "39a038d9",
        "product_id": "672de6df4bee250f6a434fb9",
        "title": "Đen / 2XL",
        "regular_price": 169000,
        "compare_price": 199000,
        "quantity": 11,
        "option1": "Đen",
        "option2": "2XL",
        "option3": "",
        "option4": "",
        "sync_product": [
          {
            "label": "24CMHU.LL001.DEN.2XL_Quần Long Leg co giãn - Đen - 2XL",
            "value": "1000015986",
            "nhanh_id": "1000015986",
            "item_name": "Quần Long Leg co giãn - Đen - 2XL",
            "item_category2": "",
            "item_category": "Long leg"
          }
        ],
        "hide": false,
        "pending": 0,
        "based_product_id": null,
        "product_stoppage": false,
        "product_visibility": true,
        "product_allow_buy_hidden": false,
        "product_exclude_discount": false,
        "product_apply_allowance_inventory": true,
        "available": true,
        "product_title": "Quần Long Leg Co giãn",
        "display_collections_variant": 1000
      },
      {
        "_id": "672dec8f031411430a54e2a9",
        "id": "6f670189",
        "product_id": "672de6df4bee250f6a434fb9",
        "title": "Đen / L",
        "regular_price": 169000,
        "compare_price": 199000,
        "quantity": 134,
        "option1": "Đen",
        "option2": "L",
        "option3": "",
        "option4": "",
        "sync_product": [
          {
            "label": "24CMHU.LL001.DEN.L_Quần Long Leg co giãn - Đen - L",
            "value": "1000015990",
            "nhanh_id": "1000015990",
            "item_name": "Quần Long Leg co giãn - Đen - L",
            "item_category2": "",
            "item_category": "Long leg"
          }
        ],
        "hide": false,
        "pending": 0,
        "based_product_id": null,
        "product_stoppage": false,
        "product_visibility": true,
        "product_allow_buy_hidden": false,
        "product_exclude_discount": false,
        "product_apply_allowance_inventory": true,
        "available": true,
        "product_title": "Quần Long Leg Co giãn",
        "display_collections_variant": 1000
      },
      {
        "_id": "672dec8e031411430a54e2a8",
        "id": "23c40ebc",
        "product_id": "672de6df4bee250f6a434fb9",
        "title": "Đen / M",
        "regular_price": 169000,
        "compare_price": 199000,
        "quantity": 91,
        "option1": "Đen",
        "option2": "M",
        "option3": "",
        "option4": "",
        "sync_product": [
          {
            "label": "24CMHU.LL001.DEN.M_Quần Long Leg co giãn - Đen - M",
            "value": "1000015989",
            "nhanh_id": "1000015989",
            "item_name": "Quần Long Leg co giãn - Đen - M",
            "item_category2": "",
            "item_category": "Long leg"
          }
        ],
        "hide": false,
        "pending": 0,
        "based_product_id": null,
        "product_stoppage": false,
        "product_visibility": true,
        "product_allow_buy_hidden": false,
        "product_exclude_discount": false,
        "product_apply_allowance_inventory": true,
        "available": true,
        "product_title": "Quần Long Leg Co giãn",
        "display_collections_variant": 1000
      },
      {
        "_id": "672dec96031411430a54e2b1",
        "id": "c6a7638b",
        "product_id": "672de6df4bee250f6a434fb9",
        "title": "Xám / 3XL",
        "regular_price": 169000,
        "compare_price": 199000,
        "quantity": 134,
        "option1": "Xám",
        "option2": "3XL",
        "option3": "",
        "option4": "",
        "sync_product": [
          {
            "label": "24CMHU.LL001.XAD.3XL_Quần Long Leg co giãn - Xám đậm - 3XL",
            "value": "1000015994",
            "nhanh_id": "1000015994",
            "item_name": "Quần Long Leg co giãn - Xám đậm - 3XL",
            "item_category2": "",
            "item_category": "Long leg"
          }
        ],
        "hide": false,
        "pending": 0,
        "based_product_id": null,
        "product_stoppage": false,
        "product_visibility": true,
        "product_allow_buy_hidden": false,
        "product_exclude_discount": false,
        "product_apply_allowance_inventory": true,
        "available": true,
        "product_title": "Quần Long Leg Co giãn",
        "display_collections_variant": 1000
      }
    ],
    "percent": 15,
    "regular_price": 169000,
    "modified_date": {
      "$date": {
        "$numberLong": "1731317400000"
      }
    },
    "gender_type": "MALE",
    "note_collections": [],
    "updated_at": {
      "$date": {
        "$numberLong": "1743900924639"
      }
    },
    "created_at": {
      "$date": {
        "$numberLong": "1731061471249"
      }
    },
    "sizechart": "quan-long-leg-co-gian",
    "pricing_policy": [],
    "collection_pricing_policy": [
      {
        "pricing_type": "percentage",
        "conditions": [
          {
            "quantity": 3,
            "value": 10
          }
        ]
      }
    ],
    "flash_sale": null,
    "campaign_sale": null,
    "deal_sale": null,
    "coolclub_sale": null,
    "product_tags": null,
    "icon_thumbnail": {},
    "indexOption": 0,
    "valuesInOption": [],
    "is_show_variant_color": false,
    "sizes": [
      "M",
      "L",
      "XL",
      "2XL",
      "3XL"
    ]
  },
  {
    "_id": null,
    "apply_allowance_inventory": true,
    "id": "672de6df4bee250f6a434fb9",
    "title": "Quần Long Leg Co giãn",
    "seo_alias": "quan-lot-nam-long-leg-the-co-gian",
    "vendor": "5c482438000c695cfa6f8d22",
    "tags": [],
    "options": [
      {
        "title": "Màu sắc",
        "type": "COLOR",
        "values": [
          "Đen"
        ]
      },
      {
        "title": "Size",
        "type": "SIZE",
        "values": [
          "M",
          "L",
          "XL",
          "2XL",
          "3XL"
        ]
      }
    ],
    "options_values": [
      {
        "title": "Màu sắc",
        "type": "COLOR",
        "options": [
          {
            "title": "Xám",
            "slug": "xam",
            "label": "",
            "images": [
              {
                "id": "3a310888",
                "src": "/image/November2024/24CMHU.LL001-XAM-7_20.jpg"
              },
              {
                "id": "4d36b90b",
                "src": "/image/November2024/24CMHU.LL001-XAM-8_33.jpg"
              },
              {
                "id": "51e934ea",
                "src": "/image/November2024/24CMHU.LL001-XAM_3.JPG"
              },
              {
                "id": "dc96dfd5",
                "src": "/image/November2024/24CMHU.LL001-Xam_6.JPG"
              },
              {
                "id": "0a5de5bd",
                "src": "/image/November2024/24CMHU.LL001-Xam_5.JPG"
              },
              {
                "id": "9d649d76",
                "src": "/image/November2024/24CMHU.LL001-XAM_2.JPG"
              },
              {
                "id": "5c0564a3",
                "src": "/image/November2024/24CMHU.LL001-XAM_1.JPG"
              },
              {
                "id": "a129f814",
                "src": "/image/November2024/XAM-9.jpg"
              }
            ]
          },
          {
            "title": "Đen",
            "slug": "den",
            "label": "",
            "images": [
              {
                "id": "cbd37e69",
                "src": "/image/November2024/24CMHU.LL001-DEN-8_52.jpg"
              },
              {
                "id": "2c9ac701",
                "src": "/image/November2024/24CMHU.LL001-DEN-9_17.jpg"
              },
              {
                "id": "d453d6d7",
                "src": "/image/November2024/24CMHU.LL001-DEN_1.JPG"
              },
              {
                "id": "32e8e221",
                "src": "/image/November2024/24CMHU.LL001-DEN_5.JPG"
              },
              {
                "id": "f9579644",
                "src": "/image/November2024/24CMHU.LL001-DEN_7.JPG"
              },
              {
                "id": "2f309aad",
                "src": "/image/November2024/24CMHU.LL001-DEN_3.JPG"
              },
              {
                "id": "c4132c0d",
                "src": "/image/November2024/24CMHU.LL001-DEN_6.JPG"
              },
              {
                "id": "f52ea2f4",
                "src": "/image/November2024/DEN_4.JPG"
              }
            ]
          }
        ],
        "values": [
          "Xám",
          "Đen"
        ]
      }
    ],
    "images": [
      {
        "id": "cbd37e69",
        "src": "/image/November2024/24CMHU.LL001-DEN-8_52.jpg"
      },
      {
        "id": "2c9ac701",
        "src": "/image/November2024/24CMHU.LL001-DEN-9_17.jpg"
      },
      {
        "id": "d453d6d7",
        "src": "/image/November2024/24CMHU.LL001-DEN_1.JPG"
      },
      {
        "id": "32e8e221",
        "src": "/image/November2024/24CMHU.LL001-DEN_5.JPG"
      },
      {
        "id": "f9579644",
        "src": "/image/November2024/24CMHU.LL001-DEN_7.JPG"
      },
      {
        "id": "2f309aad",
        "src": "/image/November2024/24CMHU.LL001-DEN_3.JPG"
      },
      {
        "id": "c4132c0d",
        "src": "/image/November2024/24CMHU.LL001-DEN_6.JPG"
      },
      {
        "id": "f52ea2f4",
        "src": "/image/November2024/DEN_4.JPG"
      }
    ],
    "onsale": true,
    "available": true,
    "collections": [
      "64376ec516a25f35bc16c1eb",
      "62bd4e92e5272114a7439e97",
      "64f8395721033c4663675712",
      "6683bc0b72892d744b53e401",
      "643e4a2b1c88ae681353e0e0",
      "66bf27f59b75a4281c74f1e2",
      "672c859781c84f290353c261",
      "6740229474050316951c83d4",
      "6740053c247aed176734bd3b",
      "6757afb4e87a57575f5def4b",
      "5c40244248e13031079e2363",
      "6746d667386990018f228f18",
      "67b2af8de818f82910825226",
      "6757b177ae935404bb11801f",
      "6740229474050316951c83d4",
      "6740053c247aed176734bd3b",
      "67e24040aa8167278930d133"
    ],
    "price": 169000,
    "compare_price": 199000,
    "preorder": false,
    "pricing": [
      {
        "discount_quantity": 2,
        "discount_price": 139000
      }
    ],
    "is_pricing": false,
    "is_combo": false,
    "display_order": 22,
    "sale_number": 13,
    "is_color_image_option": false,
    "youtube_video": "",
    "addon_note": "",
    "review": {
      "count": 8,
      "avg": 9.8,
      "ratingValue": 4.9,
      "ratingCount": 8,
      "reviewCount": 8,
      "bestRating": 5,
      "worstRating": 4
    },
    "coming_soon": false,
    "display_name": "Quần Long Leg Co giãn",
    "display_name_open": "Ex-Dry",
    "variants": [
      {
        "_id": "672dec90031411430a54e2aa",
        "id": "a64642dd",
        "product_id": "672de6df4bee250f6a434fb9",
        "title": "Đen / XL",
        "regular_price": 169000,
        "compare_price": 199000,
        "quantity": 152,
        "option1": "Đen",
        "option2": "XL",
        "option3": "",
        "option4": "",
        "sync_product": [
          {
            "label": "24CMHU.LL001.DEN.XL_Quần Long Leg co giãn - Đen - XL",
            "value": "1000015991",
            "nhanh_id": "1000015991",
            "item_name": "Quần Long Leg co giãn - Đen - XL",
            "item_category2": "",
            "item_category": "Long leg"
          }
        ],
        "hide": false,
        "pending": 0,
        "based_product_id": null,
        "product_stoppage": false,
        "product_visibility": true,
        "product_allow_buy_hidden": false,
        "product_exclude_discount": false,
        "product_apply_allowance_inventory": true,
        "available": true,
        "product_title": "Quần Long Leg Co giãn",
        "display_collections_variant": 1000
      },
      {
        "_id": "672dec95031411430a54e2b0",
        "id": "4db40ed1",
        "product_id": "672de6df4bee250f6a434fb9",
        "title": "Xám / 2XL",
        "regular_price": 169000,
        "compare_price": 199000,
        "quantity": 96,
        "option1": "Xám",
        "option2": "2XL",
        "option3": "",
        "option4": "",
        "sync_product": [
          {
            "label": "24CMHU.LL001.XAD.2XL_Quần Long Leg co giãn - Xám đậm - 2XL",
            "value": "1000015993",
            "nhanh_id": "1000015993",
            "item_name": "Quần Long Leg co giãn - Xám đậm - 2XL",
            "item_category2": "",
            "item_category": "Long leg"
          }
        ],
        "hide": false,
        "pending": 0,
        "based_product_id": null,
        "product_stoppage": false,
        "product_visibility": true,
        "product_allow_buy_hidden": false,
        "product_exclude_discount": false,
        "product_apply_allowance_inventory": true,
        "available": true,
        "product_title": "Quần Long Leg Co giãn",
        "display_collections_variant": 1000
      },
      {
        "_id": "672dec94031411430a54e2af",
        "id": "0c81bb51",
        "product_id": "672de6df4bee250f6a434fb9",
        "title": "Xám / XL",
        "regular_price": 169000,
        "compare_price": 199000,
        "quantity": 128,
        "option1": "Xám",
        "option2": "XL",
        "option3": "",
        "option4": "",
        "sync_product": [
          {
            "label": "24CMHU.LL001.XAD.XL_Quần Long Leg co giãn - Xám đậm - XL",
            "value": "1000015992",
            "nhanh_id": "1000015992",
            "item_name": "Quần Long Leg co giãn - Xám đậm - XL",
            "item_category2": "",
            "item_category": "Long leg"
          }
        ],
        "hide": false,
        "pending": 0,
        "based_product_id": null,
        "product_stoppage": false,
        "product_visibility": true,
        "product_allow_buy_hidden": false,
        "product_exclude_discount": false,
        "product_apply_allowance_inventory": true,
        "available": true,
        "product_title": "Quần Long Leg Co giãn",
        "display_collections_variant": 1000
      },
      {
        "_id": "672dec93031411430a54e2ae",
        "id": "9cbd6b92",
        "product_id": "672de6df4bee250f6a434fb9",
        "title": "Xám / L",
        "regular_price": 169000,
        "compare_price": 199000,
        "quantity": 92,
        "option1": "Xám",
        "option2": "L",
        "option3": "",
        "option4": "",
        "sync_product": [
          {
            "label": "24CMHU.LL001.XAD.L_Quần Long Leg co giãn - Xám đậm - L",
            "value": "1000015985",
            "nhanh_id": "1000015985",
            "item_name": "Quần Long Leg co giãn - Xám đậm - L",
            "item_category2": "",
            "item_category": "Long leg"
          }
        ],
        "hide": false,
        "pending": 0,
        "based_product_id": null,
        "product_stoppage": false,
        "product_visibility": true,
        "product_allow_buy_hidden": false,
        "product_exclude_discount": false,
        "product_apply_allowance_inventory": true,
        "available": true,
        "product_title": "Quần Long Leg Co giãn",
        "display_collections_variant": 1000
      },
      {
        "_id": "672dec92031411430a54e2ad",
        "id": "eaa1d111",
        "product_id": "672de6df4bee250f6a434fb9",
        "title": "Xám / M",
        "regular_price": 169000,
        "compare_price": 199000,
        "quantity": 77,
        "option1": "Xám",
        "option2": "M",
        "option3": "",
        "option4": "",
        "sync_product": [
          {
            "label": "24CMHU.LL001.XAD.M_Quần Long Leg co giãn - Xám đậm - M",
            "value": "1000015988",
            "nhanh_id": "1000015988",
            "item_name": "Quần Long Leg co giãn - Xám đậm - M",
            "item_category2": "",
            "item_category": "Long leg"
          }
        ],
        "hide": false,
        "pending": 0,
        "based_product_id": null,
        "product_stoppage": false,
        "product_visibility": true,
        "product_allow_buy_hidden": false,
        "product_exclude_discount": false,
        "product_apply_allowance_inventory": true,
        "available": true,
        "product_title": "Quần Long Leg Co giãn",
        "display_collections_variant": 1000
      },
      {
        "_id": "672dec92031411430a54e2ac",
        "id": "cab73326",
        "product_id": "672de6df4bee250f6a434fb9",
        "title": "Đen / 3XL",
        "regular_price": 169000,
        "compare_price": 199000,
        "quantity": 192,
        "option1": "Đen",
        "option2": "3XL",
        "option3": "",
        "option4": "",
        "sync_product": [
          {
            "label": "24CMHU.LL001.DEN.3XL_Quần Long Leg co giãn - Đen - 3XL",
            "value": "1000015987",
            "nhanh_id": "1000015987",
            "item_name": "Quần Long Leg co giãn - Đen - 3XL",
            "item_category2": "",
            "item_category": "Long leg"
          }
        ],
        "hide": false,
        "pending": 0,
        "based_product_id": null,
        "product_stoppage": false,
        "product_visibility": true,
        "product_allow_buy_hidden": false,
        "product_exclude_discount": false,
        "product_apply_allowance_inventory": true,
        "available": true,
        "product_title": "Quần Long Leg Co giãn",
        "display_collections_variant": 1000
      },
      {
        "_id": "672dec91031411430a54e2ab",
        "id": "39a038d9",
        "product_id": "672de6df4bee250f6a434fb9",
        "title": "Đen / 2XL",
        "regular_price": 169000,
        "compare_price": 199000,
        "quantity": 11,
        "option1": "Đen",
        "option2": "2XL",
        "option3": "",
        "option4": "",
        "sync_product": [
          {
            "label": "24CMHU.LL001.DEN.2XL_Quần Long Leg co giãn - Đen - 2XL",
            "value": "1000015986",
            "nhanh_id": "1000015986",
            "item_name": "Quần Long Leg co giãn - Đen - 2XL",
            "item_category2": "",
            "item_category": "Long leg"
          }
        ],
        "hide": false,
        "pending": 0,
        "based_product_id": null,
        "product_stoppage": false,
        "product_visibility": true,
        "product_allow_buy_hidden": false,
        "product_exclude_discount": false,
        "product_apply_allowance_inventory": true,
        "available": true,
        "product_title": "Quần Long Leg Co giãn",
        "display_collections_variant": 1000
      },
      {
        "_id": "672dec8f031411430a54e2a9",
        "id": "6f670189",
        "product_id": "672de6df4bee250f6a434fb9",
        "title": "Đen / L",
        "regular_price": 169000,
        "compare_price": 199000,
        "quantity": 134,
        "option1": "Đen",
        "option2": "L",
        "option3": "",
        "option4": "",
        "sync_product": [
          {
            "label": "24CMHU.LL001.DEN.L_Quần Long Leg co giãn - Đen - L",
            "value": "1000015990",
            "nhanh_id": "1000015990",
            "item_name": "Quần Long Leg co giãn - Đen - L",
            "item_category2": "",
            "item_category": "Long leg"
          }
        ],
        "hide": false,
        "pending": 0,
        "based_product_id": null,
        "product_stoppage": false,
        "product_visibility": true,
        "product_allow_buy_hidden": false,
        "product_exclude_discount": false,
        "product_apply_allowance_inventory": true,
        "available": true,
        "product_title": "Quần Long Leg Co giãn",
        "display_collections_variant": 1000
      },
      {
        "_id": "672dec8e031411430a54e2a8",
        "id": "23c40ebc",
        "product_id": "672de6df4bee250f6a434fb9",
        "title": "Đen / M",
        "regular_price": 169000,
        "compare_price": 199000,
        "quantity": 91,
        "option1": "Đen",
        "option2": "M",
        "option3": "",
        "option4": "",
        "sync_product": [
          {
            "label": "24CMHU.LL001.DEN.M_Quần Long Leg co giãn - Đen - M",
            "value": "1000015989",
            "nhanh_id": "1000015989",
            "item_name": "Quần Long Leg co giãn - Đen - M",
            "item_category2": "",
            "item_category": "Long leg"
          }
        ],
        "hide": false,
        "pending": 0,
        "based_product_id": null,
        "product_stoppage": false,
        "product_visibility": true,
        "product_allow_buy_hidden": false,
        "product_exclude_discount": false,
        "product_apply_allowance_inventory": true,
        "available": true,
        "product_title": "Quần Long Leg Co giãn",
        "display_collections_variant": 1000
      },
      {
        "_id": "672dec96031411430a54e2b1",
        "id": "c6a7638b",
        "product_id": "672de6df4bee250f6a434fb9",
        "title": "Xám / 3XL",
        "regular_price": 169000,
        "compare_price": 199000,
        "quantity": 134,
        "option1": "Xám",
        "option2": "3XL",
        "option3": "",
        "option4": "",
        "sync_product": [
          {
            "label": "24CMHU.LL001.XAD.3XL_Quần Long Leg co giãn - Xám đậm - 3XL",
            "value": "1000015994",
            "nhanh_id": "1000015994",
            "item_name": "Quần Long Leg co giãn - Xám đậm - 3XL",
            "item_category2": "",
            "item_category": "Long leg"
          }
        ],
        "hide": false,
        "pending": 0,
        "based_product_id": null,
        "product_stoppage": false,
        "product_visibility": true,
        "product_allow_buy_hidden": false,
        "product_exclude_discount": false,
        "product_apply_allowance_inventory": true,
        "available": true,
        "product_title": "Quần Long Leg Co giãn",
        "display_collections_variant": 1000
      }
    ],
    "percent": 15,
    "regular_price": 169000,
    "modified_date": {
      "$date": {
        "$numberLong": "1731317400000"
      }
    },
    "gender_type": "MALE",
    "note_collections": [],
    "updated_at": {
      "$date": {
        "$numberLong": "1743900924639"
      }
    },
    "created_at": {
      "$date": {
        "$numberLong": "1731061471249"
      }
    },
    "sizechart": "quan-long-leg-co-gian",
    "pricing_policy": [],
    "collection_pricing_policy": [
      {
        "pricing_type": "percentage",
        "conditions": [
          {
            "quantity": 3,
            "value": 10
          }
        ]
      }
    ],
    "flash_sale": null,
    "campaign_sale": null,
    "deal_sale": null,
    "coolclub_sale": null,
    "product_tags": null,
    "icon_thumbnail": {},
    "indexOption": 0,
    "valuesInOption": [],
    "is_show_variant_color": false,
    "sizes": [
      "M",
      "L",
      "XL",
      "2XL",
      "3XL"
    ]
  }
]