{
  "title" : "Quần Shorts Nam New French Terry V2",
  "vendor" : "5c482438000c695cfa6f8d22",
  "tags" : [ ],
  "options" : [ {
    "type" : "COLOR",
    "title" : "Màu sắc",
    "values" : [ "Xám đậm", "Xám đậm (logo mới)" ]
  }, {
    "type" : "SIZE",
    "title" : "Kích thước",
    "values" : [ "M", "L", "XL", "2XL", "3XL" ]
  } ],
  "images" : [ "681fed461f583b08bcb4122d", "681fed461f583b08bcb4122e" ],
  "discount" : null,
  "seo_alias" : "quan-shorts-nam-new-french-terry-v2",
  "options_values" : [ {
    "title" : "Màu sắc",
    "type" : "COLOR",
    "options" : [ {
      "title" : "Xám đậm",
      "slug" : "xam-dam",
      "label" : "",
      "images" : [ "681fed461f583b08bcb4122f", "681fed461f583b08bcb41230" ]
    }, {
      "title" : "Xám đậm (logo mới)",
      "slug" : "xam-dam-logo-moi",
      "label" : "",
      "images" : null
    } ]
  } ],
  "collection_id" : "681ca2ed2a59db3110ec0b9b",
  "display_order" : 148,
  "youtube_video" : "",
  "coming_soon" : false,
  "display_name_open" : "Thêu logo",
  "gender_type" : "MALE",
  "icon_thumbnail" : null,
  "compare_price" : 259000.0,
  "regular_price" : 199000.0
}