{
  "title" : "Áo thể thao nữ Lightweight Cropped Tee",
  "vendor" : "5c482438000c695cfa6f8d22",
  "tags" : [ "NEW" ],
  "options" : [ {
    "type" : "COLOR",
    "title" : "Màu sắc",
    "values" : [ "Trắng", "Hồng", "Đen" ]
  }, {
    "type" : "SIZE",
    "title" : "Size",
    "values" : [ "XS", "S", "M", "L", "XL" ]
  } ],
  "images" : [ "681fdceb1f583b08bcb3fbba", "681fdceb1f583b08bcb3fbbb", "681fdceb1f583b08bcb3fbbc", "681fdceb1f583b08bcb3fbbd", "681fdceb1f583b08bcb3fbbe", "681fdceb1f583b08bcb3fbbf", "681fdcec1f583b08bcb3fbc0", "681fdcec1f583b08bcb3fbc1", "681fdcec1f583b08bcb3fbc2", "681fdcec1f583b08bcb3fbc3", "681fdcec1f583b08bcb3fbc4", "681fdcec1f583b08bcb3fbc5", "681fdcec1f583b08bcb3fbc6", "681fdcec1f583b08bcb3fbc7", "681fdcec1f583b08bcb3fbc8", "681fdcec1f583b08bcb3fbc9", "681fdcec1f583b08bcb3fbca", "681fdced1f583b08bcb3fbcb", "681fdced1f583b08bcb3fbcc" ],
  "discount" : null,
  "seo_alias" : "ao-the-thao-nu-lightweight-cropped-tee",
  "options_values" : [ {
    "title" : "Màu sắc",
    "type" : "COLOR",
    "options" : [ {
      "title" : "Trắng",
      "slug" : "trang",
      "label" : "",
      "images" : [ "681fdced1f583b08bcb3fbcd", "681fdced1f583b08bcb3fbce", "681fdced1f583b08bcb3fbcf", "681fdced1f583b08bcb3fbd0", "681fdced1f583b08bcb3fbd1", "681fdcee1f583b08bcb3fbd2", "681fdcee1f583b08bcb3fbd3", "681fdcee1f583b08bcb3fbd4", "681fdcee1f583b08bcb3fbd5", "681fdcee1f583b08bcb3fbd6", "681fdcee1f583b08bcb3fbd7", "681fdcee1f583b08bcb3fbd8", "681fdcee1f583b08bcb3fbd9", "681fdcee1f583b08bcb3fbda", "681fdcee1f583b08bcb3fbdb", "681fdcee1f583b08bcb3fbdc", "681fdcef1f583b08bcb3fbdd", "681fdcef1f583b08bcb3fbde", "681fdcef1f583b08bcb3fbdf" ]
    }, {
      "title" : "Hồng",
      "slug" : "hong",
      "label" : "",
      "images" : [ "681fdcef1f583b08bcb3fbe0", "681fdcef1f583b08bcb3fbe1", "681fdcef1f583b08bcb3fbe2", "681fdcef1f583b08bcb3fbe3", "681fdcef1f583b08bcb3fbe4", "681fdcf01f583b08bcb3fbe5", "681fdcf01f583b08bcb3fbe6", "681fdcf01f583b08bcb3fbe7", "681fdcf01f583b08bcb3fbe8", "681fdcf01f583b08bcb3fbe9", "681fdcf01f583b08bcb3fbea", "681fdcf01f583b08bcb3fbeb", "681fdcf11f583b08bcb3fbec", "681fdcf11f583b08bcb3fbed", "681fdcf11f583b08bcb3fbee", "681fdcf11f583b08bcb3fbef", "681fdcf11f583b08bcb3fbf0", "681fdcf11f583b08bcb3fbf1", "681fdcf11f583b08bcb3fbf2" ]
    }, {
      "title" : "Đen",
      "slug" : "den",
      "label" : "",
      "images" : [ "681fdcf11f583b08bcb3fbf3", "681fdcf21f583b08bcb3fbf4", "681fdcf21f583b08bcb3fbf5", "681fdcf21f583b08bcb3fbf6", "681fdcf21f583b08bcb3fbf7", "681fdcf21f583b08bcb3fbf8", "681fdcf21f583b08bcb3fbf9", "681fdcf21f583b08bcb3fbfa", "681fdcf21f583b08bcb3fbfb", "681fdcf31f583b08bcb3fbfc", "681fdcf31f583b08bcb3fbfd", "681fdcf31f583b08bcb3fbfe", "681fdcf31f583b08bcb3fbff", "681fdcf31f583b08bcb3fc00", "681fdcf31f583b08bcb3fc01", "681fdcf31f583b08bcb3fc02", "681fdcf31f583b08bcb3fc03", "681fdcf41f583b08bcb3fc04", "681fdcf41f583b08bcb3fc05" ]
    } ]
  } ],
  "collection_id" : "681ca20f2a59db3110ec0b90",
  "display_order" : 1,
  "youtube_video" : "",
  "coming_soon" : false,
  "display_name_open" : "Ex Dry - Thoáng khí",
  "gender_type" : "FEMALE",
  "icon_thumbnail" : null,
  "compare_price" : 299000.0,
  "regular_price" : 299000.0
}