{
  "title" : "Áo thun nữ chạy bộ Core Tee Slimfit",
  "vendor" : "5c482438000c695cfa6f8d22",
  "tags" : [ "NEW" ],
  "options" : [ {
    "type" : "COLOR",
    "title" : "Màu sắc",
    "values" : [ "Tím Purple Rose", "Xanh Seedling", "Đen" ]
  }, {
    "type" : "SIZE",
    "title" : "Size",
    "values" : [ "XS", "S", "M", "L", "XL" ]
  } ],
  "images" : [ "681fdc591f583b08bcb3f8fe", "681fdc591f583b08bcb3f8ff", "681fdc591f583b08bcb3f900", "681fdc591f583b08bcb3f901", "681fdc591f583b08bcb3f902", "681fdc591f583b08bcb3f903", "681fdc591f583b08bcb3f904", "681fdc5a1f583b08bcb3f905", "681fdc5a1f583b08bcb3f906", "681fdc5a1f583b08bcb3f907", "681fdc5a1f583b08bcb3f908", "681fdc5a1f583b08bcb3f909", "681fdc5a1f583b08bcb3f90a", "681fdc5a1f583b08bcb3f90b", "681fdc5a1f583b08bcb3f90c", "681fdc5a1f583b08bcb3f90d", "681fdc5b1f583b08bcb3f90e", "681fdc5b1f583b08bcb3f90f", "681fdc5b1f583b08bcb3f910" ],
  "discount" : null,
  "seo_alias" : "ao-thun-nu-chay-bo-core-tee-slimfit",
  "options_values" : [ {
    "title" : "Màu sắc",
    "type" : "COLOR",
    "options" : [ {
      "title" : "Tím Purple Rose",
      "slug" : "tim-purple-rose",
      "label" : "",
      "images" : [ "681fdc5b1f583b08bcb3f911", "681fdc5b1f583b08bcb3f912", "681fdc5b1f583b08bcb3f913", "681fdc5b1f583b08bcb3f914", "681fdc5b1f583b08bcb3f915", "681fdc5c1f583b08bcb3f916", "681fdc5c1f583b08bcb3f917", "681fdc5c1f583b08bcb3f918", "681fdc5c1f583b08bcb3f919", "681fdc5c1f583b08bcb3f91a", "681fdc5c1f583b08bcb3f91b", "681fdc5c1f583b08bcb3f91c", "681fdc5c1f583b08bcb3f91d", "681fdc5c1f583b08bcb3f91e", "681fdc5c1f583b08bcb3f91f", "681fdc5c1f583b08bcb3f920", "681fdc5d1f583b08bcb3f921", "681fdc5d1f583b08bcb3f922", "681fdc5d1f583b08bcb3f923" ]
    }, {
      "title" : "Xanh Seedling",
      "slug" : "xanh-seedling",
      "label" : "",
      "images" : [ "681fdc5d1f583b08bcb3f924", "681fdc5d1f583b08bcb3f925", "681fdc5d1f583b08bcb3f926", "681fdc5d1f583b08bcb3f927", "681fdc5d1f583b08bcb3f928", "681fdc5d1f583b08bcb3f929", "681fdc5e1f583b08bcb3f92a", "681fdc5e1f583b08bcb3f92b", "681fdc5e1f583b08bcb3f92c", "681fdc5f1f583b08bcb3f92d", "681fdc5f1f583b08bcb3f92e", "681fdc5f1f583b08bcb3f92f", "681fdc5f1f583b08bcb3f930", "681fdc5f1f583b08bcb3f931", "681fdc5f1f583b08bcb3f932", "681fdc5f1f583b08bcb3f933", "681fdc5f1f583b08bcb3f934", "681fdc5f1f583b08bcb3f935", "681fdc601f583b08bcb3f936" ]
    }, {
      "title" : "Đen",
      "slug" : "den",
      "label" : "",
      "images" : [ "681fdc601f583b08bcb3f937", "681fdc601f583b08bcb3f938", "681fdc601f583b08bcb3f939", "681fdc601f583b08bcb3f93a", "681fdc601f583b08bcb3f93b", "681fdc601f583b08bcb3f93c", "681fdc601f583b08bcb3f93d", "681fdc601f583b08bcb3f93e", "681fdc601f583b08bcb3f93f", "681fdc611f583b08bcb3f940", "681fdc611f583b08bcb3f941", "681fdc611f583b08bcb3f942", "681fdc611f583b08bcb3f943", "681fdc611f583b08bcb3f944", "681fdc611f583b08bcb3f945", "681fdc611f583b08bcb3f946", "681fdc611f583b08bcb3f947", "681fdc611f583b08bcb3f948", "681fdc611f583b08bcb3f949" ]
    } ]
  } ],
  "collection_id" : "681ca20f2a59db3110ec0b90",
  "display_order" : 0,
  "youtube_video" : "",
  "coming_soon" : false,
  "display_name_open" : "",
  "gender_type" : "FEMALE",
  "icon_thumbnail" : null,
  "compare_price" : 199000.0,
  "regular_price" : 199000.0
}