{
  "title" : "Áo Crop Tee Yoga Slimfit",
  "vendor" : "5c482438000c695cfa6f8d22",
  "tags" : [ "NEW" ],
  "options" : [ {
    "type" : "COLOR",
    "title" : "Màu sắc",
    "values" : [ "Be Egret", "Đen" ]
  }, {
    "type" : "SIZE",
    "title" : "Kích thước",
    "values" : [ "XS", "S", "M", "L", "XL" ]
  } ],
  "images" : [ "6826016f0b611251854624fd", "6826016f0b611251854624fe", "6826016f0b611251854624ff", "6826016f0b61125185462500", "6826016f0b61125185462501", "6826016f0b61125185462502" ],
  "discount" : null,
  "seo_alias" : "ao-crop-tee-yoga-slimfit",
  "options_values" : [ {
    "title" : "Màu sắc",
    "type" : "COLOR",
    "options" : [ {
      "title" : "Be Egret",
      "slug" : "be-egret",
      "label" : "",
      "images" : [ "6826016f0b61125185462503", "6826016f0b61125185462504", "6826016f0b61125185462505", "6826016f0b61125185462506", "6826016f0b61125185462507", "682601700b61125185462508", "682601700b61125185462509" ]
    }, {
      "title" : "Đen",
      "slug" : "den",
      "label" : "",
      "images" : [ "682601700b6112518546250a", "682601700b6112518546250b", "682601700b6112518546250c", "682601700b6112518546250d", "682601700b6112518546250e", "682601700b6112518546250f", "682601700b61125185462510" ]
    } ]
  } ],
  "collection_id" : "6825e9a38eaaa408c6aaf61d",
  "display_order" : 1,
  "youtube_video" : "",
  "coming_soon" : false,
  "display_name_open" : "",
  "gender_type" : "FEMALE",
  "icon_thumbnail" : null,
  "compare_price" : 299000.0,
  "regular_price" : 299000.0
}