{
  "title" : "Áo thể thao nữ co giãn Slim Tee",
  "vendor" : "5c482438000c695cfa6f8d22",
  "tags" : [ "NEW" ],
  "options" : [ {
    "type" : "COLOR",
    "title" : "Màu sắc",
    "values" : [ "Cam hồng Camelia", "Đen", "Xám Northen Droplet" ]
  }, {
    "type" : "SIZE",
    "title" : "Size",
    "values" : [ "XS", "S", "M", "L", "XL" ]
  } ],
  "images" : [ "681fdc9b1f583b08bcb3fa37", "681fdc9b1f583b08bcb3fa38", "681fdc9c1f583b08bcb3fa39", "681fdc9c1f583b08bcb3fa3a", "681fdc9c1f583b08bcb3fa3b", "681fdc9c1f583b08bcb3fa3c", "681fdc9c1f583b08bcb3fa3d", "681fdc9c1f583b08bcb3fa3e", "681fdc9c1f583b08bcb3fa3f", "681fdc9c1f583b08bcb3fa40", "681fdc9d1f583b08bcb3fa41", "681fdc9d1f583b08bcb3fa42", "681fdc9d1f583b08bcb3fa43", "681fdc9d1f583b08bcb3fa44", "681fdc9d1f583b08bcb3fa45", "681fdc9d1f583b08bcb3fa46", "681fdc9d1f583b08bcb3fa47", "681fdc9e1f583b08bcb3fa48" ],
  "discount" : null,
  "seo_alias" : "ao-the-thao-nu-co-gian-slim-tee",
  "options_values" : [ {
    "title" : "Màu sắc",
    "type" : "COLOR",
    "options" : [ {
      "title" : "Cam hồng Camelia",
      "slug" : "cam-hong-camelia",
      "label" : "",
      "images" : [ "681fdc9e1f583b08bcb3fa49", "681fdc9e1f583b08bcb3fa4a", "681fdc9e1f583b08bcb3fa4b", "681fdc9e1f583b08bcb3fa4c", "681fdc9e1f583b08bcb3fa4d", "681fdc9e1f583b08bcb3fa4e", "681fdc9e1f583b08bcb3fa4f", "681fdc9e1f583b08bcb3fa50", "681fdc9e1f583b08bcb3fa51", "681fdc9f1f583b08bcb3fa52", "681fdc9f1f583b08bcb3fa53", "681fdc9f1f583b08bcb3fa54", "681fdc9f1f583b08bcb3fa55", "681fdc9f1f583b08bcb3fa56", "681fdc9f1f583b08bcb3fa57", "681fdc9f1f583b08bcb3fa58", "681fdc9f1f583b08bcb3fa59", "681fdca01f583b08bcb3fa5a" ]
    }, {
      "title" : "Đen",
      "slug" : "den",
      "label" : "",
      "images" : [ "681fdca01f583b08bcb3fa5b", "681fdca01f583b08bcb3fa5c", "681fdca01f583b08bcb3fa5d", "681fdca01f583b08bcb3fa5e", "681fdca01f583b08bcb3fa5f", "681fdca01f583b08bcb3fa60", "681fdca01f583b08bcb3fa61", "681fdca01f583b08bcb3fa62", "681fdca11f583b08bcb3fa63", "681fdca11f583b08bcb3fa64", "681fdca11f583b08bcb3fa65", "681fdca11f583b08bcb3fa66", "681fdca11f583b08bcb3fa67", "681fdca11f583b08bcb3fa68", "681fdca11f583b08bcb3fa69", "681fdca11f583b08bcb3fa6a", "681fdca21f583b08bcb3fa6b", "681fdca21f583b08bcb3fa6c" ]
    }, {
      "title" : "Xám Northen Droplet",
      "slug" : "xam-northen-droplet",
      "label" : "",
      "images" : [ "681fdca21f583b08bcb3fa6d", "681fdca21f583b08bcb3fa6e", "681fdca21f583b08bcb3fa6f", "681fdca21f583b08bcb3fa70", "681fdca21f583b08bcb3fa71", "681fdca21f583b08bcb3fa72", "681fdca21f583b08bcb3fa73", "681fdca21f583b08bcb3fa74", "681fdca31f583b08bcb3fa75", "681fdca31f583b08bcb3fa76", "681fdca31f583b08bcb3fa77", "681fdca31f583b08bcb3fa78", "681fdca31f583b08bcb3fa79", "681fdca31f583b08bcb3fa7a", "681fdca31f583b08bcb3fa7b", "681fdca31f583b08bcb3fa7c", "681fdca31f583b08bcb3fa7d", "681fdca31f583b08bcb3fa7e" ]
    } ]
  } ],
  "collection_id" : "681ca20f2a59db3110ec0b90",
  "display_order" : 1,
  "youtube_video" : "",
  "coming_soon" : false,
  "display_name_open" : "Ex Dry - Thoáng khí",
  "gender_type" : "FEMALE",
  "icon_thumbnail" : null,
  "compare_price" : 199000.0,
  "regular_price" : 199000.0
}