{
  "title" : "Áo thể thao nữ Essential Cropped Tee",
  "vendor" : "5c482438000c695cfa6f8d22",
  "tags" : [ "NEW" ],
  "options" : [ {
    "type" : "COLOR",
    "title" : "Màu sắc",
    "values" : [ "Cam hồng Camelia", "Be Nâu", "Đen", "Trắng" ]
  }, {
    "type" : "SIZE",
    "title" : "Size",
    "values" : [ "XS", "S", "M", "L", "XL" ]
  } ],
  "images" : [ "681fdcd31f583b08bcb3fb42", "681fdcd31f583b08bcb3fb43", "681fdcd31f583b08bcb3fb44", "681fdcd31f583b08bcb3fb45", "681fdcd31f583b08bcb3fb46", "681fdcd31f583b08bcb3fb47", "681fdcd41f583b08bcb3fb48", "681fdcd41f583b08bcb3fb49", "681fdcd41f583b08bcb3fb4a", "681fdcd41f583b08bcb3fb4b", "681fdcd41f583b08bcb3fb4c", "681fdcd41f583b08bcb3fb4d", "681fdcd41f583b08bcb3fb4e", "681fdcd41f583b08bcb3fb4f", "681fdcd51f583b08bcb3fb50", "681fdcd51f583b08bcb3fb51", "681fdcd51f583b08bcb3fb52", "681fdcd51f583b08bcb3fb53", "681fdcd51f583b08bcb3fb54", "681fdcd51f583b08bcb3fb55", "681fdcd51f583b08bcb3fb56", "681fdcd51f583b08bcb3fb57", "681fdcd51f583b08bcb3fb58", "681fdcd61f583b08bcb3fb59" ],
  "discount" : null,
  "seo_alias" : "ao-the-thao-nu-essential-cropped-tee",
  "options_values" : [ {
    "title" : "Màu sắc",
    "type" : "COLOR",
    "options" : [ {
      "title" : "Cam hồng Camelia",
      "slug" : "cam-hong-camelia",
      "label" : "",
      "images" : [ "681fdcd61f583b08bcb3fb5a", "681fdcd61f583b08bcb3fb5b", "681fdcd61f583b08bcb3fb5c", "681fdcd71f583b08bcb3fb5d", "681fdcd71f583b08bcb3fb5e", "681fdcd71f583b08bcb3fb5f", "681fdcd71f583b08bcb3fb60", "681fdcd71f583b08bcb3fb61", "681fdcd71f583b08bcb3fb62", "681fdcd71f583b08bcb3fb63", "681fdcd71f583b08bcb3fb64", "681fdcd71f583b08bcb3fb65", "681fdcd71f583b08bcb3fb66", "681fdcd71f583b08bcb3fb67", "681fdcd71f583b08bcb3fb68", "681fdcd81f583b08bcb3fb69", "681fdcd81f583b08bcb3fb6a", "681fdcd81f583b08bcb3fb6b", "681fdcd81f583b08bcb3fb6c", "681fdcd81f583b08bcb3fb6d", "681fdcd81f583b08bcb3fb6e", "681fdcd81f583b08bcb3fb6f", "681fdcd81f583b08bcb3fb70", "681fdcd81f583b08bcb3fb71" ]
    }, {
      "title" : "Be Nâu",
      "slug" : "be-nau",
      "label" : "",
      "images" : [ "681fdcd81f583b08bcb3fb72", "681fdcd91f583b08bcb3fb73", "681fdcd91f583b08bcb3fb74", "681fdcd91f583b08bcb3fb75", "681fdcd91f583b08bcb3fb76", "681fdcd91f583b08bcb3fb77", "681fdcd91f583b08bcb3fb78", "681fdcd91f583b08bcb3fb79", "681fdcd91f583b08bcb3fb7a", "681fdcd91f583b08bcb3fb7b", "681fdcd91f583b08bcb3fb7c", "681fdcda1f583b08bcb3fb7d", "681fdcda1f583b08bcb3fb7e", "681fdcda1f583b08bcb3fb7f", "681fdcda1f583b08bcb3fb80", "681fdcda1f583b08bcb3fb81", "681fdcda1f583b08bcb3fb82", "681fdcda1f583b08bcb3fb83", "681fdcda1f583b08bcb3fb84", "681fdcda1f583b08bcb3fb85", "681fdcda1f583b08bcb3fb86", "681fdcda1f583b08bcb3fb87", "681fdcdb1f583b08bcb3fb88", "681fdcdb1f583b08bcb3fb89" ]
    }, {
      "title" : "Đen",
      "slug" : "den",
      "label" : "",
      "images" : [ "681fdcdb1f583b08bcb3fb8a", "681fdcdb1f583b08bcb3fb8b", "681fdcdb1f583b08bcb3fb8c", "681fdcdb1f583b08bcb3fb8d", "681fdcdb1f583b08bcb3fb8e", "681fdcdb1f583b08bcb3fb8f", "681fdcdb1f583b08bcb3fb90", "681fdcdc1f583b08bcb3fb91", "681fdcdc1f583b08bcb3fb92", "681fdcdc1f583b08bcb3fb93", "681fdcdc1f583b08bcb3fb94", "681fdcdc1f583b08bcb3fb95", "681fdcdc1f583b08bcb3fb96", "681fdcdc1f583b08bcb3fb97", "681fdcdc1f583b08bcb3fb98", "681fdcdc1f583b08bcb3fb99", "681fdcdc1f583b08bcb3fb9a", "681fdcdd1f583b08bcb3fb9b", "681fdcdd1f583b08bcb3fb9c", "681fdcdd1f583b08bcb3fb9d", "681fdcdd1f583b08bcb3fb9e", "681fdcdd1f583b08bcb3fb9f", "681fdcdd1f583b08bcb3fba0", "681fdcdd1f583b08bcb3fba1" ]
    }, {
      "title" : "Trắng",
      "slug" : "trang",
      "label" : "",
      "images" : [ "681fdcdd1f583b08bcb3fba2", "681fdcdd1f583b08bcb3fba3", "681fdcdd1f583b08bcb3fba4", "681fdcde1f583b08bcb3fba5", "681fdcde1f583b08bcb3fba6", "681fdcde1f583b08bcb3fba7", "681fdcde1f583b08bcb3fba8", "681fdcde1f583b08bcb3fba9", "681fdcde1f583b08bcb3fbaa", "681fdcdf1f583b08bcb3fbab", "681fdcdf1f583b08bcb3fbac", "681fdcdf1f583b08bcb3fbad", "681fdcdf1f583b08bcb3fbae", "681fdcdf1f583b08bcb3fbaf", "681fdcdf1f583b08bcb3fbb0", "681fdcdf1f583b08bcb3fbb1", "681fdce01f583b08bcb3fbb2", "681fdce01f583b08bcb3fbb3", "681fdce01f583b08bcb3fbb4", "681fdce01f583b08bcb3fbb5", "681fdce01f583b08bcb3fbb6", "681fdce01f583b08bcb3fbb7", "681fdce01f583b08bcb3fbb8", "681fdce01f583b08bcb3fbb9" ]
    } ]
  } ],
  "collection_id" : "681ca20f2a59db3110ec0b90",
  "display_order" : 1,
  "youtube_video" : "",
  "coming_soon" : false,
  "display_name_open" : "Ex Dry - Thoáng khí",
  "gender_type" : "FEMALE",
  "icon_thumbnail" : null,
  "compare_price" : 199000.0,
  "regular_price" : 199000.0
}