{
  "title" : "Áo Tank Yoga Slimfit",
  "vendor" : "5c482438000c695cfa6f8d22",
  "tags" : [ "NEW" ],
  "options" : [ {
    "type" : "COLOR",
    "title" : "Màu sắc",
    "values" : [ "Đen", "Xanh Colony" ]
  }, {
    "type" : "SIZE",
    "title" : "Kích thước",
    "values" : [ "XS", "S", "M", "L", "XL" ]
  } ],
  "images" : [ "681fdc931f583b08bcb3fa13", "681fdc931f583b08bcb3fa14", "681fdc931f583b08bcb3fa15", "681fdc931f583b08bcb3fa16", "681fdc941f583b08bcb3fa17", "681fdc941f583b08bcb3fa18" ],
  "discount" : null,
  "seo_alias" : "ao-tank-yoga-slim-fit",
  "options_values" : [ {
    "title" : "Màu sắc",
    "type" : "COLOR",
    "options" : [ {
      "title" : "Đen",
      "slug" : "den",
      "label" : "",
      "images" : [ "681fdc941f583b08bcb3fa19", "681fdc941f583b08bcb3fa1a", "681fdc941f583b08bcb3fa1b", "681fdc941f583b08bcb3fa1c", "681fdc941f583b08bcb3fa1d", "681fdc941f583b08bcb3fa1e" ]
    }, {
      "title" : "Xanh Colony",
      "slug" : "xanh-colony",
      "label" : "",
      "images" : [ "681fdc941f583b08bcb3fa1f", "681fdc941f583b08bcb3fa20", "681fdc941f583b08bcb3fa21", "681fdc941f583b08bcb3fa22", "681fdc941f583b08bcb3fa23", "681fdc941f583b08bcb3fa24" ]
    } ]
  } ],
  "collection_id" : "681ca20f2a59db3110ec0b90",
  "display_order" : 1,
  "youtube_video" : "",
  "coming_soon" : false,
  "display_name_open" : "",
  "gender_type" : "FEMALE",
  "icon_thumbnail" : null,
  "compare_price" : 299000.0,
  "regular_price" : 299000.0
}