{
  "title" : "Áo Tshirt Yoga Slimfit",
  "vendor" : "5c482438000c695cfa6f8d22",
  "tags" : [ "NEW" ],
  "options" : [ {
    "type" : "COLOR",
    "title" : "Màu sắc",
    "values" : [ "Đen", "Be Egret", "Xanh Faded Denim" ]
  }, {
    "type" : "SIZE",
    "title" : "Size",
    "values" : [ "XS", "S", "M", "L", "XL" ]
  } ],
  "images" : [ "681fdc461f583b08bcb3f89e", "681fdc461f583b08bcb3f89f", "681fdc461f583b08bcb3f8a0", "681fdc461f583b08bcb3f8a1", "681fdc461f583b08bcb3f8a2", "681fdc471f583b08bcb3f8a3", "681fdc471f583b08bcb3f8a4", "681fdc471f583b08bcb3f8a5", "681fdc471f583b08bcb3f8a6", "681fdc471f583b08bcb3f8a7", "681fdc471f583b08bcb3f8a8", "681fdc471f583b08bcb3f8a9", "681fdc481f583b08bcb3f8aa", "681fdc481f583b08bcb3f8ab", "681fdc481f583b08bcb3f8ac", "681fdc481f583b08bcb3f8ad", "681fdc481f583b08bcb3f8ae", "681fdc481f583b08bcb3f8af", "681fdc481f583b08bcb3f8b0", "681fdc481f583b08bcb3f8b1", "681fdc491f583b08bcb3f8b2", "681fdc491f583b08bcb3f8b3", "681fdc491f583b08bcb3f8b4", "681fdc491f583b08bcb3f8b5" ],
  "discount" : null,
  "seo_alias" : "ao-nu-t-shirt-yoga-slimfit",
  "options_values" : [ {
    "title" : "Màu sắc",
    "type" : "COLOR",
    "options" : [ {
      "title" : "Đen",
      "slug" : "den",
      "label" : "",
      "images" : [ "681fdc491f583b08bcb3f8b6", "681fdc491f583b08bcb3f8b7", "681fdc491f583b08bcb3f8b8", "681fdc491f583b08bcb3f8b9", "681fdc491f583b08bcb3f8ba", "681fdc491f583b08bcb3f8bb", "681fdc491f583b08bcb3f8bc", "681fdc491f583b08bcb3f8bd", "681fdc4a1f583b08bcb3f8be", "681fdc4a1f583b08bcb3f8bf", "681fdc4a1f583b08bcb3f8c0", "681fdc4a1f583b08bcb3f8c1", "681fdc4b1f583b08bcb3f8c2", "681fdc4b1f583b08bcb3f8c3", "681fdc4b1f583b08bcb3f8c4", "681fdc4b1f583b08bcb3f8c5", "681fdc4b1f583b08bcb3f8c6", "681fdc4b1f583b08bcb3f8c7", "681fdc4b1f583b08bcb3f8c8", "681fdc4b1f583b08bcb3f8c9", "681fdc4b1f583b08bcb3f8ca", "681fdc4b1f583b08bcb3f8cb", "681fdc4c1f583b08bcb3f8cc", "681fdc4c1f583b08bcb3f8cd" ]
    }, {
      "title" : "Be Egret",
      "slug" : "be-egret",
      "label" : "",
      "images" : [ "681fdc4c1f583b08bcb3f8ce", "681fdc4c1f583b08bcb3f8cf", "681fdc4c1f583b08bcb3f8d0", "681fdc4c1f583b08bcb3f8d1", "681fdc4c1f583b08bcb3f8d2", "681fdc4c1f583b08bcb3f8d3", "681fdc4c1f583b08bcb3f8d4", "681fdc4c1f583b08bcb3f8d5", "681fdc4c1f583b08bcb3f8d6", "681fdc4d1f583b08bcb3f8d7", "681fdc4d1f583b08bcb3f8d8", "681fdc4d1f583b08bcb3f8d9", "681fdc4d1f583b08bcb3f8da", "681fdc4d1f583b08bcb3f8db", "681fdc4d1f583b08bcb3f8dc", "681fdc4d1f583b08bcb3f8dd", "681fdc4d1f583b08bcb3f8de", "681fdc4d1f583b08bcb3f8df", "681fdc4d1f583b08bcb3f8e0", "681fdc4e1f583b08bcb3f8e1", "681fdc4e1f583b08bcb3f8e2", "681fdc4e1f583b08bcb3f8e3", "681fdc4e1f583b08bcb3f8e4", "681fdc4e1f583b08bcb3f8e5" ]
    }, {
      "title" : "Xanh Faded Denim",
      "slug" : "xanh-faded-denim",
      "label" : "",
      "images" : [ "681fdc4e1f583b08bcb3f8e6", "681fdc4e1f583b08bcb3f8e7", "681fdc4e1f583b08bcb3f8e8", "681fdc4e1f583b08bcb3f8e9", "681fdc4e1f583b08bcb3f8ea", "681fdc4e1f583b08bcb3f8eb", "681fdc4e1f583b08bcb3f8ec", "681fdc4f1f583b08bcb3f8ed", "681fdc4f1f583b08bcb3f8ee", "681fdc4f1f583b08bcb3f8ef", "681fdc4f1f583b08bcb3f8f0", "681fdc4f1f583b08bcb3f8f1", "681fdc4f1f583b08bcb3f8f2", "681fdc4f1f583b08bcb3f8f3", "681fdc4f1f583b08bcb3f8f4", "681fdc501f583b08bcb3f8f5", "681fdc501f583b08bcb3f8f6", "681fdc501f583b08bcb3f8f7", "681fdc501f583b08bcb3f8f8", "681fdc501f583b08bcb3f8f9", "681fdc501f583b08bcb3f8fa", "681fdc501f583b08bcb3f8fb", "681fdc501f583b08bcb3f8fc", "681fdc501f583b08bcb3f8fd" ]
    } ]
  } ],
  "collection_id" : "681ca20f2a59db3110ec0b90",
  "display_order" : 0,
  "youtube_video" : "",
  "coming_soon" : false,
  "display_name_open" : "",
  "gender_type" : "FEMALE",
  "icon_thumbnail" : null,
  "compare_price" : 299000.0,
  "regular_price" : 299000.0
}