{
  "title" : "Áo thun thể thao nữ Comfort Tee",
  "vendor" : "5c482438000c695cfa6f8d22",
  "tags" : [ "NEW" ],
  "options" : [ {
    "type" : "COLOR",
    "title" : "Màu sắc",
    "values" : [ "Trắng", "Xanh", "Hồng", "Đen" ]
  }, {
    "type" : "SIZE",
    "title" : "Size",
    "values" : [ "XS", "S", "M", "L", "XL" ]
  } ],
  "images" : [ "681fdcaa1f583b08bcb3fa7f", "681fdcab1f583b08bcb3fa80", "681fdcab1f583b08bcb3fa81", "681fdcab1f583b08bcb3fa82", "681fdcab1f583b08bcb3fa83", "681fdcab1f583b08bcb3fa84", "681fdcab1f583b08bcb3fa85", "681fdcab1f583b08bcb3fa86", "681fdcab1f583b08bcb3fa87", "681fdcab1f583b08bcb3fa88", "681fdcab1f583b08bcb3fa89", "681fdcac1f583b08bcb3fa8a", "681fdcac1f583b08bcb3fa8b", "681fdcac1f583b08bcb3fa8c", "681fdcac1f583b08bcb3fa8d", "681fdcac1f583b08bcb3fa8e", "681fdcac1f583b08bcb3fa8f", "681fdcac1f583b08bcb3fa90", "681fdcad1f583b08bcb3fa91", "681fdcad1f583b08bcb3fa92", "681fdcad1f583b08bcb3fa93", "681fdcad1f583b08bcb3fa94", "681fdcad1f583b08bcb3fa95" ],
  "discount" : null,
  "seo_alias" : "ao-thun-the-thao-nu-comfort-tee",
  "options_values" : [ {
    "title" : "Màu sắc",
    "type" : "COLOR",
    "options" : [ {
      "title" : "Trắng",
      "slug" : "trang",
      "label" : "",
      "images" : [ "681fdcae1f583b08bcb3fa96", "681fdcae1f583b08bcb3fa97", "681fdcaf1f583b08bcb3fa98", "681fdcaf1f583b08bcb3fa99", "681fdcaf1f583b08bcb3fa9a", "681fdcaf1f583b08bcb3fa9b", "681fdcaf1f583b08bcb3fa9c", "681fdcaf1f583b08bcb3fa9d", "681fdcaf1f583b08bcb3fa9e", "681fdcaf1f583b08bcb3fa9f", "681fdcaf1f583b08bcb3faa0", "681fdcaf1f583b08bcb3faa1", "681fdcaf1f583b08bcb3faa2", "681fdcaf1f583b08bcb3faa3", "681fdcaf1f583b08bcb3faa4", "681fdcaf1f583b08bcb3faa5", "681fdcb01f583b08bcb3faa6", "681fdcb01f583b08bcb3faa7", "681fdcb01f583b08bcb3faa8", "681fdcb01f583b08bcb3faa9", "681fdcb01f583b08bcb3faaa", "681fdcb01f583b08bcb3faab", "681fdcb01f583b08bcb3faac" ]
    }, {
      "title" : "Xanh",
      "slug" : "xanh",
      "label" : "",
      "images" : [ "681fdcb01f583b08bcb3faad", "681fdcb01f583b08bcb3faae", "681fdcb01f583b08bcb3faaf", "681fdcb01f583b08bcb3fab0", "681fdcb01f583b08bcb3fab1", "681fdcb01f583b08bcb3fab2", "681fdcb01f583b08bcb3fab3", "681fdcb01f583b08bcb3fab4", "681fdcb11f583b08bcb3fab5", "681fdcb11f583b08bcb3fab6", "681fdcb11f583b08bcb3fab7", "681fdcb11f583b08bcb3fab8", "681fdcb11f583b08bcb3fab9", "681fdcb11f583b08bcb3faba", "681fdcb11f583b08bcb3fabb", "681fdcb11f583b08bcb3fabc", "681fdcb21f583b08bcb3fabd", "681fdcb21f583b08bcb3fabe", "681fdcb21f583b08bcb3fabf", "681fdcb21f583b08bcb3fac0", "681fdcb21f583b08bcb3fac1", "681fdcb21f583b08bcb3fac2", "681fdcb21f583b08bcb3fac3" ]
    }, {
      "title" : "Hồng",
      "slug" : "hong",
      "label" : "",
      "images" : [ "681fdcb21f583b08bcb3fac4", "681fdcb31f583b08bcb3fac5", "681fdcb31f583b08bcb3fac6", "681fdcb31f583b08bcb3fac7", "681fdcb31f583b08bcb3fac8", "681fdcb31f583b08bcb3fac9", "681fdcb31f583b08bcb3faca", "681fdcb31f583b08bcb3facb", "681fdcb31f583b08bcb3facc", "681fdcb31f583b08bcb3facd", "681fdcb31f583b08bcb3face", "681fdcb41f583b08bcb3facf", "681fdcb41f583b08bcb3fad0", "681fdcb41f583b08bcb3fad1", "681fdcb41f583b08bcb3fad2", "681fdcb41f583b08bcb3fad3", "681fdcb41f583b08bcb3fad4", "681fdcb41f583b08bcb3fad5", "681fdcb41f583b08bcb3fad6", "681fdcb41f583b08bcb3fad7", "681fdcb51f583b08bcb3fad8", "681fdcb51f583b08bcb3fad9", "681fdcb51f583b08bcb3fada" ]
    }, {
      "title" : "Đen",
      "slug" : "den",
      "label" : "",
      "images" : [ "681fdcb51f583b08bcb3fadb", "681fdcb51f583b08bcb3fadc", "681fdcb51f583b08bcb3fadd", "681fdcb51f583b08bcb3fade", "681fdcb51f583b08bcb3fadf", "681fdcb51f583b08bcb3fae0", "681fdcb61f583b08bcb3fae1", "681fdcb61f583b08bcb3fae2", "681fdcb61f583b08bcb3fae3", "681fdcb61f583b08bcb3fae4", "681fdcb61f583b08bcb3fae5", "681fdcb61f583b08bcb3fae6", "681fdcb61f583b08bcb3fae7", "681fdcb61f583b08bcb3fae8", "681fdcb61f583b08bcb3fae9", "681fdcb71f583b08bcb3faea", "681fdcb71f583b08bcb3faeb", "681fdcb71f583b08bcb3faec", "681fdcb71f583b08bcb3faed", "681fdcb71f583b08bcb3faee", "681fdcb71f583b08bcb3faef", "681fdcb71f583b08bcb3faf0", "681fdcb71f583b08bcb3faf1" ]
    } ]
  } ],
  "collection_id" : "681ca20f2a59db3110ec0b90",
  "display_order" : 1,
  "youtube_video" : "",
  "coming_soon" : false,
  "display_name_open" : "Ex Dry - Thoáng khí",
  "gender_type" : "FEMALE",
  "icon_thumbnail" : null,
  "compare_price" : 199000.0,
  "regular_price" : 199000.0
}