{
  "title" : "Áo Crop Tee Yoga Slimfit",
  "vendor" : "5c482438000c695cfa6f8d22",
  "tags" : [ "NEW" ],
  "options" : [ {
    "type" : "COLOR",
    "title" : "Màu sắc",
    "values" : [ "Be Egret", "Đen" ]
  }, {
    "type" : "SIZE",
    "title" : "Kích thước",
    "values" : [ "XS", "S", "M", "L", "XL" ]
  } ],
  "images" : [ "681fdc961f583b08bcb3fa25", "681fdc961f583b08bcb3fa26", "681fdc961f583b08bcb3fa27", "681fdc961f583b08bcb3fa28", "681fdc971f583b08bcb3fa29", "681fdc971f583b08bcb3fa2a" ],
  "discount" : null,
  "seo_alias" : "ao-crop-tee-yoga-slimfit",
  "options_values" : [ {
    "title" : "Màu sắc",
    "type" : "COLOR",
    "options" : [ {
      "title" : "Be Egret",
      "slug" : "be-egret",
      "label" : "",
      "images" : [ "681fdc971f583b08bcb3fa2b", "681fdc971f583b08bcb3fa2c", "681fdc971f583b08bcb3fa2d", "681fdc971f583b08bcb3fa2e", "681fdc981f583b08bcb3fa2f", "681fdc981f583b08bcb3fa30" ]
    }, {
      "title" : "Đen",
      "slug" : "den",
      "label" : "",
      "images" : [ "681fdc981f583b08bcb3fa31", "681fdc981f583b08bcb3fa32", "681fdc981f583b08bcb3fa33", "681fdc981f583b08bcb3fa34", "681fdc981f583b08bcb3fa35", "681fdc981f583b08bcb3fa36" ]
    } ]
  } ],
  "collection_id" : "681ca20f2a59db3110ec0b90",
  "display_order" : 1,
  "youtube_video" : "",
  "coming_soon" : false,
  "display_name_open" : "",
  "gender_type" : "FEMALE",
  "icon_thumbnail" : null,
  "compare_price" : 299000.0,
  "regular_price" : 299000.0
}