{
  "title" : "Áo Tee Yoga Ribbed",
  "vendor" : "5c482438000c695cfa6f8d22",
  "tags" : [ "NEW", "BEST_SELLER" ],
  "options" : [ {
    "type" : "COLOR",
    "title" : "Màu sắc",
    "values" : [ "Be Egret", "Nâu Mocha", "Đen" ]
  }, {
    "type" : "SIZE",
    "title" : "Size",
    "values" : [ "XS", "S", "M", "L", "XL" ]
  } ],
  "images" : [ "681fdc691f583b08bcb3f94a", "681fdc691f583b08bcb3f94b", "681fdc691f583b08bcb3f94c", "681fdc691f583b08bcb3f94d", "681fdc691f583b08bcb3f94e", "681fdc691f583b08bcb3f94f", "681fdc691f583b08bcb3f950", "681fdc691f583b08bcb3f951", "681fdc691f583b08bcb3f952", "681fdc6a1f583b08bcb3f953", "681fdc6a1f583b08bcb3f954", "681fdc6a1f583b08bcb3f955", "681fdc6a1f583b08bcb3f956", "681fdc6a1f583b08bcb3f957", "681fdc6a1f583b08bcb3f958", "681fdc6a1f583b08bcb3f959", "681fdc6a1f583b08bcb3f95a", "681fdc6b1f583b08bcb3f95b", "681fdc6b1f583b08bcb3f95c" ],
  "discount" : null,
  "seo_alias" : "ao-tee-yoga-ribbed",
  "options_values" : [ {
    "title" : "Màu sắc",
    "type" : "COLOR",
    "options" : [ {
      "title" : "Be Egret",
      "slug" : "be-egret",
      "label" : "",
      "images" : [ "681fdc6b1f583b08bcb3f95d", "681fdc6b1f583b08bcb3f95e", "681fdc6b1f583b08bcb3f95f", "681fdc6b1f583b08bcb3f960", "681fdc6b1f583b08bcb3f961", "681fdc6b1f583b08bcb3f962", "681fdc6b1f583b08bcb3f963", "681fdc6c1f583b08bcb3f964", "681fdc6c1f583b08bcb3f965", "681fdc6c1f583b08bcb3f966", "681fdc6c1f583b08bcb3f967", "681fdc6c1f583b08bcb3f968", "681fdc6c1f583b08bcb3f969", "681fdc6c1f583b08bcb3f96a", "681fdc6c1f583b08bcb3f96b", "681fdc6c1f583b08bcb3f96c", "681fdc6c1f583b08bcb3f96d", "681fdc6c1f583b08bcb3f96e", "681fdc6d1f583b08bcb3f96f" ]
    }, {
      "title" : "Nâu Mocha",
      "slug" : "nau-mocha",
      "label" : "",
      "images" : [ "681fdc6d1f583b08bcb3f970", "681fdc6d1f583b08bcb3f971", "681fdc6d1f583b08bcb3f972", "681fdc6d1f583b08bcb3f973", "681fdc6d1f583b08bcb3f974", "681fdc6d1f583b08bcb3f975", "681fdc6d1f583b08bcb3f976", "681fdc6d1f583b08bcb3f977", "681fdc6d1f583b08bcb3f978", "681fdc6e1f583b08bcb3f979", "681fdc6e1f583b08bcb3f97a", "681fdc6e1f583b08bcb3f97b", "681fdc6e1f583b08bcb3f97c", "681fdc6e1f583b08bcb3f97d", "681fdc6e1f583b08bcb3f97e", "681fdc6e1f583b08bcb3f97f", "681fdc6e1f583b08bcb3f980", "681fdc6f1f583b08bcb3f981", "681fdc6f1f583b08bcb3f982" ]
    }, {
      "title" : "Đen",
      "slug" : "den",
      "label" : "",
      "images" : [ "681fdc6f1f583b08bcb3f983", "681fdc6f1f583b08bcb3f984", "681fdc6f1f583b08bcb3f985", "681fdc6f1f583b08bcb3f986", "681fdc6f1f583b08bcb3f987", "681fdc6f1f583b08bcb3f988", "681fdc6f1f583b08bcb3f989", "681fdc701f583b08bcb3f98a", "681fdc701f583b08bcb3f98b", "681fdc701f583b08bcb3f98c", "681fdc701f583b08bcb3f98d", "681fdc701f583b08bcb3f98e", "681fdc701f583b08bcb3f98f", "681fdc701f583b08bcb3f990", "681fdc701f583b08bcb3f991", "681fdc711f583b08bcb3f992", "681fdc711f583b08bcb3f993", "681fdc711f583b08bcb3f994", "681fdc711f583b08bcb3f995" ]
    } ]
  } ],
  "collection_id" : "681ca20f2a59db3110ec0b90",
  "display_order" : 0,
  "youtube_video" : "",
  "coming_soon" : false,
  "display_name_open" : "",
  "gender_type" : "FEMALE",
  "icon_thumbnail" : null,
  "compare_price" : 299000.0,
  "regular_price" : 269000.0
}