{
  "title" : "Biker Shorts nữ chạy bộ 8inch",
  "vendor" : "5c482438000c695cfa6f8d22",
  "tags" : [ "NEW" ],
  "options" : [ {
    "type" : "COLOR",
    "title" : "Màu sắc",
    "values" : [ "Đen", "Xanh Poseidon" ]
  }, {
    "type" : "SIZE",
    "title" : "Kích thước",
    "values" : [ "XS", "S", "M", "L", "XL" ]
  } ],
  "images" : [ "681fe7311f583b08bcb40916", "681fe7311f583b08bcb40917", "681fe7311f583b08bcb40918", "681fe7311f583b08bcb40919" ],
  "discount" : null,
  "seo_alias" : "biker-shorts-nu-chay-bo-8-inch",
  "options_values" : [ {
    "title" : "Màu sắc",
    "type" : "COLOR",
    "options" : [ {
      "title" : "Đen",
      "slug" : "den",
      "label" : "",
      "images" : [ "681fe7311f583b08bcb4091a", "681fe7311f583b08bcb4091b", "681fe7311f583b08bcb4091c", "681fe7311f583b08bcb4091d" ]
    }, {
      "title" : "Xanh Poseidon",
      "slug" : "xanh-poseidon",
      "label" : "",
      "images" : [ "681fe7311f583b08bcb4091e", "681fe7311f583b08bcb4091f", "681fe7311f583b08bcb40920", "681fe7311f583b08bcb40921" ]
    } ]
  } ],
  "collection_id" : "681ca2852a59db3110ec0b96",
  "display_order" : 0,
  "youtube_video" : "",
  "coming_soon" : false,
  "display_name_open" : "",
  "gender_type" : "FEMALE",
  "icon_thumbnail" : null,
  "compare_price" : 499000.0,
  "regular_price" : 449000.0
}