{
  "title" : "Legging Coolflex Everyday Active",
  "vendor" : "5c482438000c695cfa6f8d22",
  "tags" : [ "NEW" ],
  "options" : [ {
    "type" : "COLOR",
    "title" : "Màu sắc",
    "values" : [ "Navy", "Đen" ]
  }, {
    "type" : "SIZE",
    "title" : "Kích thước",
    "values" : [ "XS", "S", "M", "L", "XL" ]
  } ],
  "images" : [ "681fe6fc1f583b08bcb407fd", "681fe6fc1f583b08bcb407fe", "681fe6fc1f583b08bcb407ff", "681fe6fc1f583b08bcb40800" ],
  "discount" : null,
  "seo_alias" : "legging-coolflex-everyday-active",
  "options_values" : [ {
    "title" : "Màu sắc",
    "type" : "COLOR",
    "options" : [ {
      "title" : "Navy",
      "slug" : "navy",
      "label" : "",
      "images" : [ "681fe6fc1f583b08bcb40801", "681fe6fc1f583b08bcb40802", "681fe6fc1f583b08bcb40803", "681fe6fc1f583b08bcb40804" ]
    }, {
      "title" : "Đen",
      "slug" : "den",
      "label" : "",
      "images" : [ "681fe6fd1f583b08bcb40805", "681fe6fd1f583b08bcb40806", "681fe6fd1f583b08bcb40807", "681fe6fd1f583b08bcb40808" ]
    } ]
  } ],
  "collection_id" : "681ca2852a59db3110ec0b96",
  "display_order" : 0,
  "youtube_video" : "",
  "coming_soon" : false,
  "display_name_open" : "",
  "gender_type" : "FEMALE",
  "icon_thumbnail" : null,
  "compare_price" : 499000.0,
  "regular_price" : 499000.0
}