{
  "title" : "Quần Legging Yoga Ribbed",
  "vendor" : "5c482438000c695cfa6f8d22",
  "tags" : [ "NEW" ],
  "options" : [ {
    "type" : "COLOR",
    "title" : "Màu sắc",
    "values" : [ "Đen", "Nâu" ]
  }, {
    "type" : "SIZE",
    "title" : "Size",
    "values" : [ "XS", "S", "M", "L", "XL" ]
  } ],
  "images" : [ "681fe7111f583b08bcb40874", "681fe7111f583b08bcb40875", "681fe7111f583b08bcb40876", "681fe7111f583b08bcb40877", "681fe7111f583b08bcb40878", "681fe7111f583b08bcb40879", "681fe7111f583b08bcb4087a", "681fe7121f583b08bcb4087b", "681fe7121f583b08bcb4087c", "681fe7121f583b08bcb4087d", "681fe7121f583b08bcb4087e", "681fe7121f583b08bcb4087f", "681fe7121f583b08bcb40880", "681fe7121f583b08bcb40881" ],
  "discount" : null,
  "seo_alias" : "legging-yoga-ribbed",
  "options_values" : [ {
    "title" : "Màu sắc",
    "type" : "COLOR",
    "options" : [ {
      "title" : "Đen",
      "slug" : "den",
      "label" : "",
      "images" : [ "681fe7121f583b08bcb40882", "681fe7131f583b08bcb40883", "681fe7131f583b08bcb40884", "681fe7131f583b08bcb40885", "681fe7131f583b08bcb40886", "681fe7131f583b08bcb40887", "681fe7131f583b08bcb40888", "681fe7131f583b08bcb40889", "681fe7131f583b08bcb4088a", "681fe7131f583b08bcb4088b", "681fe7131f583b08bcb4088c", "681fe7141f583b08bcb4088d", "681fe7141f583b08bcb4088e", "681fe7141f583b08bcb4088f" ]
    }, {
      "title" : "Nâu",
      "slug" : "nau",
      "label" : "",
      "images" : [ "681fe7141f583b08bcb40890", "681fe7141f583b08bcb40891", "681fe7141f583b08bcb40892", "681fe7141f583b08bcb40893", "681fe7141f583b08bcb40894", "681fe7141f583b08bcb40895", "681fe7151f583b08bcb40896", "681fe7151f583b08bcb40897", "681fe7151f583b08bcb40898", "681fe7151f583b08bcb40899", "681fe7151f583b08bcb4089a", "681fe7151f583b08bcb4089b", "681fe7151f583b08bcb4089c", "681fe7151f583b08bcb4089d" ]
    } ]
  } ],
  "collection_id" : "681ca2852a59db3110ec0b96",
  "display_order" : 0,
  "youtube_video" : "",
  "coming_soon" : false,
  "display_name_open" : "",
  "gender_type" : "FEMALE",
  "icon_thumbnail" : null,
  "compare_price" : 399000.0,
  "regular_price" : 359000.0
}