{
  "title" : "Quần Legging 7/8 Yoga CoolFlex Light Support",
  "vendor" : "5c482438000c695cfa6f8d22",
  "tags" : [ "NEW" ],
  "options" : [ {
    "type" : "COLOR",
    "title" : "Màu sắc",
    "values" : [ "Nâu Mocha", "Đen" ]
  }, {
    "type" : "SIZE",
    "title" : "Size",
    "values" : [ "XS", "S", "M", "L", "XL" ]
  } ],
  "images" : [ "681fe70a1f583b08bcb4084d", "681fe70a1f583b08bcb4084e", "681fe70a1f583b08bcb4084f", "681fe70a1f583b08bcb40850", "681fe70a1f583b08bcb40851", "681fe70a1f583b08bcb40852", "681fe70b1f583b08bcb40853", "681fe70b1f583b08bcb40854", "681fe70b1f583b08bcb40855", "681fe70b1f583b08bcb40856", "681fe70b1f583b08bcb40857", "681fe70b1f583b08bcb40858", "681fe70b1f583b08bcb40859" ],
  "discount" : null,
  "seo_alias" : "legging-78-yoga-coolflex-light-suppport",
  "options_values" : [ {
    "title" : "Màu sắc",
    "type" : "COLOR",
    "options" : [ {
      "title" : "Nâu Mocha",
      "slug" : "nau-mocha",
      "label" : "",
      "images" : [ "681fe70b1f583b08bcb4085a", "681fe70b1f583b08bcb4085b", "681fe70b1f583b08bcb4085c", "681fe70b1f583b08bcb4085d", "681fe70b1f583b08bcb4085e", "681fe70b1f583b08bcb4085f", "681fe70b1f583b08bcb40860", "681fe70c1f583b08bcb40861", "681fe70c1f583b08bcb40862", "681fe70c1f583b08bcb40863", "681fe70c1f583b08bcb40864", "681fe70c1f583b08bcb40865", "681fe70c1f583b08bcb40866" ]
    }, {
      "title" : "Đen",
      "slug" : "den",
      "label" : "",
      "images" : [ "681fe70c1f583b08bcb40867", "681fe70c1f583b08bcb40868", "681fe70c1f583b08bcb40869", "681fe70c1f583b08bcb4086a", "681fe70c1f583b08bcb4086b", "681fe70c1f583b08bcb4086c", "681fe70c1f583b08bcb4086d", "681fe70d1f583b08bcb4086e", "681fe70d1f583b08bcb4086f", "681fe70d1f583b08bcb40870", "681fe70d1f583b08bcb40871", "681fe70d1f583b08bcb40872", "681fe70d1f583b08bcb40873" ]
    } ]
  } ],
  "collection_id" : "681ca2852a59db3110ec0b96",
  "display_order" : 0,
  "youtube_video" : "",
  "coming_soon" : false,
  "display_name_open" : "",
  "gender_type" : "FEMALE",
  "icon_thumbnail" : null,
  "compare_price" : 459000.0,
  "regular_price" : 459000.0
}