{
  "title" : "Set áo Singlet thể thao nữ Slim Tee + Bra CoolFlex",
  "vendor" : "5c482438000c695cfa6f8d22",
  "tags" : [ "NEW" ],
  "options" : [ {
    "type" : "COLOR",
    "title" : "Màu sắc",
    "values" : [ "Đen", "Cam hồng", "Xám" ]
  }, {
    "type" : "SIZE",
    "title" : "Size",
    "values" : [ "XS", "S", "M", "L", "XL" ]
  } ],
  "images" : [ "6825f2960b611251854605b9", "6825f2960b611251854605ba", "6825f2960b611251854605bb", "6825f2960b611251854605bc", "6825f2960b611251854605bd", "6825f2970b611251854605be", "6825f2970b611251854605bf", "6825f2970b611251854605c0", "6825f2970b611251854605c1", "6825f2970b611251854605c2", "6825f2970b611251854605c3", "6825f2970b611251854605c4", "6825f2970b611251854605c5", "6825f2980b611251854605c6", "6825f2980b611251854605c7" ],
  "discount" : null,
  "seo_alias" : "set-ao-singlet-the-thao-nu-bra-coolflex",
  "options_values" : [ {
    "title" : "Màu sắc",
    "type" : "COLOR",
    "options" : [ {
      "title" : "Đen",
      "slug" : "den",
      "label" : "",
      "images" : [ "6825f2980b611251854605c8", "6825f2980b611251854605c9", "6825f2980b611251854605ca", "6825f2980b611251854605cb", "6825f2980b611251854605cc" ]
    }, {
      "title" : "Cam hồng",
      "slug" : "cam-hong",
      "label" : "",
      "images" : [ "6825f2980b611251854605cd", "6825f2990b611251854605ce", "6825f2990b611251854605cf", "6825f2990b611251854605d0", "6825f2990b611251854605d1" ]
    }, {
      "title" : "Xám",
      "slug" : "xam",
      "label" : "",
      "images" : [ "6825f2990b611251854605d2", "6825f2990b611251854605d3", "6825f2990b611251854605d4", "6825f2990b611251854605d5", "6825f2990b611251854605d6" ]
    } ]
  } ],
  "collection_id" : "6825e9538eaaa408c6aaf615",
  "display_order" : 1,
  "youtube_video" : "",
  "coming_soon" : false,
  "display_name_open" : "",
  "gender_type" : "FEMALE",
  "icon_thumbnail" : null,
  "compare_price" : 598000.0,
  "regular_price" : 539000.0
}