{
  "title" : "Áo Bra Yoga Ribbed",
  "vendor" : "5c482438000c695cfa6f8d22",
  "tags" : [ "NEW" ],
  "options" : [ {
    "type" : "COLOR",
    "title" : "Màu sắc",
    "values" : [ "Nâu Mocha", "Be Egret", "Đen" ]
  }, {
    "type" : "SIZE",
    "title" : "Size",
    "values" : [ "XS", "S", "M", "L", "XL" ]
  } ],
  "images" : [ "6825f2b90b6112518546064d", "6825f2b90b6112518546064e", "6825f2b90b6112518546064f", "6825f2b90b61125185460650", "6825f2b90b61125185460651", "6825f2ba0b61125185460652", "6825f2ba0b61125185460653", "6825f2ba0b61125185460654", "6825f2bb0b61125185460655", "6825f2bb0b61125185460656", "6825f2bb0b61125185460657", "6825f2bb0b61125185460658", "6825f2bb0b61125185460659", "6825f2bb0b6112518546065a", "6825f2bb0b6112518546065b", "6825f2bc0b6112518546065c" ],
  "discount" : null,
  "seo_alias" : "bra-yoga-ribbed",
  "options_values" : [ {
    "title" : "Màu sắc",
    "type" : "COLOR",
    "options" : [ {
      "title" : "Nâu Mocha",
      "slug" : "nau-mocha",
      "label" : "",
      "images" : [ "6825f2bc0b6112518546065d", "6825f2bc0b6112518546065e", "6825f2bc0b6112518546065f", "6825f2bc0b61125185460660", "6825f2bc0b61125185460661" ]
    }, {
      "title" : "Be Egret",
      "slug" : "be-egret",
      "label" : "",
      "images" : [ "6825f2bc0b61125185460662", "6825f2bd0b61125185460663", "6825f2bd0b61125185460664", "6825f2bd0b61125185460665", "6825f2bd0b61125185460666", "6825f2bd0b61125185460667" ]
    }, {
      "title" : "Đen",
      "slug" : "den",
      "label" : "",
      "images" : [ "6825f2bd0b61125185460668", "6825f2bd0b61125185460669", "6825f2bd0b6112518546066a", "6825f2be0b6112518546066b", "6825f2be0b6112518546066c" ]
    } ]
  } ],
  "collection_id" : "6825e9538eaaa408c6aaf615",
  "display_order" : 1,
  "youtube_video" : "",
  "coming_soon" : false,
  "display_name_open" : "",
  "gender_type" : "FEMALE",
  "icon_thumbnail" : null,
  "compare_price" : 299000.0,
  "regular_price" : 269000.0
}