{
  "title" : "Tất cổ trung chạy bộ nữ",
  "vendor" : "5c482438000c695cfa6f8d22",
  "tags" : [ "NEW" ],
  "options" : [ {
    "type" : "COLOR",
    "title" : "Màu sắc",
    "values" : [ "Hồng", "Trắng" ]
  }, {
    "type" : "SIZE",
    "title" : "Size",
    "values" : [ ]
  } ],
  "images" : [ "682603ab0b61125185462a7f", "682603ab0b61125185462a80", "682603ab0b61125185462a81", "682603ab0b61125185462a82", "682603ab0b61125185462a83", "682603ab0b61125185462a84", "682603ab0b61125185462a85", "682603ac0b61125185462a86", "682603ac0b61125185462a87" ],
  "discount" : null,
  "seo_alias" : "tat-co-trung-chay-bo-nu",
  "options_values" : [ {
    "title" : "Màu sắc",
    "type" : "COLOR",
    "options" : [ {
      "title" : "Hồng",
      "slug" : "hong",
      "label" : "",
      "images" : [ "682603ac0b61125185462a88", "682603ac0b61125185462a89", "682603ac0b61125185462a8a", "682603ac0b61125185462a8b" ]
    }, {
      "title" : "Trắng",
      "slug" : "trang",
      "label" : "",
      "images" : [ "682603ac0b61125185462a8c", "682603ac0b61125185462a8d", "682603ac0b61125185462a8e", "682603ac0b61125185462a8f", "682603ac0b61125185462a90" ]
    } ]
  } ],
  "collection_id" : "6825e9c68eaaa408c6aaf620",
  "display_order" : 0,
  "youtube_video" : "",
  "coming_soon" : false,
  "display_name_open" : "",
  "gender_type" : "FEMALE",
  "icon_thumbnail" : null,
  "compare_price" : 79000.0,
  "regular_price" : 79000.0
}