{
  "title" : "Tất cổ dài chạy bộ nữ",
  "vendor" : "5c482438000c695cfa6f8d22",
  "tags" : [ "NEW" ],
  "options" : [ {
    "type" : "COLOR",
    "title" : "Màu sắc",
    "values" : [ "Trắng" ]
  } ],
  "images" : [ "682603ae0b61125185462a91", "682603ae0b61125185462a92" ],
  "discount" : null,
  "seo_alias" : "tat-co-dai-chay-bo-nu",
  "options_values" : [ {
    "title" : "Màu sắc",
    "type" : "COLOR",
    "options" : [ {
      "title" : "Trắng",
      "slug" : "trang",
      "label" : "",
      "images" : [ "682603ae0b61125185462a93", "682603ae0b61125185462a94", "682603ae0b61125185462a95", "682603ae0b61125185462a96", "682603ae0b61125185462a97" ]
    } ]
  } ],
  "collection_id" : "6825e9c68eaaa408c6aaf620",
  "display_order" : 0,
  "youtube_video" : "",
  "coming_soon" : false,
  "display_name_open" : "Thoáng khí",
  "gender_type" : "FEMALE",
  "icon_thumbnail" : null,
  "compare_price" : 89000.0,
  "regular_price" : 89000.0
}