{
  "title" : "Tất Yoga & Pilates Grib Socks",
  "vendor" : "5c482438000c695cfa6f8d22",
  "tags" : [ "NEW" ],
  "options" : [ {
    "type" : "COLOR",
    "title" : "Màu sắc",
    "values" : [ "Hồng", "Tím", "Trắng", "Đen" ]
  } ],
  "images" : [ "682603bf0b61125185462af9", "682603bf0b61125185462afa", "682603bf0b61125185462afb", "682603bf0b61125185462afc" ],
  "discount" : null,
  "seo_alias" : "tat-yoga-pilates-chong-truot-grib-socks",
  "options_values" : [ {
    "title" : "Màu sắc",
    "type" : "COLOR",
    "options" : [ {
      "title" : "Hồng",
      "slug" : "hong",
      "label" : "",
      "images" : [ "682603bf0b61125185462afd", "682603bf0b61125185462afe", "682603bf0b61125185462aff", "682603bf0b61125185462b00", "682603bf0b61125185462b01" ]
    }, {
      "title" : "Tím",
      "slug" : "tim",
      "label" : "",
      "images" : [ "682603c00b61125185462b02", "682603c00b61125185462b03", "682603c00b61125185462b04", "682603c00b61125185462b05" ]
    }, {
      "title" : "Trắng",
      "slug" : "trang",
      "label" : "",
      "images" : [ "682603c00b61125185462b06", "682603c00b61125185462b07", "682603c00b61125185462b08", "682603c00b61125185462b09", "682603c00b61125185462b0a", "682603c00b61125185462b0b" ]
    }, {
      "title" : "Đen",
      "slug" : "den",
      "label" : "",
      "images" : [ "682603c10b61125185462b0c", "682603c10b61125185462b0d", "682603c10b61125185462b0e", "682603c10b61125185462b0f", "682603c10b61125185462b10" ]
    } ]
  } ],
  "collection_id" : "6825e9c68eaaa408c6aaf620",
  "display_order" : 0,
  "youtube_video" : "",
  "coming_soon" : false,
  "display_name_open" : "Thoáng khí",
  "gender_type" : "FEMALE",
  "icon_thumbnail" : null,
  "compare_price" : 59000.0,
  "regular_price" : 59000.0
}